season,fg_id,roto_points,role,PA,IP,SV,rp_next,birth_year,age,survived,rp_next_all,vol,age_band
2022,1177,6.106991206384923,HIT,351.0,1.0,0.0,,1980.0,42.0,0,0.0,351.0,33+
2022,1246,4.2991180640492335,PIT,0.0,59.66666666666668,3.0,-0.9913901837591317,1986.0,36.0,1,-0.9913901837591317,59.66666666666668,33+
2022,1247,7.991922009472885,PIT,0.0,65.66666666666667,3.0,5.313719514856003,1985.0,37.0,1,5.313719514856003,65.66666666666667,33+
2022,1744,3.2842863314978863,HIT,433.0,0.0,0.0,2.2879650216261638,1983.0,39.0,1,2.2879650216261638,433.0,33+
2022,1890,7.56778067530221,PIT,0.0,74.0,5.0,5.008965601356101,1989.0,33.0,1,5.008965601356101,74.0,33+
2022,1943,2.052557961043233,PIT,0.0,137.0,0.0,0.4466825571156433,1983.0,39.0,1,0.4466825571156433,137.0,33+
2022,2036,13.482899812932752,PIT,0.0,126.33333333333331,0.0,13.068787157165422,1988.0,34.0,1,13.068787157165422,126.33333333333331,33+
2022,2136,5.010691441441641,HIT,490.0,0.0,0.0,4.395550510846105,1987.0,35.0,1,4.395550510846105,490.0,33+
2022,2233,6.49794579623841,PIT,0.0,191.66666666666663,0.0,-7.7741118997088385,1981.0,41.0,1,-7.7741118997088385,191.66666666666663,33+
2022,2396,4.51087465847189,HIT,506.0,0.0,0.0,7.362643463382796,1986.0,36.0,1,7.362643463382796,506.0,33+
2022,2429,5.050435855713734,PIT,0.0,164.0,0.0,-2.4186527531737694,1986.0,36.0,1,-2.4186527531737694,164.0,33+
2022,2434,5.182978546775428,HIT,507.0,0.0,0.0,1.4991902731874982,1980.0,42.0,1,1.4991902731874982,507.0,33+
2022,2520,5.9733765979302715,PIT,0.0,121.66666666666667,0.0,2.1095862201523836,1987.0,35.0,1,2.1095862201523836,121.66666666666667,33+
2022,2608,-2.9089386151386165,PIT,0.0,47.333333333333336,0.0,,1988.0,34.0,0,0.0,47.333333333333336,33+
2022,2967,7.704264161691419,HIT,622.0,0.0,0.0,7.074376320969907,1988.0,34.0,1,7.074376320969907,622.0,33+
2022,3096,13.462690277032568,PIT,0.0,64.0,41.0,8.059344695824516,1987.0,35.0,1,8.059344695824516,64.0,33+
2022,3137,15.124814867764846,PIT,0.0,145.33333333333331,0.0,10.717993932139803,1984.0,38.0,1,10.717993932139803,145.33333333333331,33+
2022,3142,0.6831387764341363,HIT,220.0,0.0,0.0,,1984.0,38.0,0,0.0,220.0,33+
2022,3184,3.210608544985176,PIT,0.0,40.333333333333336,2.0,,1985.0,37.0,0,0.0,40.333333333333336,33+
2022,3284,1.5185398507351948,PIT,0.0,69.33333333333331,0.0,,1984.0,38.0,0,0.0,69.33333333333331,33+
2022,3473,8.568825799439717,HIT,548.0,0.0,0.0,3.6279489094665536,1989.0,33.0,1,3.6279489094665536,548.0,33+
2022,3516,4.35829775791443,HIT,419.0,0.0,0.0,0.7292838790353939,1989.0,33.0,1,0.7292838790353939,419.0,33+
2022,3548,12.825293000884427,PIT,0.0,57.66666666666668,37.0,0.902768208758635,1989.0,33.0,1,0.902768208758635,57.66666666666668,33+
2022,4106,3.366289614843889,HIT,277.0,0.0,0.0,0.695910034630391,1987.0,35.0,1,0.695910034630391,277.0,33+
2022,4264,3.2699046711734185,PIT,0.0,56.0,18.0,,1985.0,37.0,0,0.0,56.0,33+
2022,4314,2.6740750844816716,HIT,376.0,0.0,0.0,2.5322213542279943,1983.0,39.0,1,2.5322213542279943,376.0,33+
2022,4676,5.881051263270413,PIT,0.0,172.0,0.0,8.234305743254781,1983.0,39.0,1,8.234305743254781,172.0,33+
2022,4806,3.315741361029332,PIT,0.0,124.33333333333331,0.0,-0.3898527868603554,1980.0,42.0,1,-0.3898527868603554,124.33333333333331,33+
2022,4892,2.2620748820549306,HIT,285.0,0.0,0.0,3.933921681284542,1988.0,34.0,1,3.933921681284542,285.0,33+
2022,4949,6.8093695598143755,HIT,452.0,0.0,0.0,3.908167196593834,1989.0,33.0,1,3.908167196593834,452.0,33+
2022,5003,0.47684684137381583,PIT,0.0,57.66666666666668,1.0,2.0479852864668704,1987.0,35.0,1,2.0479852864668704,57.66666666666668,33+
2022,5038,5.228482460293556,HIT,546.0,0.0,0.0,1.5539501641722537,1985.0,37.0,1,1.5539501641722537,546.0,33+
2022,5114,-2.5579757439202284,PIT,0.0,44.333333333333336,0.0,-0.6934147249774614,1989.0,33.0,1,-0.6934147249774614,44.333333333333336,33+
2022,5235,7.833682780043111,HIT,532.0,0.0,0.0,9.12929866085557,1984.0,38.0,1,9.12929866085557,532.0,33+
2022,5254,3.3012839961736598,HIT,477.0,0.0,0.0,4.044155620564701,1989.0,33.0,1,4.044155620564701,477.0,33+
2022,5297,4.402668786700807,HIT,453.0,0.0,0.0,3.7747445918951086,1989.0,33.0,1,3.7747445918951086,453.0,33+
2022,5343,4.235233839327943,HIT,458.0,0.0,0.0,2.004691586942286,1987.0,35.0,1,2.004691586942286,458.0,33+
2022,5361,14.86529323010762,HIT,708.0,0.0,0.0,15.148650340227956,1989.0,33.0,1,15.148650340227956,708.0,33+
2022,5365,1.105872133611499,PIT,0.0,41.0,1.0,,1991.0,31.0,0,0.0,41.0,30-32
2022,5372,-1.2524598794659059,PIT,0.0,46.66666666666668,0.0,,1989.0,33.0,0,0.0,46.66666666666668,33+
2022,5417,12.589652085229302,HIT,604.0,0.0,0.0,8.094985151295221,1990.0,32.0,1,8.094985151295221,604.0,30-32
2022,5448,2.578901656778411,PIT,0.0,69.33333333333331,0.0,3.577781930528223,1983.0,39.0,1,3.577781930528223,69.33333333333331,33+
2022,5452,3.941373703550042,HIT,419.0,0.0,0.0,0.6631619767709274,1991.0,31.0,1,0.6631619767709274,419.0,30-32
2022,5497,1.519478700142149,HIT,207.0,0.3333333333333333,0.0,,1989.0,33.0,0,0.0,207.0,33+
2022,5517,2.752814283126029,HIT,248.0,0.0,0.0,2.515720903973748,1990.0,32.0,1,2.515720903973748,248.0,30-32
2022,5524,-0.6730663649535691,PIT,0.0,158.66666666666663,0.0,-2.991744155604094,1989.0,33.0,1,-2.991744155604094,158.66666666666663,33+
2022,5615,-1.1843601704489015,PIT,0.0,62.333333333333336,1.0,4.938234722344922,1987.0,35.0,1,4.938234722344922,62.333333333333336,33+
2022,5760,3.0979719318501076,HIT,380.0,0.0,0.0,0.5706534242758742,1991.0,31.0,1,0.5706534242758742,380.0,30-32
2022,5827,6.386906285997829,HIT,602.0,0.0,0.0,6.486571653384812,1991.0,31.0,1,6.486571653384812,602.0,30-32
2022,5913,1.8436778970068397,HIT,315.0,0.0,0.0,,1991.0,31.0,0,0.0,315.0,30-32
2022,5933,5.968986697831044,HIT,387.0,0.0,0.0,1.5219303113659128,1990.0,32.0,1,1.5219303113659128,387.0,30-32
2022,6012,0.9277925432875462,HIT,232.0,0.0,0.0,,1990.0,32.0,0,0.0,232.0,30-32
2022,6153,6.424958141108464,HIT,542.0,0.0,0.0,2.451127036055805,1989.0,33.0,1,2.451127036055805,542.0,33+
2022,6184,7.617948243912178,HIT,596.0,0.0,0.0,8.85754367410717,1987.0,35.0,1,8.85754367410717,596.0,33+
2022,6316,2.53476452811738,PIT,0.0,63.66666666666668,1.0,,1986.0,36.0,0,0.0,63.66666666666668,33+
2022,6345,0.41682139546056296,PIT,0.0,102.66666666666667,0.0,,1988.0,34.0,0,0.0,102.66666666666667,33+
2022,6397,1.9040422351001374,PIT,0.0,106.33333333333331,0.0,,1990.0,32.0,0,0.0,106.33333333333331,30-32
2022,6483,1.6871476695608876,PIT,0.0,66.33333333333331,1.0,,1986.0,36.0,0,0.0,66.33333333333331,33+
2022,6562,5.159905095962741,PIT,0.0,149.66666666666663,0.0,5.2923293076576075,1987.0,35.0,1,5.2923293076576075,149.66666666666663,33+
2022,6632,6.866944836693905,PIT,0.0,152.0,0.0,-4.780391530055722,1987.0,35.0,1,-4.780391530055722,152.0,33+
2022,6655,7.778045100373376,PIT,0.0,60.0,22.0,11.345283185602412,1988.0,34.0,1,11.345283185602412,60.0,33+
2022,6661,-1.3820228631166172,PIT,0.0,47.0,4.0,-0.16236352174508836,1988.0,34.0,1,-0.16236352174508836,47.0,33+
2022,6887,3.0576335990407326,HIT,379.0,0.0,0.0,1.0701219244283622,1986.0,36.0,1,1.0701219244283622,379.0,33+
2022,6893,6.269372681385838,PIT,0.0,158.33333333333331,0.0,-0.6350421406552548,1986.0,36.0,1,-0.6350421406552548,158.33333333333331,33+
2022,6902,10.559269612705709,PIT,0.0,196.33333333333331,0.0,3.2509352766380246,1991.0,31.0,1,3.2509352766380246,196.33333333333331,30-32
2022,6984,4.048776240089657,PIT,0.0,61.0,3.0,1.3963595252172087,1987.0,35.0,1,1.3963595252172087,61.0,33+
2022,6986,1.3983994175900514,PIT,0.0,50.333333333333336,10.0,-0.6708502259000959,1984.0,38.0,1,-0.6708502259000959,50.333333333333336,33+
2022,7005,11.357693806377046,PIT,0.0,48.333333333333336,33.0,10.436808051301247,1988.0,34.0,1,10.436808051301247,48.333333333333336,33+
2022,7007,0.8366804951412716,HIT,270.0,2.0,0.0,,1982.0,40.0,0,0.0,270.0,33+
2022,7115,14.084273034249113,PIT,0.0,60.333333333333336,34.0,0.49759588997945015,1985.0,37.0,1,0.49759588997945015,60.333333333333336,33+
2022,7274,0.2590674591615922,PIT,0.0,40.66666666666668,0.0,,1984.0,38.0,0,0.0,40.66666666666668,33+
2022,7304,7.004044764810272,HIT,473.0,0.0,0.0,6.6192699090126785,1990.0,32.0,1,6.6192699090126785,473.0,30-32
2022,7531,5.93964210284439,PIT,0.0,69.33333333333331,0.0,0.900955527712439,1987.0,35.0,1,0.900955527712439,69.33333333333331,33+
2022,7593,3.194303795483196,PIT,0.0,179.0,0.0,-1.4297317830247251,1990.0,32.0,1,-1.4297317830247251,179.0,30-32
2022,7739,6.789965989535466,HIT,426.0,0.0,0.0,2.7762558443575287,1989.0,33.0,1,2.7762558443575287,426.0,33+
2022,7802,3.780814002008591,HIT,507.0,0.0,0.0,3.0941658280218656,1989.0,33.0,1,3.0941658280218656,507.0,33+
2022,7803,1.0332183966990045,PIT,0.0,50.66666666666668,1.0,-0.16517222927467812,1987.0,35.0,1,-0.16517222927467812,50.66666666666668,33+
2022,7836,0.9998882620442213,PIT,0.0,62.333333333333336,7.0,,1988.0,34.0,0,0.0,62.333333333333336,33+
2022,7859,7.720189027696268,HIT,577.0,0.0,0.0,4.846956044383813,1986.0,36.0,1,4.846956044383813,577.0,33+
2022,7982,7.3421696121947955,PIT,0.0,70.33333333333331,0.0,-0.10922658979086622,1987.0,35.0,1,-0.10922658979086622,70.33333333333331,33+
2022,8048,1.4126099522816005,PIT,0.0,59.0,5.0,6.6292547315538215,1989.0,33.0,1,6.6292547315538215,59.0,33+
2022,8110,0.5358861494101148,PIT,0.0,58.333333333333336,1.0,1.839555199281689,1987.0,35.0,1,1.839555199281689,58.333333333333336,33+
2022,8202,2.4957368986545814,HIT,425.0,3.0,0.0,-0.5598908296875813,1987.0,35.0,1,-0.5598908296875813,425.0,33+
2022,8246,-1.4472316964563783,PIT,0.0,113.33333333333331,0.0,-2.493667019501333,1987.0,35.0,1,-2.493667019501333,113.33333333333331,33+
2022,8337,3.61380214320682,PIT,0.0,57.333333333333336,2.0,-0.6312955116084317,1987.0,35.0,1,-0.6312955116084317,57.333333333333336,33+
2022,8623,2.849300975142422,HIT,304.0,0.0,0.0,3.9337375075072294,1987.0,35.0,1,3.9337375075072294,304.0,33+
2022,8700,21.817567327348037,PIT,0.0,175.0,0.0,11.500377808649688,1983.0,39.0,1,11.500377808649688,175.0,33+
2022,8709,8.252432513039798,HIT,577.0,0.0,0.0,4.088328086750911,1988.0,34.0,1,4.088328086750911,577.0,33+
2022,9111,3.398114655866333,PIT,0.0,45.0,5.0,1.1921893011398317,1990.0,32.0,1,1.1921893011398317,45.0,30-32
2022,9132,4.116083306858135,PIT,0.0,109.33333333333331,0.0,9.44033447655222,1990.0,32.0,1,9.44033447655222,109.33333333333331,30-32
2022,9218,15.197757850464313,HIT,651.0,0.0,0.0,9.160227349757106,1987.0,35.0,1,9.160227349757106,651.0,33+
2022,9241,10.058475307253016,HIT,505.0,0.0,0.0,4.20093891969061,1988.0,34.0,1,4.20093891969061,505.0,33+
2022,9256,5.949323136277485,HIT,527.0,0.0,0.0,0.6553211759549632,1987.0,35.0,1,0.6553211759549632,527.0,33+
2022,9323,-7.418681455711293,PIT,0.0,152.66666666666663,0.0,0.12813179415944953,1989.0,33.0,1,0.12813179415944953,152.66666666666663,33+
2022,9368,3.9817689168595116,HIT,298.0,0.0,0.0,2.2502884098986744,1985.0,37.0,1,2.2502884098986744,298.0,33+
2022,9434,-8.837194972501262,PIT,0.0,60.66666666666668,0.0,-1.213327058297148,1988.0,34.0,1,-1.213327058297148,60.66666666666668,33+
2022,9627,2.7647088903041244,HIT,293.0,0.0,0.0,4.859341108725024,1987.0,35.0,1,4.859341108725024,293.0,33+
2022,9774,5.131689165632404,HIT,426.0,0.0,0.0,2.1269010626564007,1990.0,32.0,1,2.1269010626564007,426.0,30-32
2022,9777,11.730883314305695,HIT,620.0,0.0,0.0,8.348523280032568,1991.0,31.0,1,8.348523280032568,620.0,30-32
2022,9784,-0.23079912423909854,PIT,0.0,42.66666666666668,1.0,,1988.0,34.0,0,0.0,42.66666666666668,33+
2022,9803,12.085354565025401,PIT,0.0,202.33333333333331,0.0,3.1425478179476434,1988.0,34.0,1,3.1425478179476434,202.33333333333331,33+
2022,9847,7.105945877949493,HIT,580.0,0.0,0.0,5.133078870472194,1986.0,36.0,1,5.133078870472194,580.0,33+
2022,9874,6.536137420620541,HIT,541.0,0.0,0.0,4.370227821646443,1988.0,34.0,1,4.370227821646443,541.0,33+
2022,9929,4.042120091691119,HIT,388.0,2.0,0.0,0.1184774722489999,1986.0,36.0,1,0.1184774722489999,388.0,33+
2022,9952,4.657553467721029,HIT,255.0,0.0,0.0,0.8042515351397462,1991.0,31.0,1,0.8042515351397462,255.0,30-32
2022,10021,-4.3282167077404905,PIT,0.0,98.0,0.0,,1987.0,35.0,0,0.0,98.0,33+
2022,10028,4.351326805889951,HIT,333.0,4.0,0.0,2.9777239170239573,1991.0,31.0,1,2.9777239170239573,333.0,30-32
2022,10047,3.6008525118799586,HIT,286.0,3.6666666666666674,0.0,0.5811804153485658,1990.0,32.0,1,0.5811804153485658,286.0,30-32
2022,10058,2.5873839190386945,PIT,0.0,43.66666666666668,1.0,,1990.0,32.0,0,0.0,43.66666666666668,30-32
2022,10059,1.4774055417265886,HIT,375.0,0.0,0.0,,1991.0,31.0,0,0.0,375.0,30-32
2022,10061,5.224105266741361,PIT,0.0,53.66666666666668,6.0,3.661428207889128,1988.0,34.0,1,3.661428207889128,53.66666666666668,33+
2022,10071,2.0809742747933653,HIT,220.0,0.0,0.0,,1991.0,31.0,0,0.0,220.0,30-32
2022,10078,4.026953522990095,PIT,0.0,59.333333333333336,1.0,3.063016670384052,1987.0,35.0,1,3.063016670384052,59.333333333333336,33+
2022,10123,1.5382874056141145,PIT,0.0,167.66666666666663,0.0,5.843973870663141,1987.0,35.0,1,5.843973870663141,167.66666666666663,33+
2022,10133,4.111838145440884,PIT,0.0,64.0,1.0,0.3811629630227774,1988.0,34.0,1,0.3811629630227774,64.0,33+
2022,10155,11.275349792047056,HIT,499.0,0.0,0.0,5.190986894955558,1991.0,31.0,1,5.190986894955558,499.0,30-32
2022,10200,0.48552311520165453,HIT,308.0,1.0,0.0,0.271901807676732,1991.0,31.0,1,0.271901807676732,308.0,30-32
2022,10231,5.351867424776026,HIT,467.0,0.0,0.0,,1990.0,32.0,0,0.0,467.0,30-32
2022,10243,7.780472868781721,HIT,538.0,1.0,0.0,5.559610715990046,1991.0,31.0,1,5.559610715990046,538.0,30-32
2022,10264,1.9974636199435591,HIT,298.0,0.0,0.0,4.810843902646061,1988.0,34.0,1,4.810843902646061,298.0,33+
2022,10291,4.8608393660454405,PIT,0.0,57.333333333333336,6.0,-0.40285553645496264,1987.0,35.0,1,-0.40285553645496264,57.333333333333336,33+
2022,10310,12.594728769899902,PIT,0.0,153.0,0.0,13.121686119949707,1990.0,32.0,1,13.121686119949707,153.0,30-32
2022,10314,5.1967599792587365,PIT,0.0,86.33333333333331,0.0,-2.0270029256683104,1990.0,32.0,1,-2.0270029256683104,86.33333333333331,30-32
2022,10323,4.370905017920076,HIT,371.0,0.0,0.0,0.9996529095767336,1991.0,31.0,1,0.9996529095767336,371.0,30-32
2022,10324,5.877902973667252,HIT,507.0,0.0,0.0,10.232851439765652,1990.0,32.0,1,10.232851439765652,507.0,30-32
2022,10343,1.0656155074469114,PIT,0.0,58.66666666666668,1.0,-1.6719517024130832,1987.0,35.0,1,-1.6719517024130832,58.66666666666668,33+
2022,10430,4.429014544081089,PIT,0.0,61.333333333333336,2.0,-0.9064104759345669,1990.0,32.0,1,-0.9064104759345669,61.333333333333336,30-32
2022,10472,3.3266548577624593,HIT,402.0,0.0,0.0,4.629354676629123,1991.0,31.0,1,4.629354676629123,402.0,30-32
2022,10556,4.80166648461134,HIT,617.0,0.0,0.0,,1990.0,32.0,0,0.0,617.0,30-32
2022,10657,3.6101773343839803,PIT,0.0,54.333333333333336,2.0,0.046905689279910345,1991.0,31.0,1,0.046905689279910345,54.333333333333336,30-32
2022,10681,7.323616509102063,HIT,551.0,0.0,0.0,2.5685085811289854,1991.0,31.0,1,2.5685085811289854,551.0,30-32
2022,10732,-1.0343756834569362,PIT,0.0,105.33333333333331,0.0,,1990.0,32.0,0,0.0,105.33333333333331,30-32
2022,10762,3.2526190030817395,HIT,297.0,1.0,0.0,1.072972218530695,1989.0,33.0,1,1.072972218530695,297.0,33+
2022,10815,7.010254490657363,HIT,658.0,0.0,0.0,3.8770825122445554,1993.0,29.0,1,3.8770825122445554,658.0,27-29
2022,10950,3.206923841232325,HIT,315.0,0.0,0.0,5.35385368613053,1988.0,34.0,1,5.35385368613053,315.0,33+
2022,10954,7.396022779178293,PIT,0.0,64.33333333333331,0.0,3.7084658744957126,1988.0,34.0,1,3.7084658744957126,64.33333333333331,33+
2022,11038,2.8987380420872473,HIT,221.0,0.0,0.0,5.063193296773218,1990.0,32.0,1,5.063193296773218,221.0,30-32
2022,11156,11.149751067753547,PIT,0.0,200.33333333333331,0.0,11.5643462863835,1988.0,34.0,1,11.5643462863835,200.33333333333331,33+
2022,11189,1.0565206191287058,PIT,0.0,75.33333333333331,0.0,2.200868747645021,1992.0,30.0,1,2.200868747645021,75.33333333333331,30-32
2022,11200,3.2330092134335158,HIT,424.0,0.0,0.0,1.5330397764952364,1987.0,35.0,1,1.5330397764952364,424.0,33+
2022,11265,3.3120177563919,HIT,510.0,0.0,0.0,0.5248336846598598,1991.0,31.0,1,0.5248336846598598,510.0,30-32
2022,11281,7.246198330784097,HIT,550.0,1.0,0.0,7.869731582529259,1989.0,33.0,1,7.869731582529259,550.0,33+
2022,11342,4.559672845089958,HIT,507.0,0.0,0.0,0.7449599301462015,1990.0,32.0,1,0.7449599301462015,507.0,30-32
2022,11368,1.018691537396711,HIT,376.0,0.0,0.0,2.3893379880538967,1988.0,34.0,1,2.3893379880538967,376.0,33+
2022,11423,7.914106859380212,PIT,0.0,165.66666666666663,0.0,2.9146930416323054,1989.0,33.0,1,2.9146930416323054,165.66666666666663,33+
2022,11442,4.285973863585768,HIT,471.0,0.0,0.0,3.711106539099915,1992.0,30.0,1,3.711106539099915,471.0,30-32
2022,11445,7.092930046421321,HIT,542.0,0.0,0.0,5.755099796915968,1989.0,33.0,1,5.755099796915968,542.0,33+
2022,11477,9.361874358099605,HIT,671.0,0.0,0.0,10.571354728041847,1991.0,31.0,1,10.571354728041847,671.0,30-32
2022,11486,9.599357610772188,PIT,0.0,189.0,0.0,-0.49499082972978503,1991.0,31.0,1,-0.49499082972978503,189.0,30-32
2022,11487,0.7623196869872086,PIT,0.0,50.333333333333336,0.0,-0.6077035243484739,1991.0,31.0,1,-0.6077035243484739,50.333333333333336,30-32
2022,11489,4.3053354109059345,HIT,456.0,2.0,0.0,5.24132998234836,1991.0,31.0,1,5.24132998234836,456.0,30-32
2022,11490,-2.9853496256415646,PIT,0.0,60.0,0.0,,1992.0,30.0,0,0.0,60.0,30-32
2022,11493,13.554771450755378,HIT,644.0,0.0,0.0,8.467741620000472,1992.0,30.0,1,8.467741620000472,644.0,30-32
2022,11579,8.738502617212397,HIT,426.0,0.0,0.0,9.076496052101643,1992.0,30.0,1,9.076496052101643,426.0,30-32
2022,11589,-2.437964016158403,PIT,0.0,97.0,0.0,-2.4260005464913577,1991.0,31.0,1,-2.4260005464913577,97.0,30-32
2022,11609,6.888232084244569,HIT,487.0,0.0,0.0,6.526841194487692,1992.0,30.0,1,6.526841194487692,487.0,30-32
2022,11615,9.93001304449308,HIT,568.0,0.0,0.0,7.314929765355048,1992.0,30.0,1,7.314929765355048,568.0,30-32
2022,11674,9.053434922679186,PIT,0.0,177.33333333333331,0.0,3.9497283856837395,1991.0,31.0,1,3.9497283856837395,177.33333333333331,30-32
2022,11680,3.3352471899283174,HIT,381.0,0.0,0.0,5.706708092041447,1990.0,32.0,1,5.706708092041447,381.0,30-32
2022,11737,6.959294860014409,HIT,558.0,0.0,0.0,10.136868548055652,1992.0,30.0,1,10.136868548055652,558.0,30-32
2022,11739,11.301703284680876,HIT,562.0,0.0,0.0,7.23675965507849,1991.0,31.0,1,7.23675965507849,562.0,30-32
2022,11760,5.332982697621494,PIT,0.0,106.33333333333331,0.0,3.0314055228318875,1989.0,33.0,1,3.0314055228318875,106.33333333333331,33+
2022,11762,4.926936827880329,PIT,0.0,134.66666666666663,0.0,-2.620026271619925,1992.0,30.0,1,-2.620026271619925,134.66666666666663,30-32
2022,11804,5.661400215094546,PIT,0.0,65.33333333333331,3.0,8.19509588488441,1989.0,33.0,1,8.19509588488441,65.33333333333331,33+
2022,11836,8.274834653150052,PIT,0.0,157.33333333333331,0.0,6.852838484431644,1992.0,30.0,1,6.852838484431644,157.33333333333331,30-32
2022,11847,5.368257044277531,PIT,0.0,56.0,2.0,6.762388420569006,1986.0,36.0,1,6.762388420569006,56.0,33+
2022,11861,9.18713239383652,PIT,0.0,63.333333333333336,8.0,7.335006099934869,1991.0,31.0,1,7.335006099934869,63.333333333333336,30-32
2022,11899,8.004210838496448,HIT,433.0,0.0,0.0,4.484188084390333,1992.0,30.0,1,4.484188084390333,433.0,30-32
2022,12037,7.365867506420905,HIT,404.0,0.0,0.0,5.5936825296879205,1990.0,32.0,1,5.5936825296879205,404.0,30-32
2022,12049,0.7344141667233606,PIT,0.0,84.33333333333331,0.0,5.531651157218308,1989.0,33.0,1,5.531651157218308,84.33333333333331,33+
2022,12095,4.576380764684338,PIT,0.0,61.0,1.0,3.4748257817531045,1990.0,32.0,1,3.4748257817531045,61.0,30-32
2022,12144,4.173744714362778,HIT,446.0,0.0,0.0,6.9050993397248215,1993.0,29.0,1,6.9050993397248215,446.0,27-29
2022,12155,2.042088745660135,HIT,270.0,0.0,0.0,6.668996302122385,1991.0,31.0,1,6.668996302122385,270.0,30-32
2022,12158,2.598323029696124,HIT,212.0,0.0,0.0,0.28045558200291165,1989.0,33.0,1,0.28045558200291165,212.0,33+
2022,12160,4.2148282016712315,HIT,423.0,0.0,0.0,0.09499972107655652,1992.0,30.0,1,0.09499972107655652,423.0,30-32
2022,12161,10.47630148864421,HIT,631.0,0.0,0.0,8.919884065593115,1992.0,30.0,1,8.919884065593115,631.0,30-32
2022,12179,3.111067986680211,HIT,388.0,0.0,0.0,,1992.0,30.0,0,0.0,388.0,30-32
2022,12180,3.1441642287907405,HIT,274.0,0.0,0.0,-0.057746369474107107,1993.0,29.0,1,-0.057746369474107107,274.0,27-29
2022,12282,4.440948482259309,HIT,472.0,0.0,0.0,1.2841163714000614,1994.0,28.0,1,1.2841163714000614,472.0,27-29
2022,12304,11.21452841141206,PIT,0.0,181.66666666666663,0.0,12.390582597606516,1989.0,33.0,1,12.390582597606516,181.66666666666663,33+
2022,12325,4.864872260244529,HIT,328.0,1.0,0.0,2.451131100640911,1990.0,32.0,1,2.451131100640911,328.0,30-32
2022,12447,3.7263231990240455,PIT,0.0,65.0,3.0,7.807621888868676,1989.0,33.0,1,7.807621888868676,65.0,33+
2022,12532,7.581997361816021,HIT,497.0,0.0,0.0,1.2144301164238922,1990.0,32.0,1,1.2144301164238922,497.0,30-32
2022,12533,12.017557257156026,HIT,724.0,0.0,0.0,11.840283148606531,1990.0,32.0,1,11.840283148606531,724.0,30-32
2022,12546,9.903079610795102,HIT,632.0,0.0,0.0,3.453325094547354,1990.0,32.0,1,3.453325094547354,632.0,30-32
2022,12552,8.581886497860197,HIT,629.0,0.0,0.0,6.654397791003001,1991.0,31.0,1,6.654397791003001,629.0,30-32
2022,12564,7.133719982053663,HIT,396.0,0.0,0.0,1.2877137165428891,1992.0,30.0,1,1.2877137165428891,396.0,30-32
2022,12718,-0.07051306549811698,PIT,0.0,102.66666666666667,0.0,3.7562967245934566,1993.0,29.0,1,3.7562967245934566,102.66666666666667,27-29
2022,12730,5.262791025132253,PIT,0.0,106.33333333333331,8.0,5.936213136448374,1990.0,32.0,1,5.936213136448374,106.33333333333331,30-32
2022,12760,9.227932700298137,PIT,0.0,68.33333333333331,14.0,0.4155043142113939,1990.0,32.0,1,0.4155043142113939,68.33333333333331,30-32
2022,12768,7.92061707060069,PIT,0.0,119.66666666666667,0.0,12.300718133390097,1989.0,33.0,1,12.300718133390097,119.66666666666667,33+
2022,12775,2.430836437988221,HIT,241.0,0.0,0.0,-0.10260554480439105,1989.0,33.0,1,-0.10260554480439105,241.0,33+
2022,12777,3.6239146301820178,PIT,0.0,68.0,0.0,2.4111613137907826,1990.0,32.0,1,2.4111613137907826,68.0,30-32
2022,12800,0.6243792018979626,PIT,0.0,50.0,0.0,,1989.0,33.0,0,0.0,50.0,33+
2022,12804,4.190753477357265,PIT,0.0,44.0,1.0,,1992.0,30.0,0,0.0,44.0,30-32
2022,12808,3.4972448999012857,PIT,0.0,114.33333333333331,0.0,6.60438936362686,1990.0,32.0,1,6.60438936362686,114.33333333333331,30-32
2022,12856,10.777513428895606,HIT,583.0,0.0,0.0,8.649462394870897,1989.0,33.0,1,8.649462394870897,583.0,33+
2022,12857,1.3360011222655963,PIT,0.0,61.66666666666668,2.0,5.617650539704674,1990.0,32.0,1,5.617650539704674,61.66666666666668,30-32
2022,12916,12.79790335313949,HIT,706.0,0.0,0.0,11.72466440509162,1993.0,29.0,1,11.72466440509162,706.0,27-29
2022,12917,1.425866399132315,PIT,0.0,140.0,0.0,,1992.0,30.0,0,0.0,140.0,30-32
2022,12927,9.146504355847194,HIT,673.0,0.0,0.0,8.309723934953974,1993.0,29.0,1,8.309723934953974,673.0,27-29
2022,12970,12.204631178317072,PIT,0.0,181.0,0.0,8.23829869865323,1992.0,30.0,1,8.23829869865323,181.0,30-32
2022,12976,1.0628511687847335,HIT,338.0,0.0,0.0,0.2229737282135246,1992.0,30.0,1,0.2229737282135246,338.0,30-32
2022,12979,7.121221437397115,HIT,590.0,0.0,0.0,4.456557490662199,1992.0,30.0,1,4.456557490662199,590.0,30-32
2022,12984,1.7517624690709188,HIT,370.0,1.0,0.0,-0.21978557846605784,1990.0,32.0,1,-0.21978557846605784,370.0,30-32
2022,12988,4.16883938558156,PIT,0.0,57.333333333333336,3.0,2.708874502627655,1990.0,32.0,1,2.708874502627655,57.333333333333336,30-32
2022,13066,9.214716222049153,HIT,535.0,0.0,0.0,8.32161907961991,1992.0,30.0,1,8.32161907961991,535.0,30-32
2022,13074,16.1346210814277,PIT,0.0,194.66666666666663,0.0,4.4561248238960065,1986.0,36.0,1,4.4561248238960065,194.66666666666663,33+
2022,13125,14.24179519033674,PIT,0.0,200.66666666666663,0.0,19.019052751123724,1990.0,32.0,1,19.019052751123724,200.66666666666663,30-32
2022,13145,7.932214084139311,HIT,647.0,0.0,0.0,5.8190343592155465,1992.0,30.0,1,5.8190343592155465,647.0,30-32
2022,13152,5.5692812218564125,HIT,445.0,0.0,0.0,4.409359929943182,1993.0,29.0,1,4.409359929943182,445.0,27-29
2022,13164,2.105925166556146,PIT,0.0,91.0,0.0,10.91345217555645,1993.0,29.0,1,10.91345217555645,91.0,27-29
2022,13183,1.5117030022140407,PIT,0.0,134.33333333333331,0.0,-4.472790039600026,1993.0,29.0,1,-4.472790039600026,134.33333333333331,27-29
2022,13185,2.9531738728348564,HIT,234.0,1.0,0.0,6.228831009989256,1994.0,28.0,1,6.228831009989256,234.0,27-29
2022,13218,3.54751173828574,PIT,0.0,63.66666666666668,3.0,2.1916511488734134,1993.0,29.0,1,2.1916511488734134,63.66666666666668,27-29
2022,13273,10.13437625003446,PIT,0.0,134.33333333333331,1.0,-0.9843140434459582,1989.0,33.0,1,-0.9843140434459582,134.33333333333331,33+
2022,13301,5.516527398668872,HIT,565.0,0.0,0.0,8.419229536392166,1990.0,32.0,1,8.419229536392166,565.0,30-32
2022,13324,2.670139673385282,HIT,222.0,1.0,0.0,2.402178185326704,1991.0,31.0,1,2.402178185326704,222.0,30-32
2022,13338,1.1686477493418943,HIT,296.0,0.0,0.0,0.41210189358185195,1992.0,30.0,1,0.41210189358185195,296.0,30-32
2022,13339,4.3486027028231575,PIT,0.0,104.33333333333331,0.0,,1991.0,31.0,0,0.0,104.33333333333331,30-32
2022,13345,1.1200275462436315,PIT,0.0,80.66666666666667,0.0,-3.815685375405378,1992.0,30.0,1,-3.815685375405378,80.66666666666667,30-32
2022,13346,2.8430100908991003,PIT,0.0,64.66666666666667,0.0,6.166874067036437,1991.0,31.0,1,6.166874067036437,64.66666666666667,30-32
2022,13355,1.2296407615365648,HIT,206.0,0.0,0.0,0.2948869229921949,1991.0,31.0,1,0.2948869229921949,206.0,30-32
2022,13359,4.5553831136530505,HIT,334.0,0.0,0.0,-0.12497290044306571,1991.0,31.0,1,-0.12497290044306571,334.0,30-32
2022,13361,1.4159866908318548,PIT,0.0,48.0,0.0,3.4727535348925977,1991.0,31.0,1,3.4727535348925977,48.0,30-32
2022,13394,4.597928068753559,PIT,0.0,53.66666666666668,10.0,2.5057416544694595,1990.0,32.0,1,2.5057416544694595,53.66666666666668,30-32
2022,13419,10.072413914828072,HIT,667.0,0.0,0.0,10.052101541902928,1991.0,31.0,1,10.052101541902928,667.0,30-32
2022,13431,6.348877723815983,PIT,0.0,138.66666666666663,0.0,6.504558861080878,1991.0,31.0,1,6.504558861080878,138.66666666666663,30-32
2022,13449,8.602374114095818,PIT,0.0,64.33333333333331,31.0,4.23771371930424,1990.0,32.0,1,4.23771371930424,64.33333333333331,30-32
2022,13475,0.38942250426430713,PIT,0.0,58.66666666666668,0.0,-0.5339767693197395,1993.0,29.0,1,-0.5339767693197395,58.66666666666668,27-29
2022,13510,14.327131536373056,HIT,685.0,0.0,0.0,10.704515910797106,1992.0,30.0,1,10.704515910797106,685.0,30-32
2022,13543,7.795289956041983,PIT,0.0,128.0,0.0,16.44070956735203,1992.0,30.0,1,16.44070956735203,128.0,30-32
2022,13580,4.192718345529726,PIT,0.0,51.333333333333336,0.0,2.341201570246249,1991.0,31.0,1,2.341201570246249,51.333333333333336,30-32
2022,13590,4.200384404627609,HIT,547.0,0.0,0.0,0.7467835311189477,1993.0,29.0,1,0.7467835311189477,547.0,27-29
2022,13594,-0.4582633738455876,PIT,0.0,58.0,0.0,5.455097460428263,1993.0,29.0,1,5.455097460428263,58.0,27-29
2022,13602,6.8511827846761495,HIT,534.0,0.0,0.0,4.289529767556951,1991.0,31.0,1,4.289529767556951,534.0,30-32
2022,13607,4.979671123471629,PIT,0.0,62.0,2.0,0.9524807777710336,1991.0,31.0,1,0.9524807777710336,62.0,30-32
2022,13611,12.895945399422075,HIT,639.0,0.0,0.0,14.198889243390564,1992.0,30.0,1,14.198889243390564,639.0,30-32
2022,13613,5.874450230488484,HIT,558.0,0.0,0.0,9.403117119673357,1993.0,29.0,1,9.403117119673357,558.0,27-29
2022,13619,1.9666882214107004,PIT,0.0,112.0,0.0,3.8790176279059927,1992.0,30.0,1,3.8790176279059927,112.0,30-32
2022,13620,2.070197488319497,HIT,354.0,4.666666666666667,0.0,0.1591800969787201,1994.0,28.0,1,0.1591800969787201,354.0,27-29
2022,13621,3.982085697692013,HIT,467.0,0.0,0.0,7.293301817096172,1993.0,29.0,1,7.293301817096172,467.0,27-29
2022,13624,9.806844179603361,HIT,663.0,0.0,0.0,11.47299600619692,1994.0,28.0,1,11.47299600619692,663.0,27-29
2022,13649,10.563111571856368,PIT,0.0,63.66666666666668,20.0,9.339551562562391,1993.0,29.0,1,9.339551562562391,63.66666666666668,27-29
2022,13654,2.333128381477535,PIT,0.0,43.0,0.0,,1992.0,30.0,0,0.0,43.0,30-32
2022,13675,5.289461831820423,HIT,405.0,0.0,0.0,3.579130332494712,1994.0,28.0,1,3.579130332494712,405.0,27-29
2022,13707,2.8431066179419338,PIT,0.0,57.66666666666668,1.0,0.8554328674935598,1992.0,30.0,1,0.8554328674935598,57.66666666666668,30-32
2022,13723,1.9643202636702903,HIT,384.0,0.0,0.0,0.4124583435770883,1989.0,33.0,1,0.4124583435770883,384.0,33+
2022,13743,15.778421921903584,PIT,0.0,185.33333333333331,0.0,7.502511118211235,1994.0,28.0,1,7.502511118211235,185.33333333333331,27-29
2022,13755,2.284118263082653,HIT,313.0,0.0,0.0,-0.30224178206284824,1994.0,28.0,1,-0.30224178206284824,313.0,27-29
2022,13757,4.503012441390941,HIT,454.0,0.0,0.0,5.606051531305415,1990.0,32.0,1,5.606051531305415,454.0,30-32
2022,13758,0.4744379702585423,PIT,0.0,44.0,2.0,0.17527616559602482,1990.0,32.0,1,0.17527616559602482,44.0,30-32
2022,13761,3.0127012236254354,PIT,0.0,63.333333333333336,2.0,3.819944280512172,1990.0,32.0,1,3.819944280512172,63.333333333333336,30-32
2022,13763,1.4130346073345177,PIT,0.0,49.333333333333336,3.0,0.5086870812592311,1991.0,31.0,1,0.5086870812592311,49.333333333333336,30-32
2022,13774,3.0030810183857026,PIT,0.0,75.66666666666667,1.0,14.273946457546522,1994.0,28.0,1,14.273946457546522,75.66666666666667,27-29
2022,13781,2.416685375374777,PIT,0.0,130.66666666666663,0.0,1.794726821191254,1991.0,31.0,1,1.794726821191254,130.66666666666663,30-32
2022,13788,2.6821059875592765,HIT,272.0,1.3333333333333337,0.0,0.014543493886586451,1990.0,32.0,1,0.014543493886586451,272.0,30-32
2022,13799,3.3564882939702243,PIT,0.0,44.66666666666668,4.0,8.70783192985703,1991.0,31.0,1,8.70783192985703,44.66666666666668,30-32
2022,13836,1.3255058714970327,HIT,247.0,0.0,0.0,1.2801468784703236,1991.0,31.0,1,1.2801468784703236,247.0,30-32
2022,13853,4.080750335983261,HIT,371.0,0.0,0.0,1.605368494801426,1990.0,32.0,1,1.605368494801426,371.0,30-32
2022,13892,11.20666397308646,PIT,0.0,64.0,20.0,10.89281697268033,1990.0,32.0,1,10.89281697268033,64.0,30-32
2022,13896,4.420581047718305,PIT,0.0,137.66666666666663,2.0,-5.732313050124256,1994.0,28.0,1,-5.732313050124256,137.66666666666663,27-29
2022,13942,3.121716613269788,PIT,0.0,66.66666666666667,0.0,3.32048946144892,1989.0,33.0,1,3.32048946144892,66.66666666666667,33+
2022,14078,8.269196665329078,PIT,0.0,127.33333333333331,0.0,10.514107621858635,1991.0,31.0,1,10.514107621858635,127.33333333333331,30-32
2022,14107,10.004005629702005,PIT,0.0,174.66666666666663,0.0,13.330281263688637,1991.0,31.0,1,13.330281263688637,174.66666666666663,30-32
2022,14109,2.4752803497332345,HIT,235.0,0.0,0.0,,1994.0,28.0,0,0.0,235.0,27-29
2022,14111,4.650157452529022,HIT,351.0,0.0,0.0,1.3012897923945839,1992.0,30.0,1,1.3012897923945839,351.0,30-32
2022,14120,3.9816747652134983,PIT,0.0,47.66666666666668,0.0,,1993.0,29.0,0,0.0,47.66666666666668,27-29
2022,14128,3.3631502483601676,HIT,410.0,0.0,0.0,2.9857793028493287,1993.0,29.0,1,2.9857793028493287,410.0,27-29
2022,14130,5.386444647343284,HIT,461.0,0.0,0.0,3.3780979819625214,1992.0,30.0,1,3.3780979819625214,461.0,30-32
2022,14161,6.925422689943793,HIT,382.0,0.0,0.0,4.105611352503571,1993.0,29.0,1,4.105611352503571,382.0,27-29
2022,14162,8.703477235079678,HIT,590.0,0.0,0.0,4.880723014180601,1994.0,28.0,1,4.880723014180601,590.0,27-29
2022,14168,0.5224761206928976,PIT,0.0,172.0,0.0,10.308485521789091,1994.0,28.0,1,10.308485521789091,172.0,27-29
2022,14196,3.9031321713439655,HIT,349.0,0.0,0.0,1.1056492834942355,1994.0,28.0,1,1.1056492834942355,349.0,27-29
2022,14212,8.225782408082905,PIT,0.0,50.0,36.0,12.465224751484781,1994.0,28.0,1,12.465224751484781,50.0,27-29
2022,14221,2.9158219629282325,HIT,306.0,0.0,0.0,8.101409121782858,1992.0,30.0,1,8.101409121782858,306.0,30-32
2022,14274,3.4207346691847444,HIT,247.0,0.0,0.0,1.7561389783101862,1990.0,32.0,1,1.7561389783101862,247.0,30-32
2022,14295,4.914636260337346,PIT,0.0,56.333333333333336,4.0,4.684574784275326,1991.0,31.0,1,4.684574784275326,56.333333333333336,30-32
2022,14309,3.959771102054672,PIT,0.0,144.33333333333331,0.0,0.43678722440525736,1993.0,29.0,1,0.43678722440525736,144.33333333333331,27-29
2022,14332,2.007273699711966,PIT,0.0,55.66666666666668,0.0,7.781752917749897,1994.0,28.0,1,7.781752917749897,55.66666666666668,27-29
2022,14344,9.987192933134029,HIT,699.0,0.0,0.0,14.769496656342008,1994.0,28.0,1,14.769496656342008,699.0,27-29
2022,14350,5.6637363902111515,HIT,433.0,0.0,0.0,2.114013703390489,1994.0,28.0,1,2.114013703390489,433.0,27-29
2022,14361,-1.3107544336491739,PIT,0.0,44.333333333333336,1.0,-2.108360690736008,1990.0,32.0,1,-2.108360690736008,44.333333333333336,30-32
2022,14366,5.10343870323951,HIT,240.0,0.0,0.0,7.254380511066157,1992.0,30.0,1,7.254380511066157,240.0,30-32
2022,14375,0.6893667525032918,PIT,0.0,45.333333333333336,0.0,0.10675507622945202,1992.0,30.0,1,0.10675507622945202,45.333333333333336,30-32
2022,14387,6.247661472714036,HIT,435.0,0.0,0.0,7.098381216046248,1994.0,28.0,1,7.098381216046248,435.0,27-29
2022,14416,-1.0926524250195815,PIT,0.0,48.0,0.0,-0.22719100694734695,1995.0,27.0,1,-0.22719100694734695,48.0,27-29
2022,14420,2.168669734748349,PIT,0.0,53.66666666666668,2.0,0.2781955253412306,1994.0,28.0,1,0.2781955253412306,53.66666666666668,27-29
2022,14524,3.984154271089501,PIT,0.0,47.66666666666668,7.0,4.3043243089352385,1993.0,29.0,1,4.3043243089352385,47.66666666666668,27-29
2022,14527,9.685079784830341,PIT,0.0,71.0,23.0,0.5619534252965832,1993.0,29.0,1,0.5619534252965832,71.0,27-29
2022,14542,3.575930335219525,PIT,0.0,57.0,2.0,8.434062225943205,1992.0,30.0,1,8.434062225943205,57.0,30-32
2022,14551,9.119482529346225,HIT,647.0,0.0,0.0,8.79050224065573,1994.0,28.0,1,8.79050224065573,647.0,27-29
2022,14552,0.011831157434042505,PIT,0.0,60.66666666666668,0.0,-1.242576039427192,1994.0,28.0,1,-1.242576039427192,60.66666666666668,27-29
2022,14566,4.297148943032289,HIT,473.0,1.0,0.0,0.29557444092339685,1995.0,27.0,1,0.29557444092339685,473.0,27-29
2022,14567,3.106408284062686,HIT,275.0,0.0,0.0,0.934512830622805,1994.0,28.0,1,0.934512830622805,275.0,27-29
2022,14646,1.8343618360090086,PIT,0.0,64.0,9.0,,1992.0,30.0,0,0.0,64.0,30-32
2022,14677,0.10189468891952513,PIT,0.0,57.333333333333336,1.0,0.19486120698736165,1994.0,28.0,1,0.19486120698736165,57.333333333333336,27-29
2022,14681,1.575012598912327,PIT,0.0,59.333333333333336,0.0,1.0502922807220376,1993.0,29.0,1,1.0502922807220376,59.333333333333336,27-29
2022,14691,4.227425537774782,HIT,443.0,4.0,0.0,1.5806775178627681,1993.0,29.0,1,1.5806775178627681,443.0,27-29
2022,14710,15.230291081827694,PIT,0.0,62.0,32.0,,1994.0,28.0,0,0.0,62.0,27-29
2022,14712,4.811133137206958,HIT,363.0,0.0,0.0,3.773292189362854,1994.0,28.0,1,3.773292189362854,363.0,27-29
2022,14735,-0.6313802033102467,HIT,225.0,4.0,0.0,0.5641912806401509,1994.0,28.0,1,0.5641912806401509,225.0,27-29
2022,14739,3.0605053622781773,PIT,0.0,111.33333333333331,0.0,1.0351407687200112,1993.0,29.0,1,1.0351407687200112,111.33333333333331,27-29
2022,14765,18.064634540743253,PIT,0.0,175.0,0.0,6.175011900977158,1996.0,26.0,1,6.175011900977158,175.0,24-26
2022,14771,3.5937447924214485,PIT,0.0,63.0,9.0,6.376825753478056,1991.0,31.0,1,6.376825753478056,63.0,30-32
2022,14811,6.062161330870851,HIT,568.0,0.0,0.0,0.3024437169158668,1991.0,31.0,1,0.3024437169158668,568.0,30-32
2022,14813,7.067051594140594,HIT,583.0,0.0,0.0,4.307930725236064,1990.0,32.0,1,4.307930725236064,583.0,30-32
2022,14814,1.9901132945345494,PIT,0.0,47.0,2.0,3.936132162887458,1991.0,31.0,1,3.936132162887458,47.0,30-32
2022,14843,3.455531912969618,PIT,0.0,97.66666666666667,0.0,6.096110234112427,1992.0,30.0,1,6.096110234112427,97.66666666666667,30-32
2022,14854,5.818241127762339,HIT,558.0,0.0,0.0,4.195772801635617,1990.0,32.0,1,4.195772801635617,558.0,30-32
2022,14857,4.2711637285937325,PIT,0.0,60.0,2.0,1.3353898939986606,1991.0,31.0,1,1.3353898939986606,60.0,30-32
2022,14874,2.3312827851637383,PIT,0.0,43.333333333333336,0.0,3.7572623925619166,1992.0,30.0,1,3.7572623925619166,43.333333333333336,30-32
2022,14875,0.5334449884422606,PIT,0.0,70.0,0.0,,1991.0,31.0,0,0.0,70.0,30-32
2022,14894,5.4153600990870325,HIT,558.0,0.0,0.0,2.6793374681732773,1991.0,31.0,1,2.6793374681732773,558.0,30-32
2022,14916,5.916733936238936,PIT,0.0,127.33333333333331,0.0,5.877662315463038,1991.0,31.0,1,5.877662315463038,127.33333333333331,30-32
2022,14968,1.4498646974113876,HIT,314.0,1.0,0.0,2.325390508393257,1993.0,29.0,1,2.325390508393257,314.0,27-29
2022,14975,-3.7973936129771584,PIT,0.0,137.0,0.0,-4.308616670268881,1992.0,30.0,1,-4.308616670268881,137.0,30-32
2022,14986,7.395616870284752,PIT,0.0,59.0,14.0,3.8365404394210794,1991.0,31.0,1,3.8365404394210794,59.0,30-32
2022,14993,12.74507460689518,PIT,0.0,74.33333333333331,24.0,3.892241260251905,1992.0,30.0,1,3.892241260251905,74.33333333333331,30-32
2022,15009,6.779107368527147,PIT,0.0,66.66666666666667,11.0,9.29175292511198,1991.0,31.0,1,9.29175292511198,66.66666666666667,30-32
2022,15010,4.297107958979512,PIT,0.0,44.66666666666668,12.0,,1991.0,31.0,0,0.0,44.66666666666668,30-32
2022,15036,5.743284943980808,PIT,0.0,71.66666666666667,1.0,-2.66569053629938,1993.0,29.0,1,-2.66569053629938,71.66666666666667,27-29
2022,15038,0.8733097948644475,PIT,0.0,181.66666666666663,0.0,0.9860098563246069,1995.0,27.0,1,0.9860098563246069,181.66666666666663,27-29
2022,15042,5.299207512069097,PIT,0.0,48.66666666666668,2.0,5.128228123944375,1992.0,30.0,1,5.128228123944375,48.66666666666668,30-32
2022,15043,1.902995500677455,PIT,0.0,53.66666666666668,11.0,,1991.0,31.0,0,0.0,53.66666666666668,30-32
2022,15046,2.4237727425776168,PIT,0.0,45.66666666666668,0.0,0.8346793748336053,1992.0,30.0,1,0.8346793748336053,45.66666666666668,30-32
2022,15047,1.379583789848445,PIT,0.0,101.66666666666667,0.0,-0.32653291369949766,1992.0,30.0,1,-0.32653291369949766,101.66666666666667,30-32
2022,15082,2.883130487525885,HIT,260.0,0.0,0.0,-0.08929574370484687,1991.0,31.0,1,-0.08929574370484687,260.0,30-32
2022,15112,7.554038413916162,HIT,597.0,0.0,0.0,6.824439345129268,1994.0,28.0,1,6.824439345129268,597.0,27-29
2022,15117,4.148979840263236,HIT,500.0,1.0,0.0,0.45818523053565835,1991.0,31.0,1,0.45818523053565835,500.0,30-32
2022,15126,0.4324186804017104,PIT,0.0,40.333333333333336,0.0,,1994.0,28.0,0,0.0,40.333333333333336,27-29
2022,15149,5.855814873699258,HIT,587.0,0.0,0.0,2.002015757006509,1992.0,30.0,1,2.002015757006509,587.0,30-32
2022,15161,2.262840797067717,HIT,215.0,0.0,0.0,5.175749497020133,1991.0,31.0,1,5.175749497020133,215.0,30-32
2022,15172,5.989445170230782,HIT,351.0,0.0,0.0,3.3116322758045174,1993.0,29.0,1,3.3116322758045174,351.0,27-29
2022,15191,3.2980802097744166,HIT,379.0,1.0,0.0,,1992.0,30.0,0,0.0,379.0,30-32
2022,15223,4.956567607687697,HIT,602.0,0.0,0.0,5.459905072727698,1991.0,31.0,1,5.459905072727698,602.0,30-32
2022,15279,4.467302113248987,HIT,469.0,0.0,0.0,4.798543293085517,1990.0,32.0,1,4.798543293085517,469.0,30-32
2022,15288,7.5926344808595765,PIT,0.0,70.66666666666667,4.0,-1.2285851743135032,1990.0,32.0,1,-1.2285851743135032,70.66666666666667,30-32
2022,15290,1.4446291939458766,PIT,0.0,55.333333333333336,1.0,2.7489945327357885,1989.0,33.0,1,2.7489945327357885,55.333333333333336,33+
2022,15351,1.2576363014623708,HIT,292.0,3.0,0.0,,1992.0,30.0,0,0.0,292.0,30-32
2022,15362,9.248975235731972,HIT,589.0,0.0,0.0,6.503715349022486,1992.0,30.0,1,6.503715349022486,589.0,30-32
2022,15423,5.695640170418155,PIT,0.0,72.66666666666667,0.0,5.431532671671223,1991.0,31.0,1,5.431532671671223,72.66666666666667,30-32
2022,15451,-1.1370604409227165,PIT,0.0,50.66666666666668,0.0,-1.1503342913517276,1991.0,31.0,1,-1.1503342913517276,50.66666666666668,30-32
2022,15454,2.9124862124602515,PIT,0.0,179.66666666666663,0.0,9.310841213838799,1993.0,29.0,1,9.310841213838799,179.66666666666663,27-29
2022,15464,8.124623329533273,HIT,522.0,0.0,0.0,5.033737057545816,1992.0,30.0,1,5.033737057545816,522.0,30-32
2022,15467,3.1538878518516515,PIT,0.0,183.0,0.0,0.30823265457751114,1992.0,30.0,1,0.30823265457751114,183.0,30-32
2022,15474,2.016298906051433,PIT,0.0,161.66666666666663,0.0,4.276275046454528,1994.0,28.0,1,4.276275046454528,161.66666666666663,27-29
2022,15482,2.223760370807783,HIT,276.0,0.0,0.0,,1994.0,28.0,0,0.0,276.0,27-29
2022,15487,2.924241529718233,HIT,336.0,0.0,0.0,,1994.0,28.0,0,0.0,336.0,27-29
2022,15488,-3.4182763710649784,PIT,0.0,92.33333333333331,0.0,0.137807760595359,1995.0,27.0,1,0.137807760595359,92.33333333333331,27-29
2022,15491,4.429723240264326,HIT,603.0,0.0,0.0,7.505977124138702,1995.0,27.0,1,7.505977124138702,603.0,27-29
2022,15514,3.6000104446422188,PIT,0.0,65.0,6.0,5.6235951179054915,1990.0,32.0,1,5.6235951179054915,65.0,30-32
2022,15518,10.261128102775285,HIT,670.0,0.0,0.0,6.113944480479628,1995.0,27.0,1,6.113944480479628,670.0,27-29
2022,15541,2.2633710336148978,PIT,0.0,75.66666666666667,0.0,5.141248754084075,1990.0,32.0,1,5.141248754084075,75.66666666666667,30-32
2022,15551,3.2024447878839846,PIT,0.0,67.66666666666667,3.0,4.252834158788558,1991.0,31.0,1,4.252834158788558,67.66666666666667,30-32
2022,15640,20.29315104234918,HIT,696.0,0.0,0.0,8.860169108795212,1992.0,30.0,1,8.860169108795212,696.0,30-32
2022,15674,2.7119436160901857,HIT,274.0,1.0,0.0,1.4403143460784964,1995.0,27.0,1,1.4403143460784964,274.0,27-29
2022,15676,9.782707394836741,HIT,679.0,0.0,0.0,6.023731200861839,1987.0,35.0,1,6.023731200861839,679.0,33+
2022,15679,8.348835413398337,HIT,599.0,0.0,0.0,2.8790202609087023,1995.0,27.0,1,2.8790202609087023,599.0,27-29
2022,15689,10.272617368799496,PIT,0.0,150.33333333333331,0.0,14.34352115030284,1992.0,30.0,1,14.34352115030284,150.33333333333331,30-32
2022,15711,6.552546704551675,HIT,383.0,0.0,0.0,2.3593609211215294,1995.0,27.0,1,2.3593609211215294,383.0,27-29
2022,15734,-1.6867725246598062,PIT,0.0,139.66666666666663,1.0,-0.9863155468463529,1995.0,27.0,1,-0.9863155468463529,139.66666666666663,27-29
2022,15761,4.163252320177161,PIT,0.0,56.66666666666668,2.0,3.238224967399943,1995.0,27.0,1,3.238224967399943,56.66666666666668,27-29
2022,15794,4.961370019662084,HIT,408.0,0.0,0.0,0.6756871855086486,1994.0,28.0,1,0.6756871855086486,408.0,27-29
2022,15816,10.582163715338309,PIT,0.0,60.66666666666668,15.0,15.724936324713612,1994.0,28.0,1,15.724936324713612,60.66666666666668,27-29
2022,15823,0.40689482279004985,PIT,0.0,44.333333333333336,1.0,3.2539129829146813,1995.0,27.0,1,3.2539129829146813,44.333333333333336,27-29
2022,15873,2.0280018082618314,PIT,0.0,158.0,0.0,4.975428160956014,1992.0,30.0,1,4.975428160956014,158.0,30-32
2022,15890,7.895005149346531,PIT,0.0,102.0,0.0,-3.500109872878877,1994.0,28.0,1,-3.500109872878877,102.0,27-29
2022,15915,0.3130250547559307,PIT,0.0,42.0,1.0,,1995.0,27.0,0,0.0,42.0,27-29
2022,15937,3.844770114253097,HIT,327.0,0.0,0.0,1.558431300653696,1990.0,32.0,1,1.558431300653696,327.0,30-32
2022,15941,3.6762990661790838,HIT,397.0,0.0,0.0,-0.41370970308251764,1989.0,33.0,1,-0.41370970308251764,397.0,33+
2022,15947,5.217704868521676,PIT,0.0,54.66666666666668,1.0,2.3261559475681604,1991.0,31.0,1,2.3261559475681604,54.66666666666668,30-32
2022,15986,10.22955714522281,HIT,617.0,0.0,0.0,6.139324286196203,1995.0,27.0,1,6.139324286196203,617.0,27-29
2022,15998,7.138925461886123,HIT,550.0,0.0,0.0,11.767928591117293,1995.0,27.0,1,11.767928591117293,550.0,27-29
2022,16094,-2.737456035473049,PIT,0.0,121.66666666666667,0.0,,1993.0,29.0,0,0.0,121.66666666666667,27-29
2022,16122,13.930607717025069,PIT,0.0,64.0,36.0,11.596878453774593,1993.0,29.0,1,11.596878453774593,64.0,27-29
2022,16137,15.587231619091211,PIT,0.0,178.0,0.0,-1.6922901138238533,1992.0,30.0,1,-1.6922901138238533,178.0,30-32
2022,16149,14.867062060531469,PIT,0.0,205.0,0.0,8.9749940723348,1993.0,29.0,1,8.9749940723348,205.0,27-29
2022,16153,5.384678176184453,HIT,325.0,0.0,0.0,2.266086834365307,1992.0,30.0,1,2.266086834365307,325.0,30-32
2022,16162,12.570011701390053,PIT,0.0,153.33333333333331,0.0,7.821991650570318,1993.0,29.0,1,7.821991650570318,153.33333333333331,27-29
2022,16219,4.253777654288331,HIT,365.0,0.0,0.0,5.7560529414485435,1993.0,29.0,1,5.7560529414485435,365.0,27-29
2022,16252,14.621974448195806,HIT,708.0,0.0,0.0,10.74098777875528,1993.0,29.0,1,10.74098777875528,708.0,27-29
2022,16256,1.3962191566577222,PIT,0.0,174.66666666666663,0.0,-0.5208808083586898,1993.0,29.0,1,-0.5208808083586898,174.66666666666663,27-29
2022,16337,3.8360360615049323,HIT,443.0,3.6666666666666674,0.0,0.3833123674728039,1995.0,27.0,1,0.3833123674728039,443.0,27-29
2022,16358,3.634508025307579,PIT,0.0,120.66666666666667,0.0,1.8342348601405907,1994.0,28.0,1,1.8342348601405907,120.66666666666667,27-29
2022,16400,6.25065248297175,PIT,0.0,65.33333333333331,0.0,4.970224593711199,1994.0,28.0,1,4.970224593711199,65.33333333333331,27-29
2022,16403,2.8130061125587553,HIT,299.0,0.0,0.0,1.520315617684646,1995.0,27.0,1,1.520315617684646,299.0,27-29
2022,16417,2.317291169776336,HIT,224.0,0.0,0.0,,1996.0,26.0,0,0.0,224.0,24-26
2022,16424,2.4476765630125956,HIT,234.0,0.0,0.0,0.39280859912488236,1993.0,29.0,1,0.39280859912488236,234.0,27-29
2022,16426,8.979513027619484,HIT,541.0,0.0,0.0,7.053860482544693,1996.0,26.0,1,7.053860482544693,541.0,24-26
2022,16434,4.395854975277384,HIT,300.0,0.0,0.0,1.7322381963393703,1995.0,27.0,1,1.7322381963393703,300.0,27-29
2022,16451,2.6918575644171003,HIT,335.0,0.0,0.0,0.6370537489014587,1994.0,28.0,1,0.6370537489014587,335.0,27-29
2022,16472,9.013104720009556,HIT,672.0,0.0,0.0,,1993.0,29.0,0,0.0,672.0,27-29
2022,16478,11.500062184619006,HIT,669.0,0.0,0.0,8.732815465651807,1993.0,29.0,1,8.732815465651807,669.0,27-29
2022,16502,0.32942366929529854,PIT,0.0,80.0,0.0,4.213124807479418,1991.0,31.0,1,4.213124807479418,80.0,30-32
2022,16505,7.960943560497537,HIT,621.0,0.0,0.0,5.28031703592052,1993.0,29.0,1,5.28031703592052,621.0,27-29
2022,16511,9.320116176276155,PIT,0.0,178.33333333333331,0.0,10.904402124980182,1992.0,30.0,1,10.904402124980182,178.33333333333331,30-32
2022,16512,7.426814484142599,HIT,531.0,0.0,0.0,4.052825510165414,1995.0,27.0,1,4.052825510165414,531.0,27-29
2022,16530,2.1712704662104043,HIT,265.0,0.0,0.0,6.169116774472204,1994.0,28.0,1,6.169116774472204,265.0,27-29
2022,16535,4.67514715316565,HIT,248.0,0.0,0.0,3.9877280128307673,1995.0,27.0,1,3.9877280128307673,248.0,27-29
2022,16556,3.7501760262053443,HIT,269.0,0.0,0.0,11.576224070177698,1997.0,25.0,1,11.576224070177698,269.0,24-26
2022,16561,-1.623353654860128,PIT,0.0,124.66666666666667,0.0,-0.6171825615191975,1993.0,29.0,1,-0.6171825615191975,124.66666666666667,27-29
2022,16572,4.1298661781222386,HIT,467.0,0.0,0.0,4.459029276173099,1992.0,30.0,1,4.459029276173099,467.0,30-32
2022,16578,7.626746659704534,HIT,558.0,0.0,0.0,10.350217091947023,1991.0,31.0,1,10.350217091947023,558.0,30-32
2022,16587,6.820072622747052,PIT,0.0,53.66666666666668,3.0,6.075036840917497,1993.0,29.0,1,6.075036840917497,53.66666666666668,27-29
2022,16609,6.213395206818499,PIT,0.0,60.333333333333336,2.0,8.502796126523094,1997.0,25.0,1,8.502796126523094,60.333333333333336,24-26
2022,16622,5.151075035190263,HIT,472.0,0.0,0.0,0.7849344368792694,1997.0,25.0,1,0.7849344368792694,472.0,24-26
2022,16647,2.7760072807796723,PIT,0.0,42.66666666666668,3.0,2.0065076718649837,1992.0,30.0,1,2.0065076718649837,42.66666666666668,30-32
2022,16725,4.354714420033824,HIT,353.0,0.0,0.0,0.8777656471713877,1992.0,30.0,1,0.8777656471713877,353.0,30-32
2022,16814,1.7826641606791727,PIT,0.0,48.0,0.0,-1.533052874552409,1990.0,32.0,1,-1.533052874552409,48.0,30-32
2022,16930,4.824631158580255,HIT,450.0,0.0,0.0,7.045683353249857,1995.0,27.0,1,7.045683353249857,450.0,27-29
2022,16933,-1.815086648355539,PIT,0.0,62.333333333333336,0.0,,1995.0,27.0,0,0.0,62.333333333333336,27-29
2022,16939,6.481851934949139,HIT,548.0,0.0,0.0,10.018235553653835,1995.0,27.0,1,10.018235553653835,548.0,27-29
2022,16977,4.185411042948711,PIT,0.0,89.66666666666667,1.0,-2.5144387553484124,1992.0,30.0,1,-2.5144387553484124,89.66666666666667,30-32
2022,16981,-2.091742836226878,PIT,0.0,61.333333333333336,0.0,,1993.0,29.0,0,0.0,61.333333333333336,27-29
2022,16990,2.9606857844835446,PIT,0.0,53.0,0.0,1.4723687558679304,1991.0,31.0,1,1.4723687558679304,53.0,30-32
2022,16997,9.273196245059392,HIT,572.0,0.0,0.0,9.080673851253316,1996.0,26.0,1,9.080673851253316,572.0,24-26
2022,17027,7.99246602384079,HIT,644.0,0.0,0.0,6.3634235871966895,1996.0,26.0,1,6.3634235871966895,644.0,24-26
2022,17085,8.221908192378311,PIT,0.0,180.0,0.0,11.800137028064228,1996.0,26.0,1,11.800137028064228,180.0,24-26
2022,17092,5.381654739003158,PIT,0.0,67.66666666666667,4.0,-1.509336825335709,1994.0,28.0,1,-1.509336825335709,67.66666666666667,27-29
2022,17117,-1.8409006305618936,PIT,0.0,56.0,0.0,,1993.0,29.0,0,0.0,56.0,27-29
2022,17128,4.626146444225771,HIT,383.0,0.0,0.0,3.628343029017917,1994.0,28.0,1,3.628343029017917,383.0,27-29
2022,17130,8.834075834783308,PIT,0.0,62.0,17.0,11.215362029967906,1990.0,32.0,1,11.215362029967906,62.0,30-32
2022,17149,2.6093126538444364,PIT,0.0,72.33333333333331,0.0,4.93563651836045,1992.0,30.0,1,4.93563651836045,72.33333333333331,30-32
2022,17192,4.16375659158944,PIT,0.0,61.0,2.0,-0.28426926609473413,1993.0,29.0,1,-0.28426926609473413,61.0,27-29
2022,17232,3.7436024605249614,HIT,433.0,0.0,0.0,3.824679440449911,1995.0,27.0,1,3.824679440449911,433.0,27-29
2022,17273,8.300052216676676,HIT,533.0,0.0,0.0,5.123399203162901,1995.0,27.0,1,5.123399203162901,533.0,27-29
2022,17277,5.462765284060266,PIT,0.0,155.33333333333331,0.0,2.495629488364755,1995.0,27.0,1,2.495629488364755,155.33333333333331,27-29
2022,17282,4.937493797350689,PIT,0.0,119.33333333333331,0.0,-1.3319080650035513,1996.0,26.0,1,-1.3319080650035513,119.33333333333331,24-26
2022,17295,14.598588411035585,PIT,0.0,201.33333333333331,0.0,12.478761943493177,1993.0,29.0,1,12.478761943493177,201.33333333333331,27-29
2022,17312,4.410445634287578,PIT,0.0,119.0,0.0,13.440530806520362,1995.0,27.0,1,13.440530806520362,119.0,27-29
2022,17321,4.218217327107091,HIT,426.0,0.0,0.0,0.8687192727481771,1995.0,27.0,1,0.8687192727481771,426.0,27-29
2022,17338,4.459745313489245,HIT,392.0,0.0,0.0,5.8200388218056425,1997.0,25.0,1,5.8200388218056425,392.0,24-26
2022,17350,11.15954787655311,HIT,614.0,0.0,0.0,10.198136820026567,1996.0,26.0,1,10.198136820026567,614.0,24-26
2022,17369,0.9507418198701676,PIT,0.0,50.0,3.0,,1995.0,27.0,0,0.0,50.0,27-29
2022,17425,-4.573055718205,PIT,0.0,127.0,0.0,,1993.0,29.0,0,0.0,127.0,27-29
2022,17432,1.0627932424060549,PIT,0.0,44.66666666666668,0.0,6.455048169514602,1993.0,29.0,1,6.455048169514602,44.66666666666668,27-29
2022,17452,4.28801751069955,HIT,325.0,0.0,0.0,6.048453331743875,1995.0,27.0,1,6.048453331743875,325.0,27-29
2022,17484,6.064942913371337,HIT,327.0,0.0,0.0,5.886095523851372,1996.0,26.0,1,5.886095523851372,327.0,24-26
2022,17489,-0.2657496946867415,PIT,0.0,105.33333333333331,0.0,-0.7203054008555632,1992.0,30.0,1,-0.7203054008555632,105.33333333333331,30-32
2022,17490,1.2568430764191945,PIT,0.0,44.66666666666668,1.0,1.9155624716248802,1996.0,26.0,1,1.9155624716248802,44.66666666666668,24-26
2022,17496,5.542039305029368,PIT,0.0,54.333333333333336,7.0,-0.3614548801159262,1994.0,28.0,1,-0.3614548801159262,54.333333333333336,27-29
2022,17548,9.06967507484547,HIT,564.0,0.0,0.0,5.0287126925132775,1993.0,29.0,1,5.0287126925132775,564.0,27-29
2022,17556,7.449570149323282,PIT,0.0,69.0,9.0,0.609873419271777,1993.0,29.0,1,0.609873419271777,69.0,27-29
2022,17578,-0.6535991571476178,PIT,0.0,144.0,0.0,,1993.0,29.0,0,0.0,144.0,27-29
2022,17586,4.951708054723222,PIT,0.0,62.66666666666668,20.0,11.775875754316994,1994.0,28.0,1,11.775875754316994,62.66666666666668,27-29
2022,17594,2.4519185331404834,PIT,0.0,159.0,0.0,8.970522623344655,1996.0,26.0,1,8.970522623344655,159.0,24-26
2022,17606,14.594903714165241,PIT,0.0,148.66666666666663,0.0,5.671585126477844,1997.0,25.0,1,5.671585126477844,148.66666666666663,24-26
2022,17611,2.6354453405690994,PIT,0.0,49.0,3.0,-0.533127489552587,1993.0,29.0,1,-0.533127489552587,49.0,27-29
2022,17620,5.114624859591824,HIT,596.0,0.0,0.0,3.7050597326201573,1994.0,28.0,1,3.7050597326201573,596.0,27-29
2022,17639,-0.400128874678203,PIT,0.0,42.66666666666668,1.0,5.228790938653905,1994.0,28.0,1,5.228790938653905,42.66666666666668,27-29
2022,17677,11.232742345825542,PIT,0.0,135.33333333333331,0.0,3.2662267658321253,1992.0,30.0,1,3.2662267658321253,135.33333333333331,30-32
2022,17678,9.713973632322718,HIT,656.0,0.0,0.0,9.436254510781415,1994.0,28.0,1,9.436254510781415,656.0,27-29
2022,17684,1.2078770856171754,HIT,253.0,0.0,0.0,,1993.0,29.0,0,0.0,253.0,27-29
2022,17696,3.631314423940156,HIT,309.0,0.0,0.0,2.665314216927964,1993.0,29.0,1,2.665314216927964,309.0,27-29
2022,17722,0.5793569319428094,PIT,0.0,45.0,0.0,1.6227311903163057,1993.0,29.0,1,1.6227311903163057,45.0,27-29
2022,17732,4.575750134391287,PIT,0.0,67.33333333333331,0.0,-1.5420336492650863,1994.0,28.0,1,-1.5420336492650863,67.33333333333331,27-29
2022,17735,0.026484570497629534,PIT,0.0,101.0,0.0,1.8462592660160393,1994.0,28.0,1,1.8462592660160393,101.0,27-29
2022,17755,2.920619178027405,PIT,0.0,46.0,0.0,2.60628275196838,1993.0,29.0,1,2.60628275196838,46.0,27-29
2022,17796,6.1743971031614455,PIT,0.0,73.66666666666667,5.0,,1994.0,28.0,0,0.0,73.66666666666667,27-29
2022,17874,15.211808752771924,PIT,0.0,158.33333333333331,0.0,2.246964778826648,1994.0,28.0,1,2.246964778826648,158.33333333333331,27-29
2022,17878,0.3617376350770558,PIT,0.0,58.66666666666668,1.0,0.010068843520255388,1996.0,26.0,1,0.010068843520255388,58.66666666666668,24-26
2022,17901,7.109660086044695,HIT,521.0,0.0,0.0,5.553108924566978,1994.0,28.0,1,5.553108924566978,521.0,27-29
2022,17907,6.952156539127759,HIT,581.0,0.0,0.0,1.7559371328977442,1996.0,26.0,1,1.7559371328977442,581.0,24-26
2022,17919,8.894568336783346,HIT,641.0,0.0,0.0,8.228772033749062,1994.0,28.0,1,8.228772033749062,641.0,27-29
2022,17929,11.328725530431791,HIT,672.0,0.0,0.0,6.191205142549444,1994.0,28.0,1,6.191205142549444,672.0,27-29
2022,17948,0.4809238205449552,PIT,0.0,46.0,0.0,2.44379904038089,1993.0,29.0,1,2.44379904038089,46.0,27-29
2022,17954,1.3175755342750228,HIT,200.0,0.0,0.0,1.1667569153083035,1994.0,28.0,1,1.1667569153083035,200.0,27-29
2022,17968,8.434826317870566,PIT,0.0,82.33333333333331,0.0,2.8035080246143265,1996.0,26.0,1,2.8035080246143265,82.33333333333331,24-26
2022,17982,8.450084639958286,HIT,613.0,0.0,0.0,5.585453775205893,1994.0,28.0,1,5.585453775205893,613.0,27-29
2022,17992,1.7984664370121506,HIT,228.0,0.0,0.0,0.7849111410879083,1994.0,28.0,1,0.7849111410879083,228.0,27-29
2022,17995,12.72523351703645,PIT,0.0,192.33333333333331,0.0,13.778287657910099,1996.0,26.0,1,13.778287657910099,192.33333333333331,24-26
2022,18000,14.623155706014312,PIT,0.0,191.33333333333331,0.0,-0.31177255508133844,1997.0,25.0,1,-0.31177255508133844,191.33333333333331,24-26
2022,18015,1.1000246372610165,HIT,237.0,0.0,0.0,2.965057974546544,1993.0,29.0,1,2.965057974546544,237.0,27-29
2022,18030,4.866720993113305,HIT,313.0,0.0,0.0,4.373486778289208,1994.0,28.0,1,4.373486778289208,313.0,27-29
2022,18036,8.064469297784804,HIT,684.0,0.0,0.0,3.93524476885341,1994.0,28.0,1,3.93524476885341,684.0,27-29
2022,18042,4.853115089897989,HIT,255.0,0.0,0.0,1.8386932233608575,1992.0,30.0,1,1.8386932233608575,255.0,30-32
2022,18054,3.9370285163690695,HIT,201.0,0.0,0.0,1.395714873477892,1994.0,28.0,1,1.395714873477892,201.0,27-29
2022,18064,1.5136015763403436,PIT,0.0,65.66666666666667,0.0,5.2444282946984195,1993.0,29.0,1,5.2444282946984195,65.66666666666667,27-29
2022,18126,2.224080180439375,HIT,251.0,0.0,0.0,5.322204037741322,1994.0,28.0,1,5.322204037741322,251.0,27-29
2022,18138,14.819356663693792,PIT,0.0,64.66666666666667,19.0,6.505332655731145,1994.0,28.0,1,6.505332655731145,64.66666666666667,27-29
2022,18171,7.720665062963941,HIT,555.0,0.0,0.0,3.497746198739739,1992.0,30.0,1,3.497746198739739,555.0,30-32
2022,18282,1.9995544269329353,PIT,0.0,65.0,1.0,,1993.0,29.0,0,0.0,65.0,27-29
2022,18289,2.8309429704123006,HIT,383.0,0.0,0.0,2.816030116026901,1993.0,29.0,1,2.816030116026901,383.0,27-29
2022,18314,12.83914613978225,HIT,696.0,0.0,0.0,7.544871630521282,1994.0,28.0,1,7.544871630521282,696.0,27-29
2022,18325,-0.2811173305779069,PIT,0.0,100.0,1.0,-2.7197751099250755,1994.0,28.0,1,-2.7197751099250755,100.0,27-29
2022,18331,1.600183310468811,PIT,0.0,134.0,0.0,-2.078776683851241,1994.0,28.0,1,-2.078776683851241,134.0,27-29
2022,18345,12.608678676492223,HIT,609.0,0.0,0.0,12.741935351278583,1997.0,25.0,1,12.741935351278583,609.0,24-26
2022,18356,5.2665551110033535,PIT,0.0,79.33333333333331,0.0,-1.5505980172873188,1996.0,26.0,1,-1.5505980172873188,79.33333333333331,24-26
2022,18360,11.764918629178283,HIT,693.0,0.0,0.0,11.660722479041947,1997.0,25.0,1,11.660722479041947,693.0,24-26
2022,18363,4.357066883977746,HIT,407.0,0.0,0.0,1.6629196924337415,1997.0,25.0,1,1.6629196924337415,407.0,24-26
2022,18373,8.135008700645082,HIT,609.0,0.0,0.0,6.584567062380333,1997.0,25.0,1,6.584567062380333,609.0,24-26
2022,18384,4.706359641010784,PIT,0.0,56.66666666666668,4.0,,1993.0,29.0,0,0.0,56.66666666666668,27-29
2022,18400,3.3747571249017074,HIT,274.0,0.0,0.0,0.1286984316732946,1998.0,24.0,1,0.1286984316732946,274.0,24-26
2022,18401,9.691540812770839,HIT,533.0,0.0,0.0,20.69180659021709,1997.0,25.0,1,20.69180659021709,533.0,24-26
2022,18403,4.764200264519015,PIT,0.0,53.333333333333336,1.0,4.73064246229637,1995.0,27.0,1,4.73064246229637,53.333333333333336,27-29
2022,18413,7.674950137565457,PIT,0.0,164.33333333333331,0.0,0.04716201632463257,1995.0,27.0,1,0.04716201632463257,164.33333333333331,27-29
2022,18433,2.2844226890021453,HIT,229.0,0.0,0.0,,1993.0,29.0,0,0.0,229.0,27-29
2022,18519,1.6860471277290392,PIT,0.0,61.0,0.0,1.5573151653470179,1995.0,27.0,1,1.5573151653470179,61.0,27-29
2022,18525,16.676325898312122,PIT,0.0,184.0,0.0,3.890667471364739,1995.0,27.0,1,3.890667471364739,184.0,27-29
2022,18548,5.94088276152977,PIT,0.0,62.0,1.0,2.370940342477297,1996.0,26.0,1,2.370940342477297,62.0,24-26
2022,18564,4.388515709851461,HIT,524.0,0.0,0.0,4.24040289318959,1996.0,26.0,1,4.24040289318959,524.0,24-26
2022,18568,8.922170114527315,HIT,603.0,0.0,0.0,9.347242286196261,1997.0,25.0,1,9.347242286196261,603.0,24-26
2022,18577,6.229060661897582,HIT,560.0,0.0,0.0,6.766238037297058,1997.0,25.0,1,6.766238037297058,560.0,24-26
2022,18607,3.8736622641349028,HIT,454.0,0.0,0.0,0.0815209330298734,1993.0,29.0,1,0.0815209330298734,454.0,27-29
2022,18655,8.980412195710896,PIT,0.0,70.0,5.0,5.564339192929676,1993.0,29.0,1,5.564339192929676,70.0,27-29
2022,18674,3.833309257581706,PIT,0.0,48.333333333333336,0.0,-2.245546456356153,1996.0,26.0,1,-2.245546456356153,48.333333333333336,24-26
2022,18679,4.782632064748504,PIT,0.0,78.0,0.0,11.17960162732339,1996.0,26.0,1,11.17960162732339,78.0,24-26
2022,18684,19.310918783412372,PIT,0.0,228.66666666666663,0.0,6.340057930092101,1995.0,27.0,1,6.340057930092101,228.66666666666663,27-29
2022,18795,5.378289954921332,HIT,445.0,0.0,0.0,3.708028269883587,1994.0,28.0,1,3.708028269883587,445.0,27-29
2022,18821,1.9592625366793006,HIT,216.0,0.0,0.0,1.3848797891418354,1996.0,26.0,1,1.3848797891418354,216.0,24-26
2022,18839,7.525892626751482,HIT,498.0,0.0,0.0,8.699900942832675,1997.0,25.0,1,8.699900942832675,498.0,24-26
2022,18882,2.521655563353529,HIT,266.0,0.0,0.0,5.917926565977999,1994.0,28.0,1,5.917926565977999,266.0,27-29
2022,18887,2.0563946406626603,HIT,205.0,0.0,0.0,0.956412336568873,1993.0,29.0,1,0.956412336568873,205.0,27-29
2022,18900,4.679225523258862,HIT,341.0,0.0,0.0,7.056024426490615,1998.0,24.0,1,7.056024426490615,341.0,24-26
2022,19178,0.52669609254645,PIT,0.0,43.66666666666668,0.0,,1991.0,31.0,0,0.0,43.66666666666668,30-32
2022,19179,-2.3437125970619284,PIT,0.0,44.66666666666668,1.0,0.0795367744417278,1994.0,28.0,1,0.0795367744417278,44.66666666666668,27-29
2022,19197,8.646139137443953,HIT,578.0,0.0,0.0,7.253360023450855,1995.0,27.0,1,7.253360023450855,578.0,27-29
2022,19198,5.386249308220919,HIT,584.0,0.0,0.0,2.405576269912948,1984.0,38.0,1,2.405576269912948,584.0,33+
2022,19200,2.0001870868817555,PIT,0.0,40.66666666666668,3.0,0.6361500880603301,1995.0,27.0,1,0.6361500880603301,40.66666666666668,27-29
2022,19206,0.5164698655344493,PIT,0.0,139.66666666666663,0.0,0.2901421628049925,1994.0,28.0,1,0.2901421628049925,139.66666666666663,27-29
2022,19225,-2.9248324853535728,PIT,0.0,99.0,0.0,-0.8352791011258749,1994.0,28.0,1,-0.8352791011258749,99.0,27-29
2022,19238,6.057116935854419,HIT,493.0,0.0,0.0,7.593184429738005,1993.0,29.0,1,7.593184429738005,493.0,27-29
2022,19244,6.184468410886928,PIT,0.0,181.0,0.0,1.3286842763128066,1994.0,28.0,1,1.3286842763128066,181.0,27-29
2022,19249,6.436355504264946,PIT,0.0,51.0,9.0,2.905717358157114,1994.0,28.0,1,2.905717358157114,51.0,27-29
2022,19251,13.8034254769683,HIT,685.0,0.0,0.0,9.816516921048455,1994.0,28.0,1,9.816516921048455,685.0,27-29
2022,19252,2.373489123284335,HIT,303.0,0.0,0.0,3.8485589547399797,1995.0,27.0,1,3.8485589547399797,303.0,27-29
2022,19260,4.0232426677083275,HIT,247.0,0.0,0.0,6.3735040292145495,1995.0,27.0,1,6.3735040292145495,247.0,27-29
2022,19262,2.5248320883785214,HIT,226.0,0.0,0.0,2.71318755227939,1994.0,28.0,1,2.71318755227939,226.0,27-29
2022,19287,12.377956323146941,HIT,657.0,0.0,0.0,10.82950834295529,1993.0,29.0,1,10.82950834295529,657.0,27-29
2022,19290,11.95516365448015,HIT,645.0,0.0,0.0,9.45468744553872,1995.0,27.0,1,9.45468744553872,645.0,27-29
2022,19291,16.687602116113815,PIT,0.0,184.0,0.0,14.84077201195741,1995.0,27.0,1,14.84077201195741,184.0,27-29
2022,19293,3.4642324080338165,HIT,420.0,0.0,0.0,4.2285303035035575,1995.0,27.0,1,4.2285303035035575,420.0,27-29
2022,19309,-0.19175621803318843,PIT,0.0,64.0,0.0,1.502559729482857,1993.0,29.0,1,1.502559729482857,64.0,27-29
2022,19312,9.581819831252803,PIT,0.0,186.33333333333331,0.0,-0.7699797044729111,1995.0,27.0,1,-0.7699797044729111,186.33333333333331,27-29
2022,19316,7.686152944265377,PIT,0.0,158.66666666666663,0.0,-1.2222785693646536,1995.0,27.0,1,-1.2222785693646536,158.66666666666663,27-29
2022,19326,8.940062057708884,HIT,614.0,0.0,0.0,8.883936789635205,1995.0,27.0,1,8.883936789635205,614.0,27-29
2022,19330,2.545398963656666,PIT,0.0,54.0,2.0,-0.05741870158715717,1993.0,29.0,1,-0.05741870158715717,54.0,27-29
2022,19334,4.168360638755432,HIT,327.0,0.0,0.0,,1987.0,35.0,0,0.0,327.0,33+
2022,19339,2.9212579126345384,HIT,480.0,1.0,0.0,1.718120204409789,1995.0,27.0,1,1.718120204409789,480.0,27-29
2022,19343,5.195182307491714,PIT,0.0,66.33333333333331,4.0,7.473108142956181,1995.0,27.0,1,7.473108142956181,66.33333333333331,27-29
2022,19350,5.726953481010781,PIT,0.0,125.33333333333331,0.0,7.370358787483627,1996.0,26.0,1,7.370358787483627,125.33333333333331,24-26
2022,19352,6.850188552344933,HIT,612.0,0.0,0.0,6.1593901414718175,1994.0,28.0,1,6.1593901414718175,612.0,27-29
2022,19361,16.35271295183501,PIT,0.0,202.0,0.0,12.694935211461829,1994.0,28.0,1,12.694935211461829,202.0,27-29
2022,19362,5.06335672859572,PIT,0.0,81.66666666666667,2.0,-0.8560442300936194,1995.0,27.0,1,-0.8560442300936194,81.66666666666667,27-29
2022,19363,6.552521031809643,HIT,582.0,0.0,0.0,7.237433916804557,1995.0,27.0,1,7.237433916804557,582.0,27-29
2022,19374,2.7081109632297413,PIT,0.0,65.0,0.0,,1994.0,28.0,0,0.0,65.0,27-29
2022,19388,15.61992265033956,PIT,0.0,130.33333333333331,0.0,3.221796292319696,1994.0,28.0,1,3.221796292319696,130.33333333333331,27-29
2022,19403,4.377859271419072,PIT,0.0,58.66666666666668,7.0,8.554238878143984,1994.0,28.0,1,8.554238878143984,58.66666666666668,27-29
2022,19409,0.16165004195972088,PIT,0.0,153.33333333333331,0.0,8.413136695322686,1994.0,28.0,1,8.413136695322686,153.33333333333331,27-29
2022,19422,1.36195467161374,HIT,205.0,1.0,0.0,-0.1296113212855684,1995.0,27.0,1,-0.1296113212855684,205.0,27-29
2022,19427,14.757431350991276,PIT,0.0,200.0,0.0,5.372058735472347,1995.0,27.0,1,5.372058735472347,200.0,27-29
2022,19447,6.6757315865888565,PIT,0.0,148.66666666666663,0.0,2.7281644128718363,1996.0,26.0,1,2.7281644128718363,148.66666666666663,24-26
2022,19454,1.805475019945148,PIT,0.0,54.66666666666668,0.0,0.4159454775613589,1994.0,28.0,1,0.4159454775613589,54.66666666666668,27-29
2022,19458,1.1051075870943343,HIT,201.0,0.0,0.0,-0.15029964560783385,1994.0,28.0,1,-0.15029964560783385,201.0,27-29
2022,19470,11.0380391360986,HIT,630.0,0.0,0.0,6.694094729664473,1995.0,27.0,1,6.694094729664473,630.0,27-29
2022,19479,2.1066141429618574,PIT,0.0,97.0,0.0,7.245720982054268,1995.0,27.0,1,7.245720982054268,97.0,27-29
2022,19487,2.719988524024591,PIT,0.0,70.33333333333331,0.0,-1.0136449427864394,1995.0,27.0,1,-1.0136449427864394,70.33333333333331,27-29
2022,19493,3.3900095685467195,PIT,0.0,48.0,3.0,1.512089224129493,1994.0,28.0,1,1.512089224129493,48.0,27-29
2022,19514,1.877497506270033,HIT,293.0,0.6666666666666666,0.0,2.8601909398066017,1995.0,27.0,1,2.8601909398066017,293.0,27-29
2022,19522,3.5173074988359803,HIT,258.0,0.0,0.0,8.89365401677561,1995.0,27.0,1,8.89365401677561,258.0,27-29
2022,19531,0.4628909543323748,PIT,0.0,60.333333333333336,0.0,5.996067769996398,1995.0,27.0,1,5.996067769996398,60.333333333333336,27-29
2022,19541,1.3321529221318718,PIT,0.0,47.0,0.0,-0.021758521695285693,1994.0,28.0,1,-0.021758521695285693,47.0,27-29
2022,19556,12.942979326165595,HIT,561.0,0.0,0.0,9.618886754090344,1997.0,25.0,1,9.618886754090344,561.0,24-26
2022,19566,10.583900112398728,HIT,645.0,0.0,0.0,7.549946711057291,1995.0,27.0,1,7.549946711057291,645.0,27-29
2022,19569,8.177487265357145,PIT,0.0,51.66666666666668,19.0,13.598974876817378,1994.0,28.0,1,13.598974876817378,51.66666666666668,27-29
2022,19599,5.113840973592929,HIT,407.0,0.0,0.0,8.077705043220812,1995.0,27.0,1,8.077705043220812,407.0,27-29
2022,19600,4.765937267082618,HIT,355.0,0.0,0.0,6.67593563276895,1996.0,26.0,1,6.67593563276895,355.0,24-26
2022,19610,3.9839512275914046,HIT,433.0,0.0,0.0,5.910292957311808,1998.0,24.0,1,5.910292957311808,433.0,24-26
2022,19611,12.061526953019895,HIT,706.0,0.0,0.0,8.737154422830157,1999.0,23.0,1,8.737154422830157,706.0,<=23
2022,19612,12.398365555772479,HIT,697.0,0.0,0.0,8.701621786070714,1998.0,24.0,1,8.701621786070714,697.0,24-26
2022,19614,6.944521412527817,PIT,0.0,57.66666666666668,1.0,2.25138742521162,1996.0,26.0,1,2.25138742521162,57.66666666666668,24-26
2022,19618,0.6860192065631964,PIT,0.0,61.333333333333336,0.0,5.674657885696755,1996.0,26.0,1,5.674657885696755,61.333333333333336,24-26
2022,19635,2.844264425485341,HIT,293.0,3.6666666666666674,0.0,,1994.0,28.0,0,0.0,293.0,27-29
2022,19647,0.5369672056827594,PIT,0.0,45.0,1.0,,1995.0,27.0,0,0.0,45.0,27-29
2022,19665,13.875553865273933,PIT,0.0,180.33333333333331,0.0,-1.9733502981230444,1995.0,27.0,1,-1.9733502981230444,180.33333333333331,27-29
2022,19666,-2.7343415866755367,PIT,0.0,71.66666666666667,0.0,,1993.0,29.0,0,0.0,71.66666666666667,27-29
2022,19677,8.04952822912433,PIT,0.0,60.333333333333336,30.0,3.0092422467374274,1995.0,27.0,1,3.0092422467374274,60.333333333333336,27-29
2022,19734,8.581807427101452,HIT,510.0,0.0,0.0,3.0327113195895437,1994.0,28.0,1,3.0327113195895437,510.0,27-29
2022,19753,1.3364055145958593,PIT,0.0,48.0,2.0,1.0708228946097718,1994.0,28.0,1,1.0708228946097718,48.0,27-29
2022,19755,29.427101508149715,HIT,666.0,166.0,0.0,24.77492262827627,1994.0,28.0,1,24.77492262827627,666.0,27-29
2022,19769,1.8327564975343114,PIT,0.0,63.0,1.0,3.9456912371016912,1995.0,27.0,1,3.9456912371016912,63.0,27-29
2022,19795,5.72352390878869,PIT,0.0,115.0,1.0,0.9747404015764826,1995.0,27.0,1,0.9747404015764826,115.0,27-29
2022,19800,2.485562582507174,PIT,0.0,76.0,4.0,-0.09243146289640253,1994.0,28.0,1,-0.09243146289640253,76.0,27-29
2022,19804,3.699255226849848,PIT,0.0,69.66666666666667,1.0,2.899431190426606,1994.0,28.0,1,2.899431190426606,69.66666666666667,27-29
2022,19844,2.348588702971135,HIT,352.0,0.0,0.0,0.8288032150901036,1996.0,26.0,1,0.8288032150901036,352.0,24-26
2022,19853,6.203257928754343,PIT,0.0,51.0,1.0,8.797514907380283,1995.0,27.0,1,8.797514907380283,51.0,27-29
2022,19858,6.446299737003411,HIT,511.0,0.0,0.0,5.613473954972345,1997.0,25.0,1,5.613473954972345,511.0,24-26
2022,19871,-3.7206715549939458,PIT,0.0,52.0,0.0,-1.4132186680280603,1996.0,26.0,1,-1.4132186680280603,52.0,24-26
2022,19874,-2.2705316808240052,PIT,0.0,53.66666666666668,0.0,2.604734834171939,1995.0,27.0,1,2.604734834171939,53.66666666666668,27-29
2022,19879,5.56759527267644,PIT,0.0,60.0,8.0,1.7290639163124515,1996.0,26.0,1,1.7290639163124515,60.0,24-26
2022,19883,4.67997876946915,PIT,0.0,63.333333333333336,0.0,9.18833279872845,1995.0,27.0,1,9.18833279872845,63.333333333333336,27-29
2022,19890,4.094063187128877,HIT,359.0,0.0,0.0,2.5585356318146815,1996.0,26.0,1,2.5585356318146815,359.0,24-26
2022,19892,2.623526670753131,HIT,277.0,0.0,0.0,1.619054163555192,1996.0,26.0,1,1.619054163555192,277.0,24-26
2022,19899,4.356106642554722,PIT,0.0,57.66666666666668,2.0,3.934672423365145,1996.0,26.0,1,3.934672423365145,57.66666666666668,24-26
2022,19901,4.508659899638321,HIT,410.0,0.0,0.0,2.0672433641241277,1996.0,26.0,1,2.0672433641241277,410.0,24-26
2022,19906,0.6032289207466823,HIT,283.0,2.0,0.0,-0.017870914855480823,1997.0,25.0,1,-0.017870914855480823,283.0,24-26
2022,19911,4.494440372497389,PIT,0.0,109.0,0.0,-3.4459915932096044,1998.0,24.0,1,-3.4459915932096044,109.0,24-26
2022,19913,3.3654431223429384,HIT,343.0,0.0,0.0,4.594340836998627,1997.0,25.0,1,4.594340836998627,343.0,24-26
2022,19918,9.55995536611552,HIT,592.0,0.0,0.0,5.859348975569498,1996.0,26.0,1,5.859348975569498,592.0,24-26
2022,19932,6.201342042452591,PIT,0.0,63.66666666666668,3.0,4.341450611790439,1995.0,27.0,1,4.341450611790439,63.66666666666668,27-29
2022,19948,0.39428348221101706,HIT,260.0,0.0,0.0,0.9535256230879335,1998.0,24.0,1,0.9535256230879335,260.0,24-26
2022,19950,10.59284643379841,HIT,557.0,0.0,0.0,7.90629880806271,1998.0,24.0,1,7.90629880806271,557.0,24-26
2022,19951,0.6229676459321776,PIT,0.0,111.66666666666667,0.0,,1998.0,24.0,0,0.0,111.66666666666667,24-26
2022,19955,6.164238092200863,HIT,471.0,0.0,0.0,,1997.0,25.0,0,0.0,471.0,24-26
2022,19959,6.449030384971113,PIT,0.0,100.33333333333331,0.0,10.25855799198092,1997.0,25.0,1,10.25855799198092,100.33333333333331,24-26
2022,19966,3.653070125187747,HIT,353.0,0.0,0.0,0.23752302683455456,1995.0,27.0,1,0.23752302683455456,353.0,27-29
2022,19979,1.1082678355780966,PIT,0.0,131.66666666666663,0.0,-1.9597642990348476,1995.0,27.0,1,-1.9597642990348476,131.66666666666663,27-29
2022,19990,-2.6434517911117936,PIT,0.0,115.66666666666667,0.0,7.181711650962438,1997.0,25.0,1,7.181711650962438,115.66666666666667,24-26
2022,19995,-1.6294952239501237,PIT,0.0,58.0,1.0,-0.6548255823145199,1995.0,27.0,1,-0.6548255823145199,58.0,27-29
2022,19996,5.679299520871144,PIT,0.0,50.66666666666668,0.0,0.7542312067811074,1994.0,28.0,1,0.7542312067811074,50.66666666666668,27-29
2022,19997,5.6874687342275605,HIT,491.0,0.0,0.0,2.0427133840665523,1994.0,28.0,1,2.0427133840665523,491.0,27-29
2022,20000,3.9483086231110947,PIT,0.0,103.66666666666667,0.0,8.518315563323526,1994.0,28.0,1,8.518315563323526,103.66666666666667,27-29
2022,20003,3.9821047446078164,HIT,266.0,0.0,0.0,,1996.0,26.0,0,0.0,266.0,24-26
2022,20020,7.950854109963167,PIT,0.0,65.0,8.0,1.781085503752135,1994.0,28.0,1,1.781085503752135,65.0,27-29
2022,20036,4.309323046108106,HIT,381.0,0.0,0.0,8.243917965300858,1999.0,23.0,1,8.243917965300858,381.0,<=23
2022,20043,7.399228924638095,HIT,401.0,0.0,0.0,10.69696667818012,1997.0,25.0,1,10.69696667818012,401.0,24-26
2022,20070,3.6705571675884356,PIT,0.0,84.0,0.0,-0.6320127883556378,1997.0,25.0,1,-0.6320127883556378,84.0,24-26
2022,20123,8.756669144268809,HIT,664.0,0.0,0.0,11.583598917604046,1998.0,24.0,1,11.583598917604046,664.0,24-26
2022,20126,4.587887332565946,HIT,488.0,0.0,0.0,1.9102227729816115,1998.0,24.0,1,1.9102227729816115,488.0,24-26
2022,20132,-4.333163299722879,PIT,0.0,74.33333333333331,0.0,-2.642083872155664,1994.0,28.0,1,-2.642083872155664,74.33333333333331,27-29
2022,20153,-0.008050118705803966,PIT,0.0,68.66666666666667,1.0,0.870352313145777,1995.0,27.0,1,0.870352313145777,68.66666666666667,27-29
2022,20191,6.232397339261318,PIT,0.0,78.33333333333331,6.0,1.8571883539266187,1996.0,26.0,1,1.8571883539266187,78.33333333333331,24-26
2022,20202,5.812557224584963,HIT,461.0,0.0,0.0,6.323973842998489,1997.0,25.0,1,6.323973842998489,461.0,24-26
2022,20203,5.670731217220067,PIT,0.0,66.66666666666667,0.0,2.7644880060197066,1996.0,26.0,1,2.7644880060197066,66.66666666666667,24-26
2022,20220,2.5750933774670877,HIT,285.0,0.0,0.0,0.6068610663382852,1999.0,23.0,1,0.6068610663382852,285.0,<=23
2022,20231,-2.9151105057179842,PIT,0.0,57.0,0.0,-0.5527928235415337,1996.0,26.0,1,-0.5527928235415337,57.0,24-26
2022,20233,2.386690994432239,HIT,347.0,0.0,0.0,,1999.0,23.0,0,0.0,347.0,<=23
2022,20253,5.968529856069623,PIT,0.0,72.33333333333331,1.0,5.009536798601265,1994.0,28.0,1,5.009536798601265,72.33333333333331,27-29
2022,20277,-1.2304153948693086,PIT,0.0,48.0,0.0,-1.9759250577693652,1995.0,27.0,1,-1.9759250577693652,48.0,27-29
2022,20302,4.299613236080542,PIT,0.0,105.66666666666667,0.0,-0.37158008864045744,1995.0,27.0,1,-0.37158008864045744,105.66666666666667,27-29
2022,20332,3.666841478042265,HIT,350.0,6.333333333333332,0.0,,1995.0,27.0,0,0.0,350.0,27-29
2022,20353,4.264317145005975,PIT,0.0,53.0,1.0,2.1993300922320973,1994.0,28.0,1,2.1993300922320973,53.0,27-29
2022,20367,3.958514005126963,PIT,0.0,49.66666666666668,4.0,8.839213925548625,1998.0,24.0,1,8.839213925548625,49.66666666666668,24-26
2022,20369,2.464728034296846,PIT,0.0,63.0,0.0,4.860743239058959,1998.0,24.0,1,4.860743239058959,63.0,24-26
2022,20370,-2.815588554655023,PIT,0.0,73.66666666666667,0.0,0.8115004093416683,1995.0,27.0,1,0.8115004093416683,73.66666666666667,27-29
2022,20373,7.076026529948814,PIT,0.0,65.0,4.0,6.3586431571886655,1999.0,23.0,1,6.3586431571886655,65.0,<=23
2022,20391,4.39560247531059,HIT,377.0,0.0,0.0,5.481637370589949,2000.0,22.0,1,5.481637370589949,377.0,<=23
2022,20422,3.256732817119195,PIT,0.0,40.66666666666668,1.0,0.13287787956252617,1997.0,25.0,1,0.13287787956252617,40.66666666666668,24-26
2022,20430,2.2385585601643223,PIT,0.0,51.0,0.0,,1997.0,25.0,0,0.0,51.0,24-26
2022,20454,5.894233731252053,HIT,241.0,0.0,0.0,6.432880488959335,1998.0,24.0,1,6.432880488959335,241.0,24-26
2022,20503,6.455617122045058,HIT,376.0,0.0,0.0,8.645482652785729,1997.0,25.0,1,8.645482652785729,376.0,24-26
2022,20517,4.231159012933967,PIT,0.0,44.0,0.0,4.603697162139163,1997.0,25.0,1,4.603697162139163,44.0,24-26
2022,20521,1.339341052500798,HIT,228.0,0.0,0.0,3.080202169650452,1997.0,25.0,1,3.080202169650452,228.0,24-26
2022,20531,-1.0010815154196557,PIT,0.0,77.33333333333331,0.0,6.6721377029039575,1996.0,26.0,1,6.6721377029039575,77.33333333333331,24-26
2022,20538,6.3143319541717595,HIT,483.0,0.0,0.0,0.6796878582319312,1998.0,24.0,1,0.6796878582319312,483.0,24-26
2022,20633,0.25239822738989526,PIT,0.0,100.66666666666667,1.0,8.40164792896916,1991.0,31.0,1,8.40164792896916,100.66666666666667,30-32
2022,20666,10.034655120065379,PIT,0.0,65.66666666666667,15.0,15.941210789488919,1995.0,27.0,1,15.941210789488919,65.66666666666667,27-29
2022,20778,-0.30647192562858117,PIT,0.0,40.0,1.0,5.9261055405904965,1996.0,26.0,1,5.9261055405904965,40.0,24-26
2022,20970,5.422627916894583,HIT,382.0,0.0,0.0,0.6225049545606613,1998.0,24.0,1,0.6225049545606613,382.0,24-26
2022,21023,-1.5857758747214943,PIT,0.0,57.66666666666668,0.0,-0.24079672726441814,1996.0,26.0,1,-0.24079672726441814,57.66666666666668,24-26
2022,21029,8.234454478552204,PIT,0.0,67.66666666666667,8.0,10.4785024261265,1998.0,24.0,1,10.4785024261265,67.66666666666667,24-26
2022,21032,17.69999060138347,PIT,0.0,72.66666666666667,42.0,12.58839521092671,1998.0,24.0,1,12.58839521092671,72.66666666666667,24-26
2022,21132,10.115298080192137,PIT,0.0,63.66666666666668,10.0,13.582043496040255,1996.0,26.0,1,13.582043496040255,63.66666666666668,24-26
2022,21183,-0.5832831285695375,PIT,0.0,44.333333333333336,0.0,,1998.0,24.0,0,0.0,44.333333333333336,24-26
2022,21205,2.5862537861709236,PIT,0.0,44.0,2.0,0.8728001390548701,1995.0,27.0,1,0.8728001390548701,44.0,27-29
2022,21224,3.2490921544980846,PIT,0.0,56.0,0.0,9.649434858067272,1995.0,27.0,1,9.649434858067272,56.0,27-29
2022,21267,-0.15025327643648279,PIT,0.0,47.66666666666668,0.0,1.7725234404498051,1995.0,27.0,1,1.7725234404498051,47.66666666666668,27-29
2022,21290,0.5945325489545037,PIT,0.0,43.0,0.0,,1996.0,26.0,0,0.0,43.0,24-26
2022,21318,1.1508055149769838,PIT,0.0,47.333333333333336,0.0,1.2256482402329558,1995.0,27.0,1,1.2256482402329558,47.333333333333336,27-29
2022,21366,1.5905117433579958,PIT,0.0,135.66666666666663,0.0,-1.2566084728511577,1996.0,26.0,1,-1.2566084728511577,135.66666666666663,24-26
2022,21390,9.836368076206508,PIT,0.0,147.0,0.0,8.128909388628406,1996.0,26.0,1,8.128909388628406,147.0,24-26
2022,21446,-1.946071607060396,PIT,0.0,97.33333333333331,0.0,-1.2738933902425,1996.0,26.0,1,-1.2738933902425,97.33333333333331,24-26
2022,21448,0.43618664216691755,PIT,0.0,63.333333333333336,0.0,,1997.0,25.0,0,0.0,63.333333333333336,24-26
2022,21453,0.23077371934526592,PIT,0.0,58.0,0.0,0.24726184989687994,1997.0,25.0,1,0.24726184989687994,58.0,24-26
2022,21454,4.777694937521125,HIT,347.0,0.0,0.0,6.161737979651279,1997.0,25.0,1,6.161737979651279,347.0,24-26
2022,21455,-5.466541901914219,PIT,0.0,129.0,0.0,0.35113166648106997,1997.0,25.0,1,0.35113166648106997,129.0,24-26
2022,21479,8.486607621792135,HIT,517.0,0.0,0.0,10.48500897439573,1997.0,25.0,1,10.48500897439573,517.0,24-26
2022,21483,15.895801208785734,PIT,0.0,166.33333333333331,0.0,8.729745956499698,1997.0,25.0,1,8.729745956499698,166.33333333333331,24-26
2022,21523,4.5811276760721755,HIT,431.0,0.0,0.0,6.813867383495683,1996.0,26.0,1,6.813867383495683,431.0,24-26
2022,21524,2.8379784981497567,HIT,291.0,0.0,0.0,0.20392291780294886,1996.0,26.0,1,0.20392291780294886,291.0,24-26
2022,21534,5.793212755311922,HIT,415.0,0.0,0.0,6.936662569535496,1996.0,26.0,1,6.936662569535496,415.0,24-26
2022,21537,-2.569794429489375,PIT,0.0,131.66666666666663,0.0,1.2546476470946002,1996.0,26.0,1,1.2546476470946002,131.66666666666663,24-26
2022,21538,3.523362180466391,HIT,240.0,0.0,0.0,1.785933204988066,1996.0,26.0,1,1.785933204988066,240.0,24-26
2022,21558,4.002490960191322,HIT,357.0,0.0,0.0,5.098207673082493,1996.0,26.0,1,5.098207673082493,357.0,24-26
2022,21560,2.5963904712907455,HIT,287.0,0.0,0.0,0.929608882377563,1996.0,26.0,1,0.929608882377563,287.0,24-26
2022,21614,2.9694592367475776,HIT,278.0,0.0,0.0,3.268112822467443,1997.0,25.0,1,3.268112822467443,278.0,24-26
2022,21618,8.369332897741815,HIT,631.0,0.0,0.0,8.414581876195385,1996.0,26.0,1,8.414581876195385,631.0,24-26
2022,21622,7.624817097888593,HIT,354.0,0.0,0.0,3.554500282003504,1997.0,25.0,1,3.554500282003504,354.0,24-26
2022,21636,8.544398140426694,HIT,558.0,0.0,0.0,6.574706009487324,1997.0,25.0,1,6.574706009487324,558.0,24-26
2022,21690,5.7712736535688665,PIT,0.0,71.66666666666667,0.0,3.473788195790063,1998.0,24.0,1,3.473788195790063,71.66666666666667,24-26
2022,21711,6.072240551316873,HIT,361.0,0.0,0.0,0.6531773487254978,1998.0,24.0,1,0.6531773487254978,361.0,24-26
2022,21844,3.2336636542280157,PIT,0.0,88.0,0.0,9.100346818173389,1997.0,25.0,1,9.100346818173389,88.0,24-26
2022,21846,-1.1585798809101413,PIT,0.0,40.0,0.0,6.738893305121899,1997.0,25.0,1,6.738893305121899,40.0,24-26
2022,21897,6.061536573184066,HIT,425.0,0.0,0.0,6.857281674942497,1999.0,23.0,1,6.857281674942497,425.0,<=23
2022,21987,3.2678276213439523,HIT,278.0,0.0,0.0,1.4030846900030278,1999.0,23.0,1,1.4030846900030278,278.0,<=23
2022,21992,11.033705198445956,PIT,0.0,67.66666666666667,27.0,13.484586356611487,1997.0,25.0,1,13.484586356611487,67.66666666666667,24-26
2022,22051,-0.2261407840748928,PIT,0.0,51.333333333333336,0.0,0.8527573327650264,1994.0,28.0,1,0.8527573327650264,51.333333333333336,27-29
2022,22168,1.9599633427166494,HIT,225.0,0.0,0.0,3.626236065356179,1998.0,24.0,1,3.626236065356179,225.0,24-26
2022,22169,1.9025825486962247,HIT,232.0,0.0,0.0,-0.08929574370484687,1999.0,23.0,1,-0.08929574370484687,232.0,<=23
2022,22182,4.073754399155953,PIT,0.0,125.66666666666667,0.0,2.0823303131778688,1999.0,23.0,1,2.0823303131778688,125.66666666666667,<=23
2022,22197,5.356128875223235,HIT,534.0,0.0,0.0,5.187205534811527,1998.0,24.0,1,5.187205534811527,534.0,24-26
2022,22201,0.6243358224911391,PIT,0.0,70.0,0.0,3.660727662143298,1999.0,23.0,1,3.660727662143298,70.0,<=23
2022,22224,-2.1732122401370906,PIT,0.0,104.0,0.0,-0.6920274007759839,1997.0,25.0,1,-0.6920274007759839,104.0,24-26
2022,22244,4.272218218648276,HIT,372.0,0.0,0.0,6.776024317404184,1998.0,24.0,1,6.776024317404184,372.0,24-26
2022,22250,10.992433303554321,PIT,0.0,185.66666666666663,0.0,12.307960902009167,1997.0,25.0,1,12.307960902009167,185.66666666666663,24-26
2022,22263,3.911425603547656,HIT,313.0,0.0,0.0,6.842911070267833,2000.0,22.0,1,6.842911070267833,313.0,<=23
2022,22267,6.326137248578102,PIT,0.0,117.66666666666667,0.0,8.744788006235055,1996.0,26.0,1,8.744788006235055,117.66666666666667,24-26
2022,22276,4.603028196386996,PIT,0.0,68.0,0.0,-2.28180911808775,1996.0,26.0,1,-2.28180911808775,68.0,24-26
2022,22277,1.721951155508914,HIT,326.0,0.0,0.0,1.6708014193197447,1998.0,24.0,1,1.6708014193197447,326.0,24-26
2022,22286,-1.991522281992813,PIT,0.0,107.0,0.0,0.8578715123682243,1997.0,25.0,1,0.8578715123682243,107.0,24-26
2022,22387,-2.2825216404854416,PIT,0.0,70.33333333333331,0.0,4.612091997895388,1998.0,24.0,1,4.612091997895388,70.33333333333331,24-26
2022,22458,2.758767808698884,HIT,466.0,0.0,0.0,3.9762640273243184,1996.0,26.0,1,3.9762640273243184,466.0,24-26
2022,22487,2.9457400378635,PIT,0.0,56.0,0.0,4.698398124141165,1998.0,24.0,1,4.698398124141165,56.0,24-26
2022,22581,7.150162175993886,HIT,541.0,0.0,0.0,3.169376832684774,1998.0,24.0,1,3.169376832684774,541.0,24-26
2022,22713,-6.032187664986267,PIT,0.0,56.0,0.0,0.9933700809498094,1997.0,25.0,1,0.9933700809498094,56.0,24-26
2022,22799,3.4016332642651035,HIT,500.0,0.0,0.0,5.368524071090064,1999.0,23.0,1,5.368524071090064,500.0,<=23
2022,22810,3.27680047107647,PIT,0.0,95.0,0.0,-2.233633344856468,1999.0,23.0,1,-2.233633344856468,95.0,<=23
2022,22925,-5.456362903053382,PIT,0.0,64.66666666666667,0.0,-1.855282659483076,1998.0,24.0,1,-1.855282659483076,64.66666666666667,24-26
2022,23359,2.210228720832795,HIT,206.0,0.0,0.0,3.526864339513346,1998.0,24.0,1,3.526864339513346,206.0,24-26
2022,23429,2.756487598301054,PIT,0.0,70.0,0.0,4.022800199578501,1996.0,26.0,1,4.022800199578501,70.0,24-26
2022,23460,5.296900385780792,PIT,0.0,57.66666666666668,8.0,-0.7600331341185451,1995.0,27.0,1,-0.7600331341185451,57.66666666666668,27-29
2022,23488,3.798483318821061,PIT,0.0,44.0,0.0,2.906023424589047,1995.0,27.0,1,2.906023424589047,44.0,27-29
2022,23550,0.7207596250942112,PIT,0.0,107.33333333333331,1.0,,1998.0,24.0,0,0.0,107.33333333333331,24-26
2022,23667,5.053953938707757,HIT,344.0,0.0,0.0,8.421848599507431,2001.0,21.0,1,8.421848599507431,344.0,<=23
2022,23697,12.61652503920691,HIT,560.0,0.0,0.0,13.067223137097812,2000.0,22.0,1,13.067223137097812,560.0,<=23
2022,23733,2.579948883646672,HIT,220.0,0.0,0.0,5.714986778769375,1999.0,23.0,1,5.714986778769375,220.0,<=23
2022,23735,9.95251589579539,PIT,0.0,157.33333333333331,0.0,1.3515775520867959,1996.0,26.0,1,1.3515775520867959,157.33333333333331,24-26
2022,23792,3.8399607469026877,HIT,411.0,0.0,0.0,3.819184618177479,2000.0,22.0,1,3.819184618177479,411.0,<=23
2022,23920,-1.704507526030075,PIT,0.0,57.333333333333336,0.0,5.8011799865186475,1999.0,23.0,1,5.8011799865186475,57.333333333333336,<=23
2022,24580,1.0657868090202125,PIT,0.0,148.66666666666663,0.0,4.25713106262655,1997.0,25.0,1,4.25713106262655,148.66666666666663,24-26
2022,24586,-0.12104813186971342,PIT,0.0,117.66666666666667,0.0,13.995337752422204,1996.0,26.0,1,13.995337752422204,117.66666666666667,24-26
2022,24606,0.8151855553325414,PIT,0.0,67.0,0.0,1.1287168436287258,1996.0,26.0,1,1.1287168436287258,67.0,24-26
2022,24610,9.863467232469462,HIT,638.0,0.0,0.0,7.407427698471499,1997.0,25.0,1,7.407427698471499,638.0,24-26
2022,24617,2.1374634375928316,HIT,223.0,0.0,0.0,6.141494880568264,1996.0,26.0,1,6.141494880568264,223.0,24-26
2022,24618,1.9963666143198902,HIT,236.0,0.0,0.0,4.827212515587344,1997.0,25.0,1,4.827212515587344,236.0,24-26
2022,24655,4.465045154084007,HIT,472.0,0.0,0.0,3.3751424935349736,1996.0,26.0,1,3.3751424935349736,472.0,24-26
2022,24679,5.75900954872311,HIT,468.0,0.0,0.0,4.7182497506647145,1997.0,25.0,1,4.7182497506647145,468.0,24-26
2022,24933,2.7266161081210765,PIT,0.0,50.333333333333336,0.0,2.0917566260719016,1995.0,27.0,1,2.0917566260719016,50.333333333333336,27-29
2022,25007,5.9211293116017405,PIT,0.0,54.333333333333336,1.0,1.6506183018122413,1996.0,26.0,1,1.6506183018122413,54.333333333333336,24-26
2022,25097,0.979261433025791,PIT,0.0,60.333333333333336,0.0,-1.993367551096711,1996.0,26.0,1,-1.993367551096711,60.333333333333336,24-26
2022,25174,5.691539542708352,PIT,0.0,69.33333333333331,0.0,1.66768448429466,1994.0,28.0,1,1.66768448429466,69.33333333333331,27-29
2022,25377,9.321857553307844,PIT,0.0,153.33333333333331,0.0,-0.1418007733821589,1996.0,26.0,1,-0.1418007733821589,153.33333333333331,24-26
2022,25379,1.3417848148333458,PIT,0.0,42.333333333333336,1.0,-1.1715380545088399,1995.0,27.0,1,-1.1715380545088399,42.333333333333336,27-29
2022,25385,11.143620230698003,PIT,0.0,146.0,0.0,4.3651833299018215,1995.0,27.0,1,4.3651833299018215,146.0,27-29
2022,25436,6.860165615681886,PIT,0.0,130.0,0.0,13.521888076813422,1998.0,24.0,1,13.521888076813422,130.0,24-26
2022,25756,0.7799188701697908,PIT,0.0,50.66666666666668,0.0,7.222704656297451,1998.0,24.0,1,7.222704656297451,50.66666666666668,24-26
2022,25764,11.425676883216646,HIT,632.0,0.0,0.0,13.371402365907308,2000.0,22.0,1,13.371402365907308,632.0,<=23
2022,25768,2.938207350068417,HIT,302.0,0.0,0.0,9.422032522925651,2000.0,22.0,1,9.422032522925651,302.0,<=23
2022,25931,10.552727079997661,HIT,441.0,0.0,0.0,8.667605720141278,2001.0,21.0,1,8.667605720141278,441.0,<=23
2022,25976,3.981392039753989,HIT,418.0,0.0,0.0,5.227427695745449,2000.0,22.0,1,5.227427695745449,418.0,<=23
2022,26079,1.8387883935587077,PIT,0.0,81.66666666666667,0.0,1.7835453395239886,1998.0,24.0,1,1.7835453395239886,81.66666666666667,24-26
2022,26108,3.359761313476577,PIT,0.0,108.0,0.0,-0.03664403113068859,1998.0,24.0,1,-0.03664403113068859,108.0,24-26
2022,26197,7.5207323500399905,HIT,555.0,0.0,0.0,6.837520354373768,1998.0,24.0,1,6.837520354373768,555.0,24-26
2022,26285,-0.507588348104072,PIT,0.0,47.0,0.0,2.41189934155172,1997.0,25.0,1,2.41189934155172,47.0,24-26
2022,26288,6.047917218949479,HIT,470.0,0.0,0.0,8.189485470222534,1998.0,24.0,1,8.189485470222534,470.0,24-26
2022,26294,5.79601899978998,HIT,466.0,0.0,0.0,9.117654346564214,1997.0,25.0,1,9.117654346564214,466.0,24-26
2022,26368,0.9807951676469044,HIT,238.0,0.0,0.0,2.1969339712249356,1997.0,25.0,1,2.1969339712249356,238.0,24-26
2022,26378,4.391111874143202,PIT,0.0,103.33333333333331,0.0,-0.9841376717679271,1998.0,24.0,1,-0.9841376717679271,103.33333333333331,24-26
2022,26396,1.189358768399582,HIT,253.0,0.0,0.0,1.0644354655373536,1997.0,25.0,1,1.0644354655373536,253.0,24-26
2022,26410,18.193877823452002,PIT,0.0,196.66666666666663,0.0,-3.0947539954880305,1998.0,24.0,1,-3.0947539954880305,196.66666666666663,24-26
2022,27465,2.059744339588126,HIT,404.0,0.0,0.0,8.124481123038128,1999.0,23.0,1,8.124481123038128,404.0,<=23
2022,27468,5.3401387648924175,PIT,0.0,129.0,0.0,3.2985131130533647,1999.0,23.0,1,3.2985131130533647,129.0,<=23
2022,27498,13.354183109746206,PIT,0.0,131.66666666666663,0.0,16.01063902556488,1998.0,24.0,1,16.01063902556488,131.66666666666663,24-26
2022,27506,6.814249595685633,HIT,582.0,0.0,0.0,9.139441440275657,1995.0,27.0,1,9.139441440275657,582.0,27-29
2022,27515,0.5702089358280569,PIT,0.0,50.66666666666668,0.0,,1988.0,34.0,0,0.0,50.66666666666668,33+
2022,27552,-0.48422324067024936,PIT,0.0,105.0,0.0,2.155503420191135,1998.0,24.0,1,2.155503420191135,105.0,24-26
2022,27676,3.909483227022157,HIT,298.0,0.0,0.0,2.299243072422495,1997.0,25.0,1,2.299243072422495,298.0,24-26
2022,27779,2.340620535763653,PIT,0.0,54.0,0.0,7.654403529562374,1999.0,23.0,1,7.654403529562374,54.0,<=23
2022,30115,5.408890557962114,PIT,0.0,47.66666666666668,1.0,2.591633178880335,1991.0,31.0,1,2.591633178880335,47.66666666666668,30-32
2022,30116,6.420786571298379,HIT,446.0,0.0,0.0,8.23339502076462,1994.0,28.0,1,8.23339502076462,446.0,27-29
2023,1247,5.313719514856003,PIT,0.0,61.66666666666668,12.0,0.8926086022497512,1985.0,38.0,1,0.8926086022497512,61.66666666666668,33+
2023,1744,2.2879650216261638,HIT,370.0,0.0,0.0,,1983.0,40.0,0,0.0,370.0,33+
2023,1890,5.008965601356101,PIT,0.0,52.66666666666668,0.0,0.5358345560689053,1989.0,34.0,1,0.5358345560689053,52.66666666666668,33+
2023,1943,0.4466825571156433,PIT,0.0,142.33333333333331,0.0,,1983.0,40.0,0,0.0,142.33333333333331,33+
2023,2036,13.068787157165422,PIT,0.0,131.66666666666663,0.0,-0.15248547950064772,1988.0,35.0,1,-0.15248547950064772,131.66666666666663,33+
2023,2136,4.395550510846105,HIT,422.0,0.0,0.0,2.749984862072987,1987.0,36.0,1,2.749984862072987,422.0,33+
2023,2396,7.362643463382796,HIT,619.0,0.0,0.0,5.4550942924006,1986.0,37.0,1,5.4550942924006,619.0,33+
2023,2429,-2.4186527531737694,PIT,0.0,55.0,1.0,,1986.0,37.0,0,0.0,55.0,33+
2023,2520,2.1095862201523836,PIT,0.0,183.66666666666663,0.0,2.285144041263453,1987.0,36.0,1,2.285144041263453,183.66666666666663,33+
2023,2967,7.074376320969907,HIT,481.0,0.0,0.0,3.557112351465362,1988.0,35.0,1,3.557112351465362,481.0,33+
2023,3096,8.059344695824516,PIT,0.0,44.66666666666668,29.0,6.9838956725363515,1987.0,36.0,1,6.9838956725363515,44.66666666666668,33+
2023,3137,10.717993932139803,PIT,0.0,152.66666666666663,0.0,1.1181013992794606,1984.0,39.0,1,1.1181013992794606,152.66666666666663,33+
2023,3473,3.6279489094665536,HIT,421.0,0.0,0.0,2.274011290178986,1989.0,34.0,1,2.274011290178986,421.0,33+
2023,4314,2.5322213542279943,HIT,242.0,0.0,0.0,,1983.0,40.0,0,0.0,242.0,33+
2023,4676,8.234305743254781,PIT,0.0,163.33333333333331,0.0,2.2476667810280193,1983.0,40.0,1,2.2476667810280193,163.33333333333331,33+
2023,4806,-0.3898527868603554,PIT,0.0,146.33333333333331,0.0,0.08480840180930785,1980.0,43.0,1,0.08480840180930785,146.33333333333331,33+
2023,4892,3.933921681284542,HIT,386.0,0.0,0.0,,1988.0,35.0,0,0.0,386.0,33+
2023,4940,4.964696121489301,HIT,377.0,0.0,0.0,2.4906666748090323,1989.0,34.0,1,2.4906666748090323,377.0,33+
2023,4949,3.908167196593834,HIT,415.0,0.0,0.0,5.076910984479193,1989.0,34.0,1,5.076910984479193,415.0,33+
2023,5003,2.0479852864668704,PIT,0.0,56.66666666666668,0.0,0.10681372295689007,1987.0,36.0,1,0.10681372295689007,56.66666666666668,33+
2023,5235,9.12929866085557,HIT,626.0,0.0,0.0,4.3587077280358075,1984.0,39.0,1,4.3587077280358075,626.0,33+
2023,5254,4.044155620564701,HIT,420.0,0.0,0.0,0.9372622725632536,1989.0,34.0,1,0.9372622725632536,420.0,33+
2023,5297,3.7747445918951086,HIT,312.0,0.0,0.0,-0.37540933683249844,1989.0,34.0,1,-0.37540933683249844,312.0,33+
2023,5343,2.004691586942286,HIT,320.0,1.0,0.0,-0.6210579787308816,1987.0,36.0,1,-0.6210579787308816,320.0,33+
2023,5361,15.148650340227956,HIT,730.0,0.0,0.0,8.13296706251444,1989.0,34.0,1,8.13296706251444,730.0,33+
2023,5417,8.094985151295221,HIT,410.0,0.0,0.0,8.899308549749707,1990.0,33.0,1,8.899308549749707,410.0,33+
2023,5517,2.515720903973748,HIT,260.0,0.0,0.0,3.067709802050945,1990.0,33.0,1,3.067709802050945,260.0,33+
2023,5615,4.938234722344922,PIT,0.0,59.66666666666668,2.0,1.2020157159875446,1987.0,36.0,1,1.2020157159875446,59.66666666666668,33+
2023,5827,6.486571653384812,HIT,454.0,0.0,0.0,1.0021822526342024,1991.0,32.0,1,1.0021822526342024,454.0,30-32
2023,5933,1.5219303113659128,HIT,326.0,0.0,0.0,,1990.0,33.0,0,0.0,326.0,33+
2023,6107,2.3952986740998425,PIT,0.0,58.66666666666668,0.0,0.9560646637670152,1989.0,34.0,1,0.9560646637670152,58.66666666666668,33+
2023,6153,2.451127036055805,HIT,309.0,3.6666666666666674,0.0,,1989.0,34.0,0,0.0,309.0,33+
2023,6184,8.85754367410717,HIT,479.0,0.0,0.0,4.140870199578493,1987.0,36.0,1,4.140870199578493,479.0,33+
2023,6398,6.608837461769239,PIT,0.0,46.66666666666668,21.0,,1989.0,34.0,0,0.0,46.66666666666668,33+
2023,6399,0.6478282339357503,PIT,0.0,59.333333333333336,2.0,-1.0781531834856124,1989.0,34.0,1,-1.0781531834856124,59.333333333333336,33+
2023,6562,5.2923293076576075,PIT,0.0,151.33333333333331,0.0,1.1404142635570347,1987.0,36.0,1,1.1404142635570347,151.33333333333331,33+
2023,6632,-4.780391530055722,PIT,0.0,90.0,0.0,-2.4714933562388683,1987.0,36.0,1,-2.4714933562388683,90.0,33+
2023,6655,11.345283185602412,PIT,0.0,69.0,23.0,4.49036493328756,1988.0,35.0,1,4.49036493328756,69.0,33+
2023,6797,2.546523119102175,PIT,0.0,71.66666666666667,0.0,-0.551525515088358,1991.0,32.0,1,-0.551525515088358,71.66666666666667,30-32
2023,6887,1.0701219244283622,HIT,407.0,1.0,0.0,-0.1759569806287269,1986.0,37.0,1,-0.1759569806287269,407.0,33+
2023,6893,-0.6350421406552548,PIT,0.0,52.333333333333336,0.0,-0.8622056642351683,1986.0,37.0,1,-0.8622056642351683,52.333333333333336,33+
2023,6895,-1.1137284427829583,PIT,0.0,86.33333333333331,1.0,-1.0623248288828027,1987.0,36.0,1,-1.0623248288828027,86.33333333333331,33+
2023,6902,3.2509352766380246,PIT,0.0,141.66666666666663,0.0,-1.3226618987520053,1991.0,32.0,1,-1.3226618987520053,141.66666666666663,30-32
2023,6984,1.3963595252172087,PIT,0.0,59.66666666666668,0.0,1.2168888481708582,1987.0,36.0,1,1.2168888481708582,59.66666666666668,33+
2023,7005,10.436808051301247,PIT,0.0,65.33333333333331,31.0,1.7745518302656484,1988.0,35.0,1,1.7745518302656484,65.33333333333331,33+
2023,7048,1.8335662803158268,PIT,0.0,66.0,0.0,0.7813715206942603,1990.0,33.0,1,0.7813715206942603,66.0,33+
2023,7115,0.49759588997945015,PIT,0.0,49.333333333333336,1.0,,1985.0,38.0,0,0.0,49.333333333333336,33+
2023,7304,6.6192699090126785,HIT,580.0,0.0,0.0,7.403207299774851,1990.0,33.0,1,7.403207299774851,580.0,33+
2023,7531,0.900955527712439,PIT,0.0,58.66666666666668,0.0,,1987.0,36.0,0,0.0,58.66666666666668,33+
2023,7593,-1.4297317830247251,PIT,0.0,177.66666666666663,0.0,0.5152905762995192,1990.0,33.0,1,0.5152905762995192,177.66666666666663,33+
2023,7739,2.7762558443575287,HIT,292.0,0.0,0.0,3.5152486805114047,1989.0,34.0,1,3.5152486805114047,292.0,33+
2023,7802,3.0941658280218656,HIT,423.0,3.0,0.0,3.805350213135129,1989.0,34.0,1,3.805350213135129,423.0,33+
2023,7859,4.846956044383813,HIT,413.0,0.0,0.0,4.585446580968624,1986.0,37.0,1,4.585446580968624,413.0,33+
2023,8048,6.6292547315538215,PIT,0.0,57.333333333333336,22.0,-2.199227291004018,1989.0,34.0,1,-2.199227291004018,57.333333333333336,33+
2023,8090,0.9931088537425974,HIT,237.0,0.0,0.0,0.9945028352837623,1985.0,38.0,1,0.9945028352837623,237.0,33+
2023,8110,1.839555199281689,PIT,0.0,45.66666666666668,4.0,-0.8346307830327152,1987.0,36.0,1,-0.8346307830327152,45.66666666666668,33+
2023,8241,8.793238312015715,PIT,0.0,65.33333333333331,18.0,4.056720501312521,1985.0,38.0,1,4.056720501312521,65.33333333333331,33+
2023,8623,3.9337375075072294,HIT,450.0,0.0,0.0,3.1779799671937994,1987.0,36.0,1,3.1779799671937994,450.0,33+
2023,8700,11.500377808649688,PIT,0.0,162.33333333333331,0.0,-1.332339006138298,1983.0,40.0,1,-1.332339006138298,162.33333333333331,33+
2023,8709,4.088328086750911,HIT,406.0,0.0,0.0,,1988.0,35.0,0,0.0,406.0,33+
2023,8779,7.901364550028233,PIT,0.0,120.33333333333331,0.0,-0.4410204926206413,1986.0,37.0,1,-0.4410204926206413,120.33333333333331,33+
2023,9073,6.322556747724541,PIT,0.0,60.333333333333336,5.0,12.455643769270893,1987.0,36.0,1,12.455643769270893,60.333333333333336,33+
2023,9111,1.1921893011398317,PIT,0.0,53.66666666666668,1.0,,1990.0,33.0,0,0.0,53.66666666666668,33+
2023,9132,9.44033447655222,PIT,0.0,144.0,0.0,6.721865702688547,1990.0,33.0,1,6.721865702688547,144.0,33+
2023,9218,9.160227349757106,HIT,687.0,0.0,0.0,6.004771170678836,1987.0,36.0,1,6.004771170678836,687.0,33+
2023,9241,4.20093891969061,HIT,341.0,0.0,0.0,4.323047671230624,1988.0,35.0,1,4.323047671230624,341.0,33+
2023,9323,0.12813179415944953,PIT,0.0,180.0,0.0,-4.7988129149850245,1989.0,34.0,1,-4.7988129149850245,180.0,33+
2023,9368,2.2502884098986744,HIT,237.0,0.0,0.0,,1985.0,38.0,0,0.0,237.0,33+
2023,9627,4.859341108725024,HIT,419.0,0.0,0.0,0.023330444883891577,1987.0,36.0,1,0.023330444883891577,419.0,33+
2023,9774,2.1269010626564007,HIT,355.0,0.0,0.0,1.788942907955275,1990.0,33.0,1,1.788942907955275,355.0,33+
2023,9777,8.348523280032568,HIT,612.0,0.0,0.0,6.074060397213206,1991.0,32.0,1,6.074060397213206,612.0,30-32
2023,9803,3.1425478179476434,PIT,0.0,201.33333333333331,0.0,-0.7114782471865317,1988.0,35.0,1,-0.7114782471865317,201.33333333333331,33+
2023,9847,5.133078870472194,HIT,473.0,0.0,0.0,4.537077469613469,1986.0,37.0,1,4.537077469613469,473.0,33+
2023,9874,4.370227821646443,HIT,562.0,0.0,0.0,0.8711257174196388,1988.0,35.0,1,0.8711257174196388,562.0,33+
2023,10028,2.9777239170239573,HIT,332.0,0.3333333333333333,0.0,1.3782828390391209,1991.0,32.0,1,1.3782828390391209,332.0,30-32
2023,10061,3.661428207889128,PIT,0.0,54.66666666666668,3.0,1.1265947493464983,1988.0,35.0,1,1.1265947493464983,54.66666666666668,33+
2023,10123,5.843973870663141,PIT,0.0,192.0,0.0,1.526124933785596,1987.0,36.0,1,1.526124933785596,192.0,33+
2023,10155,5.190986894955558,HIT,362.0,0.0,0.0,1.7597525264935523,1991.0,32.0,1,1.7597525264935523,362.0,30-32
2023,10233,6.612170294666491,PIT,0.0,58.333333333333336,6.0,4.428483449835935,1988.0,35.0,1,4.428483449835935,58.333333333333336,33+
2023,10243,5.559610715990046,HIT,471.0,0.0,0.0,4.0028005878098885,1991.0,32.0,1,4.0028005878098885,471.0,30-32
2023,10264,4.810843902646061,HIT,404.0,0.0,0.0,,1988.0,35.0,0,0.0,404.0,33+
2023,10310,13.121686119949707,PIT,0.0,192.0,0.0,14.615252214228654,1990.0,33.0,1,14.615252214228654,192.0,33+
2023,10314,-2.0270029256683104,PIT,0.0,60.333333333333336,0.0,1.142161602312216,1990.0,33.0,1,1.142161602312216,60.333333333333336,33+
2023,10315,5.024764866152108,PIT,0.0,80.0,1.0,2.516682358938811,1989.0,34.0,1,2.516682358938811,80.0,33+
2023,10324,10.232851439765652,HIT,592.0,0.0,0.0,10.562580081716286,1990.0,33.0,1,10.562580081716286,592.0,33+
2023,10343,-1.6719517024130832,PIT,0.0,48.66666666666668,1.0,,1987.0,36.0,0,0.0,48.66666666666668,33+
2023,10472,4.629354676629123,HIT,508.0,0.0,0.0,2.9037737492767683,1991.0,32.0,1,2.9037737492767683,508.0,30-32
2023,10591,2.345895360225131,PIT,0.0,48.333333333333336,1.0,1.6028117837886533,1989.0,34.0,1,1.6028117837886533,48.333333333333336,33+
2023,10603,5.536747690190934,PIT,0.0,102.66666666666667,0.0,14.431812131242408,1989.0,34.0,1,14.431812131242408,102.66666666666667,33+
2023,10681,2.5685085811289854,HIT,228.0,0.0,0.0,3.137384350188084,1991.0,32.0,1,3.137384350188084,228.0,30-32
2023,10815,3.8770825122445554,HIT,521.0,0.0,0.0,8.555597468176106,1993.0,30.0,1,8.555597468176106,521.0,30-32
2023,10855,0.7107555070070721,PIT,0.0,44.66666666666668,0.0,0.0776081456039644,1990.0,33.0,1,0.0776081456039644,44.66666666666668,33+
2023,10950,5.35385368613053,HIT,353.0,0.0,0.0,1.287140201893456,1988.0,35.0,1,1.287140201893456,353.0,33+
2023,11038,5.063193296773218,HIT,408.0,0.0,0.0,1.5432213063222013,1990.0,33.0,1,1.5432213063222013,408.0,33+
2023,11156,11.5643462863835,PIT,0.0,177.66666666666663,0.0,2.142186688105159,1988.0,35.0,1,2.142186688105159,177.66666666666663,33+
2023,11281,7.869731582529259,HIT,592.0,0.0,0.0,2.4956769397518093,1989.0,34.0,1,2.4956769397518093,592.0,33+
2023,11368,2.3893379880538967,HIT,405.0,0.0,0.0,1.9445546433522383,1988.0,35.0,1,1.9445546433522383,405.0,33+
2023,11384,3.452151292144306,PIT,0.0,40.66666666666668,2.0,2.2677419305788935,1989.0,34.0,1,2.2677419305788935,40.66666666666668,33+
2023,11423,2.9146930416323054,PIT,0.0,75.66666666666667,0.0,4.099092023025152,1989.0,34.0,1,4.099092023025152,75.66666666666667,33+
2023,11442,3.711106539099915,HIT,267.0,0.0,0.0,2.2993038158610943,1992.0,31.0,1,2.2993038158610943,267.0,30-32
2023,11445,5.755099796915968,HIT,507.0,0.0,0.0,3.2842955174909987,1989.0,34.0,1,3.2842955174909987,507.0,33+
2023,11477,10.571354728041847,HIT,632.0,0.0,0.0,5.587776901925642,1991.0,32.0,1,5.587776901925642,632.0,30-32
2023,11489,5.24132998234836,HIT,388.0,0.0,0.0,1.7871889953110962,1991.0,32.0,1,1.7871889953110962,388.0,30-32
2023,11493,8.467741620000472,HIT,601.0,0.0,0.0,8.897184906392189,1992.0,31.0,1,8.897184906392189,601.0,30-32
2023,11579,9.076496052101643,HIT,546.0,0.0,0.0,8.765627457380983,1992.0,31.0,1,8.765627457380983,546.0,30-32
2023,11589,-2.4260005464913577,PIT,0.0,44.66666666666668,0.0,1.4517095581598567,1991.0,32.0,1,1.4517095581598567,44.66666666666668,30-32
2023,11609,6.526841194487692,HIT,495.0,0.0,0.0,4.029445595748649,1992.0,31.0,1,4.029445595748649,495.0,30-32
2023,11615,7.314929765355048,HIT,523.0,0.0,0.0,0.06388223343261457,1992.0,31.0,1,0.06388223343261457,523.0,30-32
2023,11674,3.9497283856837395,PIT,0.0,154.33333333333331,1.0,7.025049084830105,1991.0,32.0,1,7.025049084830105,154.33333333333331,30-32
2023,11680,5.706708092041447,HIT,526.0,0.0,0.0,2.586445693135432,1990.0,33.0,1,2.586445693135432,526.0,33+
2023,11737,10.136868548055652,HIT,671.0,0.0,0.0,6.9746179489380715,1992.0,31.0,1,6.9746179489380715,671.0,30-32
2023,11739,7.23675965507849,HIT,540.0,0.0,0.0,4.301326264701143,1991.0,32.0,1,4.301326264701143,540.0,30-32
2023,11760,3.0314055228318875,PIT,0.0,142.33333333333331,0.0,1.0981672001992075,1989.0,34.0,1,1.0981672001992075,142.33333333333331,33+
2023,11762,-2.620026271619925,PIT,0.0,88.66666666666667,0.0,,1992.0,31.0,0,0.0,88.66666666666667,30-32
2023,11804,8.19509588488441,PIT,0.0,68.33333333333331,2.0,5.201907438001346,1989.0,34.0,1,5.201907438001346,68.33333333333331,33+
2023,11828,3.590977929708494,PIT,0.0,96.0,0.0,0.7206479435220123,1988.0,35.0,1,0.7206479435220123,96.0,33+
2023,11836,6.852838484431644,PIT,0.0,172.66666666666663,0.0,-6.025658545089768,1992.0,31.0,1,-6.025658545089768,172.66666666666663,30-32
2023,11847,6.762388420569006,PIT,0.0,51.333333333333336,3.0,2.333645123974382,1986.0,37.0,1,2.333645123974382,51.333333333333336,33+
2023,11861,7.335006099934869,PIT,0.0,54.333333333333336,12.0,7.702163723023046,1991.0,32.0,1,7.702163723023046,54.333333333333336,30-32
2023,11899,4.484188084390333,HIT,425.0,0.0,0.0,6.380494844159464,1992.0,31.0,1,6.380494844159464,425.0,30-32
2023,12037,5.5936825296879205,HIT,424.0,0.0,0.0,0.9003426466706727,1990.0,33.0,1,0.9003426466706727,424.0,33+
2023,12049,5.531651157218308,PIT,0.0,137.0,0.0,-4.499947287826523,1989.0,34.0,1,-4.499947287826523,137.0,33+
2023,12056,3.4153997217645307,PIT,0.0,70.33333333333331,9.0,-2.5554491938965573,1989.0,34.0,1,-2.5554491938965573,70.33333333333331,33+
2023,12095,3.4748257817531045,PIT,0.0,66.0,3.0,3.3488355571666433,1990.0,33.0,1,3.3488355571666433,66.0,33+
2023,12144,6.9050993397248215,HIT,491.0,0.0,0.0,3.1745482698926506,1993.0,30.0,1,3.1745482698926506,491.0,30-32
2023,12147,1.0495483461578072,HIT,210.0,0.0,0.0,1.0425170722694883,1990.0,33.0,1,1.0425170722694883,210.0,33+
2023,12155,6.668996302122385,HIT,516.0,0.0,0.0,1.9745464780931636,1991.0,32.0,1,1.9745464780931636,516.0,30-32
2023,12158,0.28045558200291165,HIT,200.0,0.0,0.0,1.0504109384671114,1989.0,34.0,1,1.0504109384671114,200.0,33+
2023,12161,8.919884065593115,HIT,665.0,0.0,0.0,4.604181288991951,1992.0,31.0,1,4.604181288991951,665.0,30-32
2023,12304,12.390582597606516,PIT,0.0,200.0,0.0,1.3148878819481267,1989.0,34.0,1,1.3148878819481267,200.0,33+
2023,12317,4.281424118879836,PIT,0.0,124.66666666666667,0.0,3.2764755585558594,1990.0,33.0,1,3.2764755585558594,124.66666666666667,33+
2023,12325,2.451131100640911,HIT,430.0,2.0,0.0,-0.2168949564347137,1990.0,33.0,1,-0.2168949564347137,430.0,33+
2023,12434,2.783503204243293,HIT,206.0,0.0,0.0,3.3187561555069722,1989.0,34.0,1,3.3187561555069722,206.0,33+
2023,12447,7.807621888868676,PIT,0.0,146.33333333333331,0.0,10.914681047983079,1989.0,34.0,1,10.914681047983079,146.33333333333331,33+
2023,12532,1.2144301164238922,HIT,250.0,0.0,0.0,,1990.0,33.0,0,0.0,250.0,33+
2023,12533,11.840283148606531,HIT,753.0,0.0,0.0,6.780840967580868,1990.0,33.0,1,6.780840967580868,753.0,33+
2023,12546,3.453325094547354,HIT,278.0,0.0,0.0,,1990.0,33.0,0,0.0,278.0,33+
2023,12552,6.654397791003001,HIT,694.0,0.0,0.0,8.089276472109356,1991.0,32.0,1,8.089276472109356,694.0,30-32
2023,12575,2.445756554440299,PIT,0.0,40.66666666666668,1.0,-1.1538555003397246,1989.0,34.0,1,-1.1538555003397246,40.66666666666668,33+
2023,12718,3.7562967245934566,PIT,0.0,111.33333333333331,0.0,-3.0346699871586518,1993.0,30.0,1,-3.0346699871586518,111.33333333333331,30-32
2023,12730,5.936213136448374,PIT,0.0,110.33333333333331,1.0,7.494345621498419,1990.0,33.0,1,7.494345621498419,110.33333333333331,33+
2023,12760,0.4155043142113939,PIT,0.0,67.33333333333331,1.0,-0.6402478827989705,1990.0,33.0,1,-0.6402478827989705,67.33333333333331,33+
2023,12763,3.165691044164734,PIT,0.0,42.333333333333336,0.0,-1.154393584238126,1990.0,33.0,1,-1.154393584238126,42.333333333333336,33+
2023,12768,12.300718133390097,PIT,0.0,184.0,0.0,7.7095097649768345,1989.0,34.0,1,7.7095097649768345,184.0,33+
2023,12808,6.60438936362686,PIT,0.0,131.33333333333331,0.0,-1.4745167149239187,1990.0,33.0,1,-1.4745167149239187,131.33333333333331,33+
2023,12856,8.649462394870897,HIT,683.0,0.0,0.0,5.146817178063286,1989.0,34.0,1,5.146817178063286,683.0,33+
2023,12857,5.617650539704674,PIT,0.0,52.0,0.0,-0.7543566155797798,1990.0,33.0,1,-0.7543566155797798,52.0,33+
2023,12859,2.022123471551285,HIT,226.0,1.0,0.0,1.8354051118312809,1990.0,33.0,1,1.8354051118312809,226.0,33+
2023,12880,-0.7756813462944558,PIT,0.0,141.0,0.0,3.572827208312848,1989.0,34.0,1,3.572827208312848,141.0,33+
2023,12916,11.72466440509162,HIT,687.0,0.0,0.0,10.671589686550451,1993.0,30.0,1,10.671589686550451,687.0,30-32
2023,12927,8.309723934953974,HIT,682.0,0.0,0.0,6.864756821751023,1993.0,30.0,1,6.864756821751023,682.0,30-32
2023,12970,8.23829869865323,PIT,0.0,97.33333333333331,0.0,3.178386172011593,1992.0,31.0,1,3.178386172011593,97.33333333333331,30-32
2023,12976,0.2229737282135246,HIT,212.0,3.6666666666666674,0.0,0.48017805983045775,1992.0,31.0,1,0.48017805983045775,212.0,30-32
2023,12979,4.456557490662199,HIT,547.0,0.0,0.0,1.6627128119708423,1992.0,31.0,1,1.6627128119708423,547.0,30-32
2023,12988,2.708874502627655,PIT,0.0,51.333333333333336,8.0,1.5011097277362224,1990.0,33.0,1,1.5011097277362224,51.333333333333336,33+
2023,13050,1.8923357379743053,PIT,0.0,99.66666666666667,0.0,,1990.0,33.0,0,0.0,99.66666666666667,33+
2023,13066,8.32161907961991,HIT,678.0,0.0,0.0,9.165605161642926,1992.0,31.0,1,9.165605161642926,678.0,30-32
2023,13074,4.4561248238960065,PIT,0.0,136.33333333333331,0.0,4.420119098704009,1986.0,37.0,1,4.420119098704009,136.33333333333331,33+
2023,13125,19.019052751123724,PIT,0.0,209.0,0.0,4.6922444919577515,1990.0,33.0,1,4.6922444919577515,209.0,33+
2023,13133,2.7435986978330855,PIT,0.0,55.0,2.0,5.015469479183112,1990.0,33.0,1,5.015469479183112,55.0,33+
2023,13145,5.8190343592155465,HIT,617.0,0.0,0.0,5.234097024894477,1992.0,31.0,1,5.234097024894477,617.0,30-32
2023,13152,4.409359929943182,HIT,343.0,0.0,0.0,3.045493385926914,1993.0,30.0,1,3.045493385926914,343.0,30-32
2023,13164,10.91345217555645,PIT,0.0,152.66666666666663,0.0,-0.6512243201078571,1993.0,30.0,1,-0.6512243201078571,152.66666666666663,30-32
2023,13183,-4.472790039600026,PIT,0.0,82.33333333333331,0.0,,1993.0,30.0,0,0.0,82.33333333333331,30-32
2023,13185,6.228831009989256,HIT,533.0,0.0,0.0,3.1066434174233746,1994.0,29.0,1,3.1066434174233746,533.0,27-29
2023,13190,3.800851902342747,PIT,0.0,54.66666666666668,0.0,-2.907023298603598,1992.0,31.0,1,-2.907023298603598,54.66666666666668,30-32
2023,13273,-0.9843140434459582,PIT,0.0,89.0,0.0,-4.048035070415996,1989.0,34.0,1,-4.048035070415996,89.0,33+
2023,13293,5.198371981508471,PIT,0.0,51.333333333333336,2.0,2.83259154682323,1989.0,34.0,1,2.83259154682323,51.333333333333336,33+
2023,13301,8.419229536392166,HIT,579.0,0.0,0.0,3.6579408891437715,1990.0,33.0,1,3.6579408891437715,579.0,33+
2023,13324,2.402178185326704,HIT,286.0,2.0,0.0,1.9200621349813873,1991.0,32.0,1,1.9200621349813873,286.0,30-32
2023,13346,6.166874067036437,PIT,0.0,64.33333333333331,0.0,1.4870198248566915,1991.0,32.0,1,1.4870198248566915,64.33333333333331,30-32
2023,13361,3.4727535348925977,PIT,0.0,105.0,0.0,-1.0554259370030221,1991.0,32.0,1,-1.0554259370030221,105.0,30-32
2023,13394,2.5057416544694595,PIT,0.0,56.66666666666668,7.0,2.307113541220477,1990.0,33.0,1,2.307113541220477,56.66666666666668,33+
2023,13419,10.052101541902928,HIT,661.0,0.0,0.0,6.600842368832133,1991.0,32.0,1,6.600842368832133,661.0,30-32
2023,13424,3.0882078517272076,PIT,0.0,61.0,0.0,,1990.0,33.0,0,0.0,61.0,33+
2023,13431,6.504558861080878,PIT,0.0,136.66666666666663,0.0,0.45535437128993017,1991.0,32.0,1,0.45535437128993017,136.66666666666663,30-32
2023,13435,4.25426439153567,PIT,0.0,62.66666666666668,13.0,2.6732670040776485,1991.0,32.0,1,2.6732670040776485,62.66666666666668,30-32
2023,13449,4.23771371930424,PIT,0.0,51.66666666666668,2.0,2.427703055056511,1990.0,33.0,1,2.427703055056511,51.66666666666668,33+
2023,13470,6.043754681238506,PIT,0.0,61.0,3.0,-0.20672454169783705,1994.0,29.0,1,-0.20672454169783705,61.0,27-29
2023,13510,10.704515910797106,HIT,691.0,0.0,0.0,13.017305652898553,1992.0,31.0,1,13.017305652898553,691.0,30-32
2023,13543,16.44070956735203,PIT,0.0,180.0,0.0,5.8527593536886755,1992.0,31.0,1,5.8527593536886755,180.0,30-32
2023,13580,2.341201570246249,PIT,0.0,58.66666666666668,0.0,-0.12822180293937735,1991.0,32.0,1,-0.12822180293937735,58.66666666666668,30-32
2023,13594,5.455097460428263,PIT,0.0,52.333333333333336,1.0,,1993.0,30.0,0,0.0,52.333333333333336,30-32
2023,13602,4.289529767556951,HIT,302.0,0.0,0.0,1.2458325283767726,1991.0,32.0,1,1.2458325283767726,302.0,30-32
2023,13611,14.198889243390564,HIT,693.0,0.0,0.0,7.744569241002913,1992.0,31.0,1,7.744569241002913,693.0,30-32
2023,13613,9.403117119673357,HIT,650.0,0.0,0.0,9.796241595493562,1993.0,30.0,1,9.796241595493562,650.0,30-32
2023,13619,3.8790176279059927,PIT,0.0,86.0,1.0,4.757465594521873,1992.0,31.0,1,4.757465594521873,86.0,30-32
2023,13621,7.293301817096172,HIT,576.0,0.0,0.0,4.100492036295456,1993.0,30.0,1,4.100492036295456,576.0,30-32
2023,13624,11.47299600619692,HIT,536.0,0.0,0.0,7.173275190167715,1994.0,29.0,1,7.173275190167715,536.0,27-29
2023,13649,9.339551562562391,PIT,0.0,63.0,24.0,6.515932500817073,1993.0,30.0,1,6.515932500817073,63.0,30-32
2023,13675,3.579130332494712,HIT,243.0,0.0,0.0,3.5002568726024874,1994.0,29.0,1,3.5002568726024874,243.0,27-29
2023,13723,0.4124583435770883,HIT,276.0,8.0,0.0,2.7786746374079194,1989.0,34.0,1,2.7786746374079194,276.0,33+
2023,13743,7.502511118211235,PIT,0.0,77.66666666666667,0.0,7.262146640919472,1994.0,29.0,1,7.262146640919472,77.66666666666667,27-29
2023,13757,5.606051531305415,HIT,384.0,0.0,0.0,1.4115443393744957,1990.0,33.0,1,1.4115443393744957,384.0,33+
2023,13761,3.819944280512172,PIT,0.0,82.66666666666667,1.0,-0.6304396145460676,1990.0,33.0,1,-0.6304396145460676,82.66666666666667,33+
2023,13763,0.5086870812592311,PIT,0.0,54.0,1.0,-1.5219230293632564,1991.0,32.0,1,-1.5219230293632564,54.0,30-32
2023,13767,1.7405544238352402,PIT,0.0,42.333333333333336,1.0,2.6658848084041513,1990.0,33.0,1,2.6658848084041513,42.333333333333336,33+
2023,13768,3.741716899331447,HIT,287.0,0.0,0.0,1.0652679047243494,1991.0,32.0,1,1.0652679047243494,287.0,30-32
2023,13770,2.475549441061279,HIT,243.0,0.0,0.0,3.5489524857391266,1991.0,32.0,1,3.5489524857391266,243.0,30-32
2023,13774,14.273946457546522,PIT,0.0,177.66666666666663,0.0,5.59832611321934,1994.0,29.0,1,5.59832611321934,177.66666666666663,27-29
2023,13781,1.794726821191254,PIT,0.0,97.66666666666667,0.0,-1.8949545047887764,1991.0,32.0,1,-1.8949545047887764,97.66666666666667,30-32
2023,13799,8.70783192985703,PIT,0.0,87.66666666666667,2.0,7.265446977341373,1991.0,32.0,1,7.265446977341373,87.66666666666667,30-32
2023,13836,1.2801468784703236,HIT,209.0,2.0,0.0,0.10283153215591953,1991.0,32.0,1,0.10283153215591953,209.0,30-32
2023,13853,1.605368494801426,HIT,318.0,0.0,0.0,0.13973256684469515,1990.0,33.0,1,0.13973256684469515,318.0,33+
2023,13892,10.89281697268033,PIT,0.0,60.66666666666668,34.0,3.141866066988049,1990.0,33.0,1,3.141866066988049,60.66666666666668,33+
2023,13896,-5.732313050124256,PIT,0.0,102.33333333333331,0.0,-3.788538988514069,1994.0,29.0,1,-3.788538988514069,102.33333333333331,27-29
2023,13942,3.32048946144892,PIT,0.0,69.33333333333331,0.0,2.254363318407976,1989.0,34.0,1,2.254363318407976,69.33333333333331,33+
2023,14078,10.514107621858635,PIT,0.0,134.33333333333331,0.0,6.862466055191044,1991.0,32.0,1,6.862466055191044,134.33333333333331,30-32
2023,14107,13.330281263688637,PIT,0.0,185.0,0.0,5.751493608102676,1991.0,32.0,1,5.751493608102676,185.0,30-32
2023,14111,1.3012897923945839,HIT,293.0,0.0,0.0,1.1439044165105254,1992.0,31.0,1,1.1439044165105254,293.0,30-32
2023,14128,2.9857793028493287,HIT,332.0,0.0,0.0,1.1368297546447066,1993.0,30.0,1,1.1368297546447066,332.0,30-32
2023,14130,3.3780979819625214,HIT,319.0,0.0,0.0,0.14626071224323406,1992.0,31.0,1,0.14626071224323406,319.0,30-32
2023,14161,4.105611352503571,HIT,347.0,0.0,0.0,5.731975850270479,1993.0,30.0,1,5.731975850270479,347.0,30-32
2023,14162,4.880723014180601,HIT,580.0,0.0,0.0,5.389012333544714,1994.0,29.0,1,5.389012333544714,580.0,27-29
2023,14168,10.308485521789091,PIT,0.0,189.66666666666663,0.0,7.548782853283423,1994.0,29.0,1,7.548782853283423,189.66666666666663,27-29
2023,14212,12.465224751484781,PIT,0.0,56.333333333333336,33.0,10.035591834689644,1994.0,29.0,1,10.035591834689644,56.333333333333336,27-29
2023,14221,8.101409121782858,HIT,580.0,0.0,0.0,5.651205027851009,1992.0,31.0,1,5.651205027851009,580.0,30-32
2023,14274,1.7561389783101862,HIT,229.0,0.0,0.0,2.433705357144201,1990.0,33.0,1,2.433705357144201,229.0,33+
2023,14295,4.684574784275326,PIT,0.0,54.0,4.0,0.9170780388894982,1991.0,32.0,1,0.9170780388894982,54.0,30-32
2023,14332,7.781752917749897,PIT,0.0,70.66666666666667,3.0,4.247128359979487,1994.0,29.0,1,4.247128359979487,70.66666666666667,27-29
2023,14344,14.769496656342008,HIT,720.0,0.0,0.0,7.1534309756175976,1994.0,29.0,1,7.1534309756175976,720.0,27-29
2023,14361,-2.108360690736008,PIT,0.0,78.0,0.0,-5.074769325149925,1990.0,33.0,1,-5.074769325149925,78.0,33+
2023,14366,7.254380511066157,HIT,657.0,0.0,0.0,1.788865594191686,1992.0,31.0,1,1.788865594191686,657.0,30-32
2023,14374,9.777191600872648,PIT,0.0,120.0,0.0,7.8895749320356074,1993.0,30.0,1,7.8895749320356074,120.0,30-32
2023,14387,7.098381216046248,HIT,434.0,0.0,0.0,2.262146233476337,1994.0,29.0,1,2.262146233476337,434.0,27-29
2023,14444,2.3803893694715517,PIT,0.0,52.0,0.0,,1987.0,36.0,0,0.0,52.0,33+
2023,14477,1.399424821043172,HIT,203.0,0.0,0.0,3.1062623635159046,1992.0,31.0,1,3.1062623635159046,203.0,30-32
2023,14524,4.3043243089352385,PIT,0.0,57.0,4.0,2.0531933482753404,1993.0,30.0,1,2.0531933482753404,57.0,30-32
2023,14527,0.5619534252965832,PIT,0.0,59.0,3.0,2.5639424441134246,1993.0,30.0,1,2.5639424441134246,59.0,30-32
2023,14542,8.434062225943205,PIT,0.0,62.333333333333336,31.0,8.004209144549707,1992.0,31.0,1,8.004209144549707,62.333333333333336,30-32
2023,14551,8.79050224065573,HIT,656.0,0.0,0.0,8.465389022400474,1994.0,29.0,1,8.465389022400474,656.0,27-29
2023,14552,-1.242576039427192,PIT,0.0,44.333333333333336,0.0,1.8567760285174781,1994.0,29.0,1,1.8567760285174781,44.333333333333336,27-29
2023,14681,1.0502922807220376,PIT,0.0,50.0,0.0,,1993.0,30.0,0,0.0,50.0,30-32
2023,14691,1.5806775178627681,HIT,270.0,2.0,0.0,,1993.0,30.0,0,0.0,270.0,30-32
2023,14712,3.773292189362854,HIT,336.0,0.0,0.0,2.3126916290360477,1994.0,29.0,1,2.3126916290360477,336.0,27-29
2023,14739,1.0351407687200112,PIT,0.0,103.66666666666667,0.0,0.5689568837957301,1993.0,30.0,1,0.5689568837957301,103.66666666666667,30-32
2023,14765,6.175011900977158,PIT,0.0,117.33333333333331,0.0,,1996.0,27.0,0,0.0,117.33333333333331,27-29
2023,14771,6.376825753478056,PIT,0.0,69.33333333333331,1.0,1.0404924385185754,1991.0,32.0,1,1.0404924385185754,69.33333333333331,30-32
2023,14813,4.307930725236064,HIT,369.0,0.0,0.0,1.0839624442572786,1990.0,33.0,1,1.0839624442572786,369.0,33+
2023,14814,3.936132162887458,PIT,0.0,75.0,3.0,2.8781430107736514,1991.0,32.0,1,2.8781430107736514,75.0,30-32
2023,14825,0.4574070253161985,PIT,0.0,43.0,0.0,,1991.0,32.0,0,0.0,43.0,30-32
2023,14843,6.096110234112427,PIT,0.0,153.0,1.0,3.8734820362625833,1992.0,31.0,1,3.8734820362625833,153.0,30-32
2023,14854,4.195772801635617,HIT,381.0,0.0,0.0,3.9191475691741298,1990.0,33.0,1,3.9191475691741298,381.0,33+
2023,14874,3.7572623925619166,PIT,0.0,62.333333333333336,1.0,2.01374518285105,1992.0,31.0,1,2.01374518285105,62.333333333333336,30-32
2023,14894,2.6793374681732773,HIT,419.0,0.0,0.0,-0.10792983769840764,1991.0,32.0,1,-0.10792983769840764,419.0,30-32
2023,14916,5.877662315463038,PIT,0.0,157.33333333333331,0.0,0.6394632285999243,1991.0,32.0,1,0.6394632285999243,157.33333333333331,30-32
2023,14932,0.4947501297019484,PIT,0.0,88.66666666666667,0.0,4.614883972495521,1992.0,31.0,1,4.614883972495521,88.66666666666667,30-32
2023,14968,2.325390508393257,HIT,226.0,0.0,0.0,2.600409524836817,1993.0,30.0,1,2.600409524836817,226.0,30-32
2023,14986,3.8365404394210794,PIT,0.0,55.0,10.0,-0.5933856462255673,1991.0,32.0,1,-0.5933856462255673,55.0,30-32
2023,14993,3.892241260251905,PIT,0.0,68.0,13.0,1.0789577824723335,1992.0,31.0,1,1.0789577824723335,68.0,30-32
2023,15009,9.29175292511198,PIT,0.0,69.33333333333331,28.0,6.892142973956486,1991.0,32.0,1,6.892142973956486,69.33333333333331,30-32
2023,15042,5.128228123944375,PIT,0.0,53.333333333333336,1.0,-2.7283007084684145,1992.0,31.0,1,-2.7283007084684145,53.333333333333336,30-32
2023,15046,0.8346793748336053,PIT,0.0,58.0,1.0,,1992.0,31.0,0,0.0,58.0,30-32
2023,15068,0.7613443909832438,PIT,0.0,48.0,0.0,0.9990879133688604,1994.0,29.0,1,0.9990879133688604,48.0,27-29
2023,15112,6.824439345129268,HIT,627.0,0.0,0.0,5.281710890859308,1994.0,29.0,1,5.281710890859308,627.0,27-29
2023,15145,6.11849881404152,PIT,0.0,69.0,3.0,0.3145945773698179,1991.0,32.0,1,0.3145945773698179,69.0,30-32
2023,15149,2.002015757006509,HIT,263.0,0.0,0.0,,1992.0,31.0,0,0.0,263.0,30-32
2023,15161,5.175749497020133,HIT,344.0,0.0,0.0,1.883646515865061,1991.0,32.0,1,1.883646515865061,344.0,30-32
2023,15172,3.3116322758045174,HIT,524.0,0.0,0.0,0.47639499891366427,1993.0,30.0,1,0.47639499891366427,524.0,30-32
2023,15194,2.2999890048649574,HIT,272.0,0.0,0.0,2.927581499149597,1995.0,28.0,1,2.927581499149597,272.0,27-29
2023,15223,5.459905072727698,HIT,455.0,0.0,0.0,1.3526878051900542,1991.0,32.0,1,1.3526878051900542,455.0,30-32
2023,15264,3.311383518118217,PIT,0.0,50.66666666666668,2.0,,1993.0,30.0,0,0.0,50.66666666666668,30-32
2023,15274,4.877100891011062,HIT,401.0,0.0,0.0,3.1201707985132443,1990.0,33.0,1,3.1201707985132443,401.0,33+
2023,15279,4.798543293085517,HIT,457.0,0.0,0.0,0.2894128595971372,1990.0,33.0,1,0.2894128595971372,457.0,33+
2023,15290,2.7489945327357885,PIT,0.0,48.333333333333336,0.0,-1.020096393535995,1989.0,34.0,1,-1.020096393535995,48.333333333333336,33+
2023,15362,6.503715349022486,HIT,648.0,0.0,0.0,3.779180520305002,1992.0,31.0,1,3.779180520305002,648.0,30-32
2023,15423,5.431532671671223,PIT,0.0,147.33333333333331,0.0,1.9191438482138956,1991.0,32.0,1,1.9191438482138956,147.33333333333331,30-32
2023,15429,2.669124643276374,HIT,335.0,0.0,0.0,0.5802531009571499,1992.0,31.0,1,0.5802531009571499,335.0,30-32
2023,15440,1.2478783766868655,PIT,0.0,71.0,0.0,2.1974178788555756,1991.0,32.0,1,2.1974178788555756,71.0,30-32
2023,15454,9.310841213838799,PIT,0.0,142.66666666666663,1.0,4.169101834401489,1993.0,30.0,1,4.169101834401489,142.66666666666663,30-32
2023,15464,5.033737057545816,HIT,548.0,0.0,0.0,3.4541788435600354,1992.0,31.0,1,3.4541788435600354,548.0,30-32
2023,15467,0.30823265457751114,PIT,0.0,50.0,0.0,-0.7828170047945595,1992.0,31.0,1,-0.7828170047945595,50.0,30-32
2023,15474,4.276275046454528,PIT,0.0,184.33333333333331,0.0,,1994.0,29.0,0,0.0,184.33333333333331,27-29
2023,15491,7.505977124138702,HIT,638.0,0.0,0.0,2.4938367294438417,1995.0,28.0,1,2.4938367294438417,638.0,27-29
2023,15507,7.647927704181092,PIT,0.0,60.66666666666668,10.0,0.5449351218062,1994.0,29.0,1,0.5449351218062,60.66666666666668,27-29
2023,15514,5.6235951179054915,PIT,0.0,66.33333333333331,8.0,,1990.0,33.0,0,0.0,66.33333333333331,33+
2023,15518,6.113944480479628,HIT,545.0,0.0,0.0,3.260768518217459,1995.0,28.0,1,3.260768518217459,545.0,27-29
2023,15541,5.141248754084075,PIT,0.0,74.0,2.0,3.5517659958696584,1990.0,33.0,1,3.5517659958696584,74.0,33+
2023,15551,4.252834158788558,PIT,0.0,64.33333333333331,4.0,1.2253902672215449,1991.0,32.0,1,1.2253902672215449,64.33333333333331,30-32
2023,15585,2.3571572281210305,HIT,251.0,2.0,0.0,-0.11928705094004372,1992.0,31.0,1,-0.11928705094004372,251.0,30-32
2023,15640,8.860169108795212,HIT,458.0,0.0,0.0,15.175526046956236,1992.0,31.0,1,15.175526046956236,458.0,30-32
2023,15653,4.596213700762083,HIT,586.0,0.0,0.0,2.3925967413692595,1995.0,28.0,1,2.3925967413692595,586.0,27-29
2023,15674,1.4403143460784964,HIT,206.0,0.0,0.0,0.8427905253566303,1995.0,28.0,1,0.8427905253566303,206.0,27-29
2023,15676,6.023731200861839,HIT,594.0,0.0,0.0,-0.15814136152081537,1987.0,36.0,1,-0.15814136152081537,594.0,33+
2023,15679,2.8790202609087023,HIT,351.0,1.0,0.0,3.293404220493885,1995.0,28.0,1,3.293404220493885,351.0,27-29
2023,15684,4.937139032163921,PIT,0.0,64.66666666666667,7.0,-0.8335396021512647,1994.0,29.0,1,-0.8335396021512647,64.66666666666667,27-29
2023,15689,14.34352115030284,PIT,0.0,197.0,0.0,6.2820513929418,1992.0,31.0,1,6.2820513929418,197.0,30-32
2023,15711,2.3593609211215294,HIT,266.0,0.0,0.0,6.245968196385699,1995.0,28.0,1,6.245968196385699,266.0,27-29
2023,15734,-0.9863155468463529,PIT,0.0,45.333333333333336,0.0,-1.5683925177791294,1995.0,28.0,1,-1.5683925177791294,45.333333333333336,27-29
2023,15761,3.238224967399943,PIT,0.0,56.333333333333336,0.0,4.284136170869688,1995.0,28.0,1,4.284136170869688,56.333333333333336,27-29
2023,15816,15.724936324713612,PIT,0.0,58.66666666666668,36.0,4.271827680411639,1994.0,29.0,1,4.271827680411639,58.66666666666668,27-29
2023,15823,3.2539129829146813,PIT,0.0,90.0,0.0,4.097400725066497,1995.0,28.0,1,4.097400725066497,90.0,27-29
2023,15873,4.975428160956014,PIT,0.0,117.66666666666667,1.0,8.28100150214486,1992.0,31.0,1,8.28100150214486,117.66666666666667,30-32
2023,15890,-3.500109872878877,PIT,0.0,89.33333333333331,0.0,4.447864465578522,1994.0,29.0,1,4.447864465578522,89.33333333333331,27-29
2023,15937,1.558431300653696,HIT,344.0,0.0,0.0,-0.20303780859061946,1990.0,33.0,1,-0.20303780859061946,344.0,33+
2023,15947,2.3261559475681604,PIT,0.0,50.66666666666668,0.0,2.457438441858525,1991.0,32.0,1,2.457438441858525,50.66666666666668,30-32
2023,15986,6.139324286196203,HIT,638.0,0.0,0.0,9.57954029450125,1995.0,28.0,1,9.57954029450125,638.0,27-29
2023,15998,11.767928591117293,HIT,556.0,0.0,0.0,6.686462015382638,1995.0,28.0,1,6.686462015382638,556.0,27-29
2023,16122,11.596878453774593,PIT,0.0,59.0,36.0,0.7733574283489149,1993.0,30.0,1,0.7733574283489149,59.0,30-32
2023,16137,-1.6922901138238533,PIT,0.0,64.33333333333331,0.0,6.568391374626763,1992.0,31.0,1,6.568391374626763,64.33333333333331,30-32
2023,16149,8.9749940723348,PIT,0.0,193.66666666666663,0.0,7.399872943400896,1993.0,30.0,1,7.399872943400896,193.66666666666663,30-32
2023,16153,2.266086834365307,HIT,207.0,0.0,0.0,1.0456866913616403,1992.0,31.0,1,1.0456866913616403,207.0,30-32
2023,16162,7.821991650570318,PIT,0.0,67.0,0.0,,1993.0,30.0,0,0.0,67.0,30-32
2023,16219,5.7560529414485435,HIT,546.0,0.0,0.0,0.5487233747182695,1993.0,30.0,1,0.5487233747182695,546.0,30-32
2023,16252,10.74098777875528,HIT,691.0,0.0,0.0,8.285166704985462,1993.0,30.0,1,8.285166704985462,691.0,30-32
2023,16256,-0.5208808083586898,PIT,0.0,155.66666666666663,0.0,-1.8458481231422725,1993.0,30.0,1,-1.8458481231422725,155.66666666666663,30-32
2023,16258,-0.629062681710971,PIT,0.0,58.333333333333336,0.0,1.4660150460364378,1993.0,30.0,1,1.4660150460364378,58.333333333333336,30-32
2023,16350,4.954632373938669,PIT,0.0,40.333333333333336,0.0,-0.8512111935645235,1994.0,29.0,1,-0.8512111935645235,40.333333333333336,27-29
2023,16376,5.0073101004928855,HIT,470.0,0.0,0.0,4.6728759024180455,1993.0,30.0,1,4.6728759024180455,470.0,30-32
2023,16400,4.970224593711199,PIT,0.0,66.0,6.0,9.228587199132825,1994.0,29.0,1,9.228587199132825,66.0,27-29
2023,16401,0.08813480813635333,PIT,0.0,85.0,0.0,-2.4018848917751923,1993.0,30.0,1,-2.4018848917751923,85.0,30-32
2023,16426,7.053860482544693,HIT,530.0,0.0,0.0,2.709510482152935,1996.0,27.0,1,2.709510482152935,530.0,27-29
2023,16434,1.7322381963393703,HIT,206.0,0.0,0.0,,1995.0,28.0,0,0.0,206.0,27-29
2023,16442,5.960169844621499,HIT,368.0,0.0,0.0,5.098519015350449,1993.0,30.0,1,5.098519015350449,368.0,30-32
2023,16466,0.23565402095018706,PIT,0.0,52.333333333333336,0.0,1.5707088080622442,1995.0,28.0,1,1.5707088080622442,52.333333333333336,27-29
2023,16478,8.732815465651807,HIT,720.0,0.0,0.0,9.249323939000336,1993.0,30.0,1,9.249323939000336,720.0,30-32
2023,16502,4.213124807479418,PIT,0.0,89.66666666666667,2.0,4.374008035228785,1991.0,32.0,1,4.374008035228785,89.66666666666667,30-32
2023,16505,5.28031703592052,HIT,581.0,0.0,0.0,7.853586480258054,1993.0,30.0,1,7.853586480258054,581.0,30-32
2023,16511,10.904402124980182,PIT,0.0,188.66666666666663,0.0,-4.8062916888760645,1992.0,31.0,1,-4.8062916888760645,188.66666666666663,30-32
2023,16512,4.052825510165414,HIT,361.0,4.0,0.0,4.383365225030481,1995.0,28.0,1,4.383365225030481,361.0,27-29
2023,16530,6.169116774472204,HIT,492.0,0.0,0.0,3.571277966456435,1994.0,29.0,1,3.571277966456435,492.0,27-29
2023,16535,3.9877280128307673,HIT,301.0,0.0,0.0,1.5604045353928004,1995.0,28.0,1,1.5604045353928004,301.0,27-29
2023,16556,11.576224070177698,HIT,660.0,0.0,0.0,4.244735880211619,1997.0,26.0,1,4.244735880211619,660.0,24-26
2023,16561,-0.6171825615191975,PIT,0.0,139.0,0.0,-0.8201332040444511,1993.0,30.0,1,-0.8201332040444511,139.0,30-32
2023,16572,4.459029276173099,HIT,472.0,0.0,0.0,2.729390630034905,1992.0,31.0,1,2.729390630034905,472.0,30-32
2023,16578,10.350217091947023,HIT,600.0,0.0,0.0,5.483346701313469,1991.0,32.0,1,5.483346701313469,600.0,30-32
2023,16587,6.075036840917497,PIT,0.0,66.66666666666667,4.0,0.008787332543428061,1993.0,30.0,1,0.008787332543428061,66.66666666666667,30-32
2023,16609,8.502796126523094,PIT,0.0,72.0,5.0,3.6681965465009703,1997.0,26.0,1,3.6681965465009703,72.0,24-26
2023,16703,4.989790937847642,PIT,0.0,72.0,2.0,-0.9253707264014802,1991.0,32.0,1,-0.9253707264014802,72.0,30-32
2023,16814,-1.533052874552409,PIT,0.0,44.333333333333336,0.0,0.7909760354589519,1990.0,33.0,1,0.7909760354589519,44.333333333333336,33+
2023,16835,2.734873750231031,PIT,0.0,50.66666666666668,0.0,0.9230379545514753,1992.0,31.0,1,0.9230379545514753,50.66666666666668,30-32
2023,16918,-4.2191222967837465,PIT,0.0,123.66666666666667,0.0,6.875960680472632,1993.0,30.0,1,6.875960680472632,123.66666666666667,30-32
2023,16929,0.7102006242267789,PIT,0.0,87.0,0.0,-2.625349861904672,1996.0,27.0,1,-2.625349861904672,87.0,27-29
2023,16930,7.045683353249857,HIT,501.0,0.0,0.0,3.2389762572712377,1995.0,28.0,1,3.2389762572712377,501.0,27-29
2023,16939,10.018235553653835,HIT,682.0,1.0,0.0,6.33386532301985,1995.0,28.0,1,6.33386532301985,682.0,27-29
2023,16977,-2.5144387553484124,PIT,0.0,144.33333333333331,0.0,5.205230021458483,1992.0,31.0,1,5.205230021458483,144.33333333333331,30-32
2023,16990,1.4723687558679304,PIT,0.0,61.0,1.0,1.2540287364997527,1991.0,32.0,1,1.2540287364997527,61.0,30-32
2023,16997,9.080673851253316,HIT,672.0,0.0,0.0,5.737042620115744,1996.0,27.0,1,5.737042620115744,672.0,27-29
2023,17022,3.1906895715896413,HIT,300.0,0.0,0.0,3.055115965906974,1996.0,27.0,1,3.055115965906974,300.0,27-29
2023,17027,6.3634235871966895,HIT,602.0,0.0,0.0,4.405113253654102,1996.0,27.0,1,4.405113253654102,602.0,27-29
2023,17085,11.800137028064228,PIT,0.0,194.0,0.0,6.284592808294841,1996.0,27.0,1,6.284592808294841,194.0,27-29
2023,17128,3.628343029017917,HIT,404.0,0.0,0.0,3.399585862216779,1994.0,29.0,1,3.399585862216779,404.0,27-29
2023,17130,11.215362029967906,PIT,0.0,55.66666666666668,33.0,12.021030519746038,1990.0,33.0,1,12.021030519746038,55.66666666666668,33+
2023,17149,4.93563651836045,PIT,0.0,108.66666666666667,0.0,-2.1047155362652754,1992.0,31.0,1,-2.1047155362652754,108.66666666666667,30-32
2023,17170,3.450458308036829,PIT,0.0,54.66666666666668,1.0,-0.5632031304116094,1995.0,28.0,1,-0.5632031304116094,54.66666666666668,27-29
2023,17192,-0.28426926609473413,PIT,0.0,42.333333333333336,1.0,1.891336949169498,1993.0,30.0,1,1.891336949169498,42.333333333333336,30-32
2023,17232,3.824679440449911,HIT,357.0,0.0,0.0,0.2133573567714351,1995.0,28.0,1,0.2133573567714351,357.0,27-29
2023,17273,5.123399203162901,HIT,350.0,0.0,0.0,2.260990649035757,1995.0,28.0,1,2.260990649035757,350.0,27-29
2023,17277,2.495629488364755,PIT,0.0,125.0,0.0,6.192298510574596,1995.0,28.0,1,6.192298510574596,125.0,27-29
2023,17282,-1.3319080650035513,PIT,0.0,129.33333333333331,0.0,5.860043554287523,1996.0,27.0,1,5.860043554287523,129.33333333333331,27-29
2023,17295,12.478761943493177,PIT,0.0,198.0,0.0,10.031376568550238,1993.0,30.0,1,10.031376568550238,198.0,30-32
2023,17312,13.440530806520362,PIT,0.0,173.33333333333331,0.0,5.839343783987821,1995.0,28.0,1,5.839343783987821,173.33333333333331,27-29
2023,17338,5.8200388218056425,HIT,409.0,2.3333333333333335,0.0,6.1306585695248375,1997.0,26.0,1,6.1306585695248375,409.0,24-26
2023,17350,10.198136820026567,HIT,656.0,0.0,0.0,7.873072736993438,1996.0,27.0,1,7.873072736993438,656.0,27-29
2023,17432,6.455048169514602,PIT,0.0,52.333333333333336,1.0,6.578825845901184,1993.0,30.0,1,6.578825845901184,52.333333333333336,30-32
2023,17452,6.048453331743875,HIT,364.0,0.0,0.0,3.456286928590538,1995.0,28.0,1,3.456286928590538,364.0,27-29
2023,17479,0.5900816285728077,PIT,0.0,144.33333333333331,0.0,9.487760747327906,1995.0,28.0,1,9.487760747327906,144.33333333333331,27-29
2023,17484,5.886095523851372,HIT,489.0,0.0,0.0,1.7768941679251742,1996.0,27.0,1,1.7768941679251742,489.0,27-29
2023,17485,0.4163288877660629,PIT,0.0,59.0,0.0,,1995.0,28.0,0,0.0,59.0,27-29
2023,17490,1.9155624716248802,PIT,0.0,55.66666666666668,0.0,0.8958495523220729,1996.0,27.0,1,0.8958495523220729,55.66666666666668,27-29
2023,17548,5.0287126925132775,HIT,409.0,0.0,0.0,6.3212784668068265,1993.0,30.0,1,6.3212784668068265,409.0,30-32
2023,17586,11.775875754316994,PIT,0.0,78.0,12.0,9.837420437269497,1994.0,29.0,1,9.837420437269497,78.0,27-29
2023,17594,8.970522623344655,PIT,0.0,194.33333333333331,0.0,2.9214085051861294,1996.0,27.0,1,2.9214085051861294,194.33333333333331,27-29
2023,17606,5.671585126477844,PIT,0.0,162.0,0.0,0.6506675137398217,1997.0,26.0,1,0.6506675137398217,162.0,24-26
2023,17611,-0.533127489552587,PIT,0.0,59.0,3.0,,1993.0,30.0,0,0.0,59.0,30-32
2023,17620,3.7050597326201573,HIT,518.0,0.0,0.0,0.17463408880889228,1994.0,29.0,1,0.17463408880889228,518.0,27-29
2023,17639,5.228790938653905,PIT,0.0,75.0,11.0,-3.1050380487340603,1994.0,29.0,1,-3.1050380487340603,75.0,27-29
2023,17678,9.436254510781415,HIT,724.0,0.0,0.0,6.878444913434958,1994.0,29.0,1,6.878444913434958,724.0,27-29
2023,17696,2.665314216927964,HIT,253.0,0.0,0.0,3.159162950300556,1993.0,30.0,1,3.159162950300556,253.0,30-32
2023,17701,1.7534082003679758,PIT,0.0,65.33333333333331,1.0,-1.5641505727467755,1994.0,29.0,1,-1.5641505727467755,65.33333333333331,27-29
2023,17734,11.02273946668591,PIT,0.0,61.333333333333336,24.0,5.215808285905418,1994.0,29.0,1,5.215808285905418,61.333333333333336,27-29
2023,17735,1.8462592660160393,PIT,0.0,44.0,0.0,0.2605869426030748,1994.0,29.0,1,0.2605869426030748,44.0,27-29
2023,17755,2.60628275196838,PIT,0.0,56.333333333333336,3.0,0.7881172669148437,1993.0,30.0,1,0.7881172669148437,56.333333333333336,30-32
2023,17780,5.494100240494953,PIT,0.0,41.333333333333336,10.0,2.9244767398754696,1995.0,28.0,1,2.9244767398754696,41.333333333333336,27-29
2023,17859,9.224328290522507,PIT,0.0,64.0,22.0,0.4576206746465994,1995.0,28.0,1,0.4576206746465994,64.0,27-29
2023,17871,5.827375677146229,PIT,0.0,75.66666666666667,3.0,-0.13146309876799336,1993.0,30.0,1,-0.13146309876799336,75.66666666666667,30-32
2023,17874,2.246964778826648,PIT,0.0,63.333333333333336,0.0,5.343904901729596,1994.0,29.0,1,5.343904901729596,63.333333333333336,27-29
2023,17888,2.4066960759766807,PIT,0.0,47.66666666666668,1.0,1.3343154731448348,1993.0,30.0,1,1.3343154731448348,47.66666666666668,30-32
2023,17901,5.553108924566978,HIT,621.0,0.0,0.0,4.3921435660925985,1994.0,29.0,1,4.3921435660925985,621.0,27-29
2023,17919,8.228772033749062,HIT,691.0,0.0,0.0,7.433852617331767,1994.0,29.0,1,7.433852617331767,691.0,27-29
2023,17929,6.191205142549444,HIT,455.0,0.0,0.0,6.324460997869627,1994.0,29.0,1,6.324460997869627,455.0,27-29
2023,17968,2.8035080246143265,PIT,0.0,59.66666666666668,0.0,-0.909373222464533,1996.0,27.0,1,-0.909373222464533,59.66666666666668,27-29
2023,17969,-0.15861416324684807,PIT,0.0,87.33333333333331,0.0,-2.783338472252934,1997.0,26.0,1,-2.783338472252934,87.33333333333331,24-26
2023,17982,5.585453775205893,HIT,665.0,0.0,0.0,3.3664495103125573,1994.0,29.0,1,3.3664495103125573,665.0,27-29
2023,17988,4.616392728063723,HIT,517.0,0.0,0.0,5.592816883204956,1996.0,27.0,1,5.592816883204956,517.0,27-29
2023,17995,13.778287657910099,PIT,0.0,216.0,0.0,6.598532818001484,1996.0,27.0,1,6.598532818001484,216.0,27-29
2023,17998,9.08502947054964,PIT,0.0,45.333333333333336,25.0,5.113078326151187,1993.0,30.0,1,5.113078326151187,45.333333333333336,30-32
2023,18015,2.965057974546544,HIT,400.0,0.0,0.0,4.5137328995412105,1993.0,30.0,1,4.5137328995412105,400.0,30-32
2023,18030,4.373486778289208,HIT,344.0,0.0,0.0,4.688215695444039,1994.0,29.0,1,4.688215695444039,344.0,27-29
2023,18036,3.93524476885341,HIT,522.0,0.0,0.0,5.744122552982186,1994.0,29.0,1,5.744122552982186,522.0,27-29
2023,18064,5.2444282946984195,PIT,0.0,66.0,1.0,2.6433577418573613,1993.0,30.0,1,2.6433577418573613,66.0,30-32
2023,18126,5.322204037741322,HIT,519.0,0.0,0.0,3.1971797726369267,1994.0,29.0,1,3.1971797726369267,519.0,27-29
2023,18171,3.497746198739739,HIT,378.0,0.0,0.0,3.048479768376503,1992.0,31.0,1,3.048479768376503,378.0,30-32
2023,18289,2.816030116026901,HIT,361.0,0.0,0.0,-0.07652885469376865,1993.0,30.0,1,-0.07652885469376865,361.0,30-32
2023,18314,7.544871630521282,HIT,638.0,0.0,0.0,6.296184120810056,1994.0,29.0,1,6.296184120810056,638.0,27-29
2023,18331,-2.078776683851241,PIT,0.0,61.0,0.0,,1994.0,29.0,0,0.0,61.0,27-29
2023,18333,2.5771069351558924,PIT,0.0,53.66666666666668,1.0,0.30655642170847064,1993.0,30.0,1,0.30655642170847064,53.66666666666668,30-32
2023,18345,12.741935351278583,HIT,674.0,0.0,0.0,6.087825092096725,1997.0,26.0,1,6.087825092096725,674.0,24-26
2023,18356,-1.5505980172873188,PIT,0.0,82.33333333333331,0.0,,1996.0,27.0,0,0.0,82.33333333333331,27-29
2023,18360,11.660722479041947,HIT,715.0,0.0,0.0,5.039339987415567,1997.0,26.0,1,5.039339987415567,715.0,24-26
2023,18373,6.584567062380333,HIT,470.0,0.0,0.0,5.073555154835879,1997.0,26.0,1,5.073555154835879,470.0,24-26
2023,18401,20.69180659021709,HIT,735.0,0.0,0.0,2.7281151765715324,1997.0,26.0,1,2.7281151765715324,735.0,24-26
2023,18403,4.73064246229637,PIT,0.0,65.66666666666667,0.0,-0.9362489443445399,1995.0,28.0,1,-0.9362489443445399,65.66666666666667,27-29
2023,18413,0.04716201632463257,PIT,0.0,63.0,1.0,,1995.0,28.0,0,0.0,63.0,27-29
2023,18498,5.1397922908897264,PIT,0.0,104.33333333333331,0.0,-3.4806398602158994,1988.0,35.0,1,-3.4806398602158994,104.33333333333331,33+
2023,18519,1.5573151653470179,PIT,0.0,67.33333333333331,1.0,-0.7204115773755616,1995.0,28.0,1,-0.7204115773755616,67.33333333333331,27-29
2023,18525,3.890667471364739,PIT,0.0,177.0,0.0,9.774205553294756,1995.0,28.0,1,9.774205553294756,177.0,27-29
2023,18548,2.370940342477297,PIT,0.0,52.333333333333336,0.0,1.0723654005183805,1996.0,27.0,1,1.0723654005183805,52.333333333333336,27-29
2023,18564,4.24040289318959,HIT,555.0,0.0,0.0,1.5520577215864497,1996.0,27.0,1,1.5520577215864497,555.0,27-29
2023,18568,9.347242286196261,HIT,617.0,0.0,0.0,6.703400263578915,1997.0,26.0,1,6.703400263578915,617.0,24-26
2023,18577,6.766238037297058,HIT,525.0,0.0,0.0,2.389056011465726,1997.0,26.0,1,2.389056011465726,525.0,24-26
2023,18655,5.564339192929676,PIT,0.0,64.66666666666667,10.0,3.1466896571977685,1993.0,30.0,1,3.1466896571977685,64.66666666666667,30-32
2023,18674,-2.245546456356153,PIT,0.0,47.66666666666668,0.0,-3.2882586507874434,1996.0,27.0,1,-3.2882586507874434,47.66666666666668,27-29
2023,18679,11.17960162732339,PIT,0.0,165.66666666666663,0.0,6.213235114107515,1996.0,27.0,1,6.213235114107515,165.66666666666663,27-29
2023,18684,6.340057930092101,PIT,0.0,184.66666666666663,0.0,,1995.0,28.0,0,0.0,184.66666666666663,27-29
2023,18795,3.708028269883587,HIT,396.0,0.0,0.0,3.1604473445884627,1994.0,29.0,1,3.1604473445884627,396.0,27-29
2023,18819,4.018947275056974,HIT,383.0,0.0,0.0,2.195268118545359,1993.0,30.0,1,2.195268118545359,383.0,30-32
2023,18839,8.699900942832675,HIT,495.0,0.0,0.0,8.006973939223583,1997.0,26.0,1,8.006973939223583,495.0,24-26
2023,18864,2.378698985166936,PIT,0.0,50.333333333333336,0.0,2.3291868501227624,1997.0,26.0,1,2.3291868501227624,50.333333333333336,24-26
2023,18882,5.917926565977999,HIT,436.0,0.0,0.0,4.992814474463431,1994.0,29.0,1,4.992814474463431,436.0,27-29
2023,18900,7.056024426490615,HIT,554.0,0.0,0.0,4.606437570495574,1998.0,25.0,1,4.606437570495574,554.0,24-26
2023,19197,7.253360023450855,HIT,554.0,0.0,0.0,5.912578562591637,1995.0,28.0,1,5.912578562591637,554.0,27-29
2023,19198,2.405576269912948,HIT,329.0,0.0,0.0,0.38739451756459287,1984.0,39.0,1,0.38739451756459287,329.0,33+
2023,19205,-1.6747711867426012,PIT,0.0,85.0,1.0,,1994.0,29.0,0,0.0,85.0,27-29
2023,19206,0.2901421628049925,PIT,0.0,81.33333333333331,0.0,-5.338373478433958,1994.0,29.0,1,-5.338373478433958,81.33333333333331,27-29
2023,19238,7.593184429738005,HIT,592.0,0.0,0.0,6.809263337698101,1993.0,30.0,1,6.809263337698101,592.0,30-32
2023,19244,1.3286842763128066,PIT,0.0,77.33333333333331,0.0,-1.5065422957856458,1994.0,29.0,1,-1.5065422957856458,77.33333333333331,27-29
2023,19249,2.905717358157114,PIT,0.0,50.0,2.0,2.6657517503295702,1994.0,29.0,1,2.6657517503295702,50.0,27-29
2023,19251,9.816516921048455,HIT,658.0,0.0,0.0,7.5474834051375,1994.0,29.0,1,7.5474834051375,658.0,27-29
2023,19252,3.8485589547399797,HIT,338.0,0.0,0.0,1.1646478727038563,1995.0,28.0,1,1.1646478727038563,338.0,27-29
2023,19260,6.3735040292145495,HIT,380.0,0.0,0.0,4.058467034332214,1995.0,28.0,1,4.058467034332214,380.0,27-29
2023,19261,4.683426964942793,PIT,0.0,58.0,2.0,0.36764539037340044,1995.0,28.0,1,0.36764539037340044,58.0,27-29
2023,19262,2.71318755227939,HIT,252.0,0.0,0.0,1.200282975739198,1994.0,29.0,1,1.200282975739198,252.0,27-29
2023,19273,3.879668810885267,HIT,271.0,0.0,0.0,0.32700851507557094,1995.0,28.0,1,0.32700851507557094,271.0,27-29
2023,19274,2.209903990056219,PIT,0.0,53.66666666666668,1.0,2.564160482808362,1993.0,30.0,1,2.564160482808362,53.66666666666668,30-32
2023,19287,10.82950834295529,HIT,632.0,0.0,0.0,6.079781337010454,1993.0,30.0,1,6.079781337010454,632.0,30-32
2023,19290,9.45468744553872,HIT,654.0,0.0,0.0,5.561281626604594,1995.0,28.0,1,5.561281626604594,654.0,27-29
2023,19291,14.84077201195741,PIT,0.0,210.0,0.0,5.844710101823357,1995.0,28.0,1,5.844710101823357,210.0,27-29
2023,19293,4.2285303035035575,HIT,330.0,0.0,0.0,0.9997034888829222,1995.0,28.0,1,0.9997034888829222,330.0,27-29
2023,19296,2.6185600253229806,HIT,439.0,0.0,0.0,1.9029940262286198,1994.0,29.0,1,1.9029940262286198,439.0,27-29
2023,19309,1.502559729482857,PIT,0.0,72.66666666666667,0.0,0.6754804883412362,1993.0,30.0,1,0.6754804883412362,72.66666666666667,30-32
2023,19312,-0.7699797044729111,PIT,0.0,99.66666666666667,0.0,-2.260718128577055,1995.0,28.0,1,-2.260718128577055,99.66666666666667,27-29
2023,19316,-1.2222785693646536,PIT,0.0,46.66666666666668,0.0,,1995.0,28.0,0,0.0,46.66666666666668,27-29
2023,19318,2.290166214158496,HIT,307.0,0.0,0.0,0.6919674567026869,1995.0,28.0,1,0.6919674567026869,307.0,27-29
2023,19320,3.031571814216974,PIT,0.0,46.66666666666668,0.0,-0.43967769950608426,1993.0,30.0,1,-0.43967769950608426,46.66666666666668,30-32
2023,19326,8.883936789635205,HIT,640.0,0.0,0.0,7.874731289173901,1995.0,28.0,1,7.874731289173901,640.0,27-29
2023,19339,1.718120204409789,HIT,262.0,2.3333333333333335,0.0,1.9111922617175199,1995.0,28.0,1,1.9111922617175199,262.0,27-29
2023,19343,7.473108142956181,PIT,0.0,56.66666666666668,15.0,4.090718579430094,1995.0,28.0,1,4.090718579430094,56.66666666666668,27-29
2023,19349,4.409713511726389,PIT,0.0,60.333333333333336,3.0,-0.4550085231044617,1996.0,27.0,1,-0.4550085231044617,60.333333333333336,27-29
2023,19350,7.370358787483627,PIT,0.0,172.66666666666663,0.0,2.995376700622897,1996.0,27.0,1,2.995376700622897,172.66666666666663,27-29
2023,19352,6.1593901414718175,HIT,438.0,0.0,0.0,1.1781639884027613,1994.0,29.0,1,1.1781639884027613,438.0,27-29
2023,19354,4.562605592610665,HIT,406.0,2.6666666666666674,0.0,5.426549233175244,1994.0,29.0,1,5.426549233175244,406.0,27-29
2023,19360,0.8770922663076959,PIT,0.0,55.0,0.0,4.752208456499446,1995.0,28.0,1,4.752208456499446,55.0,27-29
2023,19361,12.694935211461829,PIT,0.0,193.66666666666663,0.0,10.595847821979858,1994.0,29.0,1,10.595847821979858,193.66666666666663,27-29
2023,19363,7.237433916804557,HIT,566.0,0.0,0.0,1.8635296768780292,1995.0,28.0,1,1.8635296768780292,566.0,27-29
2023,19388,3.221796292319696,PIT,0.0,103.0,0.0,,1994.0,29.0,0,0.0,103.0,27-29
2023,19392,3.9689185250596255,HIT,518.0,1.0,0.0,2.0505836881638895,1995.0,28.0,1,2.0505836881638895,518.0,27-29
2023,19403,8.554238878143984,PIT,0.0,60.66666666666668,1.0,1.0978714011741288,1994.0,29.0,1,1.0978714011741288,60.66666666666668,27-29
2023,19407,0.5932799711065918,PIT,0.0,52.0,0.0,9.799019023539259,1993.0,30.0,1,9.799019023539259,52.0,30-32
2023,19409,8.413136695322686,PIT,0.0,172.66666666666663,0.0,-1.302766283266527,1994.0,29.0,1,-1.302766283266527,172.66666666666663,27-29
2023,19427,5.372058735472347,PIT,0.0,128.0,0.0,1.9175654958332164,1995.0,28.0,1,1.9175654958332164,128.0,27-29
2023,19447,2.7281644128718363,PIT,0.0,144.66666666666663,0.0,-1.6231812012883178,1996.0,27.0,1,-1.6231812012883178,144.66666666666663,27-29
2023,19452,4.323045096159396,HIT,365.0,0.0,0.0,2.112365560879136,1995.0,28.0,1,2.112365560879136,365.0,27-29
2023,19454,0.4159454775613589,PIT,0.0,40.333333333333336,0.0,,1994.0,29.0,0,0.0,40.333333333333336,27-29
2023,19455,3.0010968168365983,HIT,315.0,0.0,0.0,0.9757800070971425,1997.0,26.0,1,0.9757800070971425,315.0,24-26
2023,19470,6.694094729664473,HIT,528.0,0.0,0.0,1.8472895196006343,1995.0,28.0,1,1.8472895196006343,528.0,27-29
2023,19479,7.245720982054268,PIT,0.0,122.33333333333331,0.0,1.7545184802096743,1995.0,28.0,1,1.7545184802096743,122.33333333333331,27-29
2023,19482,1.7060784615194224,PIT,0.0,48.333333333333336,0.0,,1993.0,30.0,0,0.0,48.333333333333336,30-32
2023,19514,2.8601909398066017,HIT,241.0,0.0,0.0,0.27199954011539595,1995.0,28.0,1,0.27199954011539595,241.0,27-29
2023,19522,8.89365401677561,HIT,556.0,0.0,0.0,3.660013697335204,1995.0,28.0,1,3.660013697335204,556.0,27-29
2023,19531,5.996067769996398,PIT,0.0,69.0,7.0,6.286691411727742,1995.0,28.0,1,6.286691411727742,69.0,27-29
2023,19556,9.618886754090344,HIT,496.0,0.0,0.0,9.860160339294879,1997.0,26.0,1,9.860160339294879,496.0,24-26
2023,19562,1.2181925589030698,HIT,253.0,6.0,0.0,-0.022243129688385932,1995.0,28.0,1,-0.022243129688385932,253.0,27-29
2023,19566,7.549946711057291,HIT,724.0,0.0,0.0,5.512554033878492,1995.0,28.0,1,5.512554033878492,724.0,27-29
2023,19569,13.598974876817378,PIT,0.0,67.33333333333331,39.0,2.2713284672178404,1994.0,29.0,1,2.2713284672178404,67.33333333333331,27-29
2023,19599,8.077705043220812,HIT,457.0,0.0,0.0,1.968104331366642,1995.0,28.0,1,1.968104331366642,457.0,27-29
2023,19600,6.67593563276895,HIT,626.0,0.0,0.0,5.031776970332603,1996.0,27.0,1,5.031776970332603,626.0,27-29
2023,19610,5.910292957311808,HIT,562.0,0.0,0.0,3.581638000545042,1998.0,25.0,1,3.581638000545042,562.0,24-26
2023,19611,8.737154422830157,HIT,682.0,0.0,0.0,10.760524308015222,1999.0,24.0,1,10.760524308015222,682.0,24-26
2023,19612,8.701621786070714,HIT,601.0,0.0,0.0,1.8730210364585718,1998.0,25.0,1,1.8730210364585718,601.0,24-26
2023,19614,2.25138742521162,PIT,0.0,53.333333333333336,3.0,0.11187870541829592,1996.0,27.0,1,0.11187870541829592,53.333333333333336,27-29
2023,19618,5.674657885696755,PIT,0.0,65.66666666666667,12.0,0.23685898901322,1996.0,27.0,1,0.23685898901322,65.66666666666667,27-29
2023,19627,6.960249383691626,HIT,526.0,0.0,0.0,10.53019954940828,1994.0,29.0,1,10.53019954940828,526.0,27-29
2023,19677,3.0092422467374274,PIT,0.0,60.333333333333336,3.0,0.178924187669806,1995.0,28.0,1,0.178924187669806,60.333333333333336,27-29
2023,19695,-6.028677706552919,PIT,0.0,87.33333333333331,0.0,,1996.0,27.0,0,0.0,87.33333333333331,27-29
2023,19698,4.784440750736566,HIT,385.0,0.0,0.0,1.4629785725195434,1996.0,27.0,1,1.4629785725195434,385.0,27-29
2023,19709,9.962154225749673,HIT,635.0,0.0,0.0,6.052392207992165,1999.0,24.0,1,6.052392207992165,635.0,24-26
2023,19716,4.631225840871454,PIT,0.0,48.0,0.0,,1997.0,26.0,0,0.0,48.0,24-26
2023,19734,3.0327113195895437,HIT,350.0,2.0,0.0,2.552263627295201,1994.0,29.0,1,2.552263627295201,350.0,27-29
2023,19755,24.77492262827627,HIT,599.0,132.0,0.0,17.319592704643554,1994.0,29.0,1,17.319592704643554,599.0,27-29
2023,19769,3.9456912371016912,PIT,0.0,48.333333333333336,2.0,3.5166289319598985,1995.0,28.0,1,3.5166289319598985,48.333333333333336,27-29
2023,19804,2.899431190426606,PIT,0.0,45.0,0.0,0.16175039807477276,1994.0,29.0,1,0.16175039807477276,45.0,27-29
2023,19818,3.1477536164891675,HIT,264.0,0.0,0.0,0.6509567163158292,1995.0,28.0,1,0.6509567163158292,264.0,27-29
2023,19853,8.797514907380283,PIT,0.0,104.66666666666667,6.0,9.026512249573402,1995.0,28.0,1,9.026512249573402,104.66666666666667,27-29
2023,19858,5.613473954972345,HIT,445.0,0.0,0.0,4.6889399027741305,1997.0,26.0,1,4.6889399027741305,445.0,24-26
2023,19866,1.906429823494186,PIT,0.0,80.0,0.0,-1.401884012415626,1996.0,27.0,1,-1.401884012415626,80.0,27-29
2023,19867,5.243295999937731,PIT,0.0,127.0,0.0,-2.557634390609552,1996.0,27.0,1,-2.557634390609552,127.0,27-29
2023,19871,-1.4132186680280603,PIT,0.0,51.333333333333336,2.0,0.6286098329911566,1996.0,27.0,1,0.6286098329911566,51.333333333333336,27-29
2023,19874,2.604734834171939,PIT,0.0,64.66666666666667,0.0,1.7453509852039675,1995.0,28.0,1,1.7453509852039675,64.66666666666667,27-29
2023,19876,8.691890958133293,PIT,0.0,65.33333333333331,4.0,4.739330652013425,1994.0,29.0,1,4.739330652013425,65.33333333333331,27-29
2023,19879,1.7290639163124515,PIT,0.0,106.0,0.0,7.198914950909956,1996.0,27.0,1,7.198914950909956,106.0,27-29
2023,19883,9.18833279872845,PIT,0.0,66.0,26.0,-0.27905110390568955,1995.0,28.0,1,-0.27905110390568955,66.0,27-29
2023,19890,2.5585356318146815,HIT,283.0,0.0,0.0,1.2358565852028063,1996.0,27.0,1,1.2358565852028063,283.0,27-29
2023,19892,1.619054163555192,HIT,228.0,0.0,0.0,2.7907985301583564,1996.0,27.0,1,2.7907985301583564,228.0,27-29
2023,19896,3.898887685282875,HIT,403.0,0.0,0.0,5.23988579264536,1996.0,27.0,1,5.23988579264536,403.0,27-29
2023,19899,3.934672423365145,PIT,0.0,159.0,0.0,4.179337835181853,1996.0,27.0,1,4.179337835181853,159.0,27-29
2023,19901,2.0672433641241277,HIT,344.0,0.0,0.0,2.6875574664717155,1996.0,27.0,1,2.6875574664717155,344.0,27-29
2023,19913,4.594340836998627,HIT,402.0,0.0,0.0,5.888078390821207,1997.0,26.0,1,5.888078390821207,402.0,24-26
2023,19918,5.859348975569498,HIT,581.0,0.0,0.0,4.7605472976848695,1996.0,27.0,1,4.7605472976848695,581.0,27-29
2023,19932,4.341450611790439,PIT,0.0,68.66666666666667,2.0,,1995.0,28.0,0,0.0,68.66666666666667,27-29
2023,19950,7.90629880806271,HIT,616.0,0.0,0.0,6.123929849577001,1998.0,25.0,1,6.123929849577001,616.0,24-26
2023,19953,10.226255411602056,HIT,501.0,0.0,0.0,4.054844341307851,1998.0,25.0,1,4.054844341307851,501.0,24-26
2023,19956,4.790570069352541,HIT,323.0,0.0,0.0,3.616278783411258,1998.0,25.0,1,3.616278783411258,323.0,24-26
2023,19959,10.25855799198092,PIT,0.0,178.66666666666663,0.0,0.09442702305798717,1997.0,26.0,1,0.09442702305798717,178.66666666666663,24-26
2023,19962,-5.200255569809022,PIT,0.0,105.66666666666667,0.0,-0.7801731286373341,1997.0,26.0,1,-0.7801731286373341,105.66666666666667,24-26
2023,19990,7.181711650962438,PIT,0.0,76.66666666666667,3.0,1.575928812544738,1997.0,26.0,1,1.575928812544738,76.66666666666667,24-26
2023,19997,2.0427133840665523,HIT,254.0,0.0,0.0,3.46225149000178,1994.0,29.0,1,3.46225149000178,254.0,27-29
2023,20000,8.518315563323526,PIT,0.0,118.66666666666667,1.0,-0.5798593380165176,1994.0,29.0,1,-0.5798593380165176,118.66666666666667,27-29
2023,20020,1.781085503752135,PIT,0.0,46.66666666666668,1.0,1.7847822543277736,1994.0,29.0,1,1.7847822543277736,46.66666666666668,27-29
2023,20036,8.243917965300858,HIT,571.0,0.0,0.0,5.250455550954419,1999.0,24.0,1,5.250455550954419,571.0,24-26
2023,20043,10.69696667818012,HIT,595.0,0.0,0.0,4.168042806712311,1997.0,26.0,1,4.168042806712311,595.0,24-26
2023,20056,1.5950749962668356,HIT,227.0,2.0,0.0,-0.23849690660443187,1996.0,27.0,1,-0.23849690660443187,227.0,27-29
2023,20070,-0.6320127883556378,PIT,0.0,80.66666666666667,0.0,1.1307681140873644,1997.0,26.0,1,1.1307681140873644,80.66666666666667,24-26
2023,20123,11.583598917604046,HIT,708.0,0.0,0.0,11.720077801001473,1998.0,25.0,1,11.720077801001473,708.0,24-26
2023,20126,1.9102227729816115,HIT,255.0,0.0,0.0,0.997654550770856,1998.0,25.0,1,0.997654550770856,255.0,24-26
2023,20160,2.300447699796936,PIT,0.0,42.66666666666668,1.0,0.5767901610354798,1996.0,27.0,1,0.5767901610354798,42.66666666666668,27-29
2023,20167,-7.318065017842956,PIT,0.0,77.0,0.0,0.34092701071962966,1997.0,26.0,1,0.34092701071962966,77.0,24-26
2023,20178,1.984578931983039,HIT,304.0,0.0,0.0,0.3970150398792116,1999.0,24.0,1,0.3970150398792116,304.0,24-26
2023,20191,1.8571883539266187,PIT,0.0,71.66666666666667,1.0,1.1699988865374407,1996.0,27.0,1,1.1699988865374407,71.66666666666667,27-29
2023,20202,6.323973842998489,HIT,472.0,0.0,0.0,5.600891541163445,1997.0,26.0,1,5.600891541163445,472.0,24-26
2023,20203,2.7644880060197066,PIT,0.0,67.33333333333331,1.0,3.2784864886207608,1996.0,27.0,1,3.2784864886207608,67.33333333333331,27-29
2023,20206,4.948382023503847,PIT,0.0,64.66666666666667,0.0,-1.3005427032441448,1995.0,28.0,1,-1.3005427032441448,64.66666666666667,27-29
2023,20253,5.009536798601265,PIT,0.0,65.33333333333331,4.0,8.027093317574561,1994.0,29.0,1,8.027093317574561,65.33333333333331,27-29
2023,20302,-0.37158008864045744,PIT,0.0,111.0,0.0,5.150175374788615,1995.0,28.0,1,5.150175374788615,111.0,27-29
2023,20308,3.1325131827370534,HIT,341.0,0.0,0.0,3.9985793845166695,1996.0,27.0,1,3.9985793845166695,341.0,27-29
2023,20311,3.6614156149808577,HIT,323.0,0.0,0.0,1.0436256871767944,1996.0,27.0,1,1.0436256871767944,323.0,27-29
2023,20321,2.8008955972559586,HIT,255.0,0.0,0.0,2.7631430031102435,1996.0,27.0,1,2.7631430031102435,255.0,27-29
2023,20325,3.8512621948419974,HIT,319.0,0.0,0.0,1.0816732794629893,1997.0,26.0,1,1.0816732794629893,319.0,24-26
2023,20353,2.1993300922320973,PIT,0.0,53.0,0.0,-1.2859413907601962,1994.0,29.0,1,-1.2859413907601962,53.0,27-29
2023,20367,8.839213925548625,PIT,0.0,67.33333333333331,7.0,0.5440516319194302,1998.0,25.0,1,0.5440516319194302,67.33333333333331,24-26
2023,20369,4.860743239058959,PIT,0.0,78.0,0.0,-0.8488265052447908,1998.0,25.0,1,-0.8488265052447908,78.0,24-26
2023,20373,6.3586431571886655,PIT,0.0,49.0,13.0,7.934389374820425,1999.0,24.0,1,7.934389374820425,49.0,24-26
2023,20391,5.481637370589949,HIT,482.0,0.0,0.0,7.16315925897983,2000.0,23.0,1,7.16315925897983,482.0,<=23
2023,20418,-0.012304258065753193,PIT,0.0,51.66666666666668,0.0,-0.26602954282305225,1996.0,27.0,1,-0.26602954282305225,51.66666666666668,27-29
2023,20422,0.13287787956252617,PIT,0.0,42.333333333333336,0.0,,1997.0,26.0,0,0.0,42.333333333333336,24-26
2023,20423,4.037013003620611,PIT,0.0,61.333333333333336,1.0,10.152259950018687,1995.0,28.0,1,10.152259950018687,61.333333333333336,27-29
2023,20437,5.455439037738881,HIT,239.0,0.0,0.0,3.4165009230331194,1999.0,24.0,1,3.4165009230331194,239.0,24-26
2023,20454,6.432880488959335,HIT,383.0,0.0,0.0,8.559607448611192,1998.0,25.0,1,8.559607448611192,383.0,24-26
2023,20503,8.645482652785729,HIT,611.0,0.0,0.0,8.805685993289847,1997.0,26.0,1,8.805685993289847,611.0,24-26
2023,20505,3.679769134269581,HIT,337.0,0.0,0.0,0.010304597545888833,1998.0,25.0,1,0.010304597545888833,337.0,24-26
2023,20515,3.5988308915567004,PIT,0.0,56.0,0.0,0.14670620601366197,1996.0,27.0,1,0.14670620601366197,56.0,27-29
2023,20517,4.603697162139163,PIT,0.0,60.0,0.0,3.175808913198357,1997.0,26.0,1,3.175808913198357,60.0,24-26
2023,20521,3.080202169650452,HIT,294.0,0.0,0.0,0.3370340676693311,1997.0,26.0,1,0.3370340676693311,294.0,24-26
2023,20529,8.316205700851638,HIT,424.0,0.0,0.0,1.7434877389781351,1998.0,25.0,1,1.7434877389781351,424.0,24-26
2023,20531,6.6721377029039575,PIT,0.0,129.33333333333331,0.0,4.296278948131231,1996.0,27.0,1,4.296278948131231,129.33333333333331,27-29
2023,20543,3.3947805188835765,HIT,307.0,0.0,0.0,1.1654445614319888,1998.0,25.0,1,1.1654445614319888,307.0,24-26
2023,20633,8.40164792896916,PIT,0.0,167.66666666666663,0.0,4.907105659651378,1991.0,32.0,1,4.907105659651378,167.66666666666663,30-32
2023,20666,15.941210789488919,PIT,0.0,61.0,33.0,,1995.0,28.0,0,0.0,61.0,27-29
2023,20778,5.9261055405904965,PIT,0.0,99.33333333333331,0.0,6.016816556789165,1996.0,27.0,1,6.016816556789165,99.33333333333331,27-29
2023,21023,-0.24079672726441814,PIT,0.0,55.0,0.0,,1996.0,27.0,0,0.0,55.0,27-29
2023,21029,10.4785024261265,PIT,0.0,62.333333333333336,27.0,6.326429130876836,1998.0,25.0,1,6.326429130876836,62.333333333333336,24-26
2023,21032,12.58839521092671,PIT,0.0,72.66666666666667,44.0,15.724053888540034,1998.0,25.0,1,15.724053888540034,72.66666666666667,24-26
2023,21045,0.21636508798820941,PIT,0.0,43.0,1.0,1.3885903109556312,1994.0,29.0,1,1.3885903109556312,43.0,27-29
2023,21101,4.766419045295407,PIT,0.0,58.0,1.0,,1996.0,27.0,0,0.0,58.0,27-29
2023,21132,13.582043496040255,PIT,0.0,67.33333333333331,37.0,4.901323163720164,1996.0,27.0,1,4.901323163720164,67.33333333333331,27-29
2023,21212,5.6883861267705695,PIT,0.0,136.33333333333331,0.0,-2.2352029164685066,1995.0,28.0,1,-2.2352029164685066,136.33333333333331,27-29
2023,21224,9.649434858067272,PIT,0.0,144.33333333333331,0.0,7.819375649226844,1995.0,28.0,1,7.819375649226844,144.33333333333331,27-29
2023,21267,1.7725234404498051,PIT,0.0,89.33333333333331,0.0,-0.8032526876131252,1995.0,28.0,1,-0.8032526876131252,89.33333333333331,27-29
2023,21298,1.2673221551508282,PIT,0.0,61.333333333333336,2.0,,1996.0,27.0,0,0.0,61.333333333333336,27-29
2023,21318,1.2256482402329558,PIT,0.0,126.33333333333331,0.0,1.5513050924265261,1995.0,28.0,1,1.5513050924265261,126.33333333333331,27-29
2023,21390,8.128909388628406,PIT,0.0,161.66666666666663,0.0,6.397690967109118,1996.0,27.0,1,6.397690967109118,161.66666666666663,27-29
2023,21446,-1.2738933902425,PIT,0.0,43.333333333333336,0.0,-0.5144561956305918,1996.0,27.0,1,-0.5144561956305918,43.333333333333336,27-29
2023,21454,6.161737979651279,HIT,503.0,0.0,0.0,3.5852274488924145,1997.0,26.0,1,3.5852274488924145,503.0,24-26
2023,21479,10.48500897439573,HIT,688.0,0.0,0.0,6.925086825148593,1997.0,26.0,1,6.925086825148593,688.0,24-26
2023,21483,8.729745956499698,PIT,0.0,115.0,0.0,,1997.0,26.0,0,0.0,115.0,24-26
2023,21501,2.415504221090275,HIT,212.0,0.0,0.0,4.737943776980162,1997.0,26.0,1,4.737943776980162,212.0,24-26
2023,21504,0.7845529270335538,PIT,0.0,121.0,0.0,3.1180893670822116,1997.0,26.0,1,3.1180893670822116,121.0,24-26
2023,21520,-2.4244736305013808,PIT,0.0,63.0,0.0,2.286961442015044,1996.0,27.0,1,2.286961442015044,63.0,27-29
2023,21523,6.813867383495683,HIT,529.0,0.0,0.0,5.913484345862907,1996.0,27.0,1,5.913484345862907,529.0,27-29
2023,21534,6.936662569535496,HIT,569.0,0.0,0.0,6.894648514760419,1996.0,27.0,1,6.894648514760419,569.0,27-29
2023,21537,1.2546476470946002,PIT,0.0,52.333333333333336,0.0,2.20504353867769,1996.0,27.0,1,2.20504353867769,52.333333333333336,27-29
2023,21538,1.785933204988066,HIT,323.0,0.0,0.0,1.5083828802018184,1996.0,27.0,1,1.5083828802018184,323.0,27-29
2023,21558,5.098207673082493,HIT,530.0,0.0,0.0,5.668918314047551,1996.0,27.0,1,5.668918314047551,530.0,27-29
2023,21584,3.455347823911725,PIT,0.0,85.0,2.0,0.8700979295625504,1996.0,27.0,1,0.8700979295625504,85.0,27-29
2023,21614,3.268112822467443,HIT,313.0,0.0,0.0,3.7848090537951653,1997.0,26.0,1,3.7848090537951653,313.0,24-26
2023,21618,8.414581876195385,HIT,611.0,0.0,0.0,6.927844861832247,1996.0,27.0,1,6.927844861832247,611.0,27-29
2023,21622,3.554500282003504,HIT,312.0,0.0,0.0,6.459392800027299,1997.0,26.0,1,6.459392800027299,312.0,24-26
2023,21635,1.3258638261479307,HIT,293.0,0.0,0.0,-0.07652885469376865,1997.0,26.0,1,-0.07652885469376865,293.0,24-26
2023,21636,6.574706009487324,HIT,634.0,0.0,0.0,7.053607123883938,1997.0,26.0,1,7.053607123883938,634.0,24-26
2023,21649,-1.0722186559639584,PIT,0.0,109.66666666666667,0.0,-1.0537979128452837,1999.0,24.0,1,-1.0537979128452837,109.66666666666667,24-26
2023,21652,3.756895482719715,PIT,0.0,61.333333333333336,1.0,2.36366205083395,1997.0,26.0,1,2.36366205083395,61.333333333333336,24-26
2023,21690,3.473788195790063,PIT,0.0,99.66666666666667,0.0,-0.29638978159714235,1998.0,25.0,1,-0.29638978159714235,99.66666666666667,24-26
2023,21707,2.2468110041559872,HIT,330.0,0.0,0.0,3.193277766054839,1999.0,24.0,1,3.193277766054839,330.0,24-26
2023,21741,6.139221039563703,PIT,0.0,109.33333333333331,0.0,1.8235875606390382,1997.0,26.0,1,1.8235875606390382,109.33333333333331,24-26
2023,21780,8.270637465694351,HIT,497.0,0.0,0.0,0.7955997245894799,1999.0,24.0,1,0.7955997245894799,497.0,24-26
2023,21840,3.0990827818634705,HIT,235.0,0.0,0.0,3.1692590071640248,1995.0,28.0,1,3.1692590071640248,235.0,27-29
2023,21844,9.100346818173389,PIT,0.0,159.66666666666663,0.0,0.030676269795587963,1997.0,26.0,1,0.030676269795587963,159.66666666666663,24-26
2023,21846,6.738893305121899,PIT,0.0,96.0,0.0,8.986807596658076,1997.0,26.0,1,8.986807596658076,96.0,24-26
2023,21850,-0.08912889571884541,PIT,0.0,54.0,1.0,,1998.0,25.0,0,0.0,54.0,24-26
2023,21853,5.4210691635832955,HIT,329.0,0.0,0.0,3.1063090001829163,1998.0,25.0,1,3.1063090001829163,329.0,24-26
2023,21863,1.3988185935885904,PIT,0.0,52.0,1.0,-1.0353124652505667,1999.0,24.0,1,-1.0353124652505667,52.0,24-26
2023,21865,3.255836711950022,HIT,230.0,0.0,0.0,2.547447712674792,2000.0,23.0,1,2.547447712674792,230.0,<=23
2023,21894,3.8040294169299163,PIT,0.0,66.33333333333331,5.0,-0.011538351123034252,1999.0,24.0,1,-0.011538351123034252,66.33333333333331,24-26
2023,21897,6.857281674942497,HIT,429.0,0.0,0.0,3.671702800588715,1999.0,24.0,1,3.671702800588715,429.0,24-26
2023,21987,1.4030846900030278,HIT,256.0,0.0,0.0,,1999.0,24.0,0,0.0,256.0,24-26
2023,21992,13.484586356611487,PIT,0.0,67.66666666666667,39.0,3.334424314150186,1997.0,26.0,1,3.334424314150186,67.66666666666667,24-26
2023,22100,1.7361797653706932,PIT,0.0,42.0,0.0,3.6165667543286566,1998.0,25.0,1,3.6165667543286566,42.0,24-26
2023,22117,2.4982579367392583,HIT,345.0,0.0,0.0,0.09649375416879832,1998.0,25.0,1,0.09649375416879832,345.0,24-26
2023,22168,3.626236065356179,HIT,357.0,0.0,0.0,0.023425097889779645,1998.0,25.0,1,0.023425097889779645,357.0,24-26
2023,22182,2.0823303131778688,PIT,0.0,112.0,0.0,9.263775221459996,1999.0,24.0,1,9.263775221459996,112.0,24-26
2023,22184,1.6133966278237737,HIT,233.0,0.0,0.0,6.129008196840295,1999.0,24.0,1,6.129008196840295,233.0,24-26
2023,22186,4.046459406017541,HIT,448.0,0.0,0.0,7.268403517123944,1999.0,24.0,1,7.268403517123944,448.0,24-26
2023,22197,5.187205534811527,HIT,602.0,0.0,0.0,3.020367091578917,1998.0,25.0,1,3.020367091578917,602.0,24-26
2023,22201,3.660727662143298,PIT,0.0,136.33333333333331,0.0,2.823101334656656,1999.0,24.0,1,2.823101334656656,136.33333333333331,24-26
2023,22244,6.776024317404184,HIT,534.0,0.0,0.0,1.7776365808620491,1998.0,25.0,1,1.7776365808620491,534.0,24-26
2023,22250,12.307960902009167,PIT,0.0,190.66666666666663,0.0,11.580441170539057,1997.0,26.0,1,11.580441170539057,190.66666666666663,24-26
2023,22263,6.842911070267833,HIT,464.0,0.0,0.0,3.4052405128753858,2000.0,23.0,1,3.4052405128753858,464.0,<=23
2023,22267,8.744788006235055,PIT,0.0,80.33333333333331,0.0,15.948621174119744,1996.0,27.0,1,15.948621174119744,80.33333333333331,27-29
2023,22275,7.92113759451717,HIT,540.0,0.0,0.0,6.387944247859282,1996.0,27.0,1,6.387944247859282,540.0,27-29
2023,22277,1.6708014193197447,HIT,329.0,0.0,0.0,-0.0662405402918092,1998.0,25.0,1,-0.0662405402918092,329.0,24-26
2023,22288,-0.1623233747470868,PIT,0.0,56.0,0.0,-0.2165801802896437,1999.0,24.0,1,-0.2165801802896437,56.0,24-26
2023,22294,-0.1848566783861928,PIT,0.0,61.66666666666668,0.0,0.5913725744853838,1999.0,24.0,1,0.5913725744853838,61.66666666666668,24-26
2023,22318,0.5882749095531015,PIT,0.0,50.66666666666668,0.0,0.3234553527401375,1997.0,26.0,1,0.3234553527401375,50.66666666666668,24-26
2023,22361,1.6215391783681774,PIT,0.0,56.0,2.0,1.8231708382212977,1995.0,28.0,1,1.8231708382212977,56.0,27-29
2023,22387,4.612091997895388,PIT,0.0,84.33333333333331,3.0,0.6374824683676217,1998.0,25.0,1,0.6374824683676217,84.33333333333331,24-26
2023,22458,3.9762640273243184,HIT,349.0,0.0,0.0,1.2817024850999665,1996.0,27.0,1,1.2817024850999665,349.0,27-29
2023,22487,4.698398124141165,PIT,0.0,177.66666666666663,0.0,,1998.0,25.0,0,0.0,177.66666666666663,24-26
2023,22514,6.698315640517208,HIT,502.0,0.0,0.0,2.5651991152768647,2000.0,23.0,1,2.5651991152768647,502.0,<=23
2023,22543,0.9443708620956257,PIT,0.0,104.66666666666667,0.0,3.5463989014552726,2001.0,22.0,1,3.5463989014552726,104.66666666666667,<=23
2023,22558,4.94945248362063,HIT,416.0,0.0,0.0,3.753948266864782,1999.0,24.0,1,3.753948266864782,416.0,24-26
2023,22563,2.2234801878743125,HIT,345.0,0.0,0.0,1.1509311681921925,2000.0,23.0,1,1.1509311681921925,345.0,<=23
2023,22581,3.169376832684774,HIT,422.0,0.0,0.0,2.6602867164861514,1998.0,25.0,1,2.6602867164861514,422.0,24-26
2023,22650,1.839445866358633,HIT,293.0,0.0,0.0,,2000.0,23.0,0,0.0,293.0,<=23
2023,22664,4.47849359318198,HIT,380.0,0.0,0.0,3.2801049005009846,2000.0,23.0,1,3.2801049005009846,380.0,<=23
2023,22713,0.9933700809498094,PIT,0.0,70.0,4.0,0.34362264262719333,1997.0,26.0,1,0.34362264262719333,70.0,24-26
2023,22715,6.120458196759789,HIT,515.0,0.0,0.0,6.1868019627644415,2000.0,23.0,1,6.1868019627644415,515.0,<=23
2023,22717,1.2872962566459814,PIT,0.0,42.66666666666668,0.0,0.28561958977532553,1999.0,24.0,1,0.28561958977532553,42.66666666666668,24-26
2023,22799,5.368524071090064,HIT,495.0,0.0,0.0,4.032978915327834,1999.0,24.0,1,4.032978915327834,495.0,24-26
2023,22810,-2.233633344856468,PIT,0.0,68.33333333333331,1.0,0.1130514646580334,1999.0,24.0,1,0.1130514646580334,68.33333333333331,24-26
2023,22871,1.4899678364523556,HIT,220.0,0.0,0.0,,1999.0,24.0,0,0.0,220.0,24-26
2023,22925,-1.855282659483076,PIT,0.0,51.66666666666668,0.0,-0.6583114460055265,1998.0,25.0,1,-0.6583114460055265,51.66666666666668,24-26
2023,23003,6.343314937767125,HIT,377.0,0.0,0.0,7.290578642368166,1998.0,25.0,1,7.290578642368166,377.0,24-26
2023,23150,-0.7475885499420608,PIT,0.0,50.66666666666668,0.0,3.150996982446469,1995.0,28.0,1,3.150996982446469,50.66666666666668,27-29
2023,23221,-1.3597456038947786,PIT,0.0,69.0,0.0,0.6449162003591027,1996.0,27.0,1,0.6449162003591027,69.0,27-29
2023,23312,4.756976470430426,HIT,495.0,0.0,0.0,-0.26065274755072154,1996.0,27.0,1,-0.26065274755072154,495.0,27-29
2023,23313,1.3290535375249644,PIT,0.0,42.0,0.0,5.726019864557804,1998.0,25.0,1,5.726019864557804,42.0,24-26
2023,23401,3.674740370288078,HIT,280.0,0.0,0.0,5.443732962595313,1996.0,27.0,1,5.443732962595313,280.0,27-29
2023,23429,4.022800199578501,PIT,0.0,172.33333333333331,0.0,2.9206743697355186,1996.0,27.0,1,2.9206743697355186,172.33333333333331,27-29
2023,23443,4.902095932524327,PIT,0.0,51.333333333333336,1.0,-2.4196201631947054,1996.0,27.0,1,-2.4196201631947054,51.333333333333336,27-29
2023,23488,2.906023424589047,PIT,0.0,47.333333333333336,2.0,0.6053961054184417,1995.0,28.0,1,0.6053961054184417,47.333333333333336,27-29
2023,23499,1.5947031014044468,PIT,0.0,42.333333333333336,1.0,-2.407952144416447,1998.0,25.0,1,-2.407952144416447,42.333333333333336,24-26
2023,23667,8.421848599507431,HIT,491.0,0.0,0.0,,2001.0,22.0,0,0.0,491.0,<=23
2023,23697,13.067223137097812,HIT,714.0,0.0,0.0,7.795254108452787,2000.0,23.0,1,7.795254108452787,714.0,<=23
2023,23733,5.714986778769375,HIT,439.0,0.0,0.0,1.5506629474072293,1999.0,24.0,1,1.5506629474072293,439.0,24-26
2023,23792,3.819184618177479,HIT,402.0,0.0,0.0,0.9978826545815853,2000.0,23.0,1,0.9978826545815853,402.0,<=23
2023,23796,-3.0724145296576366,PIT,0.0,57.66666666666668,0.0,2.907384735727561,1999.0,24.0,1,2.907384735727561,57.66666666666668,24-26
2023,23818,4.204320444182162,HIT,371.0,0.0,0.0,0.5691075795571676,1999.0,24.0,1,0.5691075795571676,371.0,24-26
2023,23920,5.8011799865186475,PIT,0.0,157.0,0.0,2.51055708995018,1999.0,24.0,1,2.51055708995018,157.0,24-26
2023,24064,7.129153532234867,HIT,615.0,0.0,0.0,7.5951489926995714,2001.0,22.0,1,7.5951489926995714,615.0,<=23
2023,24273,2.3699545340700916,HIT,213.0,0.0,0.0,0.04252599217400808,2000.0,23.0,1,0.04252599217400808,213.0,<=23
2023,24492,4.082193226749895,PIT,0.0,122.0,0.0,5.064689224481652,1999.0,24.0,1,5.064689224481652,122.0,24-26
2023,24580,4.25713106262655,PIT,0.0,159.0,0.0,-2.0402842994719226,1997.0,26.0,1,-2.0402842994719226,159.0,24-26
2023,24586,13.995337752422204,PIT,0.0,168.66666666666663,0.0,2.4401425021402843,1996.0,27.0,1,2.4401425021402843,168.66666666666663,27-29
2023,24610,7.407427698471499,HIT,718.0,0.0,0.0,6.551760108380236,1997.0,26.0,1,6.551760108380236,718.0,24-26
2023,24617,6.141494880568264,HIT,362.0,0.0,0.0,10.17806331941448,1996.0,27.0,1,10.17806331941448,362.0,27-29
2023,24618,4.827212515587344,HIT,335.0,0.0,0.0,4.593200421530529,1997.0,26.0,1,4.593200421530529,335.0,24-26
2023,24655,3.3751424935349736,HIT,314.0,0.0,0.0,-0.710612092762572,1996.0,27.0,1,-0.710612092762572,314.0,27-29
2023,24679,4.7182497506647145,HIT,371.0,0.0,0.0,6.2444085762183725,1997.0,26.0,1,6.2444085762183725,371.0,24-26
2023,24770,8.107766749396207,HIT,567.0,0.0,0.0,0.20646875164643474,1997.0,26.0,1,0.20646875164643474,567.0,24-26
2023,24968,5.372802955399536,PIT,0.0,103.66666666666667,0.0,3.105409879396778,1999.0,24.0,1,3.105409879396778,103.66666666666667,24-26
2023,25007,1.6506183018122413,PIT,0.0,49.66666666666668,1.0,6.669230928723242,1996.0,27.0,1,6.669230928723242,49.66666666666668,27-29
2023,25332,1.1718660274192956,HIT,204.0,0.0,0.0,,2000.0,23.0,0,0.0,204.0,<=23
2023,25377,-0.1418007733821589,PIT,0.0,159.66666666666663,0.0,4.34692096940052,1996.0,27.0,1,4.34692096940052,159.66666666666663,27-29
2023,25379,-1.1715380545088399,PIT,0.0,45.0,2.0,2.1440131332212777,1995.0,28.0,1,2.1440131332212777,45.0,27-29
2023,25385,4.3651833299018215,PIT,0.0,44.66666666666668,0.0,1.4501240341402983,1995.0,28.0,1,1.4501240341402983,44.66666666666668,27-29
2023,25386,4.831264345368581,PIT,0.0,90.33333333333331,1.0,-0.02795828785911647,1998.0,25.0,1,-0.02795828785911647,90.33333333333331,24-26
2023,25436,13.521888076813422,PIT,0.0,190.66666666666663,0.0,8.732488123254887,1998.0,25.0,1,8.732488123254887,190.66666666666663,24-26
2023,25463,2.9925806256679155,PIT,0.0,117.0,0.0,0.3201588043317376,1998.0,25.0,1,0.3201588043317376,117.0,24-26
2023,25479,4.312244635332981,HIT,431.0,0.0,0.0,8.229683363552711,1998.0,25.0,1,8.229683363552711,431.0,24-26
2023,25550,0.9355806498332286,PIT,0.0,41.333333333333336,0.0,0.6124997868625665,1996.0,27.0,1,0.6124997868625665,41.333333333333336,27-29
2023,25595,1.9788192499518589,PIT,0.0,95.0,0.0,0.6738305867157695,1998.0,25.0,1,0.6738305867157695,95.0,24-26
2023,25636,0.7483042696258418,PIT,0.0,42.0,0.0,7.578425254210885,1998.0,25.0,1,7.578425254210885,42.0,24-26
2023,25660,4.409969463168017,HIT,455.0,0.0,0.0,3.023765125775769,1998.0,25.0,1,3.023765125775769,455.0,24-26
2023,25679,5.62916372006061,PIT,0.0,67.0,1.0,4.865295396682624,1997.0,26.0,1,4.865295396682624,67.0,24-26
2023,25756,7.222704656297451,PIT,0.0,70.66666666666667,4.0,,1998.0,25.0,0,0.0,70.66666666666667,24-26
2023,25764,13.371402365907308,HIT,694.0,0.0,0.0,13.911864464742681,2000.0,23.0,1,13.911864464742681,694.0,<=23
2023,25768,9.422032522925651,HIT,614.0,0.0,0.0,7.334806045792026,2000.0,23.0,1,7.334806045792026,614.0,<=23
2023,25805,3.704055091351453,HIT,344.0,0.0,0.0,0.24685465115178343,1998.0,25.0,1,0.24685465115178343,344.0,24-26
2023,25807,2.983490673498107,HIT,209.0,0.0,0.0,2.8622684875961713,1998.0,25.0,1,2.8622684875961713,209.0,24-26
2023,25816,4.546023020747096,HIT,490.0,0.0,0.0,5.670363324903436,1997.0,26.0,1,5.670363324903436,490.0,24-26
2023,25878,13.483297682093356,HIT,645.0,0.0,0.0,8.691232644439072,2000.0,23.0,1,8.691232644439072,645.0,<=23
2023,25880,4.062799369029771,PIT,0.0,155.66666666666663,0.0,5.681664058296434,1998.0,25.0,1,5.681664058296434,155.66666666666663,24-26
2023,25911,7.380706535344743,PIT,0.0,72.66666666666667,8.0,3.026054728605508,1994.0,29.0,1,3.026054728605508,72.66666666666667,27-29
2023,25918,2.0685413760927105,PIT,0.0,66.33333333333331,0.0,-2.2600468685374286,1997.0,26.0,1,-2.2600468685374286,66.33333333333331,24-26
2023,25931,8.667605720141278,HIT,539.0,0.0,0.0,5.1680308809642606,2001.0,22.0,1,5.1680308809642606,539.0,<=23
2023,25942,6.896043267730585,PIT,0.0,57.333333333333336,3.0,0.6871352847349894,1998.0,25.0,1,0.6871352847349894,57.333333333333336,24-26
2023,25961,6.831914563147378,HIT,459.0,0.0,0.0,4.576740415522843,1997.0,26.0,1,4.576740415522843,459.0,24-26
2023,25976,5.227427695745449,HIT,416.0,0.0,0.0,6.887079454915279,2000.0,23.0,1,6.887079454915279,416.0,<=23
2023,25977,-3.2468560725822986,PIT,0.0,50.0,0.0,-0.2363906763804271,2000.0,23.0,1,-0.2363906763804271,50.0,<=23
2023,26024,0.6839605590819678,PIT,0.0,40.66666666666668,0.0,,1998.0,25.0,0,0.0,40.66666666666668,24-26
2023,26108,-0.03664403113068859,PIT,0.0,68.0,0.0,2.612806222032454,1998.0,25.0,1,2.612806222032454,68.0,24-26
2023,26121,4.9810902793173195,HIT,423.0,0.0,0.0,3.146522535562251,2001.0,22.0,1,3.146522535562251,423.0,<=23
2023,26123,2.432323002412003,HIT,389.0,0.0,0.0,1.0071264096910568,1999.0,24.0,1,1.0071264096910568,389.0,24-26
2023,26197,6.837520354373768,HIT,615.0,0.0,0.0,4.969667432102813,1998.0,25.0,1,4.969667432102813,615.0,24-26
2023,26214,0.4705120265263111,PIT,0.0,47.66666666666668,1.0,,1998.0,25.0,0,0.0,47.66666666666668,24-26
2023,26221,4.702361510277672,PIT,0.0,42.0,0.0,5.082909334588254,1997.0,26.0,1,5.082909334588254,42.0,24-26
2023,26231,8.453460371641928,PIT,0.0,85.33333333333331,1.0,9.27284387185983,1996.0,27.0,1,9.27284387185983,85.33333333333331,27-29
2023,26253,0.2184457300843572,PIT,0.0,144.0,0.0,3.038072923585451,1998.0,25.0,1,3.038072923585451,144.0,24-26
2023,26260,2.1881728788645947,PIT,0.0,40.66666666666668,1.0,,1997.0,26.0,0,0.0,40.66666666666668,24-26
2023,26285,2.41189934155172,PIT,0.0,89.0,0.0,-2.716263486680713,1997.0,26.0,1,-2.716263486680713,89.0,24-26
2023,26288,8.189485470222534,HIT,687.0,0.0,0.0,5.758707989950711,1998.0,25.0,1,5.758707989950711,687.0,24-26
2023,26289,9.264475465857197,HIT,622.0,0.0,0.0,11.197236460659614,2001.0,22.0,1,11.197236460659614,622.0,<=23
2023,26294,9.117654346564214,HIT,640.0,0.0,0.0,6.023930561152354,1997.0,26.0,1,6.023930561152354,640.0,24-26
2023,26299,7.277302058844649,HIT,515.0,0.0,0.0,1.8860581016856264,1998.0,25.0,1,1.8860581016856264,515.0,24-26
2023,26304,-0.3365308818193696,PIT,0.0,70.66666666666667,0.0,3.1089601204175987,1996.0,27.0,1,3.1089601204175987,70.66666666666667,27-29
2023,26323,9.03940522465777,HIT,665.0,0.0,0.0,6.895155733085215,1997.0,26.0,1,6.895155733085215,665.0,24-26
2023,26368,2.1969339712249356,HIT,303.0,0.0,0.0,5.237677599094327,1997.0,26.0,1,5.237677599094327,303.0,24-26
2023,26396,1.0644354655373536,HIT,232.0,0.0,0.0,5.565530287760825,1997.0,26.0,1,5.565530287760825,232.0,24-26
2023,26410,-3.0947539954880305,PIT,0.0,87.33333333333331,0.0,0.9835582663836349,1998.0,25.0,1,0.9835582663836349,87.33333333333331,24-26
2023,26466,4.000734701996166,HIT,254.0,0.0,0.0,3.158520341667747,1997.0,26.0,1,3.158520341667747,254.0,24-26
2023,26467,1.6307767578611847,HIT,253.0,0.0,0.0,1.1733195929723204,2002.0,21.0,1,1.1733195929723204,253.0,<=23
2023,26668,6.753820722102193,HIT,427.0,0.0,0.0,11.307328624160757,2002.0,21.0,1,11.307328624160757,427.0,<=23
2023,27451,-0.8860290765793672,PIT,0.0,74.33333333333331,0.0,2.1633060532701536,1998.0,25.0,1,2.1633060532701536,74.33333333333331,24-26
2023,27465,8.124481123038128,HIT,684.0,0.0,0.0,2.486632950133429,1999.0,24.0,1,2.486632950133429,684.0,24-26
2023,27468,3.2985131130533647,PIT,0.0,148.66666666666663,0.0,-3.630711800557828,1999.0,24.0,1,-3.630711800557828,148.66666666666663,24-26
2023,27472,-0.5351019377701365,PIT,0.0,52.66666666666668,0.0,-0.6610825076620654,1998.0,25.0,1,-0.6610825076620654,52.66666666666668,24-26
2023,27475,5.908451132238069,HIT,465.0,0.0,0.0,1.0206933279148716,2002.0,21.0,1,1.0206933279148716,465.0,<=23
2023,27478,2.8147002999488455,HIT,353.0,0.0,0.0,3.133620372459487,1999.0,24.0,1,3.133620372459487,353.0,24-26
2023,27483,8.543065362908754,PIT,0.0,124.33333333333331,0.0,-5.490942437976347,1999.0,24.0,1,-5.490942437976347,124.33333333333331,24-26
2023,27498,16.01063902556488,PIT,0.0,186.66666666666663,0.0,-0.633181208327886,1998.0,25.0,1,-0.633181208327886,186.66666666666663,24-26
2023,27506,9.139441440275657,HIT,626.0,0.0,0.0,4.784846947241194,1995.0,28.0,1,4.784846947241194,626.0,27-29
2023,27534,5.07893595076898,HIT,408.0,0.0,0.0,1.7915988428042184,1999.0,24.0,1,1.7915988428042184,408.0,24-26
2023,27552,2.155503420191135,PIT,0.0,145.66666666666663,0.0,-1.3908287216218953,1998.0,25.0,1,-1.3908287216218953,145.66666666666663,24-26
2023,27577,1.7001219668932457,HIT,277.0,0.0,0.0,1.2385400339869421,1999.0,24.0,1,1.2385400339869421,277.0,24-26
2023,27581,1.9431723569397765,PIT,0.0,89.33333333333331,0.0,2.0483088866826717,1997.0,26.0,1,2.0483088866826717,89.33333333333331,24-26
2023,27589,4.477396583493727,PIT,0.0,125.33333333333331,0.0,-2.4210178133649043,1998.0,25.0,1,-2.4210178133649043,125.33333333333331,24-26
2023,27597,1.4546255431832875,PIT,0.0,56.0,0.0,3.927062039185137,1998.0,25.0,1,3.927062039185137,56.0,24-26
2023,27615,2.341668621077981,HIT,347.0,1.6666666666666665,0.0,6.942138947944392,1998.0,25.0,1,6.942138947944392,347.0,24-26
2023,27646,-0.7667559123342815,PIT,0.0,86.66666666666667,0.0,5.357014496120703,1999.0,24.0,1,5.357014496120703,86.66666666666667,24-26
2023,27647,5.947916758058488,HIT,601.0,0.0,0.0,6.63972026246094,2001.0,22.0,1,6.63972026246094,601.0,<=23
2023,27676,2.299243072422495,HIT,260.0,0.0,0.0,6.486098818280388,1997.0,26.0,1,6.486098818280388,260.0,24-26
2023,27681,-1.515198897830608,PIT,0.0,141.0,1.0,,1998.0,25.0,0,0.0,141.0,24-26
2023,27684,4.250952073342898,HIT,461.0,0.0,0.0,3.874222563104756,1998.0,25.0,1,3.874222563104756,461.0,24-26
2023,27690,3.651039398566331,HIT,410.0,0.0,0.0,-0.02326848713175922,1999.0,24.0,1,-0.02326848713175922,410.0,24-26
2023,27691,2.502529812656387,PIT,0.0,68.0,0.0,-4.215396152988942,1997.0,26.0,1,-4.215396152988942,68.0,24-26
2023,27768,6.586777255637075,PIT,0.0,91.33333333333331,0.0,,2003.0,20.0,0,0.0,91.33333333333331,<=23
2023,27779,7.654403529562374,PIT,0.0,174.66666666666663,0.0,-2.5842951777876255,1999.0,24.0,1,-2.5842951777876255,174.66666666666663,24-26
2023,27782,-0.6543552054413866,PIT,0.0,96.0,0.0,2.7153544064168766,1998.0,25.0,1,2.7153544064168766,96.0,24-26
2023,27815,2.2772607640455114,HIT,228.0,0.0,0.0,5.519228986129881,1999.0,24.0,1,5.519228986129881,228.0,24-26
2023,29617,1.8448366292329776,HIT,255.0,0.0,0.0,-0.23202198619094183,1999.0,24.0,1,-0.23202198619094183,255.0,24-26
2023,29622,2.415750975477476,HIT,223.0,0.0,0.0,4.280567944158094,2000.0,23.0,1,4.280567944158094,223.0,<=23
2023,29695,7.113259531580365,HIT,403.0,0.0,0.0,,1999.0,24.0,0,0.0,403.0,24-26
2023,29766,4.833966146623626,HIT,300.0,0.0,0.0,4.745212122903397,1999.0,24.0,1,4.745212122903397,300.0,24-26
2023,29837,6.015299762004408,PIT,0.0,131.33333333333331,0.0,10.686652585415182,1998.0,25.0,1,10.686652585415182,131.33333333333331,24-26
2023,29839,2.381725581460242,PIT,0.0,60.333333333333336,1.0,,1999.0,24.0,0,0.0,60.333333333333336,24-26
2023,29911,5.406778258252652,PIT,0.0,109.33333333333331,0.0,3.56168107627319,1999.0,24.0,1,3.56168107627319,109.33333333333331,24-26
2023,30011,3.692109506879824,HIT,241.0,0.0,0.0,0.5703729632084791,1999.0,24.0,1,0.5703729632084791,241.0,24-26
2023,30074,2.6768699372433877,PIT,0.0,52.333333333333336,0.0,-0.4070056286923742,2000.0,23.0,1,-0.4070056286923742,52.333333333333336,<=23
2023,30116,8.23339502076462,HIT,583.0,0.0,0.0,7.754463076494645,1994.0,29.0,1,7.754463076494645,583.0,27-29
2023,30122,4.081184643425464,PIT,0.0,82.0,0.0,-0.285037351283997,1999.0,24.0,1,-0.285037351283997,82.0,24-26
2023,30134,10.14904274616568,PIT,0.0,142.0,0.0,7.889838982238475,1999.0,24.0,1,7.889838982238475,142.0,24-26
2023,30162,1.8275836745691212,HIT,263.0,0.0,0.0,0.21653062266299133,1998.0,25.0,1,0.21653062266299133,263.0,24-26
2023,30279,3.7005786588767955,PIT,0.0,87.66666666666667,0.0,8.018607409602016,2000.0,23.0,1,8.018607409602016,87.66666666666667,<=23
2023,31347,2.931869597849257,HIT,329.0,0.0,0.0,7.643257898144589,2001.0,22.0,1,7.643257898144589,329.0,<=23
2023,31837,7.795940222361749,HIT,580.0,0.0,0.0,4.425119434981431,1993.0,30.0,1,4.425119434981431,580.0,30-32
2023,31838,12.226538569101386,PIT,0.0,166.33333333333331,0.0,0.7002848023099966,1993.0,30.0,1,0.7002848023099966,166.33333333333331,30-32
2023,31839,-1.1773703214638918,PIT,0.0,79.0,2.0,,1994.0,29.0,0,0.0,79.0,27-29
2024,1247,0.8926086022497512,PIT,0.0,56.0,1.0,0.07518662412851612,1985.0,39.0,1,0.07518662412851612,56.0,33+
2024,1890,0.5358345560689053,PIT,0.0,48.333333333333336,1.0,,1989.0,35.0,0,0.0,48.333333333333336,33+
2024,2136,2.749984862072987,HIT,260.0,0.0,0.0,,1987.0,37.0,0,0.0,260.0,33+
2024,2396,5.4550942924006,HIT,594.0,0.0,0.0,3.310030045529357,1986.0,38.0,1,3.310030045529357,594.0,33+
2024,2520,2.285144041263453,PIT,0.0,117.33333333333331,0.0,,1987.0,37.0,0,0.0,117.33333333333331,33+
2024,2967,3.557112351465362,HIT,478.0,0.0,0.0,3.514882231912316,1988.0,36.0,1,3.514882231912316,478.0,33+
2024,3096,6.9838956725363515,PIT,0.0,54.66666666666668,27.0,9.131901570658682,1987.0,37.0,1,9.131901570658682,54.66666666666668,33+
2024,3137,1.1181013992794606,PIT,0.0,43.333333333333336,0.0,0.06553353511426241,1984.0,40.0,1,0.06553353511426241,43.333333333333336,33+
2024,3237,0.9269988915233228,PIT,0.0,56.66666666666668,0.0,-1.5010895673729165,1989.0,35.0,1,-1.5010895673729165,56.66666666666668,33+
2024,3473,2.274011290178986,HIT,375.0,0.0,0.0,,1989.0,35.0,0,0.0,375.0,33+
2024,4301,-0.9303492459047694,PIT,0.0,46.66666666666668,2.0,1.7384098404133672,1987.0,37.0,1,1.7384098404133672,46.66666666666668,33+
2024,4676,2.2476667810280193,PIT,0.0,165.33333333333331,0.0,-3.436109970141065,1983.0,41.0,1,-3.436109970141065,165.33333333333331,33+
2024,4940,2.4906666748090323,HIT,258.0,0.0,0.0,0.3420743169461037,1989.0,35.0,1,0.3420743169461037,258.0,33+
2024,4949,5.076910984479193,HIT,459.0,0.0,0.0,4.865370980592075,1989.0,35.0,1,4.865370980592075,459.0,33+
2024,5235,4.3587077280358075,HIT,539.0,0.0,0.0,0.8832149932414586,1984.0,40.0,1,0.8832149932414586,539.0,33+
2024,5254,0.9372622725632536,HIT,245.0,0.0,0.0,,1989.0,35.0,0,0.0,245.0,33+
2024,5361,8.13296706251444,HIT,638.0,0.0,0.0,8.1618932390242,1989.0,35.0,1,8.1618932390242,638.0,33+
2024,5417,8.899308549749707,HIT,682.0,0.0,0.0,7.2435163760959576,1990.0,34.0,1,7.2435163760959576,682.0,33+
2024,5448,1.8037934416076675,PIT,0.0,63.333333333333336,0.0,-1.338457510657467,1983.0,41.0,1,-1.338457510657467,63.333333333333336,33+
2024,5517,3.067709802050945,HIT,263.0,0.0,0.0,3.017734012436175,1990.0,34.0,1,3.017734012436175,263.0,33+
2024,5827,1.0021822526342024,HIT,242.0,0.0,0.0,4.131903462774762,1991.0,33.0,1,4.131903462774762,242.0,33+
2024,6107,0.9560646637670152,PIT,0.0,51.66666666666668,0.0,2.6790888110473343,1989.0,35.0,1,2.6790888110473343,51.66666666666668,33+
2024,6175,3.3341373481832033,PIT,0.0,133.66666666666663,0.0,1.2614428823457737,1989.0,35.0,1,1.2614428823457737,133.66666666666663,33+
2024,6184,4.140870199578493,HIT,495.0,0.0,0.0,,1987.0,37.0,0,0.0,495.0,33+
2024,6632,-2.4714933562388683,PIT,0.0,103.66666666666667,0.0,-3.2466296227372786,1987.0,37.0,1,-3.2466296227372786,103.66666666666667,33+
2024,6655,4.49036493328756,PIT,0.0,52.333333333333336,23.0,0.428051294048696,1988.0,36.0,1,0.428051294048696,52.333333333333336,33+
2024,6895,-1.0623248288828027,PIT,0.0,58.333333333333336,3.0,,1987.0,37.0,0,0.0,58.333333333333336,33+
2024,6902,-1.3226618987520053,PIT,0.0,135.0,0.0,1.5116987812514415,1991.0,33.0,1,1.5116987812514415,135.0,33+
2024,6984,1.2168888481708582,PIT,0.0,59.0,4.0,0.9224564663304351,1987.0,37.0,1,0.9224564663304351,59.0,33+
2024,7005,1.7745518302656484,PIT,0.0,56.66666666666668,4.0,0.34509217077319687,1988.0,36.0,1,0.34509217077319687,56.66666666666668,33+
2024,7048,0.7813715206942603,PIT,0.0,66.66666666666667,0.0,2.622995551205079,1990.0,34.0,1,2.622995551205079,66.66666666666667,33+
2024,7146,5.596152359251865,PIT,0.0,63.0,10.0,,1987.0,37.0,0,0.0,63.0,33+
2024,7304,7.403207299774851,HIT,652.0,0.0,0.0,5.938792420104065,1990.0,34.0,1,5.938792420104065,652.0,33+
2024,7739,3.5152486805114047,HIT,341.0,0.0,0.0,0.7682481411019227,1989.0,35.0,1,0.7682481411019227,341.0,33+
2024,7802,3.805350213135129,HIT,337.0,1.0,0.0,1.2986462762411004,1989.0,35.0,1,1.2986462762411004,337.0,33+
2024,7836,2.8439678416254535,PIT,0.0,73.33333333333331,1.0,0.7814436990389608,1988.0,36.0,1,0.7814436990389608,73.33333333333331,33+
2024,7859,4.585446580968624,HIT,499.0,0.0,0.0,,1986.0,38.0,0,0.0,499.0,33+
2024,8048,-2.199227291004018,PIT,0.0,41.333333333333336,1.0,,1989.0,35.0,0,0.0,41.333333333333336,33+
2024,8241,4.056720501312521,PIT,0.0,72.0,2.0,0.8587686466184261,1985.0,39.0,1,0.8587686466184261,72.0,33+
2024,8623,3.1779799671937994,HIT,309.0,0.0,0.0,1.0166443414188293,1987.0,37.0,1,1.0166443414188293,309.0,33+
2024,8700,-1.332339006138298,PIT,0.0,90.33333333333331,0.0,1.4392499314694696,1983.0,41.0,1,1.4392499314694696,90.33333333333331,33+
2024,9073,12.455643769270893,PIT,0.0,61.66666666666668,33.0,1.0161302902675868,1987.0,37.0,1,1.0161302902675868,61.66666666666668,33+
2024,9132,6.721865702688547,PIT,0.0,170.66666666666663,0.0,12.691124010023648,1990.0,34.0,1,12.691124010023648,170.66666666666663,33+
2024,9218,6.004771170678836,HIT,654.0,0.0,0.0,4.976085858607782,1987.0,37.0,1,4.976085858607782,654.0,33+
2024,9241,4.323047671230624,HIT,370.0,0.0,0.0,3.3446538629385802,1988.0,36.0,1,3.3446538629385802,370.0,33+
2024,9323,-4.7988129149850245,PIT,0.0,174.66666666666663,0.0,0.695263335666261,1989.0,35.0,1,0.695263335666261,174.66666666666663,33+
2024,9774,1.788942907955275,HIT,315.0,0.0,0.0,0.34800212885952897,1990.0,34.0,1,0.34800212885952897,315.0,33+
2024,9777,6.074060397213206,HIT,635.0,0.0,0.0,3.487298390299823,1991.0,33.0,1,3.487298390299823,635.0,33+
2024,9803,-0.7114782471865317,PIT,0.0,171.66666666666663,0.0,-0.2868157237774167,1988.0,36.0,1,-0.2868157237774167,171.66666666666663,33+
2024,9847,4.537077469613469,HIT,515.0,0.0,0.0,3.653784827063949,1986.0,38.0,1,3.653784827063949,515.0,33+
2024,9874,0.8711257174196388,HIT,228.0,0.0,0.0,0.9271933492607427,1988.0,36.0,1,0.9271933492607427,228.0,33+
2024,10078,-0.685990344360847,PIT,0.0,47.333333333333336,3.0,4.357987134724922,1987.0,37.0,1,4.357987134724922,47.333333333333336,33+
2024,10123,1.526124933785596,PIT,0.0,169.66666666666663,0.0,-4.285675701188671,1987.0,37.0,1,-4.285675701188671,169.66666666666663,33+
2024,10197,2.7746811366589985,PIT,0.0,55.66666666666668,2.0,4.957443793427,1990.0,34.0,1,4.957443793427,55.66666666666668,33+
2024,10231,3.846962019068087,HIT,291.0,0.0,0.0,1.8936295318308884,1990.0,34.0,1,1.8936295318308884,291.0,33+
2024,10233,4.428483449835935,PIT,0.0,61.66666666666668,14.0,12.841495605294783,1988.0,36.0,1,12.841495605294783,61.66666666666668,33+
2024,10243,4.0028005878098885,HIT,279.0,0.0,0.0,2.011508380923343,1991.0,33.0,1,2.011508380923343,279.0,33+
2024,10310,14.615252214228654,PIT,0.0,200.0,0.0,11.394614617593481,1990.0,34.0,1,11.394614617593481,200.0,33+
2024,10315,2.516682358938811,PIT,0.0,79.33333333333331,2.0,0.42541244494512304,1989.0,35.0,1,0.42541244494512304,79.33333333333331,33+
2024,10324,10.562580081716286,HIT,688.0,0.0,0.0,4.496362464562955,1990.0,34.0,1,4.496362464562955,688.0,33+
2024,10441,3.1421193266111165,HIT,405.0,0.0,0.0,-0.06081954681602679,1991.0,33.0,1,-0.06081954681602679,405.0,33+
2024,10472,2.9037737492767683,HIT,393.0,4.333333333333332,0.0,-0.12289055037435648,1991.0,33.0,1,-0.12289055037435648,393.0,33+
2024,10603,14.431812131242408,PIT,0.0,177.66666666666663,0.0,8.420509663034561,1989.0,35.0,1,8.420509663034561,177.66666666666663,33+
2024,10681,3.137384350188084,HIT,461.0,0.0,0.0,0.7206581620454477,1991.0,33.0,1,0.7206581620454477,461.0,33+
2024,10815,8.555597468176106,HIT,668.0,0.0,0.0,4.159534549179413,1993.0,31.0,1,4.159534549179413,668.0,30-32
2024,10950,1.287140201893456,HIT,330.0,0.0,0.0,,1988.0,36.0,0,0.0,330.0,33+
2024,11038,1.5432213063222013,HIT,281.0,0.0,0.0,,1990.0,34.0,0,0.0,281.0,33+
2024,11156,2.142186688105159,PIT,0.0,73.66666666666667,0.0,7.825707909484478,1988.0,36.0,1,7.825707909484478,73.66666666666667,33+
2024,11281,2.4956769397518093,HIT,335.0,0.0,0.0,,1989.0,35.0,0,0.0,335.0,33+
2024,11368,1.9445546433522383,HIT,243.0,0.0,0.0,,1988.0,36.0,0,0.0,243.0,33+
2024,11384,2.2677419305788935,PIT,0.0,42.66666666666668,1.0,1.2244234145781239,1989.0,35.0,1,1.2244234145781239,42.66666666666668,33+
2024,11423,4.099092023025152,PIT,0.0,170.33333333333331,0.0,3.264055484546854,1989.0,35.0,1,3.264055484546854,170.33333333333331,33+
2024,11442,2.2993038158610943,HIT,280.0,0.0,0.0,0.533589402644905,1992.0,32.0,1,0.533589402644905,280.0,30-32
2024,11445,3.2842955174909987,HIT,462.0,0.0,0.0,0.211656770708661,1989.0,35.0,1,0.211656770708661,462.0,33+
2024,11477,5.587776901925642,HIT,315.0,0.0,0.0,8.677797720931643,1991.0,33.0,1,8.677797720931643,315.0,33+
2024,11489,1.7871889953110962,HIT,300.0,0.0,0.0,2.112476799618199,1991.0,33.0,1,2.112476799618199,300.0,33+
2024,11493,8.897184906392189,HIT,643.0,0.0,0.0,8.72223141014899,1992.0,32.0,1,8.72223141014899,643.0,30-32
2024,11579,8.765627457380983,HIT,631.0,0.0,0.0,6.978844347347372,1992.0,32.0,1,6.978844347347372,631.0,30-32
2024,11589,1.4517095581598567,PIT,0.0,109.0,1.0,-1.1997553202643827,1991.0,33.0,1,-1.1997553202643827,109.0,33+
2024,11609,4.029445595748649,HIT,358.0,0.0,0.0,6.078411417773434,1992.0,32.0,1,6.078411417773434,358.0,30-32
2024,11615,0.06388223343261457,HIT,360.0,0.0,0.0,,1992.0,32.0,0,0.0,360.0,30-32
2024,11674,7.025049084830105,PIT,0.0,165.33333333333331,0.0,6.051089723720214,1991.0,33.0,1,6.051089723720214,165.33333333333331,33+
2024,11680,2.586445693135432,HIT,351.0,0.0,0.0,1.7145422450374799,1990.0,34.0,1,1.7145422450374799,351.0,33+
2024,11737,6.9746179489380715,HIT,659.0,0.0,0.0,5.4167782887941724,1992.0,32.0,1,5.4167782887941724,659.0,30-32
2024,11739,4.301326264701143,HIT,413.0,0.0,0.0,4.468567181914507,1991.0,33.0,1,4.468567181914507,413.0,33+
2024,11752,-0.23375122115075397,PIT,0.0,53.0,0.0,1.7001420132899518,1991.0,33.0,1,1.7001420132899518,53.0,33+
2024,11760,1.0981672001992075,PIT,0.0,58.66666666666668,0.0,,1989.0,35.0,0,0.0,58.66666666666668,33+
2024,11804,5.201907438001346,PIT,0.0,59.333333333333336,18.0,-0.880038645846033,1989.0,35.0,1,-0.880038645846033,59.333333333333336,33+
2024,11828,0.7206479435220123,PIT,0.0,100.33333333333331,0.0,,1988.0,36.0,0,0.0,100.33333333333331,33+
2024,11836,-6.025658545089768,PIT,0.0,83.66666666666667,0.0,0.5108152832628579,1992.0,32.0,1,0.5108152832628579,83.66666666666667,30-32
2024,11847,2.333645123974382,PIT,0.0,44.333333333333336,2.0,2.1485728253736776,1986.0,38.0,1,2.1485728253736776,44.333333333333336,33+
2024,11861,7.702163723023046,PIT,0.0,73.66666666666667,4.0,5.805318194457503,1991.0,33.0,1,5.805318194457503,73.66666666666667,33+
2024,11899,6.380494844159464,HIT,449.0,0.0,0.0,1.1132282179458848,1992.0,32.0,1,1.1132282179458848,449.0,30-32
2024,12049,-4.499947287826523,PIT,0.0,130.66666666666663,0.0,0.5104757503215618,1989.0,35.0,1,0.5104757503215618,130.66666666666663,33+
2024,12144,3.1745482698926506,HIT,399.0,0.0,0.0,3.6514628746976916,1993.0,31.0,1,3.6514628746976916,399.0,30-32
2024,12147,1.0425170722694883,HIT,228.0,0.0,0.0,-0.04885727175261337,1990.0,34.0,1,-0.04885727175261337,228.0,33+
2024,12155,1.9745464780931636,HIT,319.0,0.0,0.0,-0.017177480476916824,1991.0,33.0,1,-0.017177480476916824,319.0,33+
2024,12161,4.604181288991951,HIT,463.0,0.0,0.0,5.479170694884511,1992.0,32.0,1,5.479170694884511,463.0,30-32
2024,12304,1.3148878819481267,PIT,0.0,171.0,0.0,3.874270652899474,1989.0,35.0,1,3.874270652899474,171.0,33+
2024,12317,3.2764755585558594,PIT,0.0,167.66666666666663,1.0,4.2246191010613465,1990.0,34.0,1,4.2246191010613465,167.66666666666663,33+
2024,12323,1.7311067247878342,PIT,0.0,66.0,0.0,-0.9600644715049408,1990.0,34.0,1,-0.9600644715049408,66.0,33+
2024,12434,3.3187561555069722,HIT,314.0,0.0,0.0,0.2604495590907541,1989.0,35.0,1,0.2604495590907541,314.0,33+
2024,12447,10.914681047983079,PIT,0.0,206.66666666666663,0.0,2.395425938819441,1989.0,35.0,1,2.395425938819441,206.66666666666663,33+
2024,12533,6.780840967580868,HIT,718.0,0.0,0.0,4.589834754693307,1990.0,34.0,1,4.589834754693307,718.0,33+
2024,12552,8.089276472109356,HIT,640.0,0.0,0.0,8.736740474546767,1991.0,33.0,1,8.736740474546767,640.0,33+
2024,12572,5.216625984532056,PIT,0.0,46.66666666666668,1.0,-0.4729055254455431,1988.0,36.0,1,-0.4729055254455431,46.66666666666668,33+
2024,12718,-3.0346699871586518,PIT,0.0,69.33333333333331,1.0,3.9331860063939237,1993.0,31.0,1,3.9331860063939237,69.33333333333331,30-32
2024,12730,7.494345621498419,PIT,0.0,142.33333333333331,0.0,2.956618831979533,1990.0,34.0,1,2.956618831979533,142.33333333333331,33+
2024,12768,7.7095097649768345,PIT,0.0,166.33333333333331,0.0,5.481727737042091,1989.0,35.0,1,5.481727737042091,166.33333333333331,33+
2024,12777,-1.2602824525399716,PIT,0.0,55.333333333333336,2.0,-1.8455809189547239,1990.0,34.0,1,-1.8455809189547239,55.333333333333336,33+
2024,12784,-0.011895906032623249,PIT,0.0,56.333333333333336,0.0,,1990.0,34.0,0,0.0,56.333333333333336,33+
2024,12828,4.035968437784879,PIT,0.0,70.66666666666667,1.0,4.154263005302425,1990.0,34.0,1,4.154263005302425,70.66666666666667,33+
2024,12856,5.146817178063286,HIT,614.0,0.0,0.0,10.31310265536145,1989.0,35.0,1,10.31310265536145,614.0,33+
2024,12857,-0.7543566155797798,PIT,0.0,66.66666666666667,1.0,7.610780485794075,1990.0,34.0,1,7.610780485794075,66.66666666666667,33+
2024,12859,1.8354051118312809,HIT,233.0,1.0,0.0,1.4216801630214484,1990.0,34.0,1,1.4216801630214484,233.0,33+
2024,12861,0.9195040689321242,HIT,238.0,0.0,0.0,,1990.0,34.0,0,0.0,238.0,33+
2024,12880,3.572827208312848,PIT,0.0,179.33333333333331,0.0,-1.6098102747114083,1989.0,35.0,1,-1.6098102747114083,179.33333333333331,33+
2024,12916,10.671589686550451,HIT,689.0,0.0,0.0,10.210311223819165,1993.0,31.0,1,10.210311223819165,689.0,30-32
2024,12927,6.864756821751023,HIT,663.0,0.0,0.0,7.725787634627093,1993.0,31.0,1,7.725787634627093,663.0,30-32
2024,12970,3.178386172011593,PIT,0.0,99.66666666666667,0.0,,1992.0,32.0,0,0.0,99.66666666666667,30-32
2024,12972,0.9165946955809322,PIT,0.0,74.0,0.0,-1.0746475006734968,1993.0,31.0,1,-1.0746475006734968,74.0,30-32
2024,12979,1.6627128119708423,HIT,289.0,0.0,0.0,4.3795341780003785,1992.0,32.0,1,4.3795341780003785,289.0,30-32
2024,12988,1.5011097277362224,PIT,0.0,56.333333333333336,1.0,1.2122109577716402,1990.0,34.0,1,1.2122109577716402,56.333333333333336,33+
2024,13066,9.165605161642926,HIT,652.0,0.0,0.0,6.251485799446295,1992.0,32.0,1,6.251485799446295,652.0,30-32
2024,13074,4.420119098704009,PIT,0.0,81.66666666666667,0.0,0.5570436793873347,1986.0,38.0,1,0.5570436793873347,81.66666666666667,33+
2024,13125,4.6922444919577515,PIT,0.0,95.0,0.0,,1990.0,34.0,0,0.0,95.0,33+
2024,13133,5.015469479183112,PIT,0.0,90.0,1.0,,1990.0,34.0,0,0.0,90.0,33+
2024,13145,5.234097024894477,HIT,603.0,0.0,0.0,4.421207548721245,1992.0,32.0,1,4.421207548721245,603.0,30-32
2024,13152,3.045493385926914,HIT,469.0,0.0,0.0,6.533842664573676,1993.0,31.0,1,6.533842664573676,469.0,30-32
2024,13164,-0.6512243201078571,PIT,0.0,50.0,0.0,-1.8111776951723826,1993.0,31.0,1,-1.8111776951723826,50.0,30-32
2024,13185,3.1066434174233746,HIT,602.0,0.0,0.0,0.34824229193512113,1994.0,30.0,1,0.34824229193512113,602.0,30-32
2024,13190,-2.907023298603598,PIT,0.0,41.66666666666668,0.0,-1.3101977605014585,1992.0,32.0,1,-1.3101977605014585,41.66666666666668,30-32
2024,13273,-4.048035070415996,PIT,0.0,85.33333333333331,0.0,,1989.0,35.0,0,0.0,85.33333333333331,33+
2024,13301,3.6579408891437715,HIT,293.0,0.0,0.0,4.633869823195466,1990.0,34.0,1,4.633869823195466,293.0,33+
2024,13324,1.9200621349813873,HIT,303.0,2.0,0.0,1.2170535126171593,1991.0,33.0,1,1.2170535126171593,303.0,33+
2024,13346,1.4870198248566915,PIT,0.0,64.66666666666667,1.0,1.3097867163933314,1991.0,33.0,1,1.3097867163933314,64.66666666666667,33+
2024,13361,-1.0554259370030221,PIT,0.0,44.333333333333336,0.0,4.194753596882711,1991.0,33.0,1,4.194753596882711,44.333333333333336,33+
2024,13394,2.307113541220477,PIT,0.0,68.66666666666667,0.0,,1990.0,34.0,0,0.0,68.66666666666667,33+
2024,13419,6.600842368832133,HIT,552.0,0.0,0.0,6.031402927727084,1991.0,33.0,1,6.031402927727084,552.0,33+
2024,13431,0.45535437128993017,PIT,0.0,154.66666666666663,1.0,-1.455672091591082,1991.0,33.0,1,-1.455672091591082,154.66666666666663,33+
2024,13435,2.6732670040776485,PIT,0.0,56.333333333333336,2.0,2.6796163578827192,1991.0,33.0,1,2.6796163578827192,56.333333333333336,33+
2024,13449,2.427703055056511,PIT,0.0,60.0,0.0,1.4796321583891152,1990.0,34.0,1,1.4796321583891152,60.0,33+
2024,13470,-0.20672454169783705,PIT,0.0,49.333333333333336,1.0,-2.6877778279110522,1994.0,30.0,1,-2.6877778279110522,49.333333333333336,30-32
2024,13510,13.017305652898553,HIT,682.0,0.0,0.0,10.931641761162236,1992.0,32.0,1,10.931641761162236,682.0,30-32
2024,13543,5.8527593536886755,PIT,0.0,104.0,0.0,3.926918835697244,1992.0,32.0,1,3.926918835697244,104.0,30-32
2024,13590,5.435896731463979,HIT,508.0,0.0,0.0,0.5383496696493422,1993.0,31.0,1,0.5383496696493422,508.0,30-32
2024,13611,7.744569241002913,HIT,516.0,0.0,0.0,7.071353280013295,1992.0,32.0,1,7.071353280013295,516.0,30-32
2024,13613,9.796241595493562,HIT,583.0,0.0,0.0,7.518519322902124,1993.0,31.0,1,7.518519322902124,583.0,30-32
2024,13619,4.757465594521873,PIT,0.0,67.0,1.0,2.836701343948651,1992.0,32.0,1,2.836701343948651,67.0,30-32
2024,13620,2.4687760601721247,HIT,313.0,0.0,0.0,3.9705639996636393,1994.0,30.0,1,3.9705639996636393,313.0,30-32
2024,13621,4.100492036295456,HIT,463.0,0.0,0.0,-0.19324268485445228,1993.0,31.0,1,-0.19324268485445228,463.0,30-32
2024,13624,7.173275190167715,HIT,533.0,0.0,0.0,5.201436924713358,1994.0,30.0,1,5.201436924713358,533.0,30-32
2024,13649,6.515932500817073,PIT,0.0,63.0,30.0,4.983963660225869,1993.0,31.0,1,4.983963660225869,63.0,30-32
2024,13652,4.993702232782269,PIT,0.0,68.66666666666667,0.0,-2.794085876124015,1992.0,32.0,1,-2.794085876124015,68.66666666666667,30-32
2024,13675,3.5002568726024874,HIT,345.0,0.0,0.0,2.024630542631817,1994.0,30.0,1,2.024630542631817,345.0,30-32
2024,13723,2.7786746374079194,HIT,281.0,0.0,0.0,-0.38124483272569937,1989.0,35.0,1,-0.38124483272569937,281.0,33+
2024,13743,7.262146640919472,PIT,0.0,174.33333333333331,0.0,12.625795839385678,1994.0,30.0,1,12.625795839385678,174.33333333333331,30-32
2024,13757,1.4115443393744957,HIT,246.0,0.0,0.0,0.5653561276334842,1990.0,34.0,1,0.5653561276334842,246.0,33+
2024,13761,-0.6304396145460676,PIT,0.0,58.333333333333336,4.0,-2.390549010365013,1990.0,34.0,1,-2.390549010365013,58.333333333333336,33+
2024,13768,1.0652679047243494,HIT,207.0,0.0,0.0,-0.04019201621355206,1991.0,33.0,1,-0.04019201621355206,207.0,33+
2024,13770,3.5489524857391266,HIT,307.0,0.0,0.0,2.642762621554701,1991.0,33.0,1,2.642762621554701,307.0,33+
2024,13774,5.59832611321934,PIT,0.0,165.33333333333331,0.0,-1.350914986863387,1994.0,30.0,1,-1.350914986863387,165.33333333333331,30-32
2024,13799,7.265446977341373,PIT,0.0,62.66666666666668,3.0,4.311617218043765,1991.0,33.0,1,4.311617218043765,62.66666666666668,33+
2024,13801,0.1892619807471273,PIT,0.0,41.333333333333336,0.0,,1991.0,33.0,0,0.0,41.333333333333336,33+
2024,13896,-3.788538988514069,PIT,0.0,160.0,0.0,2.632586910947977,1994.0,30.0,1,2.632586910947977,160.0,30-32
2024,13942,2.254363318407976,PIT,0.0,65.66666666666667,2.0,-0.19214318032740696,1989.0,35.0,1,-0.19214318032740696,65.66666666666667,33+
2024,14078,6.862466055191044,PIT,0.0,166.66666666666663,0.0,4.2864320649058145,1991.0,33.0,1,4.2864320649058145,166.66666666666663,33+
2024,14107,5.751493608102676,PIT,0.0,181.0,0.0,8.142031780730077,1991.0,33.0,1,8.142031780730077,181.0,33+
2024,14128,1.1368297546447066,HIT,260.0,0.0,0.0,,1993.0,31.0,0,0.0,260.0,30-32
2024,14161,5.731975850270479,HIT,388.0,0.0,0.0,9.211836449051075,1993.0,31.0,1,9.211836449051075,388.0,30-32
2024,14162,5.389012333544714,HIT,367.0,0.0,0.0,4.808353733108562,1994.0,30.0,1,4.808353733108562,367.0,30-32
2024,14168,7.548782853283423,PIT,0.0,192.33333333333331,0.0,2.4893272348236466,1994.0,30.0,1,2.4893272348236466,192.33333333333331,30-32
2024,14212,10.035591834689644,PIT,0.0,71.0,34.0,10.281652498445741,1994.0,30.0,1,10.281652498445741,71.0,30-32
2024,14221,5.651205027851009,HIT,574.0,0.0,0.0,2.0740171232877893,1992.0,32.0,1,2.0740171232877893,574.0,30-32
2024,14274,2.433705357144201,HIT,423.0,0.0,0.0,,1990.0,34.0,0,0.0,423.0,33+
2024,14309,-0.057106011927699374,PIT,0.0,150.66666666666663,0.0,-1.4581914751927882,1993.0,31.0,1,-1.4581914751927882,150.66666666666663,30-32
2024,14332,4.247128359979487,PIT,0.0,59.0,6.0,-1.5649097135180186,1994.0,30.0,1,-1.5649097135180186,59.0,30-32
2024,14344,7.1534309756175976,HIT,685.0,0.0,0.0,8.277418202926823,1994.0,30.0,1,8.277418202926823,685.0,30-32
2024,14361,-5.074769325149925,PIT,0.0,71.33333333333331,0.0,,1990.0,34.0,0,0.0,71.33333333333331,33+
2024,14366,1.788865594191686,HIT,313.0,0.0,0.0,,1992.0,32.0,0,0.0,313.0,30-32
2024,14374,7.8895749320356074,PIT,0.0,134.0,0.0,4.433611566125279,1993.0,31.0,1,4.433611566125279,134.0,30-32
2024,14387,2.262146233476337,HIT,246.0,0.0,0.0,,1994.0,30.0,0,0.0,246.0,30-32
2024,14477,3.1062623635159046,HIT,346.0,0.0,0.0,,1992.0,32.0,0,0.0,346.0,30-32
2024,14524,2.0531933482753404,PIT,0.0,66.66666666666667,1.0,-0.7794134294766364,1993.0,31.0,1,-0.7794134294766364,66.66666666666667,30-32
2024,14527,2.5639424441134246,PIT,0.0,53.0,4.0,0.7781677695245314,1993.0,31.0,1,0.7781677695245314,53.0,30-32
2024,14542,8.004209144549707,PIT,0.0,55.0,26.0,10.684073222540048,1992.0,32.0,1,10.684073222540048,55.0,30-32
2024,14551,8.465389022400474,HIT,665.0,0.0,0.0,0.46783808344876876,1994.0,30.0,1,0.46783808344876876,665.0,30-32
2024,14552,1.8567760285174781,PIT,0.0,51.0,1.0,-1.8983390565243854,1994.0,30.0,1,-1.8983390565243854,51.0,30-32
2024,14706,2.338140629088749,PIT,0.0,49.66666666666668,2.0,2.986938708078959,1993.0,31.0,1,2.986938708078959,49.66666666666668,30-32
2024,14710,6.74649779727066,PIT,0.0,53.66666666666668,20.0,11.796765957944597,1994.0,30.0,1,11.796765957944597,53.66666666666668,30-32
2024,14712,2.3126916290360477,HIT,343.0,0.0,0.0,0.19908688205208924,1994.0,30.0,1,0.19908688205208924,343.0,30-32
2024,14739,0.5689568837957301,PIT,0.0,75.33333333333331,0.0,-1.9489500820252266,1993.0,31.0,1,-1.9489500820252266,75.33333333333331,30-32
2024,14813,1.0839624442572786,HIT,242.0,4.0,0.0,1.4789794955007922,1990.0,34.0,1,1.4789794955007922,242.0,33+
2024,14814,2.8781430107736514,PIT,0.0,71.0,1.0,,1991.0,33.0,0,0.0,71.0,33+
2024,14843,3.8734820362625833,PIT,0.0,130.33333333333331,0.0,0.7930774102572469,1992.0,32.0,1,0.7930774102572469,130.33333333333331,30-32
2024,14854,3.9191475691741298,HIT,474.0,1.0,0.0,3.8329151654590596,1990.0,34.0,1,3.8329151654590596,474.0,33+
2024,14857,2.5506393403130363,PIT,0.0,59.66666666666668,1.0,-3.067819091118113,1991.0,33.0,1,-3.067819091118113,59.66666666666668,33+
2024,14916,0.6394632285999243,PIT,0.0,102.66666666666667,0.0,-0.8553311080779884,1991.0,33.0,1,-0.8553311080779884,102.66666666666667,33+
2024,14932,4.614883972495521,PIT,0.0,151.0,0.0,1.5091640547620726,1992.0,32.0,1,1.5091640547620726,151.0,30-32
2024,14968,2.600409524836817,HIT,274.0,0.0,0.0,3.313615783028774,1993.0,31.0,1,3.313615783028774,274.0,30-32
2024,14975,-1.4290789556257442,PIT,0.0,53.333333333333336,1.0,,1992.0,32.0,0,0.0,53.333333333333336,30-32
2024,14993,1.0789577824723335,PIT,0.0,55.0,2.0,1.655216354891979,1992.0,32.0,1,1.655216354891979,55.0,30-32
2024,15009,6.892142973956486,PIT,0.0,63.66666666666668,38.0,6.434722564686685,1991.0,33.0,1,6.434722564686685,63.66666666666668,33+
2024,15042,-2.7283007084684145,PIT,0.0,42.66666666666668,0.0,0.14420858143079412,1992.0,32.0,1,0.14420858143079412,42.66666666666668,30-32
2024,15047,2.1527332464904148,PIT,0.0,61.0,0.0,,1992.0,32.0,0,0.0,61.0,30-32
2024,15112,5.281710890859308,HIT,645.0,0.0,0.0,3.674604055094212,1994.0,30.0,1,3.674604055094212,645.0,30-32
2024,15161,1.883646515865061,HIT,430.0,0.0,0.0,1.799043215725887,1991.0,33.0,1,1.799043215725887,430.0,33+
2024,15172,0.47639499891366427,HIT,241.0,0.0,0.0,0.14960368174533759,1993.0,31.0,1,0.14960368174533759,241.0,30-32
2024,15194,2.927581499149597,HIT,346.0,4.0,0.0,2.004461695586979,1995.0,29.0,1,2.004461695586979,346.0,27-29
2024,15223,1.3526878051900542,HIT,294.0,0.0,0.0,3.763078196017374,1991.0,33.0,1,3.763078196017374,294.0,33+
2024,15274,3.1201707985132443,HIT,350.0,0.0,0.0,3.2062524809829687,1990.0,34.0,1,3.2062524809829687,350.0,33+
2024,15362,3.779180520305002,HIT,472.0,0.0,0.0,3.4942462273700383,1992.0,32.0,1,3.4942462273700383,472.0,30-32
2024,15423,1.9191438482138956,PIT,0.0,160.0,0.0,-2.4654269380754714,1991.0,33.0,1,-2.4654269380754714,160.0,33+
2024,15454,4.169101834401489,PIT,0.0,145.66666666666663,0.0,11.98000516530438,1993.0,31.0,1,11.98000516530438,145.66666666666663,30-32
2024,15464,3.4541788435600354,HIT,424.0,0.0,0.0,-0.14264183824123516,1992.0,32.0,1,-0.14264183824123516,424.0,30-32
2024,15491,2.4938367294438417,HIT,451.0,0.0,0.0,5.304708269773845,1995.0,29.0,1,5.304708269773845,451.0,27-29
2024,15507,0.5449351218062,PIT,0.0,50.66666666666668,1.0,1.6256594928142165,1994.0,30.0,1,1.6256594928142165,50.66666666666668,30-32
2024,15518,3.260768518217459,HIT,346.0,0.0,0.0,0.894694311205287,1995.0,29.0,1,0.894694311205287,346.0,27-29
2024,15541,3.5517659958696584,PIT,0.0,70.33333333333331,1.0,5.57786565314073,1990.0,34.0,1,5.57786565314073,70.33333333333331,33+
2024,15551,1.2253902672215449,PIT,0.0,58.0,0.0,0.8634595185428213,1991.0,33.0,1,0.8634595185428213,58.0,33+
2024,15552,5.389995600407693,PIT,0.0,53.333333333333336,17.0,-0.631080038597832,1991.0,33.0,1,-0.631080038597832,53.333333333333336,33+
2024,15640,15.175526046956236,HIT,704.0,0.0,0.0,14.094494670259863,1992.0,32.0,1,14.094494670259863,704.0,30-32
2024,15653,2.3925967413692595,HIT,307.0,3.0,0.0,2.4938489626895057,1995.0,29.0,1,2.4938489626895057,307.0,27-29
2024,15679,3.293404220493885,HIT,421.0,2.6666666666666674,0.0,2.6444339061512774,1995.0,29.0,1,2.6444339061512774,421.0,27-29
2024,15711,6.245968196385699,HIT,473.0,0.0,0.0,1.6367248362468714,1995.0,29.0,1,1.6367248362468714,473.0,27-29
2024,15734,-1.5683925177791294,PIT,0.0,41.333333333333336,1.0,6.043643704504266,1995.0,29.0,1,6.043643704504266,41.333333333333336,27-29
2024,15761,4.284136170869688,PIT,0.0,68.66666666666667,3.0,,1995.0,29.0,0,0.0,68.66666666666667,27-29
2024,15823,4.097400725066497,PIT,0.0,156.33333333333331,0.0,5.839093238274764,1995.0,29.0,1,5.839093238274764,156.33333333333331,27-29
2024,15873,8.28100150214486,PIT,0.0,181.66666666666663,0.0,-0.24332288755093007,1992.0,32.0,1,-0.24332288755093007,181.66666666666663,30-32
2024,15878,2.833657539771468,HIT,319.0,0.0,0.0,4.189489062860349,1995.0,29.0,1,4.189489062860349,319.0,27-29
2024,15890,4.447864465578522,PIT,0.0,182.0,0.0,1.0424112876329488,1994.0,30.0,1,1.0424112876329488,182.0,30-32
2024,15947,2.457438441858525,PIT,0.0,55.333333333333336,7.0,-0.4535187565587764,1991.0,33.0,1,-0.4535187565587764,55.333333333333336,33+
2024,15986,9.57954029450125,HIT,688.0,0.0,0.0,6.943245510323485,1995.0,29.0,1,6.943245510323485,688.0,27-29
2024,15998,6.686462015382638,HIT,569.0,0.0,0.0,8.674277723819257,1995.0,29.0,1,8.674277723819257,569.0,27-29
2024,16061,1.2774712714507448,PIT,0.0,42.66666666666668,1.0,-0.39133735424483207,1992.0,32.0,1,-0.39133735424483207,42.66666666666668,30-32
2024,16137,6.568391374626763,PIT,0.0,175.0,0.0,12.521818937026492,1992.0,32.0,1,12.521818937026492,175.0,30-32
2024,16149,7.399872943400896,PIT,0.0,199.33333333333331,0.0,-1.624416541649855,1993.0,31.0,1,-1.624416541649855,199.33333333333331,30-32
2024,16153,1.0456866913616403,HIT,212.0,0.0,0.0,1.2141692867912142,1992.0,32.0,1,1.2141692867912142,212.0,30-32
2024,16201,-0.409380072083676,PIT,0.0,53.333333333333336,1.0,,1992.0,32.0,0,0.0,53.333333333333336,30-32
2024,16207,3.2940338684010677,PIT,0.0,54.333333333333336,0.0,-0.5891555423721886,1992.0,32.0,1,-0.5891555423721886,54.333333333333336,30-32
2024,16252,8.285166704985462,HIT,539.0,0.0,0.0,9.377212983290418,1993.0,31.0,1,9.377212983290418,539.0,30-32
2024,16256,-1.8458481231422725,PIT,0.0,113.33333333333331,0.0,-2.2583099307185566,1993.0,31.0,1,-2.2583099307185566,113.33333333333331,30-32
2024,16258,1.4660150460364378,PIT,0.0,55.333333333333336,0.0,1.409283021834009,1993.0,31.0,1,1.409283021834009,55.333333333333336,30-32
2024,16300,2.336454579658205,PIT,0.0,40.66666666666668,3.0,0.7107068788070302,1995.0,29.0,1,0.7107068788070302,40.66666666666668,27-29
2024,16337,2.32178886103408,HIT,275.0,0.0,0.0,,1995.0,29.0,0,0.0,275.0,27-29
2024,16376,4.6728759024180455,HIT,488.0,0.0,0.0,2.117403441870296,1993.0,31.0,1,2.117403441870296,488.0,30-32
2024,16400,9.228587199132825,PIT,0.0,135.66666666666663,0.0,-0.5206282437152663,1994.0,30.0,1,-0.5206282437152663,135.66666666666663,30-32
2024,16426,2.709510482152935,HIT,381.0,0.0,0.0,1.2636380515029602,1996.0,28.0,1,1.2636380515029602,381.0,27-29
2024,16442,5.098519015350449,HIT,494.0,0.0,0.0,5.807435427306543,1993.0,31.0,1,5.807435427306543,494.0,30-32
2024,16472,5.198900296804638,HIT,517.0,0.0,0.0,2.7147067421620634,1993.0,31.0,1,2.7147067421620634,517.0,30-32
2024,16478,9.249323939000336,HIT,692.0,0.0,0.0,10.89573263853221,1993.0,31.0,1,10.89573263853221,692.0,30-32
2024,16502,4.374008035228785,PIT,0.0,98.66666666666667,1.0,1.157146133075946,1991.0,33.0,1,1.157146133075946,98.66666666666667,33+
2024,16505,7.853586480258054,HIT,647.0,0.0,0.0,5.301737039910891,1993.0,31.0,1,5.301737039910891,647.0,30-32
2024,16511,-4.8062916888760645,PIT,0.0,117.0,1.0,,1992.0,32.0,0,0.0,117.0,30-32
2024,16512,4.383365225030481,HIT,496.0,2.0,0.0,3.752573352643541,1995.0,29.0,1,3.752573352643541,496.0,27-29
2024,16530,3.571277966456435,HIT,428.0,0.0,0.0,2.557592342841903,1994.0,30.0,1,2.557592342841903,428.0,30-32
2024,16535,1.5604045353928004,HIT,324.0,0.0,0.0,2.4102752564351024,1995.0,29.0,1,2.4102752564351024,324.0,27-29
2024,16556,4.244735880211619,HIT,435.0,0.0,0.0,5.707127300324658,1997.0,27.0,1,5.707127300324658,435.0,27-29
2024,16561,-0.8201332040444511,PIT,0.0,165.0,0.0,-5.425960491613224,1993.0,31.0,1,-5.425960491613224,165.0,30-32
2024,16572,2.729390630034905,HIT,416.0,0.0,0.0,0.021519276892135508,1992.0,32.0,1,0.021519276892135508,416.0,30-32
2024,16578,5.483346701313469,HIT,621.0,0.0,0.0,8.05116362392187,1991.0,33.0,1,8.05116362392187,621.0,33+
2024,16609,3.6681965465009703,PIT,0.0,78.33333333333331,1.0,5.821769266767439,1997.0,27.0,1,5.821769266767439,78.33333333333331,27-29
2024,16647,3.5252862463244816,PIT,0.0,66.33333333333331,2.0,1.065422514538365,1992.0,32.0,1,1.065422514538365,66.33333333333331,30-32
2024,16725,1.0953547616073178,HIT,234.0,2.0,0.0,1.3365604975106393,1992.0,32.0,1,1.3365604975106393,234.0,30-32
2024,16814,0.7909760354589519,PIT,0.0,67.0,0.0,2.856953944771038,1990.0,34.0,1,2.856953944771038,67.0,33+
2024,16835,0.9230379545514753,PIT,0.0,51.0,0.0,2.3918498768827323,1992.0,32.0,1,2.3918498768827323,51.0,30-32
2024,16866,3.322879347520102,PIT,0.0,57.333333333333336,4.0,1.771273098652946,1993.0,31.0,1,1.771273098652946,57.333333333333336,30-32
2024,16918,6.875960680472632,PIT,0.0,84.0,4.0,4.523752978149595,1993.0,31.0,1,4.523752978149595,84.0,30-32
2024,16930,3.2389762572712377,HIT,491.0,0.0,0.0,2.3556165863762333,1995.0,29.0,1,2.3556165863762333,491.0,27-29
2024,16939,6.33386532301985,HIT,528.0,0.0,0.0,0.42494951049198826,1995.0,29.0,1,0.42494951049198826,528.0,27-29
2024,16944,1.8922832677264605,PIT,0.0,68.33333333333331,0.0,1.604624512696476,1996.0,28.0,1,1.604624512696476,68.33333333333331,27-29
2024,16977,5.205230021458483,PIT,0.0,66.66666666666667,0.0,-3.559048095001862,1992.0,32.0,1,-3.559048095001862,66.66666666666667,30-32
2024,16990,1.2540287364997527,PIT,0.0,72.33333333333331,2.0,4.542654545616748,1991.0,33.0,1,4.542654545616748,72.33333333333331,33+
2024,16997,5.737042620115744,HIT,665.0,0.0,0.0,5.776971010368687,1996.0,28.0,1,5.776971010368687,665.0,27-29
2024,17022,3.055115965906974,HIT,274.0,0.0,0.0,3.1130476032030368,1996.0,28.0,1,3.1130476032030368,274.0,27-29
2024,17027,4.405113253654102,HIT,621.0,0.0,0.0,0.8165862895342968,1996.0,28.0,1,0.8165862895342968,621.0,27-29
2024,17085,6.284592808294841,PIT,0.0,185.33333333333331,0.0,4.490170877284425,1996.0,28.0,1,4.490170877284425,185.33333333333331,27-29
2024,17128,3.399585862216779,HIT,309.0,0.0,0.0,6.981575742899996,1994.0,30.0,1,6.981575742899996,309.0,30-32
2024,17130,12.021030519746038,PIT,0.0,69.33333333333331,34.0,8.478875342989323,1990.0,34.0,1,8.478875342989323,69.33333333333331,33+
2024,17192,1.891336949169498,PIT,0.0,70.0,10.0,2.7753920829502747,1993.0,31.0,1,2.7753920829502747,70.0,30-32
2024,17273,2.260990649035757,HIT,208.0,0.0,0.0,-0.2944947896564829,1995.0,29.0,1,-0.2944947896564829,208.0,27-29
2024,17277,6.192298510574596,PIT,0.0,150.66666666666663,0.0,7.117571404248011,1995.0,29.0,1,7.117571404248011,150.66666666666663,27-29
2024,17282,5.860043554287523,PIT,0.0,67.66666666666667,15.0,0.031006330157371975,1996.0,28.0,1,0.031006330157371975,67.66666666666667,27-29
2024,17295,10.031376568550238,PIT,0.0,176.33333333333331,0.0,6.538501306453856,1993.0,31.0,1,6.538501306453856,176.33333333333331,30-32
2024,17312,5.839343783987821,PIT,0.0,134.66666666666663,0.0,0.9375809340189241,1995.0,29.0,1,0.9375809340189241,134.66666666666663,27-29
2024,17338,6.1306585695248375,HIT,635.0,1.3333333333333337,0.0,3.3563727485028227,1997.0,27.0,1,3.3563727485028227,635.0,27-29
2024,17350,7.873072736993438,HIT,601.0,0.0,0.0,8.363798432288357,1996.0,28.0,1,8.363798432288357,601.0,27-29
2024,17425,6.408599465036376,PIT,0.0,177.33333333333331,0.0,-4.793499631633644,1993.0,31.0,1,-4.793499631633644,177.33333333333331,30-32
2024,17432,6.578825845901184,PIT,0.0,66.33333333333331,10.0,8.479490260634055,1993.0,31.0,1,8.479490260634055,66.33333333333331,30-32
2024,17452,3.456286928590538,HIT,448.0,0.0,0.0,-0.03092075208735534,1995.0,29.0,1,-0.03092075208735534,448.0,27-29
2024,17464,-1.0485258367518167,PIT,0.0,43.333333333333336,0.0,,1996.0,28.0,0,0.0,43.333333333333336,27-29
2024,17479,9.487760747327906,PIT,0.0,162.0,0.0,2.258996140166007,1995.0,29.0,1,2.258996140166007,162.0,27-29
2024,17484,1.7768941679251742,HIT,349.0,0.0,0.0,,1996.0,28.0,0,0.0,349.0,27-29
2024,17490,0.8958495523220729,PIT,0.0,62.66666666666668,2.0,-2.308638562429504,1996.0,28.0,1,-2.308638562429504,62.66666666666668,27-29
2024,17548,6.3212784668068265,HIT,663.0,0.0,0.0,7.254076312106871,1993.0,31.0,1,7.254076312106871,663.0,30-32
2024,17586,9.837420437269497,PIT,0.0,72.0,22.0,3.584626653561483,1994.0,30.0,1,3.584626653561483,72.0,30-32
2024,17594,2.9214085051861294,PIT,0.0,178.0,0.0,2.1395199161785805,1996.0,28.0,1,2.1395199161785805,178.0,27-29
2024,17610,-1.2933710560519147,PIT,0.0,51.0,0.0,-1.322596105375846,1992.0,32.0,1,-1.322596105375846,51.0,30-32
2024,17639,-3.1050380487340603,PIT,0.0,59.66666666666668,2.0,2.008291930161246,1994.0,30.0,1,2.008291930161246,59.66666666666668,30-32
2024,17678,6.878444913434958,HIT,634.0,0.0,0.0,5.397547840811746,1994.0,30.0,1,5.397547840811746,634.0,30-32
2024,17696,3.159162950300556,HIT,311.0,0.0,0.0,0.35828721558385046,1993.0,31.0,1,0.35828721558385046,311.0,30-32
2024,17722,5.571320616667872,PIT,0.0,46.333333333333336,21.0,8.741353357337452,1993.0,31.0,1,8.741353357337452,46.333333333333336,30-32
2024,17734,5.215808285905418,PIT,0.0,54.66666666666668,18.0,0.702702441399613,1994.0,30.0,1,0.702702441399613,54.66666666666668,30-32
2024,17735,0.2605869426030748,PIT,0.0,107.66666666666667,0.0,-0.5091597127444148,1994.0,30.0,1,-0.5091597127444148,107.66666666666667,30-32
2024,17780,2.9244767398754696,PIT,0.0,61.66666666666668,13.0,2.561218468178322,1995.0,29.0,1,2.561218468178322,61.66666666666668,27-29
2024,17838,1.5868453293710645,HIT,254.0,0.0,0.0,,1994.0,30.0,0,0.0,254.0,30-32
2024,17874,5.343904901729596,PIT,0.0,174.33333333333331,0.0,-1.622131439002229,1994.0,30.0,1,-1.622131439002229,174.33333333333331,30-32
2024,17878,2.7235798741529247,PIT,0.0,71.66666666666667,3.0,8.150500167806554,1996.0,28.0,1,8.150500167806554,71.66666666666667,27-29
2024,17893,1.1149328073426616,HIT,278.0,0.0,0.0,,1997.0,27.0,0,0.0,278.0,27-29
2024,17897,3.142636250861776,PIT,0.0,60.0,6.0,4.8889448462223815,1994.0,30.0,1,4.8889448462223815,60.0,30-32
2024,17901,4.3921435660925985,HIT,522.0,0.0,0.0,4.561744422377175,1994.0,30.0,1,4.561744422377175,522.0,30-32
2024,17907,4.998219709423312,HIT,539.0,0.0,0.0,0.3648929216193452,1996.0,28.0,1,0.3648929216193452,539.0,27-29
2024,17919,7.433852617331767,HIT,657.0,0.0,0.0,6.302764335345586,1994.0,30.0,1,6.302764335345586,657.0,30-32
2024,17929,6.324460997869627,HIT,499.0,0.0,0.0,4.840205311972216,1994.0,30.0,1,4.840205311972216,499.0,30-32
2024,17948,2.9102333079312324,PIT,0.0,72.33333333333331,1.0,0.03781681224127975,1993.0,31.0,1,0.03781681224127975,72.33333333333331,30-32
2024,17969,-2.783338472252934,PIT,0.0,61.333333333333336,0.0,,1997.0,27.0,0,0.0,61.333333333333336,27-29
2024,17982,3.3664495103125573,HIT,535.0,0.0,0.0,3.564533997678628,1994.0,30.0,1,3.564533997678628,535.0,30-32
2024,17988,5.592816883204956,HIT,515.0,0.0,0.0,3.0844450584149383,1996.0,28.0,1,3.0844450584149383,515.0,27-29
2024,17995,6.598532818001484,PIT,0.0,204.66666666666663,0.0,9.34941907792737,1996.0,28.0,1,9.34941907792737,204.66666666666663,27-29
2024,17998,5.113078326151187,PIT,0.0,45.333333333333336,23.0,7.949218210501285,1993.0,31.0,1,7.949218210501285,45.333333333333336,30-32
2024,18000,-1.6177094202423057,PIT,0.0,75.66666666666667,0.0,-1.0051715173412172,1997.0,27.0,1,-1.0051715173412172,75.66666666666667,27-29
2024,18015,4.5137328995412105,HIT,482.0,0.0,0.0,1.531449725294102,1993.0,31.0,1,1.531449725294102,482.0,30-32
2024,18030,4.688215695444039,HIT,437.0,0.0,0.0,5.665388175888318,1994.0,30.0,1,5.665388175888318,437.0,30-32
2024,18036,5.744122552982186,HIT,656.0,0.0,0.0,4.1467879772933145,1994.0,30.0,1,4.1467879772933145,656.0,30-32
2024,18042,4.237405872161913,HIT,441.0,0.0,0.0,2.58479518507411,1992.0,32.0,1,2.58479518507411,441.0,30-32
2024,18064,2.6433577418573613,PIT,0.0,64.0,3.0,4.954936238585677,1993.0,31.0,1,4.954936238585677,64.0,30-32
2024,18126,3.1971797726369267,HIT,401.0,0.0,0.0,0.17679275070853895,1994.0,30.0,1,0.17679275070853895,401.0,30-32
2024,18138,12.799120892844234,PIT,0.0,66.33333333333331,49.0,3.106136859821099,1994.0,30.0,1,3.106136859821099,66.33333333333331,30-32
2024,18171,3.048479768376503,HIT,400.0,0.0,0.0,0.11977835113446211,1992.0,32.0,1,0.11977835113446211,400.0,30-32
2024,18297,0.6689029026023723,PIT,0.0,64.0,12.0,3.256874341822889,1991.0,33.0,1,3.256874341822889,64.0,33+
2024,18311,-0.47707469086635146,PIT,0.0,86.66666666666667,0.0,-0.775444325916822,1993.0,31.0,1,-0.775444325916822,86.66666666666667,30-32
2024,18314,6.296184120810056,HIT,593.0,0.0,0.0,7.085188093550499,1994.0,30.0,1,7.085188093550499,593.0,30-32
2024,18345,6.087825092096725,HIT,339.0,0.0,0.0,7.985384894316908,1997.0,27.0,1,7.985384894316908,339.0,27-29
2024,18360,5.039339987415567,HIT,469.0,0.0,0.0,4.463409326813052,1997.0,27.0,1,4.463409326813052,469.0,27-29
2024,18363,5.226856061635136,HIT,295.0,0.0,0.0,0.9906422761526956,1997.0,27.0,1,0.9906422761526956,295.0,27-29
2024,18373,5.073555154835879,HIT,507.0,0.0,0.0,2.5475965655893194,1997.0,27.0,1,2.5475965655893194,507.0,27-29
2024,18383,-0.9758579874562987,PIT,0.0,79.66666666666667,0.0,1.7271196166274851,1997.0,27.0,1,1.7271196166274851,79.66666666666667,27-29
2024,18400,2.6611202239831266,HIT,249.0,0.0,0.0,,1998.0,26.0,0,0.0,249.0,24-26
2024,18401,2.7281151765715324,HIT,222.0,0.0,0.0,6.05961927087813,1997.0,27.0,1,6.05961927087813,222.0,27-29
2024,18403,-0.9362489443445399,PIT,0.0,64.0,2.0,1.5953314955526121,1995.0,29.0,1,1.5953314955526121,64.0,27-29
2024,18498,-3.4806398602158994,PIT,0.0,112.33333333333331,0.0,-0.8801159581233002,1988.0,36.0,1,-0.8801159581233002,112.33333333333331,33+
2024,18525,9.774205553294756,PIT,0.0,189.33333333333331,0.0,2.365094156223481,1995.0,29.0,1,2.365094156223481,189.33333333333331,27-29
2024,18564,1.5520577215864497,HIT,209.0,0.0,0.0,6.563198957921319,1996.0,28.0,1,6.563198957921319,209.0,27-29
2024,18568,6.703400263578915,HIT,672.0,0.0,0.0,6.0802739670168755,1997.0,27.0,1,6.0802739670168755,672.0,27-29
2024,18577,2.389056011465726,HIT,396.0,0.0,0.0,3.333097985251853,1997.0,27.0,1,3.333097985251853,396.0,27-29
2024,18679,6.213235114107515,PIT,0.0,173.66666666666663,0.0,12.843205120289262,1996.0,28.0,1,12.843205120289262,173.66666666666663,27-29
2024,18795,3.1604473445884627,HIT,301.0,0.0,0.0,2.891667216676777,1994.0,30.0,1,2.891667216676777,301.0,30-32
2024,18819,2.195268118545359,HIT,244.0,0.0,0.0,1.6406159008110872,1993.0,31.0,1,1.6406159008110872,244.0,30-32
2024,18839,8.006973939223583,HIT,633.0,0.0,0.0,9.28323674975291,1997.0,27.0,1,9.28323674975291,633.0,27-29
2024,18864,2.3291868501227624,PIT,0.0,82.66666666666667,1.0,,1997.0,27.0,0,0.0,82.66666666666667,27-29
2024,18882,4.992814474463431,HIT,425.0,0.0,0.0,7.025049146664029,1994.0,30.0,1,7.025049146664029,425.0,30-32
2024,18900,4.606437570495574,HIT,529.0,0.0,0.0,1.1411037703701763,1998.0,26.0,1,1.1411037703701763,529.0,24-26
2024,19197,5.912578562591637,HIT,544.0,0.0,0.0,5.777904322633438,1995.0,29.0,1,5.777904322633438,544.0,27-29
2024,19206,-5.338373478433958,PIT,0.0,89.0,0.0,,1994.0,30.0,0,0.0,89.0,30-32
2024,19238,6.809263337698101,HIT,553.0,0.0,0.0,5.492972183896044,1993.0,31.0,1,5.492972183896044,553.0,30-32
2024,19244,-1.5065422957856458,PIT,0.0,111.0,1.0,,1994.0,30.0,0,0.0,111.0,30-32
2024,19249,2.6657517503295702,PIT,0.0,58.66666666666668,11.0,3.1624755323082208,1994.0,30.0,1,3.1624755323082208,58.66666666666668,30-32
2024,19251,7.5474834051375,HIT,695.0,0.0,0.0,9.450322553115118,1994.0,30.0,1,9.450322553115118,695.0,30-32
2024,19252,1.1646478727038563,HIT,224.0,0.0,0.0,0.13108120629523679,1995.0,29.0,1,0.13108120629523679,224.0,27-29
2024,19260,4.058467034332214,HIT,382.0,0.0,0.0,2.017606334039023,1995.0,29.0,1,2.017606334039023,382.0,27-29
2024,19262,1.200282975739198,HIT,231.0,1.0,0.0,0.3688346151269469,1994.0,30.0,1,0.3688346151269469,231.0,30-32
2024,19274,2.564160482808362,PIT,0.0,56.66666666666668,2.0,4.1559128262847,1993.0,31.0,1,4.1559128262847,56.66666666666668,30-32
2024,19287,6.079781337010454,HIT,637.0,0.0,0.0,5.1265904638217155,1993.0,31.0,1,5.1265904638217155,637.0,30-32
2024,19290,5.561281626604594,HIT,648.0,0.0,0.0,8.006839061393038,1995.0,29.0,1,8.006839061393038,648.0,27-29
2024,19291,5.844710101823357,PIT,0.0,148.0,0.0,2.4790083123891122,1995.0,29.0,1,2.4790083123891122,148.0,27-29
2024,19293,0.9997034888829222,HIT,267.0,0.0,0.0,,1995.0,29.0,0,0.0,267.0,27-29
2024,19309,0.6754804883412362,PIT,0.0,65.33333333333331,1.0,-0.7455104244499242,1993.0,31.0,1,-0.7455104244499242,65.33333333333331,30-32
2024,19312,-2.260718128577055,PIT,0.0,148.33333333333331,0.0,-4.1321593698308465,1995.0,29.0,1,-4.1321593698308465,148.33333333333331,27-29
2024,19326,7.874731289173901,HIT,692.0,0.0,0.0,5.043056441803544,1995.0,29.0,1,5.043056441803544,692.0,27-29
2024,19339,1.9111922617175199,HIT,445.0,0.0,0.0,-0.17719486081915148,1995.0,29.0,1,-0.17719486081915148,445.0,27-29
2024,19343,4.090718579430094,PIT,0.0,71.33333333333331,3.0,0.8545369782201236,1995.0,29.0,1,0.8545369782201236,71.33333333333331,27-29
2024,19349,-0.4550085231044617,PIT,0.0,54.333333333333336,1.0,2.56899917564368,1996.0,28.0,1,2.56899917564368,54.333333333333336,27-29
2024,19350,2.995376700622897,PIT,0.0,129.66666666666663,0.0,4.071620188678405,1996.0,28.0,1,4.071620188678405,129.66666666666663,27-29
2024,19352,1.1781639884027613,HIT,264.0,0.0,0.0,2.4092571832182017,1994.0,30.0,1,2.4092571832182017,264.0,30-32
2024,19354,5.426549233175244,HIT,455.0,0.0,0.0,0.9902778981055755,1994.0,30.0,1,0.9902778981055755,455.0,30-32
2024,19360,4.752208456499446,PIT,0.0,61.66666666666668,14.0,4.673276780590064,1995.0,29.0,1,4.673276780590064,61.66666666666668,27-29
2024,19361,10.595847821979858,PIT,0.0,194.33333333333331,0.0,3.259619280707037,1994.0,30.0,1,3.259619280707037,194.33333333333331,30-32
2024,19362,4.432595615956094,PIT,0.0,78.66666666666667,1.0,3.2347965558969856,1995.0,29.0,1,3.2347965558969856,78.66666666666667,27-29
2024,19363,1.8635296768780292,HIT,255.0,0.0,0.0,5.259567792627406,1995.0,29.0,1,5.259567792627406,255.0,27-29
2024,19374,-2.705334403473622,PIT,0.0,75.33333333333331,0.0,-0.9094817812754368,1994.0,30.0,1,-0.9094817812754368,75.33333333333331,30-32
2024,19392,2.0505836881638895,HIT,325.0,2.0,0.0,5.427093763626275,1995.0,29.0,1,5.427093763626275,325.0,27-29
2024,19407,9.799019023539259,PIT,0.0,167.33333333333331,0.0,1.3997171988925676,1993.0,31.0,1,1.3997171988925676,167.33333333333331,30-32
2024,19409,-1.302766283266527,PIT,0.0,95.0,0.0,-0.9524523479170265,1994.0,30.0,1,-0.9524523479170265,95.0,30-32
2024,19444,-1.9327156380470023,PIT,0.0,45.0,1.0,-0.009717114774260405,1995.0,29.0,1,-0.009717114774260405,45.0,27-29
2024,19447,-1.6231812012883178,PIT,0.0,79.66666666666667,0.0,,1996.0,28.0,0,0.0,79.66666666666667,27-29
2024,19452,2.112365560879136,HIT,337.0,0.0,0.0,0.7480970377175876,1995.0,29.0,1,0.7480970377175876,337.0,27-29
2024,19459,3.1548267084699937,PIT,0.0,58.333333333333336,0.0,-3.5498274245280355,1995.0,29.0,1,-3.5498274245280355,58.333333333333336,27-29
2024,19479,1.7545184802096743,PIT,0.0,161.0,0.0,0.2797270620600104,1995.0,29.0,1,0.2797270620600104,161.0,27-29
2024,19481,2.8012241852931097,PIT,0.0,51.333333333333336,2.0,0.8617447614243696,1993.0,31.0,1,0.8617447614243696,51.333333333333336,30-32
2024,19522,3.660013697335204,HIT,341.0,0.0,0.0,5.7291277365585245,1995.0,29.0,1,5.7291277365585245,341.0,27-29
2024,19531,6.286691411727742,PIT,0.0,60.0,28.0,,1995.0,29.0,0,0.0,60.0,27-29
2024,19556,9.860160339294879,HIT,635.0,0.0,0.0,1.9084572925157304,1997.0,27.0,1,1.9084572925157304,635.0,27-29
2024,19566,5.512554033878492,HIT,565.0,0.0,0.0,4.741624568131799,1995.0,29.0,1,4.741624568131799,565.0,27-29
2024,19569,2.2713284672178404,PIT,0.0,57.66666666666668,23.0,9.72902456521182,1994.0,30.0,1,9.72902456521182,57.66666666666668,30-32
2024,19574,3.377435531328032,PIT,0.0,59.0,1.0,4.886626814618793,1996.0,28.0,1,4.886626814618793,59.0,27-29
2024,19599,1.968104331366642,HIT,267.0,0.0,0.0,0.19233155474964203,1995.0,29.0,1,0.19233155474964203,267.0,27-29
2024,19600,5.031776970332603,HIT,622.0,0.0,0.0,-0.07156632312013009,1996.0,28.0,1,-0.07156632312013009,622.0,27-29
2024,19608,4.612530350709019,HIT,434.0,0.0,0.0,5.755462695454695,1998.0,26.0,1,5.755462695454695,434.0,24-26
2024,19610,3.581638000545042,HIT,485.0,0.0,0.0,1.3037682557778703,1998.0,26.0,1,1.3037682557778703,485.0,24-26
2024,19611,10.760524308015222,HIT,697.0,0.0,0.0,8.386747926692403,1999.0,25.0,1,8.386747926692403,697.0,24-26
2024,19612,1.8730210364585718,HIT,336.0,0.0,0.0,8.211344665034744,1998.0,26.0,1,8.211344665034744,336.0,24-26
2024,19614,0.11187870541829592,PIT,0.0,53.66666666666668,2.0,-2.854114575085226,1996.0,28.0,1,-2.854114575085226,53.66666666666668,27-29
2024,19618,0.23685898901322,PIT,0.0,109.66666666666667,1.0,-4.209092314579751,1996.0,28.0,1,-4.209092314579751,109.66666666666667,27-29
2024,19627,10.53019954940828,HIT,614.0,0.0,0.0,7.90084555087343,1994.0,30.0,1,7.90084555087343,614.0,30-32
2024,19677,0.178924187669806,PIT,0.0,53.0,2.0,0.1772041927753225,1995.0,29.0,1,0.1772041927753225,53.0,27-29
2024,19709,6.052392207992165,HIT,438.0,0.0,0.0,9.220759920601635,1999.0,25.0,1,9.220759920601635,438.0,24-26
2024,19734,2.552263627295201,HIT,476.0,2.0,0.0,0.2929199066722591,1994.0,30.0,1,0.2929199066722591,476.0,30-32
2024,19742,1.8114533437150895,PIT,0.0,53.0,1.0,4.044724975803622,1995.0,29.0,1,4.044724975803622,53.0,27-29
2024,19755,17.319592704643554,HIT,731.0,0.0,0.0,15.600132999222563,1994.0,30.0,1,15.600132999222563,731.0,30-32
2024,19769,3.5166289319598985,PIT,0.0,70.33333333333331,2.0,7.454730703800639,1995.0,29.0,1,7.454730703800639,70.33333333333331,27-29
2024,19844,2.2329911360209795,HIT,364.0,0.0,0.0,1.5695865417646266,1996.0,28.0,1,1.5695865417646266,364.0,27-29
2024,19853,9.026512249573402,PIT,0.0,173.66666666666663,0.0,3.0761101026619326,1995.0,29.0,1,3.0761101026619326,173.66666666666663,27-29
2024,19858,4.6889399027741305,HIT,304.0,0.0,0.0,3.564921947173106,1997.0,27.0,1,3.564921947173106,304.0,27-29
2024,19867,-2.557634390609552,PIT,0.0,171.66666666666663,0.0,2.1688600800822524,1996.0,28.0,1,2.1688600800822524,171.66666666666663,27-29
2024,19874,1.7453509852039675,PIT,0.0,57.333333333333336,0.0,,1995.0,29.0,0,0.0,57.333333333333336,27-29
2024,19876,4.739330652013425,PIT,0.0,70.0,5.0,-1.2174244176988531,1994.0,30.0,1,-1.2174244176988531,70.0,30-32
2024,19879,7.198914950909956,PIT,0.0,178.66666666666663,0.0,-4.377851893596178,1996.0,28.0,1,-4.377851893596178,178.66666666666663,27-29
2024,19890,1.2358565852028063,HIT,302.0,4.0,0.0,-1.3710830257436775,1996.0,28.0,1,-1.3710830257436775,302.0,27-29
2024,19896,5.23988579264536,HIT,487.0,0.0,0.0,0.17328546818694357,1996.0,28.0,1,0.17328546818694357,487.0,27-29
2024,19899,4.179337835181853,PIT,0.0,85.33333333333331,0.0,3.5433276483378595,1996.0,28.0,1,3.5433276483378595,85.33333333333331,27-29
2024,19901,2.6875574664717155,HIT,501.0,0.0,0.0,5.0443357747280935,1996.0,28.0,1,5.0443357747280935,501.0,27-29
2024,19911,-2.249612741119021,PIT,0.0,52.333333333333336,1.0,1.5154733371356661,1998.0,26.0,1,1.5154733371356661,52.333333333333336,24-26
2024,19913,5.888078390821207,HIT,537.0,0.0,0.0,4.402612115448235,1997.0,27.0,1,4.402612115448235,537.0,27-29
2024,19918,4.7605472976848695,HIT,513.0,0.0,0.0,4.092117639886906,1996.0,28.0,1,4.092117639886906,513.0,27-29
2024,19921,4.367592775673025,HIT,434.0,0.0,0.0,1.603192537674928,1996.0,28.0,1,1.603192537674928,434.0,27-29
2024,19924,6.763589864621016,PIT,0.0,62.333333333333336,0.0,-0.7030354122228506,1997.0,27.0,1,-0.7030354122228506,62.333333333333336,27-29
2024,19950,6.123929849577001,HIT,633.0,0.0,0.0,2.4279018861300434,1998.0,26.0,1,2.4279018861300434,633.0,24-26
2024,19953,4.054844341307851,HIT,387.0,0.0,0.0,3.782311435639394,1998.0,26.0,1,3.782311435639394,387.0,24-26
2024,19955,4.194976323974722,HIT,487.0,0.0,0.0,3.701821026767906,1997.0,27.0,1,3.701821026767906,487.0,27-29
2024,19956,3.616278783411258,HIT,418.0,0.0,0.0,6.251634082397917,1998.0,26.0,1,6.251634082397917,418.0,24-26
2024,19959,0.09442702305798717,PIT,0.0,66.66666666666667,0.0,7.29212840138564,1997.0,27.0,1,7.29212840138564,66.66666666666667,27-29
2024,19962,-0.7801731286373341,PIT,0.0,67.33333333333331,1.0,-2.648815886442851,1997.0,27.0,1,-2.648815886442851,67.33333333333331,27-29
2024,19976,5.480482286566287,PIT,0.0,62.0,1.0,,1995.0,29.0,0,0.0,62.0,27-29
2024,19990,1.575928812544738,PIT,0.0,104.66666666666667,0.0,-4.175498879180592,1997.0,27.0,1,-4.175498879180592,104.66666666666667,27-29
2024,19996,4.403521980452543,PIT,0.0,59.66666666666668,0.0,3.7205664787871693,1994.0,30.0,1,3.7205664787871693,59.66666666666668,30-32
2024,19997,3.46225149000178,HIT,391.0,0.0,0.0,1.0825374765332514,1994.0,30.0,1,1.0825374765332514,391.0,30-32
2024,20020,1.7847822543277736,PIT,0.0,51.66666666666668,2.0,2.0032329082541205,1994.0,30.0,1,2.0032329082541205,51.66666666666668,30-32
2024,20036,5.250455550954419,HIT,641.0,0.0,0.0,4.4006400871403635,1999.0,25.0,1,4.4006400871403635,641.0,24-26
2024,20038,-2.3734348274100103,PIT,0.0,42.0,2.0,0.3289321845511311,1996.0,28.0,1,0.3289321845511311,42.0,27-29
2024,20039,2.7372020378042703,PIT,0.0,63.66666666666668,2.0,9.085382037521958,1999.0,25.0,1,9.085382037521958,63.66666666666668,24-26
2024,20043,4.168042806712311,HIT,425.0,0.0,0.0,5.16185030385031,1997.0,27.0,1,5.16185030385031,425.0,27-29
2024,20070,1.1307681140873644,PIT,0.0,142.33333333333331,0.0,0.9658636420803435,1997.0,27.0,1,0.9658636420803435,142.33333333333331,27-29
2024,20099,-0.4809755639460065,PIT,0.0,88.33333333333331,0.0,-1.8304828878395856,1996.0,28.0,1,-1.8304828878395856,88.33333333333331,27-29
2024,20116,2.249410026469304,PIT,0.0,53.66666666666668,6.0,4.614390032631612,1995.0,29.0,1,4.614390032631612,53.66666666666668,27-29
2024,20123,11.720077801001473,HIT,713.0,0.0,0.0,11.896322420003568,1998.0,26.0,1,11.896322420003568,713.0,24-26
2024,20126,0.997654550770856,HIT,265.0,0.0,0.0,0.9812915834539598,1998.0,26.0,1,0.9812915834539598,265.0,24-26
2024,20132,-1.0889065437482959,PIT,0.0,42.333333333333336,0.0,,1994.0,30.0,0,0.0,42.333333333333336,30-32
2024,20160,0.5767901610354798,PIT,0.0,66.33333333333331,2.0,-2.3684648209816492,1996.0,28.0,1,-2.3684648209816492,66.33333333333331,27-29
2024,20167,0.34092701071962966,PIT,0.0,49.333333333333336,0.0,,1997.0,27.0,0,0.0,49.333333333333336,27-29
2024,20178,0.3970150398792116,HIT,237.0,0.0,0.0,4.881985097811603,1999.0,25.0,1,4.881985097811603,237.0,24-26
2024,20185,-0.8310797935996826,PIT,0.0,48.333333333333336,1.0,-1.7568337756534855,1996.0,28.0,1,-1.7568337756534855,48.333333333333336,27-29
2024,20202,5.600891541163445,HIT,476.0,0.0,0.0,4.6290793921349085,1997.0,27.0,1,4.6290793921349085,476.0,27-29
2024,20203,3.2784864886207608,PIT,0.0,42.0,0.0,-1.5612233215697047,1996.0,28.0,1,-1.5612233215697047,42.0,27-29
2024,20206,-1.3005427032441448,PIT,0.0,58.333333333333336,0.0,,1995.0,29.0,0,0.0,58.333333333333336,27-29
2024,20220,4.712424686329415,HIT,451.0,0.0,0.0,6.9427774918208005,1999.0,25.0,1,6.9427774918208005,451.0,24-26
2024,20253,8.027093317574561,PIT,0.0,71.0,10.0,1.0230846254450447,1994.0,30.0,1,1.0230846254450447,71.0,30-32
2024,20287,1.3635408168575607,HIT,328.0,2.0,0.0,-0.0508694648190966,1997.0,27.0,1,-0.0508694648190966,328.0,27-29
2024,20302,5.150175374788615,PIT,0.0,121.0,0.0,1.8922152228179239,1995.0,29.0,1,1.8922152228179239,121.0,27-29
2024,20308,3.9985793845166695,HIT,513.0,0.0,0.0,4.055288906934269,1996.0,28.0,1,4.055288906934269,513.0,27-29
2024,20321,2.7631430031102435,HIT,233.0,0.0,0.0,0.27300273563216326,1996.0,28.0,1,0.27300273563216326,233.0,27-29
2024,20349,2.1896985021047795,PIT,0.0,56.66666666666668,0.0,-0.02461931777017118,1995.0,29.0,1,-0.02461931777017118,56.66666666666668,27-29
2024,20352,4.586396863648324,HIT,452.0,1.0,0.0,5.446214295884637,1996.0,28.0,1,5.446214295884637,452.0,27-29
2024,20373,7.934389374820425,PIT,0.0,59.333333333333336,22.0,11.1876981821492,1999.0,25.0,1,11.1876981821492,59.333333333333336,24-26
2024,20375,2.141598190196601,PIT,0.0,63.333333333333336,1.0,4.504150675117333,1995.0,29.0,1,4.504150675117333,63.333333333333336,27-29
2024,20391,7.16315925897983,HIT,528.0,0.0,0.0,5.684338693469847,2000.0,24.0,1,5.684338693469847,528.0,24-26
2024,20423,10.152259950018687,PIT,0.0,80.0,10.0,4.358469208663086,1995.0,29.0,1,4.358469208663086,80.0,27-29
2024,20437,3.4165009230331194,HIT,325.0,0.0,0.0,3.7595191200941205,1999.0,25.0,1,3.7595191200941205,325.0,24-26
2024,20454,8.559607448611192,HIT,621.0,0.0,0.0,8.04166854838717,1998.0,26.0,1,8.04166854838717,621.0,24-26
2024,20492,-1.4441743287000544,PIT,0.0,102.33333333333331,0.0,5.325356978312799,1997.0,27.0,1,5.325356978312799,102.33333333333331,27-29
2024,20503,8.805685993289847,HIT,679.0,0.0,0.0,6.447624311138829,1997.0,27.0,1,6.447624311138829,679.0,27-29
2024,20517,3.175808913198357,PIT,0.0,57.66666666666668,1.0,0.9105645186483948,1997.0,27.0,1,0.9105645186483948,57.66666666666668,27-29
2024,20529,1.7434877389781351,HIT,297.0,0.0,0.0,1.900251085366984,1998.0,26.0,1,1.900251085366984,297.0,24-26
2024,20531,4.296278948131231,PIT,0.0,183.66666666666663,0.0,,1996.0,28.0,0,0.0,183.66666666666663,27-29
2024,20536,0.1853203146059479,HIT,278.0,1.6666666666666665,0.0,0.19360774977317907,1998.0,26.0,1,0.19360774977317907,278.0,24-26
2024,20538,4.240300395765056,HIT,429.0,0.0,0.0,0.07144183315400165,1998.0,26.0,1,0.07144183315400165,429.0,24-26
2024,20539,4.916929231497116,PIT,0.0,41.66666666666668,5.0,4.919418124938874,1998.0,26.0,1,4.919418124938874,41.66666666666668,24-26
2024,20543,1.1654445614319888,HIT,247.0,0.0,0.0,,1998.0,26.0,0,0.0,247.0,24-26
2024,20548,6.1912778939201045,PIT,0.0,103.66666666666667,0.0,-2.691464671540485,1996.0,28.0,1,-2.691464671540485,103.66666666666667,27-29
2024,20599,3.2153560012008557,HIT,259.0,0.0,0.0,5.915249479669564,2000.0,24.0,1,5.915249479669564,259.0,24-26
2024,20633,4.907105659651378,PIT,0.0,175.66666666666663,0.0,1.5634062906314363,1991.0,33.0,1,1.5634062906314363,175.66666666666663,33+
2024,20778,6.016816556789165,PIT,0.0,181.66666666666663,0.0,13.055085011566716,1996.0,28.0,1,13.055085011566716,181.66666666666663,27-29
2024,21029,6.326429130876836,PIT,0.0,54.333333333333336,23.0,10.924026254344861,1998.0,26.0,1,10.924026254344861,54.333333333333336,24-26
2024,21032,15.724053888540034,PIT,0.0,74.33333333333331,47.0,6.302605703165927,1998.0,26.0,1,6.302605703165927,74.33333333333331,24-26
2024,21045,1.3885903109556312,PIT,0.0,52.66666666666668,1.0,-0.08007073066525511,1994.0,30.0,1,-0.08007073066525511,52.66666666666668,30-32
2024,21052,7.471110626637216,PIT,0.0,151.66666666666663,0.0,1.3736727079687288,1998.0,26.0,1,1.3736727079687288,151.66666666666663,24-26
2024,21132,4.901323163720164,PIT,0.0,56.333333333333336,28.0,-1.2195164043178361,1996.0,28.0,1,-1.2195164043178361,56.333333333333336,27-29
2024,21224,7.819375649226844,PIT,0.0,178.66666666666663,0.0,-0.6815735663178195,1995.0,29.0,1,-0.6815735663178195,178.66666666666663,27-29
2024,21267,-0.8032526876131252,PIT,0.0,40.0,1.0,-0.8122565111172746,1995.0,29.0,1,-0.8122565111172746,40.0,27-29
2024,21306,0.2772672118926882,PIT,0.0,43.66666666666668,0.0,3.112188870505628,1996.0,28.0,1,3.112188870505628,43.66666666666668,27-29
2024,21318,1.5513050924265261,PIT,0.0,78.0,0.0,1.9406857427752842,1995.0,29.0,1,1.9406857427752842,78.0,27-29
2024,21390,6.397690967109118,PIT,0.0,135.0,0.0,9.748935583802014,1996.0,28.0,1,9.748935583802014,135.0,27-29
2024,21446,-0.5144561956305918,PIT,0.0,162.33333333333331,0.0,-0.7994576962407268,1996.0,28.0,1,-0.7994576962407268,162.33333333333331,27-29
2024,21448,-0.7071608149204331,PIT,0.0,50.0,0.0,1.943477624936094,1997.0,27.0,1,1.943477624936094,50.0,27-29
2024,21454,3.5852274488924145,HIT,405.0,0.0,0.0,3.8561245944775497,1997.0,27.0,1,3.8561245944775497,405.0,27-29
2024,21461,5.937943439183894,PIT,0.0,71.33333333333331,4.0,1.8309012531445168,1997.0,27.0,1,1.8309012531445168,71.33333333333331,27-29
2024,21479,6.925086825148593,HIT,641.0,0.0,0.0,7.858644857962356,1997.0,27.0,1,7.858644857962356,641.0,27-29
2024,21481,1.6939183385940857,PIT,0.0,80.66666666666667,0.0,-1.541132393260094,1997.0,27.0,1,-1.541132393260094,80.66666666666667,27-29
2024,21487,-0.786008262416011,PIT,0.0,46.66666666666668,0.0,3.480264037355996,1997.0,27.0,1,3.480264037355996,46.66666666666668,27-29
2024,21501,4.737943776980162,HIT,400.0,0.0,0.0,4.788437266025251,1997.0,27.0,1,4.788437266025251,400.0,27-29
2024,21504,3.1180893670822116,PIT,0.0,187.66666666666663,0.0,-3.931985118075583,1997.0,27.0,1,-3.931985118075583,187.66666666666663,27-29
2024,21520,2.286961442015044,PIT,0.0,72.33333333333331,0.0,2.2740019941650664,1996.0,28.0,1,2.2740019941650664,72.33333333333331,27-29
2024,21523,5.913484345862907,HIT,637.0,0.0,0.0,3.111333022892791,1996.0,28.0,1,3.111333022892791,637.0,27-29
2024,21524,3.59282341838594,HIT,282.0,0.0,0.0,1.7011593248146333,1996.0,28.0,1,1.7011593248146333,282.0,27-29
2024,21527,2.6890709096810834,PIT,0.0,56.66666666666668,18.0,,1996.0,28.0,0,0.0,56.66666666666668,27-29
2024,21534,6.894648514760419,HIT,628.0,0.0,0.0,11.401677435094411,1996.0,28.0,1,11.401677435094411,628.0,27-29
2024,21537,2.20504353867769,PIT,0.0,43.333333333333336,1.0,2.6701277455865142,1996.0,28.0,1,2.6701277455865142,43.333333333333336,27-29
2024,21538,1.5083828802018184,HIT,335.0,0.0,0.0,1.2134864915745531,1996.0,28.0,1,1.2134864915745531,335.0,27-29
2024,21558,5.668918314047551,HIT,567.0,0.0,0.0,0.6068854788313602,1996.0,28.0,1,0.6068854788313602,567.0,27-29
2024,21562,2.8074210456266044,HIT,216.0,0.0,0.0,4.698466292788021,1996.0,28.0,1,4.698466292788021,216.0,27-29
2024,21574,0.6296104498129922,PIT,0.0,45.66666666666668,1.0,2.954877695334373,1996.0,28.0,1,2.954877695334373,45.66666666666668,27-29
2024,21614,3.7848090537951653,HIT,426.0,0.0,0.0,2.6866502234261973,1997.0,27.0,1,2.6866502234261973,426.0,27-29
2024,21618,6.927844861832247,HIT,606.0,0.0,0.0,4.943773386828364,1996.0,28.0,1,4.943773386828364,606.0,27-29
2024,21622,6.459392800027299,HIT,495.0,0.0,0.0,1.1181754691546715,1997.0,27.0,1,1.1181754691546715,495.0,27-29
2024,21636,7.053607123883938,HIT,650.0,0.0,0.0,7.400383474196294,1997.0,27.0,1,7.400383474196294,650.0,27-29
2024,21649,-1.0537979128452837,PIT,0.0,40.0,0.0,,1999.0,25.0,0,0.0,40.0,24-26
2024,21652,2.36366205083395,PIT,0.0,51.333333333333336,2.0,-0.8945591173828379,1997.0,27.0,1,-0.8945591173828379,51.333333333333336,27-29
2024,21690,-0.29638978159714235,PIT,0.0,96.33333333333331,0.0,5.083027837472997,1998.0,26.0,1,5.083027837472997,96.33333333333331,24-26
2024,21693,2.497485803719751,HIT,363.0,0.0,0.0,1.5199565331613867,1999.0,25.0,1,1.5199565331613867,363.0,24-26
2024,21707,3.193277766054839,HIT,326.0,0.3333333333333333,0.0,0.8035702107684137,1999.0,25.0,1,0.8035702107684137,326.0,24-26
2024,21711,7.384812478892991,HIT,599.0,0.0,0.0,5.604322084324469,1998.0,26.0,1,5.604322084324469,599.0,24-26
2024,21716,1.5201619367080412,HIT,223.0,0.0,0.0,0.4144839549273834,1998.0,26.0,1,0.4144839549273834,223.0,24-26
2024,21741,1.8235875606390382,PIT,0.0,147.0,0.0,1.4971655924241138,1997.0,27.0,1,1.4971655924241138,147.0,27-29
2024,21840,3.1692590071640248,HIT,368.0,0.0,0.0,1.9953733082800085,1995.0,29.0,1,1.9953733082800085,368.0,27-29
2024,21846,8.986807596658076,PIT,0.0,186.33333333333331,0.0,1.6821367965329403,1997.0,27.0,1,1.6821367965329403,186.33333333333331,27-29
2024,21853,3.1063090001829163,HIT,388.0,0.0,0.0,2.641334898346835,1998.0,26.0,1,2.641334898346835,388.0,24-26
2024,21865,2.547447712674792,HIT,389.0,0.0,0.0,2.4715201755018903,2000.0,24.0,1,2.4715201755018903,389.0,24-26
2024,21897,3.671702800588715,HIT,611.0,0.0,0.0,2.6209794672514986,1999.0,25.0,1,2.6209794672514986,611.0,24-26
2024,21992,3.334424314150186,PIT,0.0,59.0,23.0,4.493698918121831,1997.0,27.0,1,4.493698918121831,59.0,27-29
2024,22051,2.2246211306561343,PIT,0.0,60.0,0.0,-1.3303325843259177,1994.0,30.0,1,-1.3303325843259177,60.0,30-32
2024,22100,3.6165667543286566,PIT,0.0,113.0,0.0,1.7351167515324857,1998.0,26.0,1,1.7351167515324857,113.0,24-26
2024,22182,9.263775221459996,PIT,0.0,150.33333333333331,0.0,7.956282750326793,1999.0,25.0,1,7.956282750326793,150.33333333333331,24-26
2024,22184,6.129008196840295,HIT,454.0,0.0,0.0,3.745312221173229,1999.0,25.0,1,3.745312221173229,454.0,24-26
2024,22186,7.268403517123944,HIT,619.0,0.0,0.0,8.844511658191415,1999.0,25.0,1,8.844511658191415,619.0,24-26
2024,22191,6.248248955232857,PIT,0.0,138.0,0.0,0.5051215579151636,1998.0,26.0,1,0.5051215579151636,138.0,24-26
2024,22197,3.020367091578917,HIT,451.0,0.0,0.0,-0.34346375962209996,1998.0,26.0,1,-0.34346375962209996,451.0,24-26
2024,22201,2.823101334656656,PIT,0.0,166.33333333333331,0.0,1.86507798988574,1999.0,25.0,1,1.86507798988574,166.33333333333331,24-26
2024,22207,-1.2350149228391936,PIT,0.0,43.0,0.0,1.2304928283785936,1998.0,26.0,1,1.2304928283785936,43.0,24-26
2024,22210,4.717712194740552,PIT,0.0,61.0,1.0,4.046773874653995,1998.0,26.0,1,4.046773874653995,61.0,24-26
2024,22217,2.4753618290470154,HIT,299.0,0.0,0.0,-0.3733105291906836,1998.0,26.0,1,-0.3733105291906836,299.0,24-26
2024,22244,1.7776365808620491,HIT,277.0,0.0,0.0,0.33477793100259456,1998.0,26.0,1,0.33477793100259456,277.0,24-26
2024,22250,11.580441170539057,PIT,0.0,208.66666666666663,0.0,6.846582186905627,1997.0,27.0,1,6.846582186905627,208.66666666666663,27-29
2024,22263,3.4052405128753858,HIT,402.0,0.0,0.0,2.7113526585166383,2000.0,24.0,1,2.7113526585166383,402.0,24-26
2024,22264,3.7660421146181458,PIT,0.0,79.33333333333331,0.0,1.2719338276814158,1999.0,25.0,1,1.2719338276814158,79.33333333333331,24-26
2024,22266,5.028203727635606,HIT,303.0,0.0,0.0,6.068208430853246,1999.0,25.0,1,6.068208430853246,303.0,24-26
2024,22267,15.948621174119744,PIT,0.0,192.0,0.0,16.533272659853495,1996.0,28.0,1,16.533272659853495,192.0,27-29
2024,22275,6.387944247859282,HIT,579.0,0.0,0.0,3.585124666574544,1996.0,28.0,1,3.585124666574544,579.0,27-29
2024,22286,-3.5582386622564504,PIT,0.0,124.33333333333331,0.0,10.063086575533848,1997.0,27.0,1,10.063086575533848,124.33333333333331,27-29
2024,22294,0.5913725744853838,PIT,0.0,86.0,0.0,2.0270499126955066,1999.0,25.0,1,2.0270499126955066,86.0,24-26
2024,22361,1.8231708382212977,PIT,0.0,51.333333333333336,0.0,-2.4333554621625466,1995.0,29.0,1,-2.4333554621625466,51.333333333333336,27-29
2024,22387,0.6374824683676217,PIT,0.0,76.0,2.0,0.03231640658504509,1998.0,26.0,1,0.03231640658504509,76.0,24-26
2024,22458,1.2817024850999665,HIT,252.0,0.0,0.0,2.625592955414059,1996.0,28.0,1,2.625592955414059,252.0,27-29
2024,22514,2.5651991152768647,HIT,243.0,0.0,0.0,0.26435833970750905,2000.0,24.0,1,0.26435833970750905,243.0,24-26
2024,22515,6.147283959795181,HIT,518.0,0.0,0.0,6.289750129310064,1999.0,25.0,1,6.289750129310064,518.0,24-26
2024,22532,2.6423512070805657,HIT,383.0,0.0,0.0,4.063087982388175,1999.0,25.0,1,4.063087982388175,383.0,24-26
2024,22542,6.409029147542081,HIT,451.0,0.0,0.0,6.263308441796912,2000.0,24.0,1,6.263308441796912,451.0,24-26
2024,22543,3.5463989014552726,PIT,0.0,138.0,0.0,-0.3459136833352092,2001.0,23.0,1,-0.3459136833352092,138.0,<=23
2024,22557,2.6842377559165396,HIT,334.0,0.0,0.0,0.09598048419014803,1999.0,25.0,1,0.09598048419014803,334.0,24-26
2024,22558,3.753948266864782,HIT,449.0,0.0,0.0,0.10393920579089827,1999.0,25.0,1,0.10393920579089827,449.0,24-26
2024,22581,2.6602867164861514,HIT,386.0,0.0,0.0,5.296518378013935,1998.0,26.0,1,5.296518378013935,386.0,24-26
2024,22630,0.18245299874698717,PIT,0.0,98.33333333333331,0.0,0.444285330887773,2000.0,24.0,1,0.444285330887773,98.33333333333331,24-26
2024,22664,3.2801049005009846,HIT,351.0,0.0,0.0,3.636039956841015,2000.0,24.0,1,3.636039956841015,351.0,24-26
2024,22715,6.1868019627644415,HIT,626.0,0.0,0.0,7.90562286847473,2000.0,24.0,1,7.90562286847473,626.0,24-26
2024,22717,0.28561958977532553,PIT,0.0,53.66666666666668,0.0,1.1355120429794532,1999.0,25.0,1,1.1355120429794532,53.66666666666668,24-26
2024,22799,4.032978915327834,HIT,388.0,0.0,0.0,9.885332586855915,1999.0,25.0,1,9.885332586855915,388.0,24-26
2024,22810,0.1130514646580334,PIT,0.0,68.33333333333331,2.0,-0.2269524116729462,1999.0,25.0,1,-0.2269524116729462,68.33333333333331,24-26
2024,22857,3.567347018359805,HIT,425.0,0.0,0.0,3.731096286784594,1999.0,25.0,1,3.731096286784594,425.0,24-26
2024,22896,2.6271056129956474,HIT,369.0,0.0,0.0,5.710922498620612,2000.0,24.0,1,5.710922498620612,369.0,24-26
2024,23003,7.290578642368166,HIT,619.0,0.0,0.0,5.104220476521823,1998.0,26.0,1,5.104220476521823,619.0,24-26
2024,23150,3.150996982446469,PIT,0.0,63.333333333333336,0.0,-3.3643759427272504,1995.0,29.0,1,-3.3643759427272504,63.333333333333336,27-29
2024,23221,0.6449162003591027,PIT,0.0,51.0,0.0,,1996.0,28.0,0,0.0,51.0,27-29
2024,23307,2.9685344013780286,PIT,0.0,41.66666666666668,0.0,-0.3348864884566071,1995.0,29.0,1,-0.3348864884566071,41.66666666666668,27-29
2024,23313,5.726019864557804,PIT,0.0,74.0,3.0,1.37496089386209,1998.0,26.0,1,1.37496089386209,74.0,24-26
2024,23359,1.7861048609174706,HIT,230.0,0.0,0.0,,1998.0,26.0,0,0.0,230.0,24-26
2024,23363,1.603343771965479,PIT,0.0,59.66666666666668,0.0,4.341374219249869,1996.0,28.0,1,4.341374219249869,59.66666666666668,27-29
2024,23401,5.443732962595313,HIT,483.0,0.0,0.0,4.009010103310898,1996.0,28.0,1,4.009010103310898,483.0,27-29
2024,23429,2.9206743697355186,PIT,0.0,180.66666666666663,0.0,0.4765867155020267,1996.0,28.0,1,0.4765867155020267,180.66666666666663,27-29
2024,23499,-2.407952144416447,PIT,0.0,55.333333333333336,0.0,-0.14887497661196325,1998.0,26.0,1,-0.14887497661196325,55.333333333333336,24-26
2024,23565,2.634768594918186,HIT,454.0,0.0,0.0,2.503635744918106,1999.0,25.0,1,2.503635744918106,454.0,24-26
2024,23590,1.8669534043397489,PIT,0.0,55.333333333333336,0.0,-2.0900688839639416,1999.0,25.0,1,-2.0900688839639416,55.333333333333336,24-26
2024,23690,2.646370322817309,HIT,442.0,0.0,0.0,2.612405258802401,2001.0,23.0,1,2.612405258802401,442.0,<=23
2024,23697,7.795254108452787,HIT,613.0,0.0,0.0,10.11703082649724,2000.0,24.0,1,10.11703082649724,613.0,24-26
2024,23733,1.5506629474072293,HIT,285.0,0.0,0.0,1.6092762445278903,1999.0,25.0,1,1.6092762445278903,285.0,24-26
2024,23772,5.039303930662984,HIT,447.0,0.0,0.0,5.178125015426479,1999.0,25.0,1,5.178125015426479,447.0,24-26
2024,23782,1.1352825663588921,HIT,210.0,0.0,0.0,-0.1604411550432271,2001.0,23.0,1,-0.1604411550432271,210.0,<=23
2024,23796,2.907384735727561,PIT,0.0,86.66666666666667,0.0,0.7774910782171751,1999.0,25.0,1,0.7774910782171751,86.66666666666667,24-26
2024,23800,3.020797872478297,HIT,298.0,0.0,0.0,1.1769310423282713,1999.0,25.0,1,1.1769310423282713,298.0,24-26
2024,23899,1.0202137451554592,PIT,0.0,68.66666666666667,0.0,-0.96151736197267,2000.0,24.0,1,-0.96151736197267,68.66666666666667,24-26
2024,23920,2.51055708995018,PIT,0.0,162.33333333333331,0.0,5.819612354022258,1999.0,25.0,1,5.819612354022258,162.33333333333331,24-26
2024,23974,0.960834353205964,PIT,0.0,52.333333333333336,0.0,5.505456890572141,1999.0,25.0,1,5.505456890572141,52.333333333333336,24-26
2024,24064,7.5951489926995714,HIT,695.0,0.0,0.0,3.1063762769514542,2001.0,23.0,1,3.1063762769514542,695.0,<=23
2024,24262,6.305251028027382,HIT,571.0,0.0,0.0,6.32035564809247,2000.0,24.0,1,6.32035564809247,571.0,24-26
2024,24336,3.8098536367385565,HIT,363.0,0.0,0.0,1.6507581143060255,2000.0,24.0,1,1.6507581143060255,363.0,24-26
2024,24453,5.072704753625149,PIT,0.0,72.66666666666667,8.0,1.3000939483100682,2001.0,23.0,1,1.3000939483100682,72.66666666666667,<=23
2024,24488,3.1782550063930346,HIT,459.0,0.0,0.0,0.8374315657723738,1997.0,27.0,1,0.8374315657723738,459.0,27-29
2024,24492,5.064689224481652,PIT,0.0,116.66666666666667,0.0,,1999.0,25.0,0,0.0,116.66666666666667,24-26
2024,24494,1.3882447442430141,PIT,0.0,133.66666666666663,0.0,2.607444559651558,2000.0,24.0,1,2.607444559651558,133.66666666666663,24-26
2024,24589,2.940116576135566,HIT,316.0,0.0,0.0,0.8946392478102982,1997.0,27.0,1,0.8946392478102982,316.0,27-29
2024,24598,1.3567878713563442,HIT,225.0,0.0,0.0,5.269800318894253,1999.0,25.0,1,5.269800318894253,225.0,24-26
2024,24610,6.551760108380236,HIT,540.0,0.0,0.0,6.527232669408395,1997.0,27.0,1,6.527232669408395,540.0,27-29
2024,24614,1.6403706433822443,PIT,0.0,73.66666666666667,9.0,3.5066273676282704,1999.0,25.0,1,3.5066273676282704,73.66666666666667,24-26
2024,24617,10.17806331941448,HIT,735.0,0.0,0.0,7.421953560820168,1996.0,28.0,1,7.421953560820168,735.0,27-29
2024,24618,4.593200421530529,HIT,465.0,0.0,0.0,3.6447503733906723,1997.0,27.0,1,3.6447503733906723,465.0,27-29
2024,24679,6.2444085762183725,HIT,652.0,0.0,0.0,5.0128303824883655,1997.0,27.0,1,5.0128303824883655,652.0,27-29
2024,24703,3.1623992808832098,HIT,272.0,0.0,0.0,-2.1861888096238733,1995.0,29.0,1,-2.1861888096238733,272.0,27-29
2024,24719,-1.981777798784596,PIT,0.0,98.0,0.0,1.5463501486097504,1998.0,26.0,1,1.5463501486097504,98.0,24-26
2024,24729,4.908812543252301,HIT,522.0,0.0,0.0,2.7044341756193617,2000.0,24.0,1,2.7044341756193617,522.0,24-26
2024,24763,1.1642621689405643,PIT,0.0,48.66666666666668,1.0,3.4359595262496443,1997.0,27.0,1,3.4359595262496443,48.66666666666668,27-29
2024,24816,4.1938327364316805,HIT,443.0,0.0,0.0,7.785626259389938,2000.0,24.0,1,7.785626259389938,443.0,24-26
2024,24862,1.303544935217979,PIT,0.0,66.66666666666667,2.0,-2.6014199015927835,1998.0,26.0,1,-2.6014199015927835,66.66666666666667,24-26
2024,24934,4.29053528234681,HIT,392.0,0.0,0.0,1.01513289857091,1995.0,29.0,1,1.01513289857091,392.0,27-29
2024,24968,3.105409879396778,PIT,0.0,112.33333333333331,0.0,2.9383936575500247,1999.0,25.0,1,2.9383936575500247,112.33333333333331,24-26
2024,24975,1.0985001913719679,PIT,0.0,99.33333333333331,0.0,0.19136389451280922,1996.0,28.0,1,0.19136389451280922,99.33333333333331,27-29
2024,24977,-0.17292010015904347,PIT,0.0,45.333333333333336,2.0,-0.283992110978308,1995.0,29.0,1,-0.283992110978308,45.333333333333336,27-29
2024,25007,6.669230928723242,PIT,0.0,66.33333333333331,5.0,4.933621482771655,1996.0,28.0,1,4.933621482771655,66.33333333333331,27-29
2024,25139,5.458806842549276,PIT,0.0,65.66666666666667,0.0,0.2818963492868396,1996.0,28.0,1,0.2818963492868396,65.66666666666667,27-29
2024,25180,1.2938781600382336,HIT,221.0,0.0,0.0,2.857451095551001,1997.0,27.0,1,2.857451095551001,221.0,27-29
2024,25311,-4.425666919121046,PIT,0.0,82.66666666666667,0.0,-1.0182985331391985,2000.0,24.0,1,-1.0182985331391985,82.66666666666667,24-26
2024,25376,-1.7432640975402331,PIT,0.0,57.66666666666668,0.0,3.4700845321154588,1996.0,28.0,1,3.4700845321154588,57.66666666666668,27-29
2024,25377,4.34692096940052,PIT,0.0,179.66666666666663,0.0,5.5553727746908015,1996.0,28.0,1,5.5553727746908015,179.66666666666663,27-29
2024,25379,2.1440131332212777,PIT,0.0,42.66666666666668,1.0,-1.6336477655035722,1995.0,29.0,1,-1.6336477655035722,42.66666666666668,27-29
2024,25386,-0.02795828785911647,PIT,0.0,43.66666666666668,0.0,,1998.0,26.0,0,0.0,43.66666666666668,24-26
2024,25436,8.732488123254887,PIT,0.0,191.0,0.0,4.242306322617895,1998.0,26.0,1,4.242306322617895,191.0,24-26
2024,25479,8.229683363552711,HIT,603.0,0.0,0.0,4.757138251327814,1998.0,26.0,1,4.757138251327814,603.0,24-26
2024,25493,4.568484403032846,HIT,511.0,0.0,0.0,3.7534465927209437,1998.0,26.0,1,3.7534465927209437,511.0,24-26
2024,25543,2.482888055557888,HIT,394.0,0.0,0.0,0.2861944191322252,1998.0,26.0,1,0.2861944191322252,394.0,24-26
2024,25550,0.6124997868625665,PIT,0.0,146.66666666666663,0.0,-0.6988638665961977,1996.0,28.0,1,-0.6988638665961977,146.66666666666663,27-29
2024,25595,0.6738305867157695,PIT,0.0,42.66666666666668,0.0,-0.3676706778824545,1998.0,26.0,1,-0.3676706778824545,42.66666666666668,24-26
2024,25636,7.578425254210885,PIT,0.0,74.66666666666667,0.0,3.1067203322233685,1998.0,26.0,1,3.1067203322233685,74.66666666666667,24-26
2024,25645,0.11440793070152555,PIT,0.0,70.33333333333331,0.0,,1997.0,27.0,0,0.0,70.33333333333331,27-29
2024,25648,4.309552137529952,PIT,0.0,55.333333333333336,2.0,1.3794697932824116,1997.0,27.0,1,1.3794697932824116,55.333333333333336,27-29
2024,25660,3.023765125775769,HIT,353.0,0.0,0.0,-0.12062274545935502,1998.0,26.0,1,-0.12062274545935502,353.0,24-26
2024,25679,4.865295396682624,PIT,0.0,70.66666666666667,1.0,-0.8087316572539016,1997.0,27.0,1,-0.8087316572539016,70.66666666666667,27-29
2024,25764,13.911864464742681,HIT,709.0,0.0,0.0,10.550265263372227,2000.0,24.0,1,10.550265263372227,709.0,24-26
2024,25768,7.334806045792026,HIT,602.0,0.0,0.0,7.507754168310878,2000.0,24.0,1,7.507754168310878,602.0,24-26
2024,25782,1.812317653708591,HIT,218.0,0.0,0.0,2.639753143684203,1998.0,26.0,1,2.639753143684203,218.0,24-26
2024,25807,2.8622684875961713,HIT,446.0,0.0,0.0,2.394483623449205,1998.0,26.0,1,2.394483623449205,446.0,24-26
2024,25816,5.670363324903436,HIT,534.0,0.0,0.0,7.310595452873882,1997.0,27.0,1,7.310595452873882,534.0,27-29
2024,25845,5.062389328304926,HIT,458.0,0.0,0.0,1.3488390551335465,1998.0,26.0,1,1.3488390551335465,458.0,24-26
2024,25878,8.691232644439072,HIT,684.0,0.0,0.0,9.591279894008785,2000.0,24.0,1,9.591279894008785,684.0,24-26
2024,25880,5.681664058296434,PIT,0.0,170.0,0.0,12.946798979413828,1998.0,26.0,1,12.946798979413828,170.0,24-26
2024,25911,3.026054728605508,PIT,0.0,60.0,5.0,-0.5632942377172012,1994.0,30.0,1,-0.5632942377172012,60.0,30-32
2024,25931,5.1680308809642606,HIT,470.0,0.0,0.0,6.40239108734361,2001.0,23.0,1,6.40239108734361,470.0,<=23
2024,25942,0.6871352847349894,PIT,0.0,49.66666666666668,0.0,,1998.0,26.0,0,0.0,49.66666666666668,24-26
2024,25961,4.576740415522843,HIT,296.0,0.0,0.0,5.455145789350807,1997.0,27.0,1,5.455145789350807,296.0,27-29
2024,25976,6.887079454915279,HIT,584.0,0.0,0.0,8.335470037969536,2000.0,24.0,1,8.335470037969536,584.0,24-26
2024,25977,-0.2363906763804271,PIT,0.0,49.66666666666668,0.0,6.540167308564703,2000.0,24.0,1,6.540167308564703,49.66666666666668,24-26
2024,26079,2.2664539086629856,PIT,0.0,67.66666666666667,1.0,-1.1449415597886659,1998.0,26.0,1,-1.1449415597886659,67.66666666666667,24-26
2024,26108,2.612806222032454,PIT,0.0,121.33333333333331,0.0,-3.37259887345167,1998.0,26.0,1,-3.37259887345167,121.33333333333331,24-26
2024,26121,3.146522535562251,HIT,342.0,0.0,0.0,2.65130897154521,2001.0,23.0,1,2.65130897154521,342.0,<=23
2024,26149,0.37944265290188517,HIT,241.0,0.0,0.0,0.2754717533199037,1997.0,27.0,1,0.2754717533199037,241.0,27-29
2024,26151,0.9007395449692346,HIT,209.0,0.0,0.0,6.654399969163033,1998.0,26.0,1,6.654399969163033,209.0,24-26
2024,26197,4.969667432102813,HIT,619.0,0.0,0.0,3.816102679856629,1998.0,26.0,1,3.816102679856629,619.0,24-26
2024,26208,4.698268172647061,HIT,341.0,3.0,0.0,1.2713851910625191,1997.0,27.0,1,1.2713851910625191,341.0,27-29
2024,26221,5.082909334588254,PIT,0.0,130.0,0.0,6.0445627872319,1997.0,27.0,1,6.0445627872319,130.0,27-29
2024,26231,9.27284387185983,PIT,0.0,94.33333333333331,8.0,3.685724302007841,1996.0,28.0,1,3.685724302007841,94.33333333333331,27-29
2024,26252,1.8292372379919986,PIT,0.0,67.33333333333331,0.0,2.133867174978385,1998.0,26.0,1,2.133867174978385,67.33333333333331,24-26
2024,26253,3.038072923585451,PIT,0.0,150.66666666666663,1.0,6.54592530082914,1998.0,26.0,1,6.54592530082914,150.66666666666663,24-26
2024,26257,0.35914144050396607,PIT,0.0,127.66666666666667,0.0,-1.8003650354022498,2001.0,23.0,1,-1.8003650354022498,127.66666666666667,<=23
2024,26288,5.758707989950711,HIT,638.0,0.0,0.0,1.875343356203903,1998.0,26.0,1,1.875343356203903,638.0,24-26
2024,26289,11.197236460659614,HIT,719.0,0.0,0.0,7.912236434689689,2001.0,23.0,1,7.912236434689689,719.0,<=23
2024,26294,6.023930561152354,HIT,571.0,0.0,0.0,6.138327566880389,1997.0,27.0,1,6.138327566880389,571.0,27-29
2024,26304,3.1089601204175987,PIT,0.0,53.66666666666668,0.0,0.2379661514696279,1996.0,28.0,1,0.2379661514696279,53.66666666666668,27-29
2024,26319,5.609781026492643,HIT,567.0,0.0,0.0,7.617656708314599,1997.0,27.0,1,7.617656708314599,567.0,27-29
2024,26323,6.895155733085215,HIT,656.0,0.0,0.0,5.437170576141687,1997.0,27.0,1,5.437170576141687,656.0,27-29
2024,26365,2.438651468180253,HIT,362.0,0.0,0.0,0.8522535326582477,1998.0,26.0,1,0.8522535326582477,362.0,24-26
2024,26368,5.237677599094327,HIT,642.0,0.0,0.0,2.7550108298652147,1997.0,27.0,1,2.7550108298652147,642.0,27-29
2024,26378,2.4221384616809924,PIT,0.0,115.33333333333331,0.0,7.516141769264523,1998.0,26.0,1,7.516141769264523,115.33333333333331,24-26
2024,26389,1.8048434877605901,PIT,0.0,88.66666666666667,0.0,,2001.0,23.0,0,0.0,88.66666666666667,<=23
2024,26396,5.565530287760825,HIT,592.0,0.0,0.0,4.274924268737051,1997.0,27.0,1,4.274924268737051,592.0,27-29
2024,26413,5.305513345597803,PIT,0.0,43.0,9.0,-0.8442534743677148,2001.0,23.0,1,-0.8442534743677148,43.0,<=23
2024,26466,3.158520341667747,HIT,261.0,1.3333333333333337,0.0,3.189525927678298,1997.0,27.0,1,3.189525927678298,261.0,27-29
2024,26477,3.674463610368863,HIT,381.0,0.0,0.0,4.19436924126284,1997.0,27.0,1,4.19436924126284,381.0,27-29
2024,26517,1.4933905249722865,HIT,242.0,0.0,0.0,4.444057171964927,2001.0,23.0,1,4.444057171964927,242.0,<=23
2024,26668,11.307328624160757,HIT,696.0,0.0,0.0,9.377564024370768,2002.0,22.0,1,9.377564024370768,696.0,<=23
2024,26952,-3.777307830445263,PIT,0.0,59.66666666666668,0.0,-2.6872622172463227,2002.0,22.0,1,-2.6872622172463227,59.66666666666668,<=23
2024,27451,2.1633060532701536,PIT,0.0,129.0,0.0,,1998.0,26.0,0,0.0,129.0,24-26
2024,27462,2.156399289381743,HIT,257.0,0.0,0.0,1.8232233794517796,1999.0,25.0,1,1.8232233794517796,257.0,24-26
2024,27463,6.692335996019155,PIT,0.0,146.0,0.0,15.623916806185909,1999.0,25.0,1,15.623916806185909,146.0,24-26
2024,27465,2.486632950133429,HIT,381.0,0.0,0.0,6.399010162985387,1999.0,25.0,1,6.399010162985387,381.0,24-26
2024,27467,1.7260282284574964,HIT,213.0,0.0,0.0,7.699739628581058,2001.0,23.0,1,7.699739628581058,213.0,<=23
2024,27468,-3.630711800557828,PIT,0.0,87.33333333333331,0.0,2.6119455009824915,1999.0,25.0,1,2.6119455009824915,87.33333333333331,24-26
2024,27470,0.052107231245945074,PIT,0.0,60.66666666666668,0.0,-0.8170287203647812,1999.0,25.0,1,-0.8170287203647812,60.66666666666668,24-26
2024,27472,-0.6610825076620654,PIT,0.0,73.33333333333331,0.0,-1.9502062150775905,1998.0,26.0,1,-1.9502062150775905,73.33333333333331,24-26
2024,27474,-1.3074504807754028,PIT,0.0,57.0,0.0,-0.09877465658239948,1999.0,25.0,1,-0.09877465658239948,57.0,24-26
2024,27477,0.3795772180844772,PIT,0.0,59.333333333333336,0.0,-0.7931864244979421,1997.0,27.0,1,-0.7931864244979421,59.333333333333336,27-29
2024,27478,3.133620372459487,HIT,448.0,0.0,0.0,2.6533101814055713,1999.0,25.0,1,2.6533101814055713,448.0,24-26
2024,27479,6.411749852643398,HIT,637.0,0.0,0.0,4.599250015614334,2002.0,22.0,1,4.599250015614334,637.0,<=23
2024,27483,-5.490942437976347,PIT,0.0,56.0,0.0,-1.2149028651584504,1999.0,25.0,1,-1.2149028651584504,56.0,24-26
2024,27487,2.577397400958672,PIT,0.0,69.0,1.0,0.23953776777919644,1997.0,27.0,1,0.23953776777919644,69.0,27-29
2024,27490,3.844648103508967,HIT,387.0,0.0,0.0,2.424652556698349,1999.0,25.0,1,2.424652556698349,387.0,24-26
2024,27500,-3.4797901357922143,PIT,0.0,77.0,0.0,2.5752463865785313,1999.0,25.0,1,2.5752463865785313,77.0,24-26
2024,27506,4.784846947241194,HIT,470.0,0.0,0.0,1.5366059950652244,1995.0,29.0,1,1.5366059950652244,470.0,27-29
2024,27517,4.729690890822746,PIT,0.0,62.0,1.0,4.334825305692816,1994.0,30.0,1,4.334825305692816,62.0,30-32
2024,27531,4.675538017437926,HIT,317.0,0.0,0.0,2.4174899277941515,1997.0,27.0,1,2.4174899277941515,317.0,27-29
2024,27534,1.7915988428042184,HIT,301.0,0.0,0.0,0.5790192806362593,1999.0,25.0,1,0.5790192806362593,301.0,24-26
2024,27552,-1.3908287216218953,PIT,0.0,77.33333333333331,0.0,2.0422685018712294,1998.0,26.0,1,2.0422685018712294,77.33333333333331,24-26
2024,27555,2.8502483362343165,HIT,224.0,0.0,0.0,0.33864750734626226,1998.0,26.0,1,0.33864750734626226,224.0,24-26
2024,27562,3.352157975066638,HIT,414.0,0.0,0.0,4.474351962228728,1999.0,25.0,1,4.474351962228728,414.0,24-26
2024,27572,2.48238435302556,PIT,0.0,50.66666666666668,0.0,2.486381126365251,1999.0,25.0,1,2.486381126365251,50.66666666666668,24-26
2024,27581,2.0483088866826717,PIT,0.0,67.66666666666667,0.0,0.5406653545587872,1997.0,27.0,1,0.5406653545587872,67.66666666666667,27-29
2024,27589,-2.4210178133649043,PIT,0.0,97.33333333333331,0.0,0.9013579247308932,1998.0,26.0,1,0.9013579247308932,97.33333333333331,24-26
2024,27597,3.927062039185137,PIT,0.0,76.33333333333331,0.0,,1998.0,26.0,0,0.0,76.33333333333331,24-26
2024,27615,6.942138947944392,HIT,595.0,0.0,0.0,6.118177659379176,1998.0,26.0,1,6.118177659379176,595.0,24-26
2024,27636,1.5243529389799892,PIT,0.0,151.0,0.0,-3.4628485554262163,1999.0,25.0,1,-3.4628485554262163,151.0,24-26
2024,27646,5.357014496120703,PIT,0.0,135.66666666666663,1.0,0.7481077978105277,1999.0,25.0,1,0.7481077978105277,135.66666666666663,24-26
2024,27647,6.63972026246094,HIT,689.0,0.0,0.0,5.0272779304739235,2001.0,23.0,1,5.0272779304739235,689.0,<=23
2024,27676,6.486098818280388,HIT,554.0,0.0,0.0,7.914782006015247,1997.0,27.0,1,7.914782006015247,554.0,27-29
2024,27684,3.874222563104756,HIT,356.0,0.0,0.0,1.3552178215597335,1998.0,26.0,1,1.3552178215597335,356.0,24-26
2024,27685,-2.046670284013483,PIT,0.0,90.66666666666667,0.0,-0.700685025113584,1997.0,27.0,1,-0.700685025113584,90.66666666666667,27-29
2024,27688,0.5128452673527011,PIT,0.0,65.33333333333331,0.0,-8.046737971952242,2000.0,24.0,1,-8.046737971952242,65.33333333333331,24-26
2024,27691,-4.215396152988942,PIT,0.0,49.66666666666668,0.0,3.438290520118947,1997.0,27.0,1,3.438290520118947,49.66666666666668,27-29
2024,27707,0.2124694024784084,PIT,0.0,151.33333333333331,0.0,-1.3311087379821283,1998.0,26.0,1,-1.3311087379821283,151.33333333333331,24-26
2024,27735,1.850712436917484,HIT,272.0,0.0,0.0,0.3536540850694512,1999.0,25.0,1,0.3536540850694512,272.0,24-26
2024,27758,0.8444130380662083,PIT,0.0,124.33333333333331,0.0,0.3391481509824594,2001.0,23.0,1,0.3391481509824594,124.33333333333331,<=23
2024,27769,4.692743258596641,HIT,410.0,0.0,0.0,9.27857646682498,2002.0,22.0,1,9.27857646682498,410.0,<=23
2024,27775,0.11173659459400853,PIT,0.0,54.66666666666668,0.0,-0.3264921348778035,1999.0,25.0,1,-0.3264921348778035,54.66666666666668,24-26
2024,27779,-2.5842951777876255,PIT,0.0,49.66666666666668,0.0,-1.6461450880754076,1999.0,25.0,1,-1.6461450880754076,49.66666666666668,24-26
2024,27782,2.7153544064168766,PIT,0.0,181.66666666666663,0.0,0.32307008963516726,1998.0,26.0,1,0.32307008963516726,181.66666666666663,24-26
2024,27792,5.065715748715818,PIT,0.0,140.33333333333331,0.0,,1998.0,26.0,0,0.0,140.33333333333331,24-26
2024,27815,5.519228986129881,HIT,447.0,0.0,0.0,4.307738152186385,1999.0,25.0,1,4.307738152186385,447.0,24-26
2024,27863,2.9953383843494175,PIT,0.0,121.66666666666667,0.0,,2001.0,23.0,0,0.0,121.66666666666667,<=23
2024,27867,7.3100495683337,PIT,0.0,75.33333333333331,1.0,8.643146339756413,1999.0,25.0,1,8.643146339756413,75.33333333333331,24-26
2024,27899,4.938322181335557,HIT,556.0,0.0,0.0,4.154304558073739,2001.0,23.0,1,4.154304558073739,556.0,<=23
2024,28806,8.167520112080819,HIT,573.0,0.0,0.0,7.844032228974775,2004.0,20.0,1,7.844032228974775,573.0,<=23
2024,29490,8.848724042875869,HIT,593.0,0.0,0.0,5.013422463631645,2003.0,21.0,1,5.013422463631645,593.0,<=23
2024,29518,4.172231374529053,HIT,336.0,0.0,0.0,8.228966747020783,2002.0,22.0,1,8.228966747020783,336.0,<=23
2024,29591,6.320648090218837,HIT,561.0,0.0,0.0,2.993620685074659,2000.0,24.0,1,2.993620685074659,561.0,24-26
2024,29606,1.1628629014970122,HIT,230.0,0.0,0.0,0.7872937049907377,2000.0,24.0,1,0.7872937049907377,230.0,24-26
2024,29608,-2.1941024872067327,PIT,0.0,47.66666666666668,0.0,-0.2376355929895856,1999.0,25.0,1,-0.2376355929895856,47.66666666666668,24-26
2024,29622,4.280567944158094,HIT,524.0,0.0,0.0,6.923860769454465,2000.0,24.0,1,6.923860769454465,524.0,24-26
2024,29630,1.4386603377441842,HIT,262.0,0.0,0.0,1.5374071004378154,1999.0,25.0,1,1.5374071004378154,262.0,24-26
2024,29715,2.0537999638800066,HIT,224.0,0.0,0.0,7.568397060844627,1999.0,25.0,1,7.568397060844627,224.0,24-26
2024,29766,4.745212122903397,HIT,547.0,0.0,0.0,0.311036493579422,1999.0,25.0,1,0.311036493579422,547.0,24-26
2024,29837,10.686652585415182,PIT,0.0,180.33333333333331,0.0,-2.024973342999347,1998.0,26.0,1,-2.024973342999347,180.33333333333331,24-26
2024,29911,3.56168107627319,PIT,0.0,138.0,0.0,8.216091198384289,1999.0,25.0,1,8.216091198384289,138.0,24-26
2024,29921,0.823660753455242,PIT,0.0,145.0,0.0,-0.8069075457874241,2000.0,24.0,1,-0.8069075457874241,145.0,24-26
2024,29931,5.540807673094179,HIT,521.0,0.0,0.0,2.463176155425374,1999.0,25.0,1,2.463176155425374,521.0,24-26
2024,30055,-1.3224023953284545,PIT,0.0,79.66666666666667,0.0,-2.262794049663229,2000.0,24.0,1,-2.262794049663229,79.66666666666667,24-26
2024,30056,-0.05295692291937748,PIT,0.0,64.33333333333331,0.0,-0.1440809158304615,2000.0,24.0,1,-0.1440809158304615,64.33333333333331,24-26
2024,30076,0.5139430336061034,PIT,0.0,50.333333333333336,0.0,1.5984618355772673,1998.0,26.0,1,1.5984618355772673,50.333333333333336,24-26
2024,30094,-1.60353546641564,PIT,0.0,46.0,0.0,-0.8809310758839572,1999.0,25.0,1,-0.8809310758839572,46.0,24-26
2024,30107,-0.1343202390545455,PIT,0.0,47.333333333333336,0.0,,1999.0,25.0,0,0.0,47.333333333333336,24-26
2024,30115,10.424233039524866,PIT,0.0,65.0,36.0,10.990962078529815,1991.0,33.0,1,10.990962078529815,65.0,33+
2024,30116,7.754463076494645,HIT,585.0,0.0,0.0,7.308307083229656,1994.0,30.0,1,7.308307083229656,585.0,30-32
2024,30122,-0.285037351283997,PIT,0.0,76.0,0.0,7.505877904340128,1999.0,25.0,1,7.505877904340128,76.0,24-26
2024,30133,4.093751181699705,PIT,0.0,45.333333333333336,0.0,3.460026987024154,1998.0,26.0,1,3.460026987024154,45.333333333333336,24-26
2024,30134,7.889838982238475,PIT,0.0,173.66666666666663,0.0,4.239050467872305,1999.0,25.0,1,4.239050467872305,173.66666666666663,24-26
2024,30226,2.078081349995283,PIT,0.0,48.66666666666668,1.0,1.420604746922349,1994.0,30.0,1,1.420604746922349,48.66666666666668,30-32
2024,30279,8.018607409602016,PIT,0.0,121.33333333333331,0.0,13.324631864432646,2000.0,24.0,1,13.324631864432646,121.33333333333331,24-26
2024,31347,7.643257898144589,HIT,602.0,0.0,0.0,7.51829301544641,2001.0,23.0,1,7.51829301544641,602.0,<=23
2024,31567,0.9761530808843997,HIT,211.0,0.0,0.0,0.08668313532113579,2000.0,24.0,1,0.08668313532113579,211.0,24-26
2024,31635,0.5877106857353387,PIT,0.0,72.0,0.0,-0.23584982846887526,2001.0,23.0,1,-0.23584982846887526,72.0,<=23
2024,31730,0.21667313305661184,PIT,0.0,124.33333333333331,1.0,-3.160595982208303,2000.0,24.0,1,-3.160595982208303,124.33333333333331,24-26
2024,31757,9.243031163302856,PIT,0.0,65.0,28.0,8.005691646298676,1998.0,26.0,1,8.005691646298676,65.0,24-26
2024,31776,4.6137439248443535,PIT,0.0,63.0,0.0,3.788699571032018,2001.0,23.0,1,3.788699571032018,63.0,<=23
2024,31781,1.4164086626350954,HIT,208.0,0.0,0.0,5.342386585880886,2003.0,21.0,1,5.342386585880886,208.0,<=23
2024,31837,4.425119434981431,HIT,421.0,0.0,0.0,1.7976024155163772,1993.0,31.0,1,1.7976024155163772,421.0,30-32
2024,31846,6.2017096258735265,PIT,0.0,123.66666666666667,0.0,6.741344917700904,2000.0,24.0,1,6.741344917700904,123.66666666666667,24-26
2024,31967,-0.4168508397757005,PIT,0.0,44.333333333333336,0.0,,2000.0,24.0,0,0.0,44.333333333333336,24-26
2024,33189,4.879726906792401,HIT,607.0,0.0,0.0,4.785354727152918,2002.0,22.0,1,4.785354727152918,607.0,<=23
2024,33333,6.653560820648505,HIT,557.0,0.0,0.0,6.2988159506954124,2001.0,23.0,1,6.2988159506954124,557.0,<=23
2024,33677,11.77561011834991,PIT,0.0,133.0,0.0,14.91966059072277,2002.0,22.0,1,14.91966059072277,133.0,<=23
2024,33825,5.214293849514025,PIT,0.0,90.0,0.0,12.753422946840681,1998.0,26.0,1,12.753422946840681,90.0,24-26
2024,33826,2.3633248580550856,PIT,0.0,62.66666666666668,0.0,1.0271469226635803,1995.0,29.0,1,1.0271469226635803,62.66666666666668,27-29
2024,33829,11.021401323609751,PIT,0.0,173.33333333333331,0.0,6.451454910471881,1993.0,31.0,1,6.451454910471881,173.33333333333331,30-32
2024,33838,-0.11101738470701583,PIT,0.0,86.66666666666667,0.0,3.3075936814729086,1997.0,27.0,1,3.3075936814729086,86.66666666666667,27-29
2025,2036,5.1463862560439875,PIT,0.0,112.66666666666667,0.0,,1988.0,37.0,0,0.0,112.66666666666667,33+
2025,2396,3.310030045529357,HIT,474.0,0.0,0.0,-0.23690455108396713,1986.0,39.0,1,-0.23690455108396713,474.0,33+
2025,2967,3.514882231912316,HIT,449.0,0.0,0.0,-0.2027513965850251,1988.0,37.0,1,-0.2027513965850251,449.0,33+
2025,3096,9.131901570658682,PIT,0.0,59.0,29.0,5.561850339281567,1987.0,38.0,1,5.561850339281567,59.0,33+
2025,3137,0.06553353511426241,PIT,0.0,85.0,0.0,-1.7889528986165615,1984.0,41.0,1,-1.7889528986165615,85.0,33+
2025,4301,1.7384098404133672,PIT,0.0,48.333333333333336,0.0,,1987.0,38.0,0,0.0,48.333333333333336,33+
2025,4676,-3.436109970141065,PIT,0.0,142.0,0.0,,1983.0,42.0,0,0.0,142.0,33+
2025,4949,4.865370980592075,HIT,281.0,0.0,0.0,1.046041997061182,1989.0,36.0,1,1.046041997061182,281.0,33+
2025,5361,8.1618932390242,HIT,627.0,0.0,0.0,7.705460934074111,1989.0,36.0,1,7.705460934074111,627.0,33+
2025,5417,7.2435163760959576,HIT,654.0,0.0,0.0,4.815784500727309,1990.0,35.0,1,4.815784500727309,654.0,33+
2025,5517,3.017734012436175,HIT,327.0,0.0,0.0,-0.03310468639296338,1990.0,35.0,1,-0.03310468639296338,327.0,33+
2025,5827,4.131903462774762,HIT,463.0,0.0,0.0,,1991.0,34.0,0,0.0,463.0,33+
2025,6107,2.6790888110473343,PIT,0.0,63.0,2.0,3.7379411560195868,1989.0,36.0,1,3.7379411560195868,63.0,33+
2025,6632,-3.2466296227372786,PIT,0.0,45.66666666666668,0.0,-0.8857123516140635,1987.0,38.0,1,-0.8857123516140635,45.66666666666668,33+
2025,6902,1.5116987812514415,PIT,0.0,56.0,0.0,5.022179723810168,1991.0,34.0,1,5.022179723810168,56.0,33+
2025,6984,0.9224564663304351,PIT,0.0,55.333333333333336,2.0,-1.9072115140350236,1987.0,38.0,1,-1.9072115140350236,55.333333333333336,33+
2025,7005,0.34509217077319687,PIT,0.0,41.333333333333336,5.0,,1988.0,37.0,0,0.0,41.333333333333336,33+
2025,7048,2.622995551205079,PIT,0.0,48.0,2.0,3.1420293974700986,1990.0,35.0,1,3.1420293974700986,48.0,33+
2025,7304,5.938792420104065,HIT,641.0,0.0,0.0,4.5239891090996736,1990.0,35.0,1,4.5239891090996736,641.0,33+
2025,7739,0.7682481411019227,HIT,231.0,0.0,0.0,-0.017324032881064322,1989.0,36.0,1,-0.017324032881064322,231.0,33+
2025,7802,1.2986462762411004,HIT,317.0,5.0,0.0,0.5635728526161468,1989.0,36.0,1,0.5635728526161468,317.0,33+
2025,8700,1.4392499314694696,PIT,0.0,152.0,0.0,-0.8847062359332246,1983.0,42.0,1,-0.8847062359332246,152.0,33+
2025,9073,1.0161302902675868,PIT,0.0,41.333333333333336,3.0,2.42855211693985,1987.0,38.0,1,2.42855211693985,41.333333333333336,33+
2025,9132,12.691124010023648,PIT,0.0,130.0,0.0,4.938465843845435,1990.0,35.0,1,4.938465843845435,130.0,33+
2025,9218,4.976085858607782,HIT,534.0,0.0,0.0,4.440804455734159,1987.0,38.0,1,4.440804455734159,534.0,33+
2025,9241,3.3446538629385802,HIT,329.0,0.0,0.0,1.1397042797436001,1988.0,37.0,1,1.1397042797436001,329.0,33+
2025,9323,0.695263335666261,PIT,0.0,155.33333333333331,0.0,-2.1682308710860028,1989.0,36.0,1,-2.1682308710860028,155.33333333333331,33+
2025,9774,0.34800212885952897,HIT,214.0,0.0,0.0,1.5574786767629538,1990.0,35.0,1,1.5574786767629538,214.0,33+
2025,9777,3.487298390299823,HIT,436.0,0.0,0.0,5.78433410174636,1991.0,34.0,1,5.78433410174636,436.0,33+
2025,9803,-0.2868157237774167,PIT,0.0,156.33333333333331,0.0,-3.6062764660910713,1988.0,37.0,1,-3.6062764660910713,156.33333333333331,33+
2025,9847,3.653784827063949,HIT,551.0,0.0,0.0,0.20895358416068455,1986.0,39.0,1,0.20895358416068455,551.0,33+
2025,10078,4.357987134724922,PIT,0.0,58.0,1.0,1.2498858913537163,1987.0,38.0,1,1.2498858913537163,58.0,33+
2025,10155,5.25654294820858,HIT,556.0,0.0,0.0,6.236621689015973,1991.0,34.0,1,6.236621689015973,556.0,33+
2025,10197,4.957443793427,PIT,0.0,46.0,10.0,,1990.0,35.0,0,0.0,46.0,33+
2025,10231,1.8936295318308884,HIT,343.0,0.0,0.0,,1990.0,35.0,0,0.0,343.0,33+
2025,10233,12.841495605294783,PIT,0.0,61.333333333333336,32.0,10.448822480964093,1988.0,37.0,1,10.448822480964093,61.333333333333336,33+
2025,10243,2.011508380923343,HIT,293.0,0.0,0.0,3.514310552133201,1991.0,34.0,1,3.514310552133201,293.0,33+
2025,10310,11.394614617593481,PIT,0.0,149.66666666666663,0.0,9.690216762949055,1990.0,35.0,1,9.690216762949055,149.66666666666663,33+
2025,10324,4.496362464562955,HIT,592.0,0.0,0.0,1.502740470016058,1990.0,35.0,1,1.502740470016058,592.0,33+
2025,10472,-0.12289055037435648,HIT,256.0,5.333333333333332,0.0,0.5436219796614805,1991.0,34.0,1,0.5436219796614805,256.0,33+
2025,10603,8.420509663034561,PIT,0.0,125.66666666666667,0.0,14.723775149754747,1989.0,36.0,1,14.723775149754747,125.66666666666667,33+
2025,10815,4.159534549179413,HIT,371.0,0.0,0.0,,1993.0,32.0,0,0.0,371.0,30-32
2025,10954,11.839190722050313,PIT,0.0,172.66666666666663,0.0,7.190266223274728,1988.0,37.0,1,7.190266223274728,172.66666666666663,33+
2025,11156,7.825707909484478,PIT,0.0,184.0,0.0,-1.2759144939384721,1988.0,37.0,1,-1.2759144939384721,184.0,33+
2025,11384,1.2244234145781239,PIT,0.0,63.0,9.0,-1.221256993109824,1989.0,36.0,1,-1.221256993109824,63.0,33+
2025,11423,3.264055484546854,PIT,0.0,131.66666666666663,0.0,-1.1310544333155983,1989.0,36.0,1,-1.1310544333155983,131.66666666666663,33+
2025,11426,3.5121164039862784,PIT,0.0,49.66666666666668,1.0,-1.0705201568936005,1988.0,37.0,1,-1.0705201568936005,49.66666666666668,33+
2025,11477,8.677797720931643,HIT,644.0,0.0,0.0,4.840294991298098,1991.0,34.0,1,4.840294991298098,644.0,33+
2025,11486,6.368959965631017,PIT,0.0,182.33333333333331,0.0,5.605582095839401,1991.0,34.0,1,5.605582095839401,182.33333333333331,33+
2025,11489,2.112476799618199,HIT,325.0,0.0,0.0,,1991.0,34.0,0,0.0,325.0,33+
2025,11493,8.72223141014899,HIT,678.0,0.0,0.0,6.243032569883748,1992.0,33.0,1,6.243032569883748,678.0,33+
2025,11579,6.978844347347372,HIT,580.0,0.0,0.0,8.619348699378095,1992.0,33.0,1,8.619348699378095,580.0,33+
2025,11589,-1.1997553202643827,PIT,0.0,55.0,1.0,,1991.0,34.0,0,0.0,55.0,33+
2025,11609,6.078411417773434,HIT,563.0,0.0,0.0,7.58065714003361,1992.0,33.0,1,7.58065714003361,563.0,33+
2025,11674,6.051089723720214,PIT,0.0,129.66666666666663,0.0,-1.8095596842775779,1991.0,34.0,1,-1.8095596842775779,129.66666666666663,33+
2025,11680,1.7145422450374799,HIT,283.0,0.0,0.0,1.879249578641844,1990.0,35.0,1,1.879249578641844,283.0,33+
2025,11737,5.4167782887941724,HIT,589.0,0.0,0.0,0.9481873832533142,1992.0,33.0,1,0.9481873832533142,589.0,33+
2025,11739,4.468567181914507,HIT,550.0,0.0,0.0,3.2474270867150494,1991.0,34.0,1,3.2474270867150494,550.0,33+
2025,11752,1.7001420132899518,PIT,0.0,51.0,9.0,,1991.0,34.0,0,0.0,51.0,33+
2025,11836,0.5108152832628579,PIT,0.0,123.66666666666667,1.0,-3.252087283689355,1992.0,33.0,1,-3.252087283689355,123.66666666666667,33+
2025,11847,2.1485728253736776,PIT,0.0,42.333333333333336,2.0,-1.739916045502972,1986.0,39.0,1,-1.739916045502972,42.333333333333336,33+
2025,11861,5.805318194457503,PIT,0.0,65.33333333333331,0.0,2.312761867679831,1991.0,34.0,1,2.312761867679831,65.33333333333331,33+
2025,11899,1.1132282179458848,HIT,306.0,0.0,0.0,5.14825568738137,1992.0,33.0,1,5.14825568738137,306.0,33+
2025,12049,0.5104757503215618,PIT,0.0,164.66666666666663,0.0,,1989.0,36.0,0,0.0,164.66666666666663,33+
2025,12144,3.6514628746976916,HIT,474.0,0.0,0.0,0.5927663025638001,1993.0,32.0,1,0.5927663025638001,474.0,30-32
2025,12161,5.479170694884511,HIT,552.0,0.0,0.0,4.706361415754651,1992.0,33.0,1,4.706361415754651,552.0,33+
2025,12304,3.874270652899474,PIT,0.0,170.33333333333331,0.0,-1.1429398101203663,1989.0,36.0,1,-1.1429398101203663,170.33333333333331,33+
2025,12447,2.395425938819441,PIT,0.0,145.33333333333331,0.0,-1.8431468502456743,1989.0,36.0,1,-1.8431468502456743,145.33333333333331,33+
2025,12533,4.589834754693307,HIT,534.0,0.0,0.0,3.784048603407442,1990.0,35.0,1,3.784048603407442,534.0,33+
2025,12552,8.736740474546767,HIT,657.0,0.0,0.0,4.011304238980347,1991.0,34.0,1,4.011304238980347,657.0,33+
2025,12564,9.183260278632165,HIT,654.0,0.0,0.0,1.7006927755347785,1992.0,33.0,1,1.7006927755347785,654.0,33+
2025,12718,3.9331860063939237,PIT,0.0,125.0,0.0,1.4661506306429617,1993.0,32.0,1,1.4661506306429617,125.0,30-32
2025,12730,2.956618831979533,PIT,0.0,165.66666666666663,0.0,9.542151782169494,1990.0,35.0,1,9.542151782169494,165.66666666666663,33+
2025,12760,-0.04613264315814081,PIT,0.0,60.333333333333336,0.0,,1990.0,35.0,0,0.0,60.333333333333336,33+
2025,12768,5.481727737042091,PIT,0.0,180.66666666666663,0.0,11.460982913376656,1989.0,36.0,1,11.460982913376656,180.66666666666663,33+
2025,12828,4.154263005302425,PIT,0.0,53.0,5.0,3.2089633210999278,1990.0,35.0,1,3.2089633210999278,53.0,33+
2025,12856,10.31310265536145,HIT,586.0,0.0,0.0,5.1921555030705875,1989.0,36.0,1,5.1921555030705875,586.0,33+
2025,12857,7.610780485794075,PIT,0.0,74.0,9.0,-0.06082971343861032,1990.0,35.0,1,-0.06082971343861032,74.0,33+
2025,12880,-1.6098102747114083,PIT,0.0,136.33333333333331,0.0,,1989.0,36.0,0,0.0,136.33333333333331,33+
2025,12916,10.210311223819165,HIT,732.0,0.0,0.0,3.7796107232939344,1993.0,32.0,1,3.7796107232939344,732.0,30-32
2025,12927,7.725787634627093,HIT,652.0,0.0,0.0,5.688404594042738,1993.0,32.0,1,5.688404594042738,652.0,30-32
2025,12972,-1.0746475006734968,PIT,0.0,51.0,0.0,-1.749595297850974,1993.0,32.0,1,-1.749595297850974,51.0,30-32
2025,12979,4.3795341780003785,HIT,437.0,0.0,0.0,1.4511709159824095,1992.0,33.0,1,1.4511709159824095,437.0,33+
2025,13066,6.251485799446295,HIT,546.0,0.0,0.0,4.69206638697604,1992.0,33.0,1,4.69206638697604,546.0,33+
2025,13074,0.5570436793873347,PIT,0.0,72.0,0.0,,1986.0,39.0,0,0.0,72.0,33+
2025,13145,4.421207548721245,HIT,533.0,0.0,0.0,6.811705978290735,1992.0,33.0,1,6.811705978290735,533.0,33+
2025,13152,6.533842664573676,HIT,524.0,0.0,0.0,-0.336239510586004,1993.0,32.0,1,-0.336239510586004,524.0,30-32
2025,13164,-1.8111776951723826,PIT,0.0,154.33333333333331,0.0,10.999819282207948,1993.0,32.0,1,10.999819282207948,154.33333333333331,30-32
2025,13185,0.34824229193512113,HIT,214.0,0.0,0.0,0.14778667827298964,1994.0,31.0,1,0.14778667827298964,214.0,30-32
2025,13293,2.8040062316096876,PIT,0.0,43.0,2.0,-0.6351934602671017,1989.0,36.0,1,-0.6351934602671017,43.0,33+
2025,13301,4.633869823195466,HIT,388.0,0.0,0.0,6.6366926810089355,1990.0,35.0,1,6.6366926810089355,388.0,33+
2025,13346,1.3097867163933314,PIT,0.0,70.33333333333331,0.0,0.4251253660617819,1991.0,34.0,1,0.4251253660617819,70.33333333333331,33+
2025,13361,4.194753596882711,PIT,0.0,76.66666666666667,2.0,-0.3804391747784311,1991.0,34.0,1,-0.3804391747784311,76.66666666666667,33+
2025,13419,6.031402927727084,HIT,640.0,0.0,0.0,5.7009311703634955,1991.0,34.0,1,5.7009311703634955,640.0,33+
2025,13435,2.6796163578827192,PIT,0.0,59.0,1.0,0.4686640915727509,1991.0,34.0,1,0.4686640915727509,59.0,33+
2025,13449,1.4796321583891152,PIT,0.0,50.66666666666668,0.0,0.6927724728455964,1990.0,35.0,1,0.6927724728455964,50.66666666666668,33+
2025,13510,10.931641761162236,HIT,673.0,0.0,0.0,6.282370589031606,1992.0,33.0,1,6.282370589031606,673.0,33+
2025,13543,3.926918835697244,PIT,0.0,61.333333333333336,0.0,3.2255774252157683,1992.0,33.0,1,3.2255774252157683,61.333333333333336,33+
2025,13580,4.8442181263191095,PIT,0.0,71.66666666666667,1.0,7.071507886924383,1991.0,34.0,1,7.071507886924383,71.66666666666667,33+
2025,13611,7.071353280013295,HIT,663.0,0.0,0.0,5.077402208107766,1992.0,33.0,1,5.077402208107766,663.0,33+
2025,13613,7.518519322902124,HIT,556.0,0.0,0.0,6.359613396404136,1993.0,32.0,1,6.359613396404136,556.0,30-32
2025,13619,2.836701343948651,PIT,0.0,66.66666666666667,0.0,3.3825952533408388,1992.0,33.0,1,3.3825952533408388,66.66666666666667,33+
2025,13620,3.9705639996636393,HIT,421.0,0.0,0.0,4.1554627018979815,1994.0,31.0,1,4.1554627018979815,421.0,30-32
2025,13624,5.201436924713358,HIT,445.0,0.0,0.0,3.573014805768261,1994.0,31.0,1,3.573014805768261,445.0,30-32
2025,13649,4.983963660225869,PIT,0.0,165.66666666666663,0.0,5.269856468000288,1993.0,32.0,1,5.269856468000288,165.66666666666663,30-32
2025,13675,2.024630542631817,HIT,341.0,0.0,0.0,3.73512035772006,1994.0,31.0,1,3.73512035772006,341.0,30-32
2025,13743,12.625795839385678,PIT,0.0,195.33333333333331,0.0,6.346790919822196,1994.0,31.0,1,6.346790919822196,195.33333333333331,30-32
2025,13770,2.642762621554701,HIT,209.0,0.0,0.0,0.13212058976819152,1991.0,34.0,1,0.13212058976819152,209.0,33+
2025,13774,-1.350914986863387,PIT,0.0,71.33333333333331,0.0,0.11371720016649378,1994.0,31.0,1,0.11371720016649378,71.33333333333331,30-32
2025,13799,4.311617218043765,PIT,0.0,62.333333333333336,6.0,-1.6516898855750974,1991.0,34.0,1,-1.6516898855750974,62.333333333333336,33+
2025,13896,2.632586910947977,PIT,0.0,43.66666666666668,1.0,,1994.0,31.0,0,0.0,43.66666666666668,30-32
2025,13932,1.0298959912376435,PIT,0.0,46.333333333333336,2.0,0.790623149054511,1991.0,34.0,1,0.790623149054511,46.333333333333336,33+
2025,13942,-0.19214318032740696,PIT,0.0,67.66666666666667,0.0,1.5893261716948035,1989.0,36.0,1,1.5893261716948035,67.66666666666667,33+
2025,14078,4.2864320649058145,PIT,0.0,172.66666666666663,0.0,8.21561733853505,1991.0,34.0,1,8.21561733853505,172.66666666666663,33+
2025,14107,8.142031780730077,PIT,0.0,193.0,0.0,3.9208887203663076,1991.0,34.0,1,3.9208887203663076,193.0,33+
2025,14120,-3.515362522417999,PIT,0.0,55.333333333333336,0.0,-1.8721313745631996,1993.0,32.0,1,-1.8721313745631996,55.333333333333336,30-32
2025,14161,9.211836449051075,HIT,542.0,0.0,0.0,6.121571038967048,1993.0,32.0,1,6.121571038967048,542.0,30-32
2025,14162,4.808353733108562,HIT,584.0,0.0,0.0,1.7501368724914734,1994.0,31.0,1,1.7501368724914734,584.0,30-32
2025,14168,2.4893272348236466,PIT,0.0,166.0,0.0,,1994.0,31.0,0,0.0,166.0,30-32
2025,14212,10.281652498445741,PIT,0.0,52.66666666666668,28.0,10.793676095198819,1994.0,31.0,1,10.793676095198819,52.66666666666668,30-32
2025,14221,2.0740171232877893,HIT,315.0,0.0,0.0,2.71588570820835,1992.0,33.0,1,2.71588570820835,315.0,33+
2025,14295,2.8579768983537845,PIT,0.0,71.66666666666667,0.0,1.0052743938967867,1991.0,34.0,1,1.0052743938967867,71.66666666666667,33+
2025,14344,8.277418202926823,HIT,724.0,0.0,0.0,8.736874705282723,1994.0,31.0,1,8.736874705282723,724.0,30-32
2025,14374,4.433611566125279,PIT,0.0,90.33333333333331,0.0,4.820664310449649,1993.0,32.0,1,4.820664310449649,90.33333333333331,30-32
2025,14542,10.684073222540048,PIT,0.0,66.0,42.0,-1.493274840610046,1992.0,33.0,1,-1.493274840610046,66.0,33+
2025,14551,0.46783808344876876,HIT,221.0,0.0,0.0,,1994.0,31.0,0,0.0,221.0,30-32
2025,14706,2.986938708078959,PIT,0.0,65.0,0.0,0.8699136029758148,1993.0,32.0,1,0.8699136029758148,65.0,30-32
2025,14710,11.796765957944597,PIT,0.0,66.33333333333331,28.0,-1.270845304382423,1994.0,31.0,1,-1.270845304382423,66.33333333333331,30-32
2025,14771,9.288900659529743,PIT,0.0,68.66666666666667,32.0,6.819543846503445,1991.0,34.0,1,6.819543846503445,68.66666666666667,33+
2025,14813,1.4789794955007922,HIT,300.0,1.0,0.0,0.1768423313418061,1990.0,35.0,1,0.1768423313418061,300.0,33+
2025,14843,0.7930774102572469,PIT,0.0,141.66666666666663,0.0,-9.984657976484272,1992.0,33.0,1,-9.984657976484272,141.66666666666663,33+
2025,14854,3.8329151654590596,HIT,558.0,1.0,0.0,2.8213737589140373,1990.0,35.0,1,2.8213737589140373,558.0,33+
2025,14932,1.5091640547620726,PIT,0.0,44.66666666666668,0.0,,1992.0,33.0,0,0.0,44.66666666666668,33+
2025,14968,3.313615783028774,HIT,386.0,0.0,0.0,2.1663395461223223,1993.0,32.0,1,2.1663395461223223,386.0,30-32
2025,14993,1.655216354891979,PIT,0.0,68.33333333333331,1.0,-0.5151577711981341,1992.0,33.0,1,-0.5151577711981341,68.33333333333331,33+
2025,15009,6.434722564686685,PIT,0.0,57.0,24.0,0.34880073735843276,1991.0,34.0,1,0.34880073735843276,57.0,33+
2025,15038,-8.563791196671833,PIT,0.0,126.33333333333331,0.0,-0.4615963745501981,1995.0,30.0,1,-0.4615963745501981,126.33333333333331,30-32
2025,15043,0.8191730619175414,PIT,0.0,47.66666666666668,0.0,-1.964361926343165,1991.0,34.0,1,-1.964361926343165,47.66666666666668,33+
2025,15112,3.674604055094212,HIT,586.0,0.0,0.0,2.295035629209312,1994.0,31.0,1,2.295035629209312,586.0,30-32
2025,15145,0.4991642846713533,PIT,0.0,60.0,4.0,-1.9836906210203518,1991.0,34.0,1,-1.9836906210203518,60.0,33+
2025,15161,1.799043215725887,HIT,290.0,0.0,0.0,0.7866986885015561,1991.0,34.0,1,0.7866986885015561,290.0,33+
2025,15194,2.004461695586979,HIT,218.0,5.0,0.0,8.280723172028418,1995.0,30.0,1,8.280723172028418,218.0,30-32
2025,15223,3.763078196017374,HIT,459.0,0.0,0.0,-0.06482123160120223,1991.0,34.0,1,-0.06482123160120223,459.0,33+
2025,15274,3.2062524809829687,HIT,385.0,0.0,0.0,,1990.0,35.0,0,0.0,385.0,33+
2025,15362,3.4942462273700383,HIT,462.0,0.0,0.0,4.787224213137158,1992.0,33.0,1,4.787224213137158,462.0,33+
2025,15423,-2.4654269380754714,PIT,0.0,122.33333333333331,0.0,,1991.0,34.0,0,0.0,122.33333333333331,33+
2025,15440,9.389163895770821,PIT,0.0,179.66666666666663,0.0,3.417187332321374,1991.0,34.0,1,3.417187332321374,179.66666666666663,33+
2025,15454,11.98000516530438,PIT,0.0,181.66666666666663,0.0,0.6856785352670907,1993.0,32.0,1,0.6856785352670907,181.66666666666663,30-32
2025,15474,4.7227516015027895,PIT,0.0,145.0,0.0,-1.3109962465191662,1994.0,31.0,1,-1.3109962465191662,145.0,30-32
2025,15488,-9.763954825778866,PIT,0.0,130.0,0.0,3.460199327916698,1995.0,30.0,1,3.460199327916698,130.0,30-32
2025,15491,5.304708269773845,HIT,654.0,0.0,0.0,2.707684808546294,1995.0,30.0,1,2.707684808546294,654.0,30-32
2025,15541,5.57786565314073,PIT,0.0,77.33333333333331,0.0,4.4341553416838275,1990.0,35.0,1,4.4341553416838275,77.33333333333331,33+
2025,15551,0.8634595185428213,PIT,0.0,48.333333333333336,2.0,0.9366627207379397,1991.0,34.0,1,0.9366627207379397,48.333333333333336,33+
2025,15552,-0.631080038597832,PIT,0.0,43.66666666666668,1.0,,1991.0,34.0,0,0.0,43.66666666666668,33+
2025,15640,14.094494670259863,HIT,679.0,0.0,0.0,4.2696141255413815,1992.0,33.0,1,4.2696141255413815,679.0,33+
2025,15653,2.4938489626895057,HIT,225.0,0.0,0.0,3.4178988240791814,1995.0,30.0,1,3.4178988240791814,225.0,30-32
2025,15679,2.6444339061512774,HIT,312.0,2.0,0.0,0.23984761769170024,1995.0,30.0,1,0.23984761769170024,312.0,30-32
2025,15689,6.620866933950052,PIT,0.0,180.66666666666663,0.0,-2.899336420021258,1992.0,33.0,1,-2.899336420021258,180.66666666666663,33+
2025,15711,1.6367248362468714,HIT,209.0,0.0,0.0,2.0172437037066464,1995.0,30.0,1,2.0172437037066464,209.0,30-32
2025,15734,6.043643704504266,PIT,0.0,69.66666666666667,3.0,1.3724152066250077,1995.0,30.0,1,1.3724152066250077,69.66666666666667,30-32
2025,15816,4.677395444242647,PIT,0.0,62.0,18.0,3.0388548947559944,1994.0,31.0,1,3.0388548947559944,62.0,30-32
2025,15823,5.839093238274764,PIT,0.0,186.66666666666663,0.0,-1.040762241814761,1995.0,30.0,1,-1.040762241814761,186.66666666666663,30-32
2025,15873,-0.24332288755093007,PIT,0.0,60.66666666666668,0.0,0.2276358262019218,1992.0,33.0,1,0.2276358262019218,60.66666666666668,33+
2025,15878,4.189489062860349,HIT,341.0,0.0,0.0,2.1428722025838574,1995.0,30.0,1,2.1428722025838574,341.0,30-32
2025,15890,1.0424112876329488,PIT,0.0,162.66666666666663,0.0,0.23682921008347946,1994.0,31.0,1,0.23682921008347946,162.66666666666663,30-32
2025,15905,1.168285758646149,HIT,283.0,0.6666666666666666,0.0,2.2125237656821155,1996.0,29.0,1,2.2125237656821155,283.0,27-29
2025,15947,-0.4535187565587764,PIT,0.0,56.0,3.0,0.7148892153735078,1991.0,34.0,1,0.7148892153735078,56.0,33+
2025,15986,6.943245510323485,HIT,686.0,0.0,0.0,5.04703803360373,1995.0,30.0,1,5.04703803360373,686.0,30-32
2025,15998,8.674277723819257,HIT,656.0,0.0,0.0,6.007303842765399,1995.0,30.0,1,6.007303842765399,656.0,30-32
2025,16122,-1.5637964295514912,PIT,0.0,42.66666666666668,8.0,2.4453023330190997,1993.0,32.0,1,2.4453023330190997,42.66666666666668,30-32
2025,16137,12.521818937026492,PIT,0.0,195.33333333333331,0.0,3.9892984692231552,1992.0,33.0,1,3.9892984692231552,195.33333333333331,33+
2025,16149,-1.624416541649855,PIT,0.0,94.33333333333331,0.0,0.7531416792748575,1993.0,32.0,1,0.7531416792748575,94.33333333333331,30-32
2025,16162,5.338793574519698,PIT,0.0,64.66666666666667,0.0,3.5549152851212567,1993.0,32.0,1,3.5549152851212567,64.66666666666667,30-32
2025,16252,9.377212983290418,HIT,639.0,0.0,0.0,6.788624183457357,1993.0,32.0,1,6.788624183457357,639.0,30-32
2025,16256,-2.2583099307185566,PIT,0.0,162.66666666666663,0.0,-4.680218284261535,1993.0,32.0,1,-4.680218284261535,162.66666666666663,30-32
2025,16258,1.409283021834009,PIT,0.0,54.333333333333336,0.0,-2.712738023768594,1993.0,32.0,1,-2.712738023768594,54.333333333333336,30-32
2025,16358,5.562509884570384,PIT,0.0,86.66666666666667,0.0,2.8567019798534927,1994.0,31.0,1,2.8567019798534927,86.66666666666667,30-32
2025,16376,2.117403441870296,HIT,486.0,0.0,0.0,3.262223809461304,1993.0,32.0,1,3.262223809461304,486.0,30-32
2025,16427,-0.6871993707975316,PIT,0.0,44.333333333333336,0.0,1.4242751554718232,1996.0,29.0,1,1.4242751554718232,44.333333333333336,27-29
2025,16442,5.807435427306543,HIT,544.0,0.0,0.0,5.82133090778476,1993.0,32.0,1,5.82133090778476,544.0,30-32
2025,16472,2.7147067421620634,HIT,328.0,0.0,0.0,2.1696610341838243,1993.0,32.0,1,2.1696610341838243,328.0,30-32
2025,16478,10.89573263853221,HIT,724.0,0.0,0.0,8.729367049119112,1993.0,32.0,1,8.729367049119112,724.0,30-32
2025,16502,1.157146133075946,PIT,0.0,64.0,1.0,1.7574212392636535,1991.0,34.0,1,1.7574212392636535,64.0,33+
2025,16505,5.301737039910891,HIT,535.0,0.0,0.0,2.709189047819101,1993.0,32.0,1,2.709189047819101,535.0,30-32
2025,16512,3.752573352643541,HIT,459.0,0.6666666666666666,0.0,1.9741702790227034,1995.0,30.0,1,1.9741702790227034,459.0,30-32
2025,16530,2.557592342841903,HIT,398.0,0.0,0.0,5.936632420592165,1994.0,31.0,1,5.936632420592165,398.0,30-32
2025,16535,2.4102752564351024,HIT,337.0,0.0,0.0,0.623352512507672,1995.0,30.0,1,0.623352512507672,337.0,30-32
2025,16556,5.707127300324658,HIT,667.0,0.0,0.0,6.565998771542749,1997.0,28.0,1,6.565998771542749,667.0,27-29
2025,16561,-5.425960491613224,PIT,0.0,57.66666666666668,0.0,,1993.0,32.0,0,0.0,57.66666666666668,30-32
2025,16578,8.05116362392187,HIT,651.0,0.0,0.0,8.83451725484531,1991.0,34.0,1,8.83451725484531,651.0,33+
2025,16609,5.821769266767439,PIT,0.0,71.0,7.0,3.8976257915718326,1997.0,28.0,1,3.8976257915718326,71.0,27-29
2025,16622,1.750063677921184,HIT,330.0,0.0,0.0,0.6534447988934314,1997.0,28.0,1,0.6534447988934314,330.0,27-29
2025,16647,1.065422514538365,PIT,0.0,41.333333333333336,1.0,0.177439674187712,1992.0,33.0,1,0.177439674187712,41.333333333333336,33+
2025,16725,1.3365604975106393,HIT,302.0,2.3333333333333335,0.0,-1.2717845705451853,1992.0,33.0,1,-1.2717845705451853,302.0,33+
2025,16814,2.856953944771038,PIT,0.0,67.0,0.0,2.360029069407211,1990.0,35.0,1,2.360029069407211,67.0,33+
2025,16835,2.3918498768827323,PIT,0.0,51.66666666666668,1.0,4.024428926101951,1992.0,33.0,1,4.024428926101951,51.66666666666668,33+
2025,16866,1.771273098652946,PIT,0.0,55.333333333333336,3.0,,1993.0,32.0,0,0.0,55.333333333333336,30-32
2025,16918,4.523752978149595,PIT,0.0,64.66666666666667,8.0,4.3045448602699175,1993.0,32.0,1,4.3045448602699175,64.66666666666667,30-32
2025,16930,2.3556165863762333,HIT,433.0,0.0,0.0,2.6447286029412416,1995.0,30.0,1,2.6447286029412416,433.0,30-32
2025,16943,2.9909741383164006,PIT,0.0,92.33333333333331,2.0,5.694641232180467,1993.0,32.0,1,5.694641232180467,92.33333333333331,30-32
2025,16944,1.604624512696476,PIT,0.0,115.0,0.0,4.335933217454234,1996.0,29.0,1,4.335933217454234,115.0,27-29
2025,16977,-3.559048095001862,PIT,0.0,82.66666666666667,0.0,0.8895078289981524,1992.0,33.0,1,0.8895078289981524,82.66666666666667,33+
2025,16990,4.542654545616748,PIT,0.0,67.33333333333331,1.0,-3.0397366104090366,1991.0,34.0,1,-3.0397366104090366,67.33333333333331,33+
2025,16997,5.776971010368687,HIT,628.0,0.0,0.0,3.832520707833095,1996.0,29.0,1,3.832520707833095,628.0,27-29
2025,17022,3.1130476032030368,HIT,261.0,0.0,0.0,2.6291820262610854,1996.0,29.0,1,2.6291820262610854,261.0,27-29
2025,17027,0.8165862895342968,HIT,213.0,0.0,0.0,,1996.0,29.0,0,0.0,213.0,27-29
2025,17040,0.3709910086575777,HIT,204.0,2.0,0.0,,1997.0,28.0,0,0.0,204.0,27-29
2025,17085,4.490170877284425,PIT,0.0,75.66666666666667,0.0,,1996.0,29.0,0,0.0,75.66666666666667,27-29
2025,17128,6.981575742899996,HIT,488.0,0.0,0.0,1.9090648793214722,1994.0,31.0,1,1.9090648793214722,488.0,30-32
2025,17130,8.478875342989323,PIT,0.0,67.33333333333331,29.0,8.602991645325204,1990.0,35.0,1,8.602991645325204,67.33333333333331,33+
2025,17170,5.220163945999829,PIT,0.0,62.0,0.0,2.891268790394071,1995.0,30.0,1,2.891268790394071,62.0,30-32
2025,17192,2.7753920829502747,PIT,0.0,57.333333333333336,1.0,0.670937005037493,1993.0,32.0,1,0.670937005037493,57.333333333333336,30-32
2025,17232,2.677302839702304,HIT,289.0,0.0,0.0,0.4688261465837197,1995.0,30.0,1,0.4688261465837197,289.0,30-32
2025,17277,7.117571404248011,PIT,0.0,157.33333333333331,0.0,5.023281727560185,1995.0,30.0,1,5.023281727560185,157.33333333333331,30-32
2025,17295,6.538501306453856,PIT,0.0,192.0,0.0,2.3974050773432474,1993.0,32.0,1,2.3974050773432474,192.0,30-32
2025,17338,3.3563727485028227,HIT,454.0,1.0,0.0,6.035957642385958,1997.0,28.0,1,6.035957642385958,454.0,27-29
2025,17350,8.363798432288357,HIT,729.0,0.0,0.0,8.671953453470215,1996.0,29.0,1,8.671953453470215,729.0,27-29
2025,17425,-4.793499631633644,PIT,0.0,141.0,0.0,2.4223053006541346,1993.0,32.0,1,2.4223053006541346,141.0,30-32
2025,17432,8.479490260634055,PIT,0.0,68.0,33.0,3.861417339337953,1993.0,32.0,1,3.861417339337953,68.0,30-32
2025,17479,2.258996140166007,PIT,0.0,161.0,0.0,0.4014537686027124,1995.0,30.0,1,0.4014537686027124,161.0,30-32
2025,17490,-2.308638562429504,PIT,0.0,42.66666666666668,1.0,,1996.0,29.0,0,0.0,42.66666666666668,27-29
2025,17548,7.254076312106871,HIT,663.0,0.0,0.0,3.325997232796592,1993.0,32.0,1,3.325997232796592,663.0,30-32
2025,17556,3.537817222054992,PIT,0.0,83.33333333333331,0.0,-1.8884370014595757,1993.0,32.0,1,-1.8884370014595757,83.33333333333331,30-32
2025,17586,3.584626653561483,PIT,0.0,57.0,23.0,7.930475037295857,1994.0,31.0,1,7.930475037295857,57.0,30-32
2025,17594,2.1395199161785805,PIT,0.0,176.33333333333331,0.0,-0.8999823343923183,1996.0,29.0,1,-0.8999823343923183,176.33333333333331,27-29
2025,17611,2.9460706456396624,PIT,0.0,55.333333333333336,1.0,4.465574047273505,1993.0,32.0,1,4.465574047273505,55.333333333333336,30-32
2025,17620,3.4533086901779075,HIT,299.0,0.0,0.0,2.264392153490383,1994.0,31.0,1,2.264392153490383,299.0,30-32
2025,17677,4.195888864700277,PIT,0.0,171.0,0.0,-4.101504812448681,1992.0,33.0,1,-4.101504812448681,171.0,33+
2025,17678,5.397547840811746,HIT,495.0,0.0,0.0,7.71342129386085,1994.0,31.0,1,7.71342129386085,495.0,30-32
2025,17722,8.741353357337452,PIT,0.0,47.0,30.0,10.070483302183204,1993.0,32.0,1,10.070483302183204,47.0,30-32
2025,17878,8.150500167806554,PIT,0.0,70.33333333333331,16.0,-0.6076208764887057,1996.0,29.0,1,-0.6076208764887057,70.33333333333331,27-29
2025,17897,4.8889448462223815,PIT,0.0,61.333333333333336,2.0,1.2448753667753492,1994.0,31.0,1,1.2448753667753492,61.333333333333336,30-32
2025,17901,4.561744422377175,HIT,470.0,0.0,0.0,4.887232851815412,1994.0,31.0,1,4.887232851815412,470.0,30-32
2025,17919,6.302764335345586,HIT,663.0,0.0,0.0,5.855635814181253,1994.0,31.0,1,5.855635814181253,663.0,30-32
2025,17929,4.840205311972216,HIT,498.0,0.0,0.0,4.405208596321898,1994.0,31.0,1,4.405208596321898,498.0,30-32
2025,17948,0.03781681224127975,PIT,0.0,42.333333333333336,0.0,2.8301046447737472,1993.0,32.0,1,2.8301046447737472,42.333333333333336,30-32
2025,17964,1.769162845592909,PIT,0.0,51.0,1.0,-1.5941004627800723,1993.0,32.0,1,-1.5941004627800723,51.0,30-32
2025,17968,3.1876505951192495,PIT,0.0,61.66666666666668,0.0,4.847263134088928,1996.0,29.0,1,4.847263134088928,61.66666666666668,27-29
2025,17982,3.564533997678628,HIT,490.0,0.0,0.0,6.187595841650404,1994.0,31.0,1,6.187595841650404,490.0,30-32
2025,17988,3.0844450584149383,HIT,342.0,0.0,0.0,4.0645767800624455,1996.0,29.0,1,4.0645767800624455,342.0,27-29
2025,17995,9.34941907792737,PIT,0.0,207.0,0.0,4.234327543702909,1996.0,29.0,1,4.234327543702909,207.0,27-29
2025,17998,7.949218210501285,PIT,0.0,60.333333333333336,27.0,3.790779136843441,1993.0,32.0,1,3.790779136843441,60.333333333333336,30-32
2025,18015,1.531449725294102,HIT,208.0,0.0,0.0,,1993.0,32.0,0,0.0,208.0,30-32
2025,18030,5.665388175888318,HIT,501.0,0.0,0.0,0.6042217381608623,1994.0,31.0,1,0.6042217381608623,501.0,30-32
2025,18036,4.1467879772933145,HIT,515.0,0.0,0.0,2.1496040424001386,1994.0,31.0,1,2.1496040424001386,515.0,30-32
2025,18042,2.58479518507411,HIT,243.0,0.0,0.0,-0.08843148949393026,1992.0,33.0,1,-0.08843148949393026,243.0,33+
2025,18064,4.954936238585677,PIT,0.0,61.333333333333336,5.0,-1.9645877673953347,1993.0,32.0,1,-1.9645877673953347,61.333333333333336,30-32
2025,18123,4.424318110871135,HIT,438.0,0.0,0.0,3.752914128553421,1994.0,31.0,1,3.752914128553421,438.0,30-32
2025,18126,0.17679275070853895,HIT,242.0,0.0,0.0,0.5878893540660306,1994.0,31.0,1,0.5878893540660306,242.0,30-32
2025,18138,3.106136859821099,PIT,0.0,56.0,21.0,1.571167141520971,1994.0,31.0,1,1.571167141520971,56.0,30-32
2025,18297,3.256874341822889,PIT,0.0,72.66666666666667,3.0,3.2962580896332976,1991.0,34.0,1,3.2962580896332976,72.66666666666667,33+
2025,18314,7.085188093550499,HIT,645.0,0.0,0.0,6.3961196968537335,1994.0,31.0,1,6.3961196968537335,645.0,30-32
2025,18345,7.985384894316908,HIT,597.0,0.0,0.0,5.120047472465454,1997.0,28.0,1,5.120047472465454,597.0,27-29
2025,18360,4.463409326813052,HIT,447.0,0.0,0.0,5.022320267967273,1997.0,28.0,1,5.022320267967273,447.0,27-29
2025,18373,2.5475965655893194,HIT,357.0,0.0,0.0,0.06422449330637497,1997.0,28.0,1,0.06422449330637497,357.0,27-29
2025,18383,1.7271196166274851,PIT,0.0,89.66666666666667,0.0,5.323706148515286,1997.0,28.0,1,5.323706148515286,89.66666666666667,27-29
2025,18401,6.05961927087813,HIT,412.0,0.0,0.0,5.9165140553444475,1997.0,28.0,1,5.9165140553444475,412.0,27-29
2025,18403,1.5953314955526121,PIT,0.0,66.0,0.0,2.550112666034423,1995.0,30.0,1,2.550112666034423,66.0,30-32
2025,18525,2.365094156223481,PIT,0.0,168.0,0.0,13.750192311763263,1995.0,30.0,1,13.750192311763263,168.0,30-32
2025,18564,6.563198957921319,HIT,581.0,0.0,0.0,5.066625369327634,1996.0,29.0,1,5.066625369327634,581.0,27-29
2025,18568,6.0802739670168755,HIT,675.0,0.0,0.0,7.289447120617871,1997.0,28.0,1,7.289447120617871,675.0,27-29
2025,18577,3.333097985251853,HIT,570.0,0.0,0.0,0.08348386266968943,1997.0,28.0,1,0.08348386266968943,570.0,27-29
2025,18679,12.843205120289262,PIT,0.0,176.66666666666663,0.0,0.2372952561744306,1996.0,29.0,1,0.2372952561744306,176.66666666666663,27-29
2025,18684,0.050181393444797995,PIT,0.0,174.66666666666663,0.0,7.992366688110387,1995.0,30.0,1,7.992366688110387,174.66666666666663,30-32
2025,18694,2.4367204339015247,PIT,0.0,65.0,0.0,-1.6258141158327817,1997.0,28.0,1,-1.6258141158327817,65.0,27-29
2025,18795,2.891667216676777,HIT,391.0,0.0,0.0,0.5551590470746555,1994.0,31.0,1,0.5551590470746555,391.0,30-32
2025,18839,9.28323674975291,HIT,604.0,0.0,0.0,6.3949102453093305,1997.0,28.0,1,6.3949102453093305,604.0,27-29
2025,18882,7.025049146664029,HIT,553.0,0.0,0.0,7.970960232196081,1994.0,31.0,1,7.970960232196081,553.0,30-32
2025,19197,5.777904322633438,HIT,436.0,0.0,0.0,1.9725461130839803,1995.0,30.0,1,1.9725461130839803,436.0,30-32
2025,19222,3.7986955080013107,PIT,0.0,71.0,3.0,3.2948114335103766,1995.0,30.0,1,3.2948114335103766,71.0,30-32
2025,19238,5.492972183896044,HIT,546.0,0.0,0.0,0.7934463588224161,1993.0,32.0,1,0.7934463588224161,546.0,30-32
2025,19249,3.1624755323082208,PIT,0.0,62.66666666666668,2.0,4.087597225373274,1994.0,31.0,1,4.087597225373274,62.66666666666668,30-32
2025,19251,9.450322553115118,HIT,709.0,0.0,0.0,9.312234829250674,1994.0,31.0,1,9.312234829250674,709.0,30-32
2025,19260,2.017606334039023,HIT,217.0,0.0,0.0,0.6212821457191913,1995.0,30.0,1,0.6212821457191913,217.0,30-32
2025,19261,0.7297515455245667,PIT,0.0,40.0,0.0,-0.552912840214385,1995.0,30.0,1,-0.552912840214385,40.0,30-32
2025,19274,4.1559128262847,PIT,0.0,66.0,1.0,5.515873908496167,1993.0,32.0,1,5.515873908496167,66.0,30-32
2025,19287,5.1265904638217155,HIT,547.0,0.0,0.0,1.281219135052205,1993.0,32.0,1,1.281219135052205,547.0,30-32
2025,19290,8.006839061393038,HIT,709.0,0.0,0.0,9.026448090029037,1995.0,30.0,1,9.026448090029037,709.0,30-32
2025,19291,2.4790083123891122,PIT,0.0,192.0,0.0,-5.00976967496732,1995.0,30.0,1,-5.00976967496732,192.0,30-32
2025,19296,2.786358403628542,HIT,322.0,0.0,0.0,1.5221012466880668,1994.0,31.0,1,1.5221012466880668,322.0,30-32
2025,19312,-4.1321593698308465,PIT,0.0,117.66666666666667,0.0,6.404554644493883,1995.0,30.0,1,6.404554644493883,117.66666666666667,30-32
2025,19316,5.981668799786442,PIT,0.0,104.66666666666667,0.0,0.2671616629606477,1995.0,30.0,1,0.2671616629606477,104.66666666666667,30-32
2025,19326,5.043056441803544,HIT,654.0,0.0,0.0,7.653667110837407,1995.0,30.0,1,7.653667110837407,654.0,30-32
2025,19330,2.5271155061222954,PIT,0.0,54.66666666666668,0.0,1.4680935537937203,1993.0,32.0,1,1.4680935537937203,54.66666666666668,30-32
2025,19346,3.2292329793328522,HIT,271.0,0.0,0.0,2.544847429520637,1994.0,31.0,1,2.544847429520637,271.0,30-32
2025,19349,2.56899917564368,PIT,0.0,65.33333333333331,0.0,-1.0292783032425148,1996.0,29.0,1,-1.0292783032425148,65.33333333333331,27-29
2025,19350,4.071620188678405,PIT,0.0,171.66666666666663,0.0,-1.0705204492845874,1996.0,29.0,1,-1.0705204492845874,171.66666666666663,27-29
2025,19352,2.4092571832182017,HIT,337.0,0.0,0.0,0.6151178421716538,1994.0,31.0,1,0.6151178421716538,337.0,30-32
2025,19354,0.9902778981055755,HIT,219.0,0.0,0.0,2.986627839358128,1994.0,31.0,1,2.986627839358128,219.0,30-32
2025,19360,4.673276780590064,PIT,0.0,61.333333333333336,2.0,-0.16365509566064418,1995.0,30.0,1,-0.16365509566064418,61.333333333333336,30-32
2025,19361,3.259619280707037,PIT,0.0,64.33333333333331,0.0,,1994.0,31.0,0,0.0,64.33333333333331,30-32
2025,19362,3.2347965558969856,PIT,0.0,63.333333333333336,8.0,-1.192526048158677,1995.0,30.0,1,-1.192526048158677,63.333333333333336,30-32
2025,19363,5.259567792627406,HIT,416.0,0.0,0.0,0.6637445204721222,1995.0,30.0,1,0.6637445204721222,416.0,30-32
2025,19374,-0.9094817812754368,PIT,0.0,126.0,0.0,1.6731863044174906,1994.0,31.0,1,1.6731863044174906,126.0,30-32
2025,19392,5.427093763626275,HIT,511.0,0.3333333333333333,0.0,0.5214868209084151,1995.0,30.0,1,0.5214868209084151,511.0,30-32
2025,19407,1.3997171988925676,PIT,0.0,48.333333333333336,0.0,-1.582226736836509,1993.0,32.0,1,-1.582226736836509,48.333333333333336,30-32
2025,19427,2.3937862247739607,PIT,0.0,40.333333333333336,0.0,0.934682479473902,1995.0,30.0,1,0.934682479473902,40.333333333333336,30-32
2025,19459,-3.5498274245280355,PIT,0.0,55.0,0.0,,1995.0,30.0,0,0.0,55.0,30-32
2025,19470,3.3106750585624622,HIT,377.0,0.0,0.0,3.5767078480231027,1995.0,30.0,1,3.5767078480231027,377.0,30-32
2025,19479,0.2797270620600104,PIT,0.0,102.0,1.0,0.9243326120264941,1995.0,30.0,1,0.9243326120264941,102.0,30-32
2025,19481,0.8617447614243696,PIT,0.0,58.0,2.0,0.14410404031886836,1993.0,32.0,1,0.14410404031886836,58.0,30-32
2025,19522,5.7291277365585245,HIT,685.0,0.0,0.0,0.40951287595562635,1995.0,30.0,1,0.40951287595562635,685.0,30-32
2025,19566,4.741624568131799,HIT,609.0,0.0,0.0,4.08275042528083,1995.0,30.0,1,4.08275042528083,609.0,30-32
2025,19569,9.72902456521182,PIT,0.0,62.66666666666668,27.0,11.66337276132367,1994.0,31.0,1,11.66337276132367,62.66666666666668,30-32
2025,19574,4.886626814618793,PIT,0.0,61.0,8.0,1.2339935173257868,1996.0,29.0,1,1.2339935173257868,61.0,27-29
2025,19608,5.755462695454695,HIT,594.0,0.0,0.0,9.414977582503859,1998.0,27.0,1,9.414977582503859,594.0,27-29
2025,19610,1.3037682557778703,HIT,267.0,0.0,0.0,4.35536211484661,1998.0,27.0,1,4.35536211484661,267.0,27-29
2025,19611,8.386747926692403,HIT,680.0,0.0,0.0,5.268027573302265,1999.0,26.0,1,5.268027573302265,680.0,24-26
2025,19612,8.211344665034744,HIT,628.0,0.0,0.0,6.400448017594645,1998.0,27.0,1,6.400448017594645,628.0,27-29
2025,19618,-4.209092314579751,PIT,0.0,67.33333333333331,2.0,0.18896139000901746,1996.0,29.0,1,0.18896139000901746,67.33333333333331,27-29
2025,19627,7.90084555087343,HIT,699.0,0.0,0.0,1.9211564843920965,1994.0,31.0,1,1.9211564843920965,699.0,30-32
2025,19646,-0.1573499401170722,PIT,0.0,43.0,0.0,1.4372529717950304,1992.0,33.0,1,1.4372529717950304,43.0,33+
2025,19666,0.003243236909591607,PIT,0.0,77.33333333333331,1.0,-1.9340340134319336,1993.0,32.0,1,-1.9340340134319336,77.33333333333331,30-32
2025,19677,0.1772041927753225,PIT,0.0,60.333333333333336,1.0,7.291267359163142,1995.0,30.0,1,7.291267359163142,60.333333333333336,30-32
2025,19709,9.220759920601635,HIT,691.0,0.0,0.0,9.683158528548706,1999.0,26.0,1,9.683158528548706,691.0,24-26
2025,19716,-0.6745125037960071,PIT,0.0,132.33333333333331,0.0,1.2027383585619826,1997.0,28.0,1,1.2027383585619826,132.33333333333331,27-29
2025,19722,3.7036810278950427,HIT,446.0,0.0,0.0,-0.08843975134819537,1998.0,27.0,1,-0.08843975134819537,446.0,27-29
2025,19734,0.2929199066722591,HIT,211.0,0.0,0.0,0.9880404015572329,1994.0,31.0,1,0.9880404015572329,211.0,30-32
2025,19736,-2.120291869971429,PIT,0.0,43.333333333333336,1.0,,1993.0,32.0,0,0.0,43.333333333333336,30-32
2025,19742,4.044724975803622,PIT,0.0,50.0,4.0,2.9440552290992787,1995.0,30.0,1,2.9440552290992787,50.0,30-32
2025,19755,15.600132999222563,HIT,727.0,47.0,0.0,18.73196385910677,1994.0,31.0,1,18.73196385910677,727.0,30-32
2025,19769,7.454730703800639,PIT,0.0,68.66666666666667,23.0,0.23432324303871166,1995.0,30.0,1,0.23432324303871166,68.66666666666667,30-32
2025,19804,3.1208390697303927,PIT,0.0,68.66666666666667,3.0,12.338171481268592,1994.0,31.0,1,12.338171481268592,68.66666666666667,30-32
2025,19844,1.5695865417646266,HIT,284.0,1.0,0.0,,1996.0,29.0,0,0.0,284.0,27-29
2025,19853,3.0761101026619326,PIT,0.0,73.33333333333331,0.0,8.769688391627666,1995.0,30.0,1,8.769688391627666,73.33333333333331,30-32
2025,19858,3.564921947173106,HIT,541.0,0.0,0.0,2.913395446002177,1997.0,28.0,1,2.913395446002177,541.0,27-29
2025,19864,1.1021255003330177,HIT,286.0,0.0,0.0,,1996.0,29.0,0,0.0,286.0,27-29
2025,19867,2.1688600800822524,PIT,0.0,76.33333333333331,0.0,-2.080105220851581,1996.0,29.0,1,-2.080105220851581,76.33333333333331,27-29
2025,19879,-4.377851893596178,PIT,0.0,43.66666666666668,0.0,,1996.0,29.0,0,0.0,43.66666666666668,27-29
2025,19892,2.5851235567327184,HIT,288.0,0.0,0.0,-0.06213124679777926,1996.0,29.0,1,-0.06213124679777926,288.0,27-29
2025,19899,3.5433276483378595,PIT,0.0,78.66666666666667,0.0,,1996.0,29.0,0,0.0,78.66666666666667,27-29
2025,19901,5.0443357747280935,HIT,545.0,0.0,0.0,3.6067572487401924,1996.0,29.0,1,3.6067572487401924,545.0,27-29
2025,19913,4.402612115448235,HIT,497.0,0.0,0.0,2.763811432325472,1997.0,28.0,1,2.763811432325472,497.0,27-29
2025,19918,4.092117639886906,HIT,271.0,0.0,0.0,3.680336960028748,1996.0,29.0,1,3.680336960028748,271.0,27-29
2025,19926,4.776046896665596,PIT,0.0,73.66666666666667,7.0,-0.7455415014209938,1997.0,28.0,1,-0.7455415014209938,73.66666666666667,27-29
2025,19950,2.4279018861300434,HIT,369.0,0.0,0.0,4.629407766056848,1998.0,27.0,1,4.629407766056848,369.0,27-29
2025,19953,3.782311435639394,HIT,435.0,0.0,0.0,2.3886458383832263,1998.0,27.0,1,2.3886458383832263,435.0,27-29
2025,19955,3.701821026767906,HIT,503.0,0.0,0.0,,1997.0,28.0,0,0.0,503.0,27-29
2025,19956,6.251634082397917,HIT,461.0,0.0,0.0,5.389324317528481,1998.0,27.0,1,5.389324317528481,461.0,27-29
2025,19959,7.29212840138564,PIT,0.0,183.66666666666663,0.0,11.621764688692624,1997.0,28.0,1,11.621764688692624,183.66666666666663,27-29
2025,19962,-2.648815886442851,PIT,0.0,98.0,0.0,,1997.0,28.0,0,0.0,98.0,27-29
2025,19990,-4.175498879180592,PIT,0.0,47.333333333333336,0.0,0.46146969938028193,1997.0,28.0,1,0.46146969938028193,47.333333333333336,27-29
2025,19996,3.7205664787871693,PIT,0.0,68.33333333333331,2.0,6.290996065887555,1994.0,31.0,1,6.290996065887555,68.33333333333331,30-32
2025,19997,1.0825374765332514,HIT,328.0,0.0,0.0,0.5273040354429382,1994.0,31.0,1,0.5273040354429382,328.0,30-32
2025,20020,2.0032329082541205,PIT,0.0,64.0,1.0,1.4716218583779601,1994.0,31.0,1,1.4716218583779601,64.0,30-32
2025,20036,4.4006400871403635,HIT,438.0,0.0,0.0,6.042551990969272,1999.0,26.0,1,6.042551990969272,438.0,24-26
2025,20039,9.085382037521958,PIT,0.0,73.66666666666667,3.0,6.9155590927516535,1999.0,26.0,1,6.9155590927516535,73.66666666666667,24-26
2025,20043,5.16185030385031,HIT,431.0,0.0,0.0,2.286531109102602,1997.0,28.0,1,2.286531109102602,431.0,27-29
2025,20061,0.09739800626834538,PIT,0.0,46.0,1.0,,1992.0,33.0,0,0.0,46.0,33+
2025,20070,0.9658636420803435,PIT,0.0,125.33333333333331,0.0,-3.277869939314118,1997.0,28.0,1,-3.277869939314118,125.33333333333331,27-29
2025,20099,-1.8304828878395856,PIT,0.0,158.0,1.0,-4.465686218206033,1996.0,29.0,1,-4.465686218206033,158.0,27-29
2025,20116,4.614390032631612,PIT,0.0,60.333333333333336,15.0,2.975511076904955,1995.0,30.0,1,2.975511076904955,60.333333333333336,30-32
2025,20123,11.896322420003568,HIT,715.0,0.0,0.0,6.319742618601736,1998.0,27.0,1,6.319742618601736,715.0,27-29
2025,20126,0.9812915834539598,HIT,241.0,0.0,0.0,-0.035254790300602454,1998.0,27.0,1,-0.035254790300602454,241.0,27-29
2025,20178,4.881985097811603,HIT,569.0,0.0,0.0,9.172090373504632,1999.0,26.0,1,9.172090373504632,569.0,24-26
2025,20191,6.20111879448879,PIT,0.0,72.0,1.0,6.290051395074273,1996.0,29.0,1,6.290051395074273,72.0,27-29
2025,20202,4.6290793921349085,HIT,425.0,0.0,0.0,6.588160598020175,1997.0,28.0,1,6.588160598020175,425.0,27-29
2025,20220,6.9427774918208005,HIT,573.0,0.0,0.0,5.986827742330753,1999.0,26.0,1,5.986827742330753,573.0,24-26
2025,20253,1.0230846254450447,PIT,0.0,66.0,0.0,3.417897232567743,1994.0,31.0,1,3.417897232567743,66.0,30-32
2025,20302,1.8922152228179239,PIT,0.0,168.66666666666663,0.0,-2.197084321442258,1995.0,30.0,1,-2.197084321442258,168.66666666666663,30-32
2025,20308,4.055288906934269,HIT,381.0,0.0,0.0,0.9589751693613362,1996.0,29.0,1,0.9589751693613362,381.0,27-29
2025,20348,4.143301193909804,PIT,0.0,48.0,6.0,8.418698298831373,1995.0,30.0,1,8.418698298831373,48.0,30-32
2025,20352,5.446214295884637,HIT,588.0,0.0,0.0,5.226147993256311,1996.0,29.0,1,5.226147993256311,588.0,27-29
2025,20353,1.6152110945358467,PIT,0.0,55.333333333333336,2.0,,1994.0,31.0,0,0.0,55.333333333333336,30-32
2025,20373,11.1876981821492,PIT,0.0,62.333333333333336,38.0,7.943031845988001,1999.0,26.0,1,7.943031845988001,62.333333333333336,24-26
2025,20375,4.504150675117333,PIT,0.0,67.0,4.0,2.087667835181635,1995.0,30.0,1,2.087667835181635,67.0,30-32
2025,20385,2.9761124593219064,PIT,0.0,47.66666666666668,0.0,-1.6439814803423145,1995.0,30.0,1,-1.6439814803423145,47.66666666666668,30-32
2025,20391,5.684338693469847,HIT,526.0,0.0,0.0,8.372483170412991,2000.0,25.0,1,8.372483170412991,526.0,24-26
2025,20423,4.358469208663086,PIT,0.0,61.333333333333336,17.0,-2.64090715152914,1995.0,30.0,1,-2.64090715152914,61.333333333333336,30-32
2025,20437,3.7595191200941205,HIT,403.0,0.0,0.0,4.9469584898611885,1999.0,26.0,1,4.9469584898611885,403.0,24-26
2025,20454,8.04166854838717,HIT,531.0,0.0,0.0,7.735612305819974,1998.0,27.0,1,7.735612305819974,531.0,27-29
2025,20492,5.325356978312799,PIT,0.0,149.0,0.0,4.593938281214622,1997.0,28.0,1,4.593938281214622,149.0,27-29
2025,20503,6.447624311138829,HIT,659.0,0.0,0.0,6.541979184054041,1997.0,28.0,1,6.541979184054041,659.0,27-29
2025,20505,1.2135170141998208,HIT,219.0,0.0,0.0,,1998.0,27.0,0,0.0,219.0,27-29
2025,20529,1.900251085366984,HIT,403.0,0.0,0.0,,1998.0,27.0,0,0.0,403.0,27-29
2025,20539,4.919418124938874,PIT,0.0,76.0,1.0,,1998.0,27.0,0,0.0,76.0,27-29
2025,20546,2.169229885757697,PIT,0.0,69.66666666666667,0.0,2.8481468272356913,1997.0,28.0,1,2.8481468272356913,69.66666666666667,27-29
2025,20548,-2.691464671540485,PIT,0.0,64.0,0.0,,1996.0,29.0,0,0.0,64.0,27-29
2025,20572,3.209889379535577,HIT,386.0,1.0,0.0,6.503151632894183,1996.0,29.0,1,6.503151632894183,386.0,27-29
2025,20599,5.915249479669564,HIT,452.0,0.0,0.0,6.750831052511509,2000.0,25.0,1,6.750831052511509,452.0,24-26
2025,20629,3.601728517883732,PIT,0.0,77.66666666666667,4.0,3.3500458241065703,1997.0,28.0,1,3.3500458241065703,77.66666666666667,27-29
2025,20633,1.5634062906314363,PIT,0.0,178.33333333333331,0.0,-0.7934880868876144,1991.0,34.0,1,-0.7934880868876144,178.33333333333331,33+
2025,20778,13.055085011566716,PIT,0.0,202.0,0.0,13.121857174807477,1996.0,29.0,1,13.121857174807477,202.0,27-29
2025,20997,5.463671595621586,PIT,0.0,78.66666666666667,0.0,1.798799630223099,1995.0,30.0,1,1.798799630223099,78.66666666666667,30-32
2025,21029,10.924026254344861,PIT,0.0,70.0,32.0,10.46913695822139,1998.0,27.0,1,10.46913695822139,70.0,27-29
2025,21032,6.302605703165927,PIT,0.0,47.333333333333336,24.0,,1998.0,27.0,0,0.0,47.333333333333336,27-29
2025,21052,1.3736727079687288,PIT,0.0,57.0,0.0,-0.5160489227320443,1998.0,27.0,1,-0.5160489227320443,57.0,27-29
2025,21205,-0.33272015910959885,PIT,0.0,47.0,0.0,0.7730937573145812,1995.0,30.0,1,0.7730937573145812,47.0,30-32
2025,21224,-0.6815735663178195,PIT,0.0,146.33333333333331,0.0,2.4585463411009694,1995.0,30.0,1,2.4585463411009694,146.33333333333331,30-32
2025,21267,-0.8122565111172746,PIT,0.0,55.333333333333336,0.0,-0.6750382399964973,1995.0,30.0,1,-0.6750382399964973,55.333333333333336,30-32
2025,21306,3.112188870505628,PIT,0.0,85.66666666666667,1.0,12.06294217173947,1996.0,29.0,1,12.06294217173947,85.66666666666667,27-29
2025,21318,1.9406857427752842,PIT,0.0,68.33333333333331,0.0,,1995.0,30.0,0,0.0,68.33333333333331,30-32
2025,21345,4.473160864180551,PIT,0.0,50.66666666666668,4.0,-1.2344261257284894,1995.0,30.0,1,-1.2344261257284894,50.66666666666668,30-32
2025,21390,9.748935583802014,PIT,0.0,171.0,0.0,5.59607352243861,1996.0,29.0,1,5.59607352243861,171.0,27-29
2025,21448,1.943477624936094,PIT,0.0,142.66666666666663,0.0,3.2779949573470515,1997.0,28.0,1,3.2779949573470515,142.66666666666663,27-29
2025,21454,3.8561245944775497,HIT,583.0,0.0,0.0,2.1774039903939344,1997.0,28.0,1,2.1774039903939344,583.0,27-29
2025,21455,6.728457012601084,PIT,0.0,116.33333333333331,0.0,1.5577416209054757,1997.0,28.0,1,1.5577416209054757,116.33333333333331,27-29
2025,21461,1.8309012531445168,PIT,0.0,72.0,3.0,-0.7630283902013979,1997.0,28.0,1,-0.7630283902013979,72.0,27-29
2025,21479,7.858644857962356,HIT,649.0,0.0,0.0,6.607581428160449,1997.0,28.0,1,6.607581428160449,649.0,27-29
2025,21487,3.480264037355996,PIT,0.0,112.66666666666667,0.0,1.0478623986985065,1997.0,28.0,1,1.0478623986985065,112.66666666666667,27-29
2025,21501,4.788437266025251,HIT,567.0,0.0,0.0,4.4868945510654425,1997.0,28.0,1,4.4868945510654425,567.0,27-29
2025,21504,-3.931985118075583,PIT,0.0,180.0,0.0,-1.6866616582618805,1997.0,28.0,1,-1.6866616582618805,180.0,27-29
2025,21520,2.2740019941650664,PIT,0.0,64.66666666666667,4.0,4.721046716972432,1996.0,29.0,1,4.721046716972432,64.66666666666667,27-29
2025,21523,3.111333022892791,HIT,567.0,0.0,0.0,0.4055001391129626,1996.0,29.0,1,0.4055001391129626,567.0,27-29
2025,21524,1.7011593248146333,HIT,332.0,0.0,0.0,0.8822380511056618,1996.0,29.0,1,0.8822380511056618,332.0,27-29
2025,21534,11.401677435094411,HIT,705.0,0.0,0.0,3.3562232852225766,1996.0,29.0,1,3.3562232852225766,705.0,27-29
2025,21537,2.6701277455865142,PIT,0.0,67.66666666666667,1.0,3.25269534406535,1996.0,29.0,1,3.25269534406535,67.66666666666667,27-29
2025,21538,1.2134864915745531,HIT,242.0,0.0,0.0,2.512914743394299,1996.0,29.0,1,2.512914743394299,242.0,27-29
2025,21544,2.164755773147205,PIT,0.0,45.0,0.0,0.792186902579852,1996.0,29.0,1,0.792186902579852,45.0,27-29
2025,21562,4.698466292788021,HIT,341.0,0.0,0.0,0.31548573271584285,1996.0,29.0,1,0.31548573271584285,341.0,27-29
2025,21574,2.954877695334373,PIT,0.0,68.33333333333331,1.0,-2.4884285702447784,1996.0,29.0,1,-2.4884285702447784,68.33333333333331,27-29
2025,21584,0.7409281988070509,PIT,0.0,56.66666666666668,2.0,-1.008841364529402,1996.0,29.0,1,-1.008841364529402,56.66666666666668,27-29
2025,21614,2.6866502234261973,HIT,409.0,0.0,0.0,2.1889657957646507,1997.0,28.0,1,2.1889657957646507,409.0,27-29
2025,21618,4.943773386828364,HIT,504.0,0.0,0.0,5.512675790597158,1996.0,29.0,1,5.512675790597158,504.0,27-29
2025,21622,1.1181754691546715,HIT,222.0,0.0,0.0,9.20840341143126,1997.0,28.0,1,9.20840341143126,222.0,27-29
2025,21636,7.400383474196294,HIT,543.0,0.0,0.0,6.151242766761039,1997.0,28.0,1,6.151242766761039,543.0,27-29
2025,21662,1.1647095999858008,PIT,0.0,42.333333333333336,0.0,2.769734093716729,1999.0,26.0,1,2.769734093716729,42.333333333333336,24-26
2025,21690,5.083027837472997,PIT,0.0,137.66666666666663,0.0,-1.143321562145804,1998.0,27.0,1,-1.143321562145804,137.66666666666663,27-29
2025,21711,5.604322084324469,HIT,544.0,0.0,0.0,7.170217999208756,1998.0,27.0,1,7.170217999208756,544.0,27-29
2025,21837,5.581043749597914,HIT,422.0,0.0,0.0,7.390552172946627,1998.0,27.0,1,7.390552172946627,422.0,27-29
2025,21840,1.9953733082800085,HIT,347.0,0.0,0.0,0.7996431230391621,1995.0,30.0,1,0.7996431230391621,347.0,30-32
2025,21846,1.6821367965329403,PIT,0.0,61.66666666666668,0.0,-0.0646971820450506,1997.0,28.0,1,-0.0646971820450506,61.66666666666668,27-29
2025,21853,2.641334898346835,HIT,253.0,0.0,0.0,0.4515592512069614,1998.0,27.0,1,0.4515592512069614,253.0,27-29
2025,21865,2.4715201755018903,HIT,414.0,0.0,0.0,-0.05440447408489224,2000.0,25.0,1,-0.05440447408489224,414.0,24-26
2025,21897,2.6209794672514986,HIT,305.0,0.0,0.0,-0.23811711725238685,1999.0,26.0,1,-0.23811711725238685,305.0,24-26
2025,21992,4.493698918121831,PIT,0.0,65.33333333333331,16.0,1.04902797140055,1997.0,28.0,1,1.04902797140055,65.33333333333331,27-29
2025,22051,-1.3303325843259177,PIT,0.0,48.333333333333336,0.0,3.305511042269922,1994.0,31.0,1,3.305511042269922,48.333333333333336,30-32
2025,22054,2.8275195452749498,HIT,333.0,0.0,0.0,3.3085421457632447,1996.0,29.0,1,3.3085421457632447,333.0,27-29
2025,22100,1.7351167515324857,PIT,0.0,169.0,0.0,6.261731389956034,1998.0,27.0,1,6.261731389956034,169.0,27-29
2025,22113,2.908510977931635,PIT,0.0,41.66666666666668,0.0,0.14992014308270862,1999.0,26.0,1,0.14992014308270862,41.66666666666668,24-26
2025,22182,7.956282750326793,PIT,0.0,107.66666666666667,0.0,-0.6916244899581407,1999.0,26.0,1,-0.6916244899581407,107.66666666666667,24-26
2025,22184,3.745312221173229,HIT,463.0,0.0,0.0,2.612141543188315,1999.0,26.0,1,2.612141543188315,463.0,24-26
2025,22186,8.844511658191415,HIT,659.0,0.0,0.0,8.301580682314137,1999.0,26.0,1,8.301580682314137,659.0,24-26
2025,22191,0.5051215579151636,PIT,0.0,50.66666666666668,0.0,-1.5487195595243235,1998.0,27.0,1,-1.5487195595243235,50.66666666666668,27-29
2025,22200,-3.5971671086695105,PIT,0.0,42.333333333333336,0.0,4.747903055214642,1997.0,28.0,1,4.747903055214642,42.333333333333336,27-29
2025,22201,1.86507798988574,PIT,0.0,159.66666666666663,0.0,2.580189165678867,1999.0,26.0,1,2.580189165678867,159.66666666666663,24-26
2025,22210,4.046773874653995,PIT,0.0,73.0,3.0,1.8800870726624654,1998.0,27.0,1,1.8800870726624654,73.0,27-29
2025,22250,6.846582186905627,PIT,0.0,131.0,0.0,8.866254994192962,1997.0,28.0,1,8.866254994192962,131.0,27-29
2025,22263,2.7113526585166383,HIT,402.0,0.0,0.0,1.4389283726889346,2000.0,25.0,1,1.4389283726889346,402.0,24-26
2025,22264,1.2719338276814158,PIT,0.0,166.33333333333331,0.0,2.6318482794553706,1999.0,26.0,1,2.6318482794553706,166.33333333333331,24-26
2025,22266,6.068208430853246,HIT,619.0,0.0,0.0,6.40271668702505,1999.0,26.0,1,6.40271668702505,619.0,24-26
2025,22267,16.533272659853495,PIT,0.0,195.33333333333331,0.0,10.063770154200666,1996.0,29.0,1,10.063770154200666,195.33333333333331,27-29
2025,22275,3.585124666574544,HIT,376.0,0.0,0.0,6.404959516392045,1996.0,29.0,1,6.404959516392045,376.0,27-29
2025,22277,1.3205451199016427,HIT,416.0,0.0,0.0,1.6266294201495275,1998.0,27.0,1,1.6266294201495275,416.0,27-29
2025,22288,0.6646557538631659,PIT,0.0,44.66666666666668,0.0,-0.320919239512681,1999.0,26.0,1,-0.320919239512681,44.66666666666668,24-26
2025,22294,2.0270499126955066,PIT,0.0,151.66666666666663,0.0,-2.495632584514813,1999.0,26.0,1,-2.495632584514813,151.66666666666663,24-26
2025,22304,1.731517622002658,PIT,0.0,60.0,0.0,-0.764417899222436,1998.0,27.0,1,-0.764417899222436,60.0,27-29
2025,22458,2.625592955414059,HIT,317.0,0.0,0.0,3.723201365190053,1996.0,29.0,1,3.723201365190053,317.0,27-29
2025,22487,1.3373312684019758,PIT,0.0,40.333333333333336,0.0,-0.5844524613944725,1998.0,27.0,1,-0.5844524613944725,40.333333333333336,27-29
2025,22515,6.289750129310064,HIT,695.0,0.0,0.0,3.2915853321242095,1999.0,26.0,1,3.2915853321242095,695.0,24-26
2025,22532,4.063087982388175,HIT,428.0,0.0,0.0,2.2700649777277806,1999.0,26.0,1,2.2700649777277806,428.0,24-26
2025,22542,6.263308441796912,HIT,630.0,0.0,0.0,4.661561428330273,2000.0,25.0,1,4.661561428330273,630.0,24-26
2025,22543,-0.3459136833352092,PIT,0.0,142.66666666666663,0.0,6.128737812136661,2001.0,24.0,1,6.128737812136661,142.66666666666663,24-26
2025,22563,3.196170978583429,HIT,471.0,0.0,0.0,1.491861547149236,2000.0,25.0,1,1.491861547149236,471.0,24-26
2025,22581,5.296518378013935,HIT,506.0,0.0,0.0,2.7538087165843073,1998.0,27.0,1,2.7538087165843073,506.0,27-29
2025,22630,0.444285330887773,PIT,0.0,90.66666666666667,0.0,7.379434437573087,2000.0,25.0,1,7.379434437573087,90.66666666666667,24-26
2025,22664,3.636039956841015,HIT,309.0,0.0,0.0,6.678437951254416,2000.0,25.0,1,6.678437951254416,309.0,24-26
2025,22713,-2.4688747304177197,PIT,0.0,43.333333333333336,0.0,-0.24114529143498104,1997.0,28.0,1,-0.24114529143498104,43.333333333333336,27-29
2025,22715,7.90562286847473,HIT,666.0,0.0,0.0,3.0325702538154196,2000.0,25.0,1,3.0325702538154196,666.0,24-26
2025,22717,1.1355120429794532,PIT,0.0,64.66666666666667,0.0,-0.6493502957464585,1999.0,26.0,1,-0.6493502957464585,64.66666666666667,24-26
2025,22799,9.885332586855915,HIT,720.0,0.0,0.0,5.758948192513629,1999.0,26.0,1,5.758948192513629,720.0,24-26
2025,22823,-0.48797360222216146,HIT,265.0,2.3333333333333335,0.0,2.5540286424926153,2000.0,25.0,1,2.5540286424926153,265.0,24-26
2025,22842,1.4121371663059794,HIT,234.0,0.0,0.0,,2000.0,25.0,0,0.0,234.0,24-26
2025,22857,3.731096286784594,HIT,383.0,0.0,0.0,1.2794464025926249,1999.0,26.0,1,1.2794464025926249,383.0,24-26
2025,22872,-0.4062406100712673,PIT,0.0,62.66666666666668,1.0,5.319815760992607,1999.0,26.0,1,5.319815760992607,62.66666666666668,24-26
2025,22896,5.710922498620612,HIT,544.0,0.0,0.0,0.3013965863913025,2000.0,25.0,1,0.3013965863913025,544.0,24-26
2025,22915,1.2718082608229826,PIT,0.0,77.0,1.0,0.2641162968796974,1999.0,26.0,1,0.2641162968796974,77.0,24-26
2025,23003,5.104220476521823,HIT,567.0,0.0,0.0,3.2306468448437515,1998.0,27.0,1,3.2306468448437515,567.0,27-29
2025,23150,-3.3643759427272504,PIT,0.0,79.66666666666667,1.0,-0.06462626320399678,1995.0,30.0,1,-0.06462626320399678,79.66666666666667,30-32
2025,23165,1.5733898103307329,PIT,0.0,45.66666666666668,0.0,2.3173686950874095,1999.0,26.0,1,2.3173686950874095,45.66666666666668,24-26
2025,23237,1.3682551227569877,PIT,0.0,61.333333333333336,1.0,-1.501906309483664,2000.0,25.0,1,-1.501906309483664,61.333333333333336,24-26
2025,23301,2.6792485733680347,PIT,0.0,110.0,1.0,2.351497065652394,1996.0,29.0,1,2.351497065652394,110.0,27-29
2025,23313,1.37496089386209,PIT,0.0,67.0,1.0,-1.243788385249755,1998.0,27.0,1,-1.243788385249755,67.0,27-29
2025,23335,3.8870217751374296,PIT,0.0,95.33333333333331,1.0,3.1103282668030516,1999.0,26.0,1,3.1103282668030516,95.33333333333331,24-26
2025,23363,4.341374219249869,PIT,0.0,64.0,9.0,-0.007381203082896054,1996.0,29.0,1,-0.007381203082896054,64.0,27-29
2025,23395,3.875166567408036,HIT,514.0,0.0,0.0,0.29424197011206576,1997.0,28.0,1,0.29424197011206576,514.0,27-29
2025,23401,4.009010103310898,HIT,370.0,1.0,0.0,5.836665892663728,1996.0,29.0,1,5.836665892663728,370.0,27-29
2025,23426,-0.22562289882587155,PIT,0.0,41.333333333333336,1.0,-0.302955122555596,1999.0,26.0,1,-0.302955122555596,41.333333333333336,24-26
2025,23429,0.4765867155020267,PIT,0.0,135.66666666666663,0.0,0.517248381664436,1996.0,29.0,1,0.517248381664436,135.66666666666663,27-29
2025,23550,5.228461215352564,PIT,0.0,66.66666666666667,3.0,6.731386702140848,1998.0,27.0,1,6.731386702140848,66.66666666666667,27-29
2025,23565,2.503635744918106,HIT,227.0,0.0,0.0,0.4609828689541141,1999.0,26.0,1,0.4609828689541141,227.0,24-26
2025,23590,-2.0900688839639416,PIT,0.0,106.33333333333331,1.0,6.569401995752566,1999.0,26.0,1,6.569401995752566,106.33333333333331,24-26
2025,23690,2.612405258802401,HIT,383.0,0.0,0.0,5.886128910592307,2001.0,24.0,1,5.886128910592307,383.0,24-26
2025,23697,10.11703082649724,HIT,710.0,0.0,0.0,6.73322313862292,2000.0,25.0,1,6.73322313862292,710.0,24-26
2025,23733,1.6092762445278903,HIT,219.0,3.3333333333333335,0.0,7.509535010930873,1999.0,26.0,1,7.509535010930873,219.0,24-26
2025,23772,5.178125015426479,HIT,417.0,0.0,0.0,7.323152264757955,1999.0,26.0,1,7.323152264757955,417.0,24-26
2025,23789,2.092602535130603,HIT,266.0,0.0,0.0,3.9890392704137265,1999.0,26.0,1,3.9890392704137265,266.0,24-26
2025,23792,3.4937025746063224,HIT,469.0,0.0,0.0,0.7988565347551293,2000.0,25.0,1,0.7988565347551293,469.0,24-26
2025,23793,3.4001150745178066,PIT,0.0,69.66666666666667,0.0,9.684670282542886,1999.0,26.0,1,9.684670282542886,69.66666666666667,24-26
2025,23800,1.1769310423282713,HIT,213.0,0.0,0.0,0.3729703909389429,1999.0,26.0,1,0.3729703909389429,213.0,24-26
2025,23899,-0.96151736197267,PIT,0.0,81.33333333333331,0.0,-0.9715188338421158,2000.0,25.0,1,-0.9715188338421158,81.33333333333331,24-26
2025,23920,5.819612354022258,PIT,0.0,166.66666666666663,0.0,-1.008095975428055,1999.0,26.0,1,-1.008095975428055,166.66666666666663,24-26
2025,23974,5.505456890572141,PIT,0.0,50.66666666666668,4.0,,1999.0,26.0,0,0.0,50.66666666666668,24-26
2025,23986,1.501247057843904,HIT,264.0,0.0,0.0,4.932593212053471,2000.0,25.0,1,4.932593212053471,264.0,24-26
2025,24017,2.6343231609223983,PIT,0.0,76.33333333333331,11.0,2.0513913011976768,2000.0,25.0,1,2.0513913011976768,76.33333333333331,24-26
2025,24064,3.1063762769514542,HIT,390.0,0.0,0.0,3.0579911636546653,2001.0,24.0,1,3.0579911636546653,390.0,24-26
2025,24094,7.2818954060159395,PIT,0.0,73.0,7.0,,2000.0,25.0,0,0.0,73.0,24-26
2025,24262,6.32035564809247,HIT,587.0,0.0,0.0,7.927256604715986,2000.0,25.0,1,7.927256604715986,587.0,24-26
2025,24488,0.8374315657723738,HIT,213.0,0.0,0.0,0.9164400670340835,1997.0,28.0,1,0.9164400670340835,213.0,27-29
2025,24494,2.607444559651558,PIT,0.0,111.33333333333331,0.0,-4.942589755929042,2000.0,25.0,1,-4.942589755929042,111.33333333333331,24-26
2025,24598,5.269800318894253,HIT,502.0,0.0,0.0,-0.1724516030800376,1999.0,26.0,1,-0.1724516030800376,502.0,24-26
2025,24607,0.8771123248193942,PIT,0.0,44.333333333333336,0.0,4.012071705067402,1996.0,29.0,1,4.012071705067402,44.333333333333336,27-29
2025,24609,4.648007654561413,PIT,0.0,50.0,0.0,3.098171496151896,2000.0,25.0,1,3.098171496151896,50.0,24-26
2025,24610,6.527232669408395,HIT,693.0,0.0,0.0,4.520072076712366,1997.0,28.0,1,4.520072076712366,693.0,27-29
2025,24614,3.5066273676282704,PIT,0.0,50.66666666666668,10.0,0.07587393691592736,1999.0,26.0,1,0.07587393691592736,50.66666666666668,24-26
2025,24617,7.421953560820168,HIT,696.0,0.0,0.0,5.424572591686073,1996.0,29.0,1,5.424572591686073,696.0,27-29
2025,24618,3.6447503733906723,HIT,464.0,0.0,0.0,4.7553552860931765,1997.0,28.0,1,4.7553552860931765,464.0,27-29
2025,24679,5.0128303824883655,HIT,515.0,0.0,0.0,1.4123504332213064,1997.0,28.0,1,1.4123504332213064,515.0,27-29
2025,24719,1.5463501486097504,PIT,0.0,133.66666666666663,0.0,3.427163758614247,1998.0,27.0,1,3.427163758614247,133.66666666666663,27-29
2025,24728,1.5519053041909203,PIT,0.0,96.0,0.0,-3.5038637255342904,1999.0,26.0,1,-3.5038637255342904,96.0,24-26
2025,24729,2.7044341756193617,HIT,451.0,0.0,0.0,1.3573432962858423,2000.0,25.0,1,1.3573432962858423,451.0,24-26
2025,24763,3.4359595262496443,PIT,0.0,88.0,1.0,5.396303446172078,1997.0,28.0,1,5.396303446172078,88.0,27-29
2025,24816,7.785626259389938,HIT,624.0,0.0,0.0,8.059896645657657,2000.0,25.0,1,8.059896645657657,624.0,24-26
2025,24878,3.353654187178185,HIT,294.0,0.0,0.0,5.68285598143378,1999.0,26.0,1,5.68285598143378,294.0,24-26
2025,24968,2.9383936575500247,PIT,0.0,68.66666666666667,0.0,,1999.0,26.0,0,0.0,68.66666666666667,24-26
2025,24993,1.2146209973333026,PIT,0.0,41.0,1.0,1.3714440440524454,1996.0,29.0,1,1.3714440440524454,41.0,27-29
2025,25007,4.933621482771655,PIT,0.0,59.66666666666668,5.0,3.3718319336525187,1996.0,29.0,1,3.3718319336525187,59.66666666666668,27-29
2025,25098,2.973488024889866,PIT,0.0,92.66666666666667,0.0,0.2581635571018914,1998.0,27.0,1,0.2581635571018914,92.66666666666667,27-29
2025,25139,0.2818963492868396,PIT,0.0,42.66666666666668,0.0,2.025705818315347,1996.0,29.0,1,2.025705818315347,42.66666666666668,27-29
2025,25180,2.857451095551001,HIT,422.0,0.0,0.0,1.999968357107631,1997.0,28.0,1,1.999968357107631,422.0,27-29
2025,25327,7.054814112354899,PIT,0.0,75.33333333333331,7.0,6.061925188127113,2000.0,25.0,1,6.061925188127113,75.33333333333331,24-26
2025,25376,3.4700845321154588,PIT,0.0,56.66666666666668,1.0,-0.02236487207119786,1996.0,29.0,1,-0.02236487207119786,56.66666666666668,27-29
2025,25377,5.5553727746908015,PIT,0.0,169.66666666666663,0.0,-1.6412721011834894,1996.0,29.0,1,-1.6412721011834894,169.66666666666663,27-29
2025,25379,-1.6336477655035722,PIT,0.0,40.333333333333336,0.0,,1995.0,30.0,0,0.0,40.333333333333336,30-32
2025,25385,9.106484541128435,PIT,0.0,150.0,0.0,13.259724824160921,1995.0,30.0,1,13.259724824160921,150.0,30-32
2025,25420,1.185333270681826,PIT,0.0,57.0,2.0,3.477423631432807,1998.0,27.0,1,3.477423631432807,57.0,27-29
2025,25436,4.242306322617895,PIT,0.0,126.0,0.0,2.862719035502815,1998.0,27.0,1,2.862719035502815,126.0,27-29
2025,25477,4.925315811091338,HIT,441.0,0.0,0.0,2.836586288150867,1997.0,28.0,1,2.836586288150867,441.0,27-29
2025,25479,4.757138251327814,HIT,538.0,0.0,0.0,1.86647444042268,1998.0,27.0,1,1.86647444042268,538.0,27-29
2025,25493,3.7534465927209437,HIT,506.0,0.0,0.0,3.9935520852555277,1998.0,27.0,1,3.9935520852555277,506.0,27-29
2025,25636,3.1067203322233685,PIT,0.0,66.66666666666667,3.0,2.9322135261406603,1998.0,27.0,1,2.9322135261406603,66.66666666666667,27-29
2025,25756,2.79890713282139,PIT,0.0,47.333333333333336,4.0,2.7894279641238575,1998.0,27.0,1,2.7894279641238575,47.333333333333336,27-29
2025,25764,10.550265263372227,HIT,687.0,0.0,0.0,9.373634978127404,2000.0,25.0,1,9.373634978127404,687.0,24-26
2025,25768,7.507754168310878,HIT,635.0,0.0,0.0,10.598052183284494,2000.0,25.0,1,10.598052183284494,635.0,24-26
2025,25782,2.639753143684203,HIT,389.0,0.0,0.0,0.778323816780699,1998.0,27.0,1,0.778323816780699,389.0,27-29
2025,25807,2.394483623449205,HIT,376.0,1.0,0.0,2.822609214987843,1998.0,27.0,1,2.822609214987843,376.0,27-29
2025,25816,7.310595452873882,HIT,523.0,0.0,0.0,5.666794391372017,1997.0,28.0,1,5.666794391372017,523.0,27-29
2025,25845,1.3488390551335465,HIT,337.0,0.0,0.0,-0.1391967271710823,1998.0,27.0,1,-0.1391967271710823,337.0,27-29
2025,25878,9.591279894008785,HIT,642.0,0.0,0.0,7.332066857285426,2000.0,25.0,1,7.332066857285426,642.0,24-26
2025,25880,12.946798979413828,PIT,0.0,185.33333333333331,0.0,3.6108364579501355,1998.0,27.0,1,3.6108364579501355,185.33333333333331,27-29
2025,25890,4.76948570526957,PIT,0.0,68.0,2.0,0.8281740169543528,1996.0,29.0,1,0.8281740169543528,68.0,27-29
2025,25911,-0.5632942377172012,PIT,0.0,58.0,2.0,3.0234856878809016,1994.0,31.0,1,3.0234856878809016,58.0,30-32
2025,25921,-0.4293418679419597,PIT,0.0,49.66666666666668,0.0,1.3160368032706875,1997.0,28.0,1,1.3160368032706875,49.66666666666668,27-29
2025,25931,6.40239108734361,HIT,641.0,0.0,0.0,8.63701076357388,2001.0,24.0,1,8.63701076357388,641.0,24-26
2025,25961,5.455145789350807,HIT,464.0,0.0,0.0,2.4179733278592783,1997.0,28.0,1,2.4179733278592783,464.0,27-29
2025,25976,8.335470037969536,HIT,655.0,0.0,0.0,6.5121507349156165,2000.0,25.0,1,6.5121507349156165,655.0,24-26
2025,25977,6.540167308564703,PIT,0.0,157.33333333333331,0.0,,2000.0,25.0,0,0.0,157.33333333333331,24-26
2025,26056,2.494044353052366,PIT,0.0,53.66666666666668,0.0,,1996.0,29.0,0,0.0,53.66666666666668,27-29
2025,26108,-3.37259887345167,PIT,0.0,162.66666666666663,0.0,6.052088240532417,1998.0,27.0,1,6.052088240532417,162.66666666666663,27-29
2025,26121,2.65130897154521,HIT,277.0,0.0,0.0,2.939850844837055,2001.0,24.0,1,2.939850844837055,277.0,24-26
2025,26123,4.663348671032856,HIT,432.0,0.0,0.0,3.4549289185816536,1999.0,26.0,1,3.4549289185816536,432.0,24-26
2025,26151,6.654399969163033,HIT,457.0,0.0,0.0,5.048738721354931,1998.0,27.0,1,5.048738721354931,457.0,27-29
2025,26197,3.816102679856629,HIT,447.0,0.0,0.0,1.290740720841772,1998.0,27.0,1,1.290740720841772,447.0,27-29
2025,26202,4.868395978351952,HIT,428.0,0.0,0.0,5.340016730084313,1996.0,29.0,1,5.340016730084313,428.0,27-29
2025,26208,1.2713851910625191,HIT,243.0,0.0,0.0,,1997.0,28.0,0,0.0,243.0,27-29
2025,26215,-2.0371766486553096,PIT,0.0,73.33333333333331,0.0,-1.6175974827395119,1999.0,26.0,1,-1.6175974827395119,73.33333333333331,24-26
2025,26221,6.0445627872319,PIT,0.0,167.66666666666663,0.0,,1997.0,28.0,0,0.0,167.66666666666663,27-29
2025,26231,3.685724302007841,PIT,0.0,78.66666666666667,0.0,2.6201388926807936,1996.0,29.0,1,2.6201388926807936,78.66666666666667,27-29
2025,26288,1.875343356203903,HIT,365.0,0.0,0.0,3.5308050051877684,1998.0,27.0,1,3.5308050051877684,365.0,27-29
2025,26289,7.912236434689689,HIT,651.0,0.0,0.0,5.890893400645311,2001.0,24.0,1,5.890893400645311,651.0,24-26
2025,26294,6.138327566880389,HIT,560.0,0.0,0.0,6.507030356902527,1997.0,28.0,1,6.507030356902527,560.0,27-29
2025,26299,4.405235111383348,HIT,511.0,0.0,0.0,4.337642841913076,1998.0,27.0,1,4.337642841913076,511.0,27-29
2025,26319,7.617656708314599,HIT,592.0,0.0,0.0,5.416404540105026,1997.0,28.0,1,5.416404540105026,592.0,27-29
2025,26323,5.437170576141687,HIT,568.0,0.0,0.0,4.226010384682928,1997.0,28.0,1,4.226010384682928,568.0,27-29
2025,26368,2.7550108298652147,HIT,344.0,0.0,0.0,4.8570625962871565,1997.0,28.0,1,4.8570625962871565,344.0,27-29
2025,26374,1.7468695838008335,HIT,217.0,0.0,0.0,0.3232348658333725,1998.0,27.0,1,0.3232348658333725,217.0,27-29
2025,26378,7.516141769264523,PIT,0.0,156.66666666666663,0.0,-1.7020731095663932,1998.0,27.0,1,-1.7020731095663932,156.66666666666663,27-29
2025,26396,4.274924268737051,HIT,563.0,0.0,0.0,1.387771125664649,1997.0,28.0,1,1.387771125664649,563.0,27-29
2025,26419,-7.538186776438936,PIT,0.0,58.66666666666668,0.0,-0.18248856508046957,2000.0,25.0,1,-0.18248856508046957,58.66666666666668,24-26
2025,26438,3.3379199055593203,HIT,268.0,0.0,0.0,5.566270728600633,1997.0,28.0,1,5.566270728600633,268.0,27-29
2025,26440,-1.6191720944811836,PIT,0.0,101.66666666666667,0.0,-0.1780668522444423,1999.0,26.0,1,-0.1780668522444423,101.66666666666667,24-26
2025,26466,3.189525927678298,HIT,392.0,0.0,0.0,0.42236240624214927,1997.0,28.0,1,0.42236240624214927,392.0,27-29
2025,26477,4.19436924126284,HIT,411.0,0.0,0.0,3.285784811100919,1997.0,28.0,1,3.285784811100919,411.0,27-29
2025,26517,4.444057171964927,HIT,360.0,0.0,0.0,1.310651269942932,2001.0,24.0,1,1.310651269942932,360.0,24-26
2025,26540,3.4049382051326296,HIT,484.0,0.0,0.0,4.621299267195125,2002.0,23.0,1,4.621299267195125,484.0,<=23
2025,26546,5.684673678952516,HIT,585.0,0.0,0.0,1.6154650428040294,2001.0,24.0,1,1.6154650428040294,585.0,24-26
2025,26668,9.377564024370768,HIT,699.0,0.0,0.0,9.304628234720237,2002.0,23.0,1,9.304628234720237,699.0,<=23
2025,26790,-4.482858932796927,PIT,0.0,58.66666666666668,0.0,0.5652276948811882,2002.0,23.0,1,0.5652276948811882,58.66666666666668,<=23
2025,27463,15.623916806185909,PIT,0.0,205.33333333333331,0.0,-0.3650972513761608,1999.0,26.0,1,-0.3650972513761608,205.33333333333331,24-26
2025,27464,4.670177067421001,HIT,469.0,0.0,0.0,6.739047034389182,1998.0,27.0,1,6.739047034389182,469.0,27-29
2025,27465,6.399010162985387,HIT,649.0,0.0,0.0,4.802284020319134,1999.0,26.0,1,4.802284020319134,649.0,24-26
2025,27467,7.699739628581058,HIT,624.0,0.0,0.0,5.165720097484168,2001.0,24.0,1,5.165720097484168,624.0,24-26
2025,27468,2.6119455009824915,PIT,0.0,63.66666666666668,3.0,7.532610801301085,1999.0,26.0,1,7.532610801301085,63.66666666666668,24-26
2025,27470,-0.8170287203647812,PIT,0.0,90.0,0.0,5.9147404232921215,1999.0,26.0,1,5.9147404232921215,90.0,24-26
2025,27473,0.13907882744946676,PIT,0.0,48.66666666666668,0.0,9.69851065994796,1998.0,27.0,1,9.69851065994796,48.66666666666668,27-29
2025,27474,-0.09877465658239948,PIT,0.0,64.66666666666667,0.0,8.090770959240952,1999.0,26.0,1,8.090770959240952,64.66666666666667,24-26
2025,27475,2.4999096495194113,HIT,396.0,0.0,0.0,10.830937725359584,2002.0,23.0,1,10.830937725359584,396.0,<=23
2025,27478,2.6533101814055713,HIT,452.0,0.0,0.0,1.8969361871584136,1999.0,26.0,1,1.8969361871584136,452.0,24-26
2025,27479,4.599250015614334,HIT,537.0,0.0,0.0,3.988450290055287,2002.0,23.0,1,3.988450290055287,537.0,<=23
2025,27482,1.267700717748324,HIT,206.0,0.0,0.0,,2001.0,24.0,0,0.0,206.0,24-26
2025,27487,0.23953776777919644,PIT,0.0,42.333333333333336,1.0,-0.06818496415481123,1997.0,28.0,1,-0.06818496415481123,42.333333333333336,27-29
2025,27490,2.424652556698349,HIT,408.0,0.0,0.0,6.723499979906178,1999.0,26.0,1,6.723499979906178,408.0,24-26
2025,27498,1.0235962081512893,PIT,0.0,125.33333333333331,0.0,0.5999617200624517,1998.0,27.0,1,0.5999617200624517,125.33333333333331,27-29
2025,27500,2.5752463865785313,PIT,0.0,132.0,0.0,-1.8389190292203335,1999.0,26.0,1,-1.8389190292203335,132.0,24-26
2025,27517,4.334825305692816,PIT,0.0,66.0,2.0,-1.4216143383881625,1994.0,31.0,1,-1.4216143383881625,66.0,30-32
2025,27534,0.5790192806362593,HIT,208.0,0.0,0.0,1.7619460370135114,1999.0,26.0,1,1.7619460370135114,208.0,24-26
2025,27552,2.0422685018712294,PIT,0.0,65.33333333333331,0.0,1.15198476593388,1998.0,27.0,1,1.15198476593388,65.33333333333331,27-29
2025,27562,4.474351962228728,HIT,448.0,0.0,0.0,1.6379835976621553,1999.0,26.0,1,1.6379835976621553,448.0,24-26
2025,27570,0.16460075248239003,PIT,0.0,52.66666666666668,2.0,-1.3979253344076359,1999.0,26.0,1,-1.3979253344076359,52.66666666666668,24-26
2025,27572,2.486381126365251,PIT,0.0,99.0,0.0,2.6743610622991434,1999.0,26.0,1,2.6743610622991434,99.0,24-26
2025,27577,2.639327007930747,HIT,348.0,0.0,0.0,6.0915210148262,1999.0,26.0,1,6.0915210148262,348.0,24-26
2025,27589,0.9013579247308932,PIT,0.0,156.66666666666663,0.0,-1.0888658200619963,1998.0,27.0,1,-1.0888658200619963,156.66666666666663,27-29
2025,27615,6.118177659379176,HIT,546.0,1.0,0.0,8.910186061451835,1998.0,27.0,1,8.910186061451835,546.0,27-29
2025,27626,1.4976743956135183,PIT,0.0,41.66666666666668,3.0,-0.9652680691312678,1997.0,28.0,1,-0.9652680691312678,41.66666666666668,27-29
2025,27636,-3.4628485554262163,PIT,0.0,164.66666666666663,1.0,-1.1726872523298484,1999.0,26.0,1,-1.1726872523298484,164.66666666666663,24-26
2025,27646,0.7481077978105277,PIT,0.0,88.66666666666667,0.0,,1999.0,26.0,0,0.0,88.66666666666667,24-26
2025,27647,5.0272779304739235,HIT,596.0,0.0,0.0,1.7098712291815588,2001.0,24.0,1,1.7098712291815588,596.0,24-26
2025,27668,0.512099503115701,PIT,0.0,69.66666666666667,2.0,-0.5836117197279125,1998.0,27.0,1,-0.5836117197279125,69.66666666666667,27-29
2025,27669,-2.300185984850401,PIT,0.0,75.33333333333331,0.0,-2.467052909455272,1997.0,28.0,1,-2.467052909455272,75.33333333333331,27-29
2025,27676,7.914782006015247,HIT,682.0,0.0,0.0,3.849297824094899,1997.0,28.0,1,3.849297824094899,682.0,27-29
2025,27684,1.3552178215597335,HIT,277.0,0.0,0.0,4.652847088295518,1998.0,27.0,1,4.652847088295518,277.0,27-29
2025,27688,-8.046737971952242,PIT,0.0,111.0,0.0,-3.1438356494829742,2000.0,25.0,1,-3.1438356494829742,111.0,24-26
2025,27691,3.438290520118947,PIT,0.0,72.66666666666667,0.0,14.32411384893851,1997.0,28.0,1,14.32411384893851,72.66666666666667,27-29
2025,27694,3.6406740651179734,PIT,0.0,65.0,0.0,-0.8644001051976647,1996.0,29.0,1,-0.8644001051976647,65.0,27-29
2025,27707,-1.3311087379821283,PIT,0.0,84.66666666666667,1.0,-4.413118344219276,1998.0,27.0,1,-4.413118344219276,84.66666666666667,27-29
2025,27768,3.911364348795344,PIT,0.0,95.33333333333331,0.0,5.513967854163196,2003.0,22.0,1,5.513967854163196,95.33333333333331,<=23
2025,27769,9.27857646682498,HIT,647.0,0.0,0.0,13.033782295030626,2002.0,23.0,1,13.033782295030626,647.0,<=23
2025,27779,-1.6461450880754076,PIT,0.0,156.33333333333331,0.0,3.428039818601116,1999.0,26.0,1,3.428039818601116,156.33333333333331,24-26
2025,27782,0.32307008963516726,PIT,0.0,176.66666666666663,0.0,4.722751089707072,1998.0,27.0,1,4.722751089707072,176.66666666666663,27-29
2025,27790,2.6491504814692917,HIT,220.0,0.0,0.0,3.0951324906671394,2002.0,23.0,1,3.0951324906671394,220.0,<=23
2025,27815,4.307738152186385,HIT,352.0,0.0,0.0,,1999.0,26.0,0,0.0,352.0,24-26
2025,27819,-2.8917941431168024,PIT,0.0,57.66666666666668,0.0,4.862927951585759,1998.0,27.0,1,4.862927951585759,57.66666666666668,27-29
2025,27867,8.643146339756413,PIT,0.0,73.66666666666667,16.0,12.75613568903147,1999.0,26.0,1,12.75613568903147,73.66666666666667,24-26
2025,27883,1.7983220527864168,HIT,295.0,0.0,0.0,1.6839725708145736,2002.0,23.0,1,1.6839725708145736,295.0,<=23
2025,27889,-0.3174175692636265,PIT,0.0,90.33333333333331,0.0,5.149531690804235,1999.0,26.0,1,5.149531690804235,90.33333333333331,24-26
2025,27899,4.154304558073739,HIT,468.0,0.0,0.0,3.80009998930106,2001.0,24.0,1,3.80009998930106,468.0,24-26
2025,27914,5.790331547787718,PIT,0.0,52.66666666666668,22.0,0.7979854171056951,2000.0,25.0,1,0.7979854171056951,52.66666666666668,24-26
2025,27932,2.4234642805259075,PIT,0.0,57.0,0.0,5.3168723256697135,1998.0,27.0,1,5.3168723256697135,57.0,27-29
2025,28022,2.593552480541421,HIT,403.0,0.0,0.0,0.8544121056571458,2003.0,22.0,1,0.8544121056571458,403.0,<=23
2025,28080,5.070695643918623,HIT,429.0,0.0,0.0,1.8098705326462778,2003.0,22.0,1,1.8098705326462778,429.0,<=23
2025,28163,9.6600624591485,HIT,653.0,0.0,0.0,9.960178975506697,2003.0,22.0,1,9.960178975506697,653.0,<=23
2025,28253,-0.597600131035148,HIT,342.0,9.333333333333332,0.0,3.8706833439395893,2002.0,23.0,1,3.8706833439395893,342.0,<=23
2025,28312,2.0207102750763006,HIT,294.0,0.0,0.0,4.592066870090008,2001.0,24.0,1,4.592066870090008,294.0,24-26
2025,28806,7.844032228974775,HIT,589.0,0.0,0.0,7.989914688061391,2004.0,21.0,1,7.989914688061391,589.0,<=23
2025,29490,5.013422463631645,HIT,483.0,0.0,0.0,7.575251262784399,2003.0,22.0,1,7.575251262784399,483.0,<=23
2025,29518,8.228966747020783,HIT,689.0,0.0,0.0,9.77307209821263,2002.0,23.0,1,9.77307209821263,689.0,<=23
2025,29519,-1.1176350308349785,PIT,0.0,43.0,1.0,5.505008043707705,2000.0,25.0,1,5.505008043707705,43.0,24-26
2025,29571,1.6529618997462259,HIT,225.0,0.0,0.0,3.252086431492698,1999.0,26.0,1,3.252086431492698,225.0,24-26
2025,29575,1.5493379261578593,HIT,326.0,0.0,0.0,,2000.0,25.0,0,0.0,326.0,24-26
2025,29576,5.983064675532085,HIT,530.0,0.0,0.0,9.032333438934812,1999.0,26.0,1,9.032333438934812,530.0,24-26
2025,29591,2.993620685074659,HIT,360.0,0.0,0.0,3.328854201254653,2000.0,25.0,1,3.328854201254653,360.0,24-26
2025,29592,3.1348714620238938,HIT,337.0,0.0,0.0,2.38177951487574,2000.0,25.0,1,2.38177951487574,337.0,24-26
2025,29608,-0.2376355929895856,PIT,0.0,52.0,0.0,-0.03671096449788524,1999.0,26.0,1,-0.03671096449788524,52.0,24-26
2025,29617,0.662131331772831,HIT,283.0,0.0,0.0,1.7683898339721327,1999.0,26.0,1,1.7683898339721327,283.0,24-26
2025,29622,6.923860769454465,HIT,594.0,0.0,0.0,2.7395540586342344,2000.0,25.0,1,2.7395540586342344,594.0,24-26
2025,29629,5.569939202606504,PIT,0.0,60.333333333333336,0.0,-3.2656564276444167,1999.0,26.0,1,-3.2656564276444167,60.333333333333336,24-26
2025,29646,5.095445501788219,HIT,506.0,0.0,0.0,6.200843921104625,2000.0,25.0,1,6.200843921104625,506.0,24-26
2025,29695,4.583015553336502,HIT,577.0,0.0,0.0,3.8372213017882704,1999.0,26.0,1,3.8372213017882704,577.0,24-26
2025,29712,4.058538846732941,HIT,284.0,0.0,0.0,6.09466442359307,2002.0,23.0,1,6.09466442359307,284.0,<=23
2025,29715,7.568397060844627,HIT,579.0,0.0,0.0,8.08210552340946,1999.0,26.0,1,8.08210552340946,579.0,24-26
2025,29770,-1.5558932928911826,PIT,0.0,46.0,1.0,7.405307872471048,2000.0,25.0,1,7.405307872471048,46.0,24-26
2025,29779,1.3774326827527423,HIT,220.0,0.0,0.0,2.471402887602744,2002.0,23.0,1,2.471402887602744,220.0,<=23
2025,29794,4.7972317608438315,HIT,531.0,0.0,0.0,2.8491571424521838,2000.0,25.0,1,2.8491571424521838,531.0,24-26
2025,29837,-2.024973342999347,PIT,0.0,90.33333333333331,0.0,3.4137329779220082,1998.0,27.0,1,3.4137329779220082,90.33333333333331,27-29
2025,29839,5.598132256565174,PIT,0.0,73.33333333333331,0.0,0.23455522669470663,1999.0,26.0,1,0.23455522669470663,73.33333333333331,24-26
2025,29844,2.761283714885746,HIT,390.0,0.0,0.0,7.014382482426538,1999.0,26.0,1,7.014382482426538,390.0,24-26
2025,29863,1.543525579504419,PIT,0.0,76.33333333333331,0.0,,2000.0,25.0,0,0.0,76.33333333333331,24-26
2025,29869,1.7110669409438806,PIT,0.0,95.66666666666667,0.0,2.8878035583457944,2000.0,25.0,1,2.8878035583457944,95.66666666666667,24-26
2025,29878,0.04353170987594579,PIT,0.0,134.33333333333331,0.0,8.15027597627912,1999.0,26.0,1,8.15027597627912,134.33333333333331,24-26
2025,29911,8.216091198384289,PIT,0.0,166.33333333333331,0.0,0.1932757859697114,1999.0,26.0,1,0.1932757859697114,166.33333333333331,24-26
2025,29931,2.463176155425374,HIT,364.0,0.0,0.0,5.139214894499909,1999.0,26.0,1,5.139214894499909,364.0,24-26
2025,29950,3.5838830045150587,PIT,0.0,64.33333333333331,7.0,0.052406690585748844,1998.0,27.0,1,0.052406690585748844,64.33333333333331,27-29
2025,29960,0.7455090638350282,PIT,0.0,44.333333333333336,0.0,-1.6258051196798036,2002.0,23.0,1,-1.6258051196798036,44.333333333333336,<=23
2025,29993,1.8420105316834308,HIT,274.0,0.0,0.0,3.4688919314031703,2003.0,22.0,1,3.4688919314031703,274.0,<=23
2025,29995,4.5081305442061295,HIT,351.0,0.0,0.0,7.8144132226837435,2002.0,23.0,1,7.8144132226837435,351.0,<=23
2025,30055,-2.262794049663229,PIT,0.0,112.33333333333331,0.0,0.34318533077673163,2000.0,25.0,1,0.34318533077673163,112.33333333333331,24-26
2025,30056,-0.1440809158304615,PIT,0.0,53.333333333333336,0.0,,2000.0,25.0,0,0.0,53.333333333333336,24-26
2025,30076,1.5984618355772673,PIT,0.0,106.66666666666667,0.0,3.4104296926621327,1998.0,27.0,1,3.4104296926621327,106.66666666666667,27-29
2025,30085,1.918039710508553,PIT,0.0,77.66666666666667,2.0,-0.810254011373706,1999.0,26.0,1,-0.810254011373706,77.66666666666667,24-26
2025,30105,5.165936636368789,PIT,0.0,101.0,4.0,,2000.0,25.0,0,0.0,101.0,24-26
2025,30113,2.7973163593346513,PIT,0.0,119.66666666666667,0.0,5.854709054603427,1998.0,27.0,1,5.854709054603427,119.66666666666667,27-29
2025,30115,10.990962078529815,PIT,0.0,69.66666666666667,40.0,5.43331172569679,1991.0,34.0,1,5.43331172569679,69.66666666666667,33+
2025,30116,7.308307083229656,HIT,651.0,0.0,0.0,8.051687819345643,1994.0,31.0,1,8.051687819345643,651.0,30-32
2025,30122,7.505877904340128,PIT,0.0,167.66666666666663,0.0,10.108460570473607,1999.0,26.0,1,10.108460570473607,167.66666666666663,24-26
2025,30133,3.460026987024154,PIT,0.0,63.0,2.0,2.3633105050358485,1998.0,27.0,1,2.3633105050358485,63.0,27-29
2025,30134,4.239050467872305,PIT,0.0,182.33333333333331,0.0,3.6512805119590994,1999.0,26.0,1,3.6512805119590994,182.33333333333331,24-26
2025,30160,-0.17421421638510326,PIT,0.0,45.0,0.0,,1999.0,26.0,0,0.0,45.0,24-26
2025,30182,1.7385568589107647,PIT,0.0,162.33333333333331,0.0,2.930246689077139,1999.0,26.0,1,2.930246689077139,162.33333333333331,24-26
2025,30184,7.038592842851822,PIT,0.0,138.33333333333331,0.0,4.672528152411571,1999.0,26.0,1,4.672528152411571,138.33333333333331,24-26
2025,30203,0.32066428788878887,PIT,0.0,49.0,0.0,0.011852915619351923,2002.0,23.0,1,0.011852915619351923,49.0,<=23
2025,30226,1.420604746922349,PIT,0.0,81.0,3.0,-1.5996875785454767,1994.0,31.0,1,-1.5996875785454767,81.0,30-32
2025,30240,1.0630669228036136,PIT,0.0,61.0,0.0,1.69397023529553,1999.0,26.0,1,1.69397023529553,61.0,24-26
2025,30249,4.536222957136988,PIT,0.0,76.33333333333331,4.0,4.894362922751695,1999.0,26.0,1,4.894362922751695,76.33333333333331,24-26
2025,30279,13.324631864432646,PIT,0.0,186.66666666666663,0.0,7.659699019757134,2000.0,25.0,1,7.659699019757134,186.66666666666663,24-26
2025,31204,2.249550813591142,PIT,0.0,66.66666666666667,2.0,6.081924789386795,2000.0,25.0,1,6.081924789386795,66.66666666666667,24-26
2025,31312,-0.6759967699673977,PIT,0.0,86.0,1.0,-2.2208468163658246,1998.0,27.0,1,-2.2208468163658246,86.0,27-29
2025,31347,7.51829301544641,HIT,554.0,0.0,0.0,7.767958894976496,2001.0,24.0,1,7.767958894976496,554.0,24-26
2025,31349,4.012212210667519,HIT,463.0,0.0,0.0,1.152193699335208,2001.0,24.0,1,1.152193699335208,463.0,24-26
2025,31370,3.349399792076217,HIT,234.0,0.0,0.0,4.422734931945762,2001.0,24.0,1,4.422734931945762,234.0,24-26
2025,31394,2.844105672043096,HIT,328.0,0.0,0.0,,2000.0,25.0,0,0.0,328.0,24-26
2025,31431,5.604871615846449,HIT,588.0,0.0,0.0,0.5082258122413108,2001.0,24.0,1,0.5082258122413108,588.0,24-26
2025,31500,1.23107748248936,HIT,207.0,0.0,0.0,-0.022221786108461067,2000.0,25.0,1,-0.022221786108461067,207.0,24-26
2025,31539,5.654965566339853,HIT,446.0,0.0,0.0,7.399768135537493,2001.0,24.0,1,7.399768135537493,446.0,24-26
2025,31553,2.1573469433489953,PIT,0.0,52.66666666666668,1.0,3.598513745408485,2001.0,24.0,1,3.598513745408485,52.66666666666668,24-26
2025,31580,3.362974156714727,HIT,505.0,0.0,0.0,5.901871069503726,2001.0,24.0,1,5.901871069503726,505.0,24-26
2025,31595,4.053907533893196,HIT,527.0,0.0,0.0,6.870400631736221,2001.0,24.0,1,6.870400631736221,527.0,24-26
2025,31616,1.9247265127484194,PIT,0.0,47.333333333333336,0.0,-0.515699571849451,1999.0,26.0,1,-0.515699571849451,47.333333333333336,24-26
2025,31623,2.007866330405367,PIT,0.0,66.0,0.0,18.49722306677834,2002.0,23.0,1,18.49722306677834,66.0,<=23
2025,31635,-0.23584982846887526,PIT,0.0,65.66666666666667,0.0,,2001.0,24.0,0,0.0,65.66666666666667,24-26
2025,31680,1.1148967293224334,HIT,257.0,0.0,0.0,5.325830649204243,2003.0,22.0,1,5.325830649204243,257.0,<=23
2025,31687,4.243447341263901,PIT,0.0,146.33333333333331,0.0,-1.799192905187577,2000.0,25.0,1,-1.799192905187577,146.33333333333331,24-26
2025,31730,-3.160595982208303,PIT,0.0,103.66666666666667,0.0,-0.4686739707921353,2000.0,25.0,1,-0.4686739707921353,103.66666666666667,24-26
2025,31757,8.005691646298676,PIT,0.0,61.66666666666668,22.0,14.823581192083621,1998.0,27.0,1,14.823581192083621,61.66666666666668,27-29
2025,31765,0.855115221952688,HIT,208.0,0.0,0.0,,2003.0,22.0,0,0.0,208.0,<=23
2025,31776,3.788699571032018,PIT,0.0,60.0,4.0,3.0195975414347545,2001.0,24.0,1,3.0195975414347545,60.0,24-26
2025,31781,5.342386585880886,HIT,649.0,0.0,0.0,2.9722613670245894,2003.0,22.0,1,2.9722613670245894,649.0,<=23
2025,31792,1.9693390721952595,HIT,218.0,0.0,0.0,-0.2854837588752161,1999.0,26.0,1,-0.2854837588752161,218.0,24-26
2025,31807,2.8375755154798097,PIT,0.0,45.66666666666668,0.0,8.181264753866303,2000.0,25.0,1,8.181264753866303,45.66666666666668,24-26
2025,31812,3.6952415790831443,HIT,303.0,0.0,0.0,1.0706505623814397,2004.0,21.0,1,1.0706505623814397,303.0,<=23
2025,31815,2.997434403030862,PIT,0.0,54.66666666666668,0.0,-0.6693787539909956,1998.0,27.0,1,-0.6693787539909956,54.66666666666668,27-29
2025,31827,-1.1992180932202707,PIT,0.0,79.33333333333331,0.0,2.514807165565863,2000.0,25.0,1,2.514807165565863,79.33333333333331,24-26
2025,31837,1.7976024155163772,HIT,205.0,0.0,0.0,2.9113415703959764,1993.0,32.0,1,2.9113415703959764,205.0,30-32
2025,31838,4.3021686499289755,PIT,0.0,113.33333333333331,0.0,-2.803458924930949,1993.0,32.0,1,-2.803458924930949,113.33333333333331,30-32
2025,31843,-1.417580083409945,PIT,0.0,64.33333333333331,0.0,-0.11758241687364057,1999.0,26.0,1,-0.11758241687364057,64.33333333333331,24-26
2025,31846,6.741344917700904,PIT,0.0,110.66666666666667,0.0,,2000.0,25.0,0,0.0,110.66666666666667,24-26
2025,31872,7.7603530055666665,PIT,0.0,118.0,0.0,0.8116945570118498,2001.0,24.0,1,0.8116945570118498,118.0,24-26
2025,31912,5.685362189152042,HIT,441.0,0.0,0.0,7.424071627951362,2000.0,25.0,1,7.424071627951362,441.0,24-26
2025,31972,1.0502322175955956,PIT,0.0,130.66666666666663,0.0,3.332268135089252,2000.0,25.0,1,3.332268135089252,130.66666666666663,24-26
2025,32095,3.4568960588885767,PIT,0.0,73.0,0.0,16.419643682257416,2001.0,24.0,1,16.419643682257416,73.0,24-26
2025,32227,2.590328335491205,PIT,0.0,48.66666666666668,0.0,-4.498859909831274,2002.0,23.0,1,-4.498859909831274,48.66666666666668,<=23
2025,33189,4.785354727152918,HIT,564.0,0.0,0.0,4.186731259192733,2002.0,23.0,1,4.186731259192733,564.0,<=23
2025,33197,1.9873176976424323,HIT,295.0,0.0,0.0,2.590170418238759,2000.0,25.0,1,2.590170418238759,295.0,24-26
2025,33266,6.27061317681053,HIT,523.0,0.0,0.0,3.515785626354567,2002.0,23.0,1,3.515785626354567,523.0,<=23
2025,33321,3.1298159176937204,HIT,207.0,0.0,0.0,6.155869104844675,2002.0,23.0,1,6.155869104844675,207.0,<=23
2025,33322,4.145979791725217,HIT,437.0,0.0,0.0,2.121429789044921,2001.0,24.0,1,2.121429789044921,437.0,24-26
2025,33333,6.2988159506954124,HIT,573.0,0.0,0.0,4.765676883714184,2001.0,24.0,1,4.765676883714184,573.0,24-26
2025,33482,-5.211760799576984,PIT,0.0,98.0,0.0,1.504956665417069,2001.0,24.0,1,1.504956665417069,98.0,24-26
2025,33527,3.5343495237607563,PIT,0.0,56.333333333333336,0.0,-1.6034816260979015,2002.0,23.0,1,-1.6034816260979015,56.333333333333336,<=23
2025,33541,2.9081100156979476,HIT,322.0,0.0,0.0,3.3366330936184223,2002.0,23.0,1,3.3366330936184223,322.0,<=23
2025,33549,3.126810824899761,HIT,297.0,0.0,0.0,0.7758957408710861,2002.0,23.0,1,0.7758957408710861,297.0,<=23
2025,33644,1.3792935028035413,HIT,263.0,0.0,0.0,,2002.0,23.0,0,0.0,263.0,<=23
2025,33677,14.91966059072277,PIT,0.0,187.66666666666663,0.0,7.342368608041206,2002.0,23.0,1,7.342368608041206,187.66666666666663,<=23
2025,33699,0.7304607351918093,PIT,0.0,81.33333333333331,0.0,,2001.0,24.0,0,0.0,81.33333333333331,24-26
2025,33703,4.384493992243162,PIT,0.0,48.0,0.0,9.833610078135125,2001.0,24.0,1,9.833610078135125,48.0,24-26
2025,33824,5.154296941542174,HIT,617.0,0.0,0.0,6.164393271660567,1998.0,27.0,1,6.164393271660567,617.0,27-29
2025,33825,12.753422946840681,PIT,0.0,173.66666666666663,0.0,13.780654692675279,1998.0,27.0,1,13.780654692675279,173.66666666666663,27-29
2025,33826,1.0271469226635803,PIT,0.0,63.333333333333336,1.0,4.376341377141551,1995.0,30.0,1,4.376341377141551,63.333333333333336,30-32
2025,33829,6.451454910471881,PIT,0.0,144.66666666666663,0.0,6.5014061187101815,1993.0,32.0,1,6.5014061187101815,144.66666666666663,30-32
2025,33838,3.3075936814729086,PIT,0.0,73.0,2.0,-1.2228492343523767,1997.0,28.0,1,-1.2228492343523767,73.0,27-29
2025,35041,0.42073487460834835,HIT,232.0,0.0,0.0,7.56563178524942,2003.0,22.0,1,7.56563178524942,232.0,<=23
2025,35108,3.6743381176960868,HIT,493.0,0.0,0.0,4.430755578555679,2003.0,22.0,1,4.430755578555679,493.0,<=23
2025,35110,8.532539118599404,HIT,489.0,0.0,0.0,6.496484248254272,2003.0,22.0,1,6.496484248254272,489.0,<=23
2025,35321,0.7623925939747074,PIT,0.0,157.0,0.0,0.6576514020185484,1989.0,36.0,1,0.6576514020185484,157.0,33+
2025,35333,0.1536672333559005,PIT,0.0,43.333333333333336,0.0,11.297573971780382,2003.0,22.0,1,11.297573971780382,43.333333333333336,<=23
