season,team,player,salary,pos,fg_id,match,match_conf,rp_R,rp_HR,rp_RBI,rp_SB,rp_AVG,rp_W,rp_SV,rp_K,rp_ERA,rp_WHIP,roto_points,name,role,played
2022,Moben,Randal Grichuk,25,OF,10243,exact,1.0,2.2059485815907176,1.8549259394537636,2.6974314923784384,0.4323778251499121,0.4059642984993561,0.0,0.0,0.0,0.08021629622772176,0.10387462582271892,7.780739059122628,Randal Grichuk,HIT,True
2022,Moben,Christian Yelich,27,OF,11477,exact,1.0,3.639815159624684,1.366787534334352,2.106213631035219,2.0537946694620826,0.19526336364326657,0.0,0.0,0.0,0.0,0.0,9.361874358099605,Christian Yelich,HIT,True
2022,Moben,Eddie Rosario,22,OF,12155,exact,1.0,0.9926768617158229,0.4881384051194115,0.8868267920148292,0.3242833688624341,-0.6498366820523629,0.0,0.0,0.0,0.0,0.0,2.042088745660135,Eddie Rosario,HIT,True
2022,Moben,Charlie Blackmon,16,OF,7859,exact,1.0,2.2059485815907176,1.5620428963821167,2.8821870740481947,0.4323778251499121,0.6376326505253276,0.0,0.0,0.0,0.0,0.0,7.720189027696268,Charlie Blackmon,HIT,True
2022,Moben,Willy Adames,26,U,15986,exact,1.0,3.051562204533826,3.026458111740351,3.621209400727219,0.8647556502998242,-0.3344282220784099,0.0,0.0,0.0,0.0,0.0,10.22955714522281,Willy Adames,HIT,True
2022,Moben,Nelson Cruz,16,U,2434,exact,1.0,1.8382904846589314,0.976276810238823,2.3648714453728776,0.4323778251499121,-0.42883801864511545,0.0,0.0,0.0,0.0,0.0,5.182978546775428,Nelson Cruz,HIT,True
2022,Moben,Tylor Megill,10,P,21318,exact,1.0,0.0,0.0,0.0,0.0,0.0,1.3652292672414548,0.0,1.1599708330104497,-1.2736655890574975,-0.14407039484977496,1.107464116344632,Tylor Megill,PIT,True
2022,Moben,Luke Voit,19,1B,14811,exact,1.0,2.0221195331248243,2.1478089825254107,2.5496270270426336,0.10809445628747802,-0.7654886681094956,0.0,0.0,0.0,0.0,0.0,6.062161330870851,Luke Voit,HIT,True
2022,Moben,Darin Ruf,12,OF,9929,exact,1.0,1.9118221040452885,1.0739044912627054,1.6628002350278046,0.21618891257495604,-1.104626386761463,0.0,0.0,0.0,0.1602793824962041,0.12215936214695577,4.042528100792452,Darin Ruf,HIT,True
2022,Moben,Jesus Luzardo,6,P,19959,exact,1.0,0.0,0.0,0.0,0.0,0.0,1.3652292672414548,0.0,2.7293431364951757,0.9407147302642582,1.3780997307092142,6.4133868647101036,Jesús Luzardo,PIT,True
2022,Moben,Collin McHugh,5,P,7531,exact,1.0,0.0,0.0,0.0,0.0,0.0,1.0239219504310912,0.0,1.7058394603094849,1.6517357435697344,1.5228519038218662,5.904349058132177,Collin McHugh,PIT,True
2022,Moben,Mitch Keller,4,P,17594,exact,1.0,0.0,0.0,0.0,0.0,0.0,1.7065365840518185,0.0,3.138744606969452,-0.26005717170365344,-2.13631647954748,2.448907539770137,Mitch Keller,PIT,True
2022,Moben,Brian Anderson,1,3B,18289,exact,1.0,1.580929816806681,0.7810214481910583,1.034631257350634,0.10809445628747802,-0.6737340082235505,0.0,0.0,0.0,0.0,0.0,2.8309429704123006,Brian Anderson,HIT,True
2022,Moben,Edwin Rios,1,CI,18316,exact,1.0,0.4411897163181435,0.683393767167176,0.6281689776771706,0.0,0.01632792561894999,0.0,0.0,0.0,0.0,0.0,1.7690803867814402,Edwin Rios,HIT,True
2022,Moben,Merrill Kelly,1,P,11156,exact,1.0,0.0,0.0,0.0,0.0,0.0,4.436995118534728,0.0,4.025781126330384,1.564664951950871,1.0899955534405639,11.117436750256546,Merrill Kelly,PIT,True
2022,Micks,Joe Musgrove,31,P,12970,exact,1.0,0.0,0.0,0.0,0.0,0.0,3.413073168103637,0.0,4.184992809292603,2.8644153381261583,1.7478412148004112,12.210322530322811,Joe Musgrove,PIT,True
2022,Micks,Kyle Schwarber,30,OF,16478,exact,1.0,3.676580969317863,4.490873327098586,3.473404935391414,1.0809445628747802,-1.2217416100636371,0.0,0.0,0.0,0.0,0.0,11.500062184619006,Kyle Schwarber,HIT,True
2022,Micks,Carlos Carrasco,11,P,6632,exact,1.0,0.0,0.0,0.0,0.0,0.0,5.119609752155456,0.0,3.457167972893889,-0.4216222341525333,-1.2903743041172502,6.864781186779561,Carlos Carrasco,PIT,True
2022,Micks,Hunter Greene,13,P,22182,exact,1.0,0.0,0.0,0.0,0.0,0.0,1.7065365840518185,0.0,3.707357760405947,-1.507393149262798,0.0881919821745941,3.9946931773695615,Hunter Greene,PIT,True
2022,Micks,Joc Pederson,8,OF,11899,exact,1.0,2.0956511525111816,2.245436663549293,2.586578143376585,0.3242833688624341,0.7522615101969552,0.0,0.0,0.0,0.0,0.0,8.004210838496448,Joc Pederson,HIT,True
2022,Micks,Hunter Renfroe,21,OF,15464,exact,1.0,2.279480200977075,2.8312027496925865,2.6604803760444873,0.10809445628747802,0.2453655465316458,0.0,0.0,0.0,0.0,0.0,8.124623329533273,Hunter Renfroe,HIT,True
2022,Micks,Ranger Suarez,15,P,17277,exact,1.0,0.0,0.0,0.0,0.0,0.0,3.413073168103637,0.0,2.934043871732314,0.45578980531513136,-1.3788692472226916,5.42403759792839,Ranger Suarez,PIT,True
2022,Micks,Jorge Soler,18,U,14221,exact,1.0,1.1765059101817161,1.2691598533104698,1.2563379553543412,0.0,-0.7861817559182944,0.0,0.0,0.0,0.0,0.0,2.9158219629282325,Jorge Soler,HIT,True
2022,Micks,Robert Suarez,16,P,30115,exact,1.0,0.0,0.0,0.0,0.0,0.0,1.7065365840518185,0.20478437084221862,1.3646715682475878,1.4518779255121688,0.6026136467293793,5.330484095383173,Robert Suarez,PIT,True
2022,Micks,Jeff McNeil,14,2B,15362,exact,1.0,2.68390410760204,0.8786491292149406,2.2909692127049754,0.4323778251499121,2.963074961060106,0.0,0.0,0.0,0.0,0.0,9.248975235731972,Jeff McNeil,HIT,True
2022,Micks,J.D. Davis,4,3B,16219,exact,1.0,1.6912272458862168,1.1715321722865877,1.2932890716882925,0.10809445628747802,-0.010365291860243833,0.0,0.0,0.0,0.0,0.0,4.253777654288331,J.D. Davis,HIT,True
2022,Micks,j profar,1,C,10815,initial_last,0.9,3.0147963948406473,1.4644152153582344,2.14316474736917,0.5404722814373901,-0.15259414834807897,0.0,0.0,0.0,0.0,0.0,7.010254490657363,Jurickson Profar,HIT,True
2022,Micks,Luis Cessa,1,P,13345,exact,1.0,0.0,0.0,0.0,0.0,0.0,1.3652292672414548,0.0,1.3419270421101281,-1.230088302646625,-0.43969807810347594,1.037369928601482,Luis Cessa,PIT,True
2022,Spehr's Army,Starling Marte,42,OF,9241,exact,1.0,2.794201536681576,1.5620428963821167,2.3279203290389265,1.9457002131746044,1.4286103319757921,0.0,0.0,0.0,0.0,0.0,10.058475307253016,Starling Marte,HIT,True
2022,Spehr's Army,Seiya Suzuki,25,U,30116,exact,1.0,1.9853537234316458,1.366787534334352,1.699751351361756,0.9728501065873022,0.3960438555833232,0.0,0.0,0.0,0.0,0.0,6.420786571298379,Seiya Suzuki,HIT,True
2022,Spehr's Army,Yu Darvish,26,P,13074,exact,1.0,0.0,0.0,0.0,0.0,0.0,5.460917068965819,0.0,4.48067164907958,2.4501571073680988,3.680260322953703,16.0720061483672,Yu Darvish,PIT,True
2022,Spehr's Army,Yoshitomo Tsutsugo,7,1B,27459,initial_last,0.9,0.4044239066249649,0.19525536204776459,0.702071210345073,0.0,-1.0046846842403319,0.0,0.0,0.0,0.0,0.0,0.29706579477747064,Yoshi Tsutsugo,HIT,True
2022,Spehr's Army,Ian Anderson,17,P,19951,exact,1.0,0.0,0.0,0.0,0.0,0.0,3.413073168103637,0.0,2.2062190353336004,-2.5416463558779867,-2.5409619986427994,0.5366838489164514,Ian Anderson,PIT,True
2022,Spehr's Army,Josiah Gray,6,P,24580,exact,1.0,0.0,0.0,0.0,0.0,0.0,2.3891512176725462,0.0,3.502657025168809,-3.3437598044168357,-1.5655873772086342,0.9824610612158853,Josiah Gray,PIT,True
2022,Spehr's Army,Cole Sulser,2,P,15256,exact,1.0,0.0,0.0,0.0,0.0,0.0,0.3413073168103637,0.40956874168443724,0.8642919932234723,-1.0240317897572844,-1.1335276896631512,-0.5423914277021624,Cole Sulser,PIT,True
2022,Spehr's Army,Patrick Corbin,4,P,9323,exact,1.0,0.0,0.0,0.0,0.0,0.0,2.0478439008621825,0.0,2.911299345594854,-7.019305198810157,-5.454064790351456,-7.514226742704576,Patrick Corbin,PIT,True
2022,Spehr's Army,Paul DeJong,6,U,18015,exact,1.0,0.698550384170394,0.5857660861432938,0.9237779083487804,0.3242833688624341,-1.4323531102638858,0.0,0.0,0.0,0.0,0.0,1.1000246372610165,Paul DeJong,HIT,True
2022,Spehr's Army,Kyle Gibson,1,P,10123,exact,1.0,0.0,0.0,0.0,0.0,0.0,3.413073168103637,0.0,3.2752117637942106,-3.77192687444235,-1.4606200390726565,1.4557380183828406,Kyle Gibson,PIT,True
2022,Spehr's Army,Matt Vierling,1,2B,21558,exact,1.0,1.5073981974203237,0.5857660861432938,1.1824357226864388,0.7566611940123461,-0.02977024007108043,0.0,0.0,0.0,0.0,0.0,4.002490960191322,Matt Vierling,HIT,True
2022,All-Stars,Corey Knebel,18,P,15010,exact,1.0,0.0,0.0,0.0,0.0,0.0,1.0239219504310912,2.4574124501066237,0.9325255716358517,0.3163611476888397,-0.5158277395776223,4.214393380284784,Corey Knebel,PIT,True
2022,All-Stars,Carlos Rodon,26,P,16137,exact,1.0,0.0,0.0,0.0,0.0,0.0,4.7783024353450925,0.0,5.390452694577972,2.9892314858801905,2.43595588073272,15.593942496535973,Carlos Rodón,PIT,True
2022,All-Stars,C.J. Cron,23,1B,12546,exact,1.0,2.9044989657611113,2.8312027496925865,3.7690138660630237,0.0,0.39836402927837944,0.0,0.0,0.0,0.0,0.0,9.903079610795102,C.J. Cron,HIT,True
2022,All-Stars,Justin Turner,20,3B,5235,exact,1.0,2.2427143912838963,1.2691598533104698,2.9930404230500485,0.3242833688624341,1.004484743536263,0.0,0.0,0.0,0.0,0.0,7.833682780043111,Justin Turner,HIT,True
2022,All-Stars,Zac Gallen,15,P,19291,exact,1.0,0.0,0.0,0.0,0.0,0.0,4.095687801724365,0.0,4.3669490183922814,4.189368885023643,4.045733447444886,16.697739152585175,Zac Gallen,PIT,True
2022,All-Stars,Camilo Doval,13,P,21992,exact,1.0,0.0,0.0,0.0,0.0,0.0,2.0478439008621825,5.529178012739903,1.796817564859324,1.689142005443825,-0.10711566316860387,10.955865820736632,Camilo Doval,PIT,True
2022,All-Stars,Trent Grisham,20,OF,18564,exact,1.0,2.1324169622043603,1.659670577405999,1.9584091656994143,0.7566611940123461,-2.118642189470658,0.0,0.0,0.0,0.0,0.0,4.388515709851461,Trent Grisham,HIT,True
2022,All-Stars,Huascar Ynoa,8,P,20468,exact,1.0,0.0,0.0,0.0,0.0,0.0,0.0,0.0,0.15921168296221858,-1.1993571676940717,-0.7199685038800382,-1.7601139886118915,Huascar Ynoa,PIT,True
2022,All-Stars,Brandon Nimmo,10,OF,12927,exact,1.0,3.7501125887042197,1.5620428963821167,2.3648714453728776,0.3242833688624341,1.1451940565255463,0.0,0.0,0.0,0.0,0.0,9.146504355847194,Brandon Nimmo,HIT,True
2022,All-Stars,Seth Beer,7,CI,20493,exact,1.0,0.14706323877271452,0.09762768102388229,0.3325600470055609,0.0,-0.4836230586282915,0.0,0.0,0.0,0.0,0.0,0.09362790817386618,Seth Beer,HIT,True
2022,All-Stars,Miles Mikolas,4,P,9803,exact,1.0,0.0,0.0,0.0,0.0,0.0,4.095687801724365,0.0,3.4799124990313492,1.8554022062800728,2.6246444846365553,12.055646991672342,Miles Mikolas,PIT,True
2022,All-Stars,Frank Schwindel,14,U,15351,exact,1.0,0.8456136229431084,0.7810214481910583,1.3302401880222436,0.0,-0.35167475519549657,0.0,0.0,0.0,-0.8927508838541861,-0.4567609570581302,1.2556886630485975,Frank Schwindel,HIT,True
2022,All-Stars,Sam Hilliard,3,OF,17954,exact,1.0,0.9559110520226443,0.19525536204776459,0.517315628675317,0.5404722814373901,-0.8913787899080929,0.0,0.0,0.0,0.0,0.0,1.3175755342750228,Sam Hilliard,HIT,True
2022,All-Stars,Garrett Cooper,1,OF,15279,exact,1.0,1.3603349586476092,0.8786491292149406,1.8475558166975607,0.0,0.38076220868887656,0.0,0.0,0.0,0.0,0.0,4.467302113248987,Garrett Cooper,HIT,True
2022,All-Stars,Rafael Ortega,2,OF,10323,exact,1.0,1.286803339261252,0.683393767167176,1.2932890716882925,1.2971334754497363,-0.18971463564638116,0.0,0.0,0.0,0.0,0.0,4.370905017920076,Rafael Ortega,HIT,True
2022,All-Stars,Didi Gregorius,4,SS,6012,exact,1.0,0.6250187647840366,0.09762768102388229,0.702071210345073,0.10809445628747802,-0.6050195691529237,0.0,0.0,0.0,0.0,0.0,0.9277925432875462,Didi Gregorius,HIT,True
2022,New York Polar Bears,Nick Lodolo,6,P,26378,exact,1.0,0.0,0.0,0.0,0.0,0.0,1.3652292672414548,0.0,2.9795329240072337,0.2956955819446558,-0.28841042397661093,4.352047349216733,Nick Lodolo,PIT,True
2022,New York Polar Bears,Steven Matz,19,P,13361,exact,1.0,0.0,0.0,0.0,0.0,0.0,1.7065365840518185,0.0,1.228204411422829,-1.3845767023245688,-0.13628230101463643,1.4138819921354422,Steven Matz,PIT,True
2022,New York Polar Bears,Gavin Lux,13,2B,19955,exact,1.0,2.426543439749789,0.5857660861432938,1.5519468860259509,0.7566611940123461,0.8433204862694826,0.0,0.0,0.0,0.0,0.0,6.164238092200863,Gavin Lux,HIT,True
2022,New York Polar Bears,Joey Wendle,7,MI,13853,exact,1.0,0.9926768617158229,0.2928830430716469,1.1824357226864388,1.2971334754497363,0.31562123305961653,0.0,0.0,0.0,0.0,0.0,4.080750335983261,Joey Wendle,HIT,True
2022,New York Polar Bears,Zach Eflin,5,P,13774,exact,1.0,0.0,0.0,0.0,0.0,0.0,1.0239219504310912,0.20478437084221862,1.4783941989348868,-0.3735125838446136,0.5897972258386736,2.923385162202256,Zach Eflin,PIT,True
2022,New York Polar Bears,Rowdy Tellez,4,U,15679,exact,1.0,2.463309249442968,3.4169688358358803,3.288649353721658,0.21618891257495604,-1.0362809381771254,0.0,0.0,0.0,0.0,0.0,8.348835413398337,Rowdy Tellez,HIT,True
2022,New York Polar Bears,Aaron Ashby,5,P,23550,exact,1.0,0.0,0.0,0.0,0.0,0.0,0.6826146336207274,0.20478437084221862,2.8658102933199343,-1.3034161420757628,-1.7726336896510568,0.6771594660560603,Aaron Ashby,PIT,True
2022,New York Polar Bears,Wil Myers,9,OF,10047,exact,1.0,1.0662084811021801,0.683393767167176,1.5149957696919998,0.21618891257495604,0.2684450594018511,0.0,0.0,0.0,-0.31020875465646536,0.07582000122048138,3.514843236502179,Wil Myers,HIT,True
2022,New York Polar Bears,Ian Happ,7,OF,17919,exact,1.0,2.647138297908861,1.659670577405999,2.6604803760444873,0.9728501065873022,0.9544289788366975,0.0,0.0,0.0,0.0,0.0,8.894568336783346,Ian Happ,HIT,True
2022,New York Polar Bears,Eric Lauer,2,P,19316,exact,1.0,0.0,0.0,0.0,0.0,0.0,3.754380484914001,0.0,3.570890603581188,0.3418605886039539,-0.05507072829553273,7.6120609488036095,Eric Lauer,PIT,True
2022,New York Polar Bears,Colin Moran,1,U,16909,exact,1.0,0.4044239066249649,0.4881384051194115,0.849875675680878,0.0,-0.35222105671638104,0.0,0.0,0.0,0.0,0.0,1.3902169307088732,Colin Moran,HIT,True
2022,Pookie 2.0,Ronald Acuna Jr.,40,OF,18401,exact,1.0,2.6103724882156825,1.4644152153582344,1.8475558166975607,3.134739232336863,0.6344580601624978,0.0,0.0,0.0,0.0,0.0,9.691540812770839,Ronald Acuña Jr.,HIT,True
2022,Pookie 2.0,Stephen Strasburg,7,P,10131,exact,1.0,0.0,0.0,0.0,0.0,0.0,0.0,0.0,0.11372263068729899,-0.7957639483285759,-0.3319691887797935,-1.0140105064210705,Stephen Strasburg,PIT,True
2022,Pookie 2.0,Trevor Bauer,6,P,-1,unmatched,0.7272727272727273,0.0,0.0,0.0,0.0,0.0,0.0,0.0,0.0,0.0,0.0,0.0,,,False
2022,Pookie 2.0,Francisco Lindor,28,U,12916,exact,1.0,3.6030493499315055,2.5383197066209395,3.95376944773278,1.7295113005996483,0.9732535482546159,0.0,0.0,0.0,0.0,0.0,12.79790335313949,Francisco Lindor,HIT,True
2022,Pookie 2.0,Blake Snell,21,P,13543,exact,1.0,0.0,0.0,0.0,0.0,0.0,2.7304585344829095,0.0,3.8893139695056256,1.0583515350277668,0.1186838671093786,7.796807906125681,Blake Snell,PIT,True
2022,Pookie 2.0,Art Warren,12,P,18251,exact,1.0,0.0,0.0,0.0,0.0,0.0,0.6826146336207274,0.6143531125266559,0.9097810454983919,-1.965258078092771,-1.2612313610551469,-1.0197406475021427,Art Warren,PIT,True
2022,Pookie 2.0,Anthony DeSclafani,12,P,13050,exact,1.0,0.0,0.0,0.0,0.0,0.0,0.0,0.0,0.3866569443368166,-1.1054517675957427,-1.2528047472114054,-1.9715995704703315,Anthony DeSclafani,PIT,True
2022,Pookie 2.0,Rowan Wick,12,P,14646,exact,1.0,0.0,0.0,0.0,0.0,0.0,1.3652292672414548,1.8430593375799675,1.569372303484726,-0.5109213193896401,-2.436397754580453,1.8303418343360556,Rowan Wick,PIT,True
2022,Pookie 2.0,Ha-seong Kim,9,CI,27506,exact,1.0,2.1324169622043603,1.0739044912627054,2.1801158637031217,1.2971334754497363,0.13067880306570853,0.0,0.0,0.0,0.0,0.0,6.814249595685633,Ha-Seong Kim,HIT,True
2022,Pookie 2.0,Oneil Cruz,8,U,21711,exact,1.0,1.654461436193038,1.659670577405999,1.9953602820333656,1.0809445628747802,-0.3181963071903104,0.0,0.0,0.0,0.0,0.0,6.072240551316873,Oneil Cruz,HIT,True
2022,Pookie 2.0,Dominic Smith,6,OF,15653,exact,1.0,0.4044239066249649,0.0,0.6281689776771706,0.0,-0.533286375549505,0.0,0.0,0.0,0.0,0.0,0.4993065087526305,Dominic Smith,HIT,True
2022,Pookie 2.0,Joey Bart,5,C,21524,exact,1.0,1.2500375295680732,1.0739044912627054,0.9237779083487804,0.21618891257495604,-0.6259303436047583,0.0,0.0,0.0,0.0,0.0,2.8379784981497567,Joey Bart,HIT,True
2022,Pookie 2.0,Lorenzo Cain,3,OF,9077,exact,1.0,0.6250187647840366,0.09762768102388229,0.3325600470055609,0.21618891257495604,-0.7559469803651757,0.0,0.0,0.0,0.0,0.0,0.5154484250232603,Lorenzo Cain,HIT,True
2022,Producers,Matt Olson,39,1B,14344,exact,1.0,3.161859633613362,3.319341154811998,3.805964982396975,0.0,-0.2999728376883044,0.0,0.0,0.0,0.0,0.0,9.987192933134029,Matt Olson,HIT,True
2022,Producers,Zack Wheeler,29,P,10310,exact,1.0,0.0,0.0,0.0,0.0,0.0,4.095687801724365,0.0,3.707357760405947,2.787263586057346,2.010478033637277,12.600787181824934,Zack Wheeler,PIT,True
2022,Producers,Paul Goldschmidt,36,CI,9218,exact,1.0,3.8971758274769344,3.4169688358358803,4.24937837840439,0.7566611940123461,2.8775736147347617,0.0,0.0,0.0,0.0,0.0,15.197757850464313,Paul Goldschmidt,HIT,True
2022,Producers,Kenley Jansen,29,P,3096,exact,1.0,0.0,0.0,0.0,0.0,0.0,1.7065365840518185,8.396159204530964,1.9332847216840827,0.5597104035335004,0.8689479846628992,13.464638898463264,Kenley Jansen,PIT,True
2022,Producers,Chris Stratton,3,P,13761,exact,1.0,0.0,0.0,0.0,0.0,0.0,3.413073168103637,0.40956874168443724,1.3646715682475878,-0.5794854978990917,-1.6391047408063455,2.9687232393302248,Chris Stratton,PIT,True
2022,Producers,Chris Bassitt,20,P,12304,exact,1.0,0.0,0.0,0.0,0.0,0.0,5.119609752155456,0.0,3.7983358649557863,1.263779422536309,0.9632287153907279,11.144953755038278,Chris Bassitt,PIT,True
2022,Producers,Victor Robles,9,OF,18363,exact,1.0,1.5441640071135023,0.5857660861432938,1.2193868390203901,1.6214168443121704,-0.6136668926116111,0.0,0.0,0.0,0.0,0.0,4.357066883977746,Victor Robles,HIT,True
2022,Producers,Robinson Cano,3,2B,3269,exact,1.0,0.18382904846589312,0.09762768102388229,0.14780446533580485,0.0,-0.7147589477467027,0.0,0.0,0.0,0.0,0.0,-0.28549775292112245,Robinson Canó,HIT,True
2022,Producers,Garrett Hampson,8,OF,19262,exact,1.0,1.0662084811021801,0.19525536204776459,0.5542667450092682,1.2971334754497363,-0.5880319752304277,0.0,0.0,0.0,0.0,0.0,2.5248320883785214,Garrett Hampson,HIT,True
2022,Producers,Nick Madrigal,5,MI,20521,exact,1.0,0.698550384170394,0.0,0.2586578143376585,0.3242833688624341,0.05784948513031161,0.0,0.0,0.0,0.0,0.0,1.339341052500798,Nick Madrigal,HIT,True
2022,Producers,Mike Moustakas,4,3B,4892,exact,1.0,1.1029742907953588,0.683393767167176,0.9237779083487804,0.21618891257495604,-0.6642599968313404,0.0,0.0,0.0,0.0,0.0,2.2620748820549306,Mike Moustakas,HIT,True
2022,Producers,Nick Ahmed,1,SS,12147,exact,1.0,0.25736066785225037,0.2928830430716469,0.2586578143376585,0.0,-0.0851638669043989,0.0,0.0,0.0,0.0,0.0,0.723737658357157,Nick Ahmed,HIT,True
2022,Producers,Cesar Hernandez,1,U,10556,exact,1.0,2.3530118203634323,0.09762768102388229,1.2563379553543412,1.0809445628747802,0.013744464994903869,0.0,0.0,0.0,0.0,0.0,4.80166648461134,César Hernández,HIT,True
2022,Who's On First,Freddie Freeman,39,1B,5361,exact,1.0,4.3015997341019,2.0501813015015284,3.6951116333951215,1.4052279317372143,3.413172629371856,0.0,0.0,0.0,0.0,0.0,14.86529323010762,Freddie Freeman,HIT,True
2022,Who's On First,J.T. Realmuto,18,C,11739,exact,1.0,2.757435726988397,2.1478089825254107,3.1038937720519018,2.2699835820370384,1.0225812210781278,0.0,0.0,0.0,0.0,0.0,11.301703284680876,J.T. Realmuto,HIT,True
2022,Who's On First,Aaron Nola,32,P,16149,exact,1.0,0.0,0.0,0.0,0.0,0.0,3.754380484914001,0.0,5.344963642303052,2.0457649668463755,3.728942105202441,14.87405119926587,Aaron Nola,PIT,True
2022,Who's On First,Nolan Arenado,29,3B,9777,exact,1.0,2.68390410760204,2.9288304307164688,3.805964982396975,0.5404722814373901,1.7717115121528213,0.0,0.0,0.0,0.0,0.0,11.730883314305695,Nolan Arenado,HIT,True
2022,Who's On First,Sean Manaea,19,P,15873,exact,1.0,0.0,0.0,0.0,0.0,0.0,2.7304585344829095,0.0,3.5481460774437283,-3.2909758337588237,-0.964978927083748,2.0226498510840663,Sean Manaea,PIT,True
2022,Who's On First,MacKenzie Gore,2,P,22201,exact,1.0,0.0,0.0,0.0,0.0,0.0,1.3652292672414548,0.0,1.6376058818971053,-0.944047767271793,-1.4376826701774095,0.6211047116893578,MacKenzie Gore,PIT,True
2022,Who's On First,Alex Colome,13,P,6661,exact,1.0,0.0,0.0,0.0,0.0,0.0,0.6826146336207274,0.8191374833688745,0.7278248363987135,-1.8251144253220823,-1.7914949502810316,-1.3870324222147987,Alex Colomé,PIT,True
2022,Who's On First,Reiver Sanmartin,2,P,19754,exact,1.0,0.0,0.0,0.0,0.0,-0.03781452262372486,1.3652292672414548,0.0,1.0689927284606104,-2.842869099354531,-2.087356341664353,-2.5338179679405437,Reiver Sanmartin,HIT,True
2022,Who's On First,Ke'Bryan Hayes,10,CI,18577,exact,1.0,2.0221195331248243,0.683393767167176,1.5149957696919998,2.1618891257495605,-0.15333753383597953,0.0,0.0,0.0,0.0,0.0,6.229060661897582,Ke'Bryan Hayes,HIT,True
2022,Who's On First,Lucas Sims,1,P,13470,exact,1.0,0.0,0.0,0.0,0.0,0.0,0.3413073168103637,0.20478437084221862,0.11372263068729899,-0.822859761887304,-0.2096663252338298,-0.37271176878125256,Lucas Sims,PIT,True
2022,Who's On First,Jake Fraley,2,OF,19260,exact,1.0,1.2132717198748946,1.1715321722865877,1.034631257350634,0.4323778251499121,0.1714296930462988,0.0,0.0,0.0,0.0,0.0,4.0232426677083275,Jake Fraley,HIT,True
2022,Who's On First,Lane Thomas,1,OF,16939,exact,1.0,2.279480200977075,1.659670577405999,1.9214580493654632,0.8647556502998242,-0.24351254309922207,0.0,0.0,0.0,0.0,0.0,6.481851934949139,Lane Thomas,HIT,True
2022,Who's On First,Austin Slater,1,OF,16153,exact,1.0,1.8015246749657527,0.683393767167176,1.2563379553543412,1.2971334754497363,0.34628830324744597,0.0,0.0,0.0,0.0,0.0,5.384678176184453,Austin Slater,HIT,True
2022,Who's On First,Christian Walker,1,U,13419,exact,1.0,3.0883280142270046,3.5145965168597626,3.473404935391414,0.21618891257495604,-0.22010446422506635,0.0,0.0,0.0,0.0,0.0,10.072413914828072,Christian Walker,HIT,True
2022,Who's On First,Steven Duggar,1,OF,17719,exact,1.0,0.25736066785225037,0.0,0.14780446533580485,0.5404722814373901,-0.5330406729177244,0.0,0.0,0.0,0.0,0.0,0.412596741707721,Steven Duggar,HIT,True
2022,Block Bombers,Keibert Ruiz,6,C,19610,exact,1.0,1.2132717198748946,0.683393767167176,1.3302401880222436,0.6485667377248682,0.10847881480222243,0.0,0.0,0.0,0.0,0.0,3.9839512275914046,Keibert Ruiz,HIT,True
2022,Block Bombers,Craig Kimbrel,25,P,6655,exact,1.0,0.0,0.0,0.0,0.0,0.0,2.0478439008621825,4.50525615852881,1.6376058818971053,0.07891655605604185,-0.4921430552732235,7.7774794420709155,Craig Kimbrel,PIT,True
2022,Block Bombers,Marcell Ozuna,22,OF,10324,exact,1.0,2.058885342818003,2.245436663549293,2.069262514701268,0.21618891257495604,-0.7118704599762675,0.0,0.0,0.0,0.0,0.0,5.877902973667252,Marcell Ozuna,HIT,True
2022,Block Bombers,Emilio Pagan,4,P,14771,exact,1.0,0.0,0.0,0.0,0.0,0.0,1.3652292672414548,1.8430593375799675,1.910540195546623,-0.7657102602718995,-0.7614586098149579,3.591659930281188,Emilio Pagán,PIT,True
2022,Block Bombers,Mike Minor,2,P,10021,exact,1.0,0.0,0.0,0.0,0.0,0.0,1.3652292672414548,0.0,1.7285839864469446,-4.232527815212185,-3.1993377610637292,-4.338052322587515,Mike Minor,PIT,True
2022,Block Bombers,Tommy Pham,15,OF,2967,exact,1.0,3.272157062692898,1.659670577405999,2.3279203290389265,0.8647556502998242,-0.4202394577462281,0.0,0.0,0.0,0.0,0.0,7.704264161691419,Tommy Pham,HIT,True
2022,Block Bombers,Jack Flaherty,15,P,17479,exact,1.0,0.0,0.0,0.0,0.0,0.0,0.6826146336207274,0.0,0.7505693625361733,-0.31771879730410246,-1.1785252789744047,-0.06306008012160658,Jack Flaherty,PIT,True
2022,Block Bombers,Alec Bohm,8,CI,21618,exact,1.0,2.9044989657611113,1.2691598533104698,2.6604803760444873,0.21618891257495604,1.319004790050791,0.0,0.0,0.0,0.0,0.0,8.369332897741815,Alec Bohm,HIT,True
2022,Block Bombers,Mark Canha,9,OF,11445,exact,1.0,2.6103724882156825,1.2691598533104698,2.254018096371024,0.3242833688624341,0.6350962396617106,0.0,0.0,0.0,0.0,0.0,7.092930046421321,Mark Canha,HIT,True
2022,Block Bombers,Diego Castillo,4,MI,19906,exact,1.0,1.0294426714090015,1.0739044912627054,1.071582373684585,0.10809445628747802,-0.7925794824443275,0.0,0.0,0.022744526137459798,-1.3517506402662078,-0.5609725823620693,0.6004658137086245,Diego Castillo,HIT,True
2022,Block Bombers,Will Smith,1,P,8048,exact,1.0,0.0,0.0,0.0,0.0,0.0,0.0,1.023921854211093,1.4783941989348868,-0.17626120969152553,-0.9149399677701819,1.411114875684272,Will Smith,PIT,True
2022,Block Bombers,Eric Hosmer,4,U,3516,exact,1.0,1.397100768340788,0.7810214481910583,1.6258491186938533,0.0,0.554326422688731,0.0,0.0,0.0,0.0,0.0,4.35829775791443,Eric Hosmer,HIT,True
2022,Block Bombers,Bryson Stott,7,SS,26294,exact,1.0,2.1324169622043603,0.976276810238823,1.8106047003636094,1.2971334754497363,-0.42041294846654875,0.0,0.0,0.0,0.0,0.0,5.79601899978998,Bryson Stott,HIT,True
2022,Block Bombers,David Peralta,1,U,2136,exact,1.0,1.4338665780339663,1.1715321722865877,2.1801158637031217,0.10809445628747802,0.1170823711304872,0.0,0.0,0.0,0.0,0.0,5.010691441441641,David Peralta,HIT,True
2022,Milwaukee Beers,Jacob deGrom,21,P,10954,exact,1.0,0.0,0.0,0.0,0.0,0.0,1.7065365840518185,0.0,2.3199416660208994,0.924070326307832,2.410273709265313,7.360822285645863,Jacob deGrom,PIT,True
2022,Milwaukee Beers,Adam Wainwright,17,P,2233,exact,1.0,0.0,0.0,0.0,0.0,0.0,3.754380484914001,0.0,3.252467237656751,0.33151382319190825,-0.9139241554256039,6.424437390337057,Adam Wainwright,PIT,True
2022,Milwaukee Beers,Max Muncy,27,1B,13301,exact,1.0,2.536840868829325,2.0501813015015284,2.5496270270426336,0.21618891257495604,-1.8363107112795707,0.0,0.0,0.0,0.0,0.0,5.516527398668872,Max Muncy,HIT,True
2022,Milwaukee Beers,Cody Bellinger,22,OF,15998,exact,1.0,2.573606678522504,1.8549259394537636,2.5126759107086825,1.5133223880246922,-1.3156054548235192,0.0,0.0,0.0,0.0,0.0,7.138925461886123,Cody Bellinger,HIT,True
2022,Milwaukee Beers,Andrew McCutchen,14,OF,9847,exact,1.0,2.426543439749789,1.659670577405999,2.5496270270426336,0.8647556502998242,-0.3946508165487534,0.0,0.0,0.0,0.0,0.0,7.105945877949493,Andrew McCutchen,HIT,True
2022,Milwaukee Beers,Carson Kelly,2,U,13620,exact,1.0,1.470632387727145,0.683393767167176,1.2932890716882925,0.21618891257495604,-0.8446369241497209,0.0,0.0,0.0,-0.4185489549593369,-0.4171816541538146,1.9831366058946973,Carson Kelly,HIT,True
2022,Milwaukee Beers,Mike Yastrzemski,13,OF,14854,exact,1.0,2.68390410760204,1.659670577405999,2.106213631035219,0.5404722814373901,-1.1720194697183093,0.0,0.0,0.0,0.0,0.0,5.818241127762339,Mike Yastrzemski,HIT,True
2022,Milwaukee Beers,Ketel Marte,32,OF,13613,exact,1.0,2.5000750591361465,1.1715321722865877,1.9214580493654632,0.5404722814373901,-0.2590873317371039,0.0,0.0,0.0,0.0,0.0,5.874450230488484,Ketel Marte,HIT,True
2022,Milwaukee Beers,Kyle Hendricks,14,P,12049,exact,1.0,0.0,0.0,0.0,0.0,0.0,1.3652292672414548,0.0,1.5011387250723467,-1.6370683354934352,-0.5379795949695234,0.6913200618508426,Kyle Hendricks,PIT,True
2022,Milwaukee Beers,Alex Cobb,8,P,6562,exact,1.0,0.0,0.0,0.0,0.0,0.0,2.3891512176725462,0.0,3.4344234467564294,0.20920119800581907,-0.9492209317716837,5.083554930663111,Alex Cobb,PIT,True
2022,Milwaukee Beers,Yadier Molina,2,U,7007,exact,1.0,0.698550384170394,0.4881384051194115,0.8868267920148292,0.21618891257495604,-0.5765356977616231,0.0,0.0,0.022744526137459798,-0.5957356288850019,-0.30479810317117745,0.835379590199248,Yadier Molina,HIT,True
2022,Milwaukee Beers,Kevin Pillar,1,OF,12434,exact,1.0,0.03676580969317863,0.0,0.0,0.0,-0.1502077102622148,0.0,0.0,0.0,0.0,0.0,-0.11344190056903616,Kevin Pillar,HIT,True
2022,Milwaukee Beers,Kyle Finnegan,1,P,15009,exact,1.0,0.0,0.0,0.0,0.0,0.0,2.0478439008621825,2.252628079264405,1.592116829622186,0.36855403709330814,0.43867620666220386,6.699819053504286,Kyle Finnegan,PIT,True
2022,Milwaukee Beers,Jose Iglesias,1,MI,10231,exact,1.0,1.764758865272574,0.2928830430716469,1.736702467695707,0.21618891257495604,1.3413341361611426,0.0,0.0,0.0,0.0,0.0,5.351867424776026,Jose Iglesias,HIT,True
2022,Milwaukee Beers,Keston Hiura,1,CI,20003,exact,1.0,1.2500375295680732,1.366787534334352,1.1824357226864388,0.5404722814373901,-0.35762832341843737,0.0,0.0,0.0,0.0,0.0,3.9821047446078164,Keston Hiura,HIT,True
2022,Milwaukee Beers,Andrew Heaney,1,P,15423,exact,1.0,0.0,0.0,0.0,0.0,0.0,1.3652292672414548,0.0,2.479153348983118,0.9943322371935799,0.7797736868386435,5.618488540256797,Andrew Heaney,PIT,True
2023,Moben,Trea Turner,45,SS,16252,exact,1.0,3.3963059054624303,2.2196474899877368,2.5365153406015546,2.092350653870355,0.49616838883320324,0.0,0.0,0.0,0.0,0.0,10.74098777875528,Trea Turner,HIT,True
2023,Moben,Brandon Woodruff,34,P,16162,exact,1.0,0.0,0.0,0.0,0.0,0.0,1.6651938404274138,0.0,1.6737411589213296,2.190548810797989,2.2989958153569727,7.8284796255037055,Brandon Woodruff,PIT,True
2023,Moben,Starling Marte,28,OF,9241,exact,1.0,1.2652904353683565,0.4268552865361032,0.9345056518005728,1.6738805230962839,-0.09959297711070637,0.0,0.0,0.0,0.0,0.0,4.20093891969061,Starling Marte,HIT,True
2023,Moben,Christian Yelich,24,OF,11477,exact,1.0,3.52949437234331,1.622050088837192,2.5365153406015546,1.952860610278998,0.9304343159807912,0.0,0.0,0.0,0.0,0.0,10.571354728041847,Christian Yelich,HIT,True
2023,Moben,Michael Conforto,18,OF,16376,exact,1.0,1.9312327697727545,1.2805658596083096,1.9357617073011864,0.278980087182714,-0.41923032337207916,0.0,0.0,0.0,0.0,0.0,5.0073101004928855,Michael Conforto,HIT,True
2023,Moben,Nick Castellanos,23,OF,11737,exact,1.0,2.6304722208973725,2.4757606619093986,3.537771396102168,0.7671952397524635,0.7256690293942479,0.0,0.0,0.0,0.0,0.0,10.136868548055652,Nick Castellanos,HIT,True
2023,Moben,David Robertson,12,P,8241,exact,1.0,0.0,0.0,0.0,0.0,0.0,1.9982326085128965,3.3974467307196994,1.7642136539981583,1.2251244276480002,0.3709140199978501,8.755931440876605,David Robertson,PIT,True
2023,Moben,Brusdar Graterol,7,P,20367,exact,1.0,0.0,0.0,0.0,0.0,0.0,1.332155072341931,1.321229284168772,1.0856699409219435,3.5189053607791667,1.5497495502435181,8.807709208455332,Brusdar Graterol,PIT,True
2023,Moben,Hayden Wesneski,12,P,27581,exact,1.0,0.0,0.0,0.0,0.0,0.0,0.9991163042564483,0.0,1.877304272844194,-0.9318944438675963,-0.04204501909376471,1.9024811141392814,Hayden Wesneski,PIT,True
2023,Moben,Cody Bellinger,8,OF,15998,exact,1.0,3.163226088420891,2.2196474899877368,3.2373945794519843,1.39490043591357,1.7527599973431132,0.0,0.0,0.0,0.0,0.0,11.767928591117293,Cody Bellinger,HIT,True
2023,Moben,Ha-seong Kim,9,MI,27506,exact,1.0,2.796957804498472,1.4513079742227508,2.002512111001227,2.650310828235783,0.23835272231742374,0.0,0.0,0.0,0.0,0.0,9.139441440275657,Ha-Seong Kim,HIT,True
2023,Moben,Michael Toglia,1,1B,25845,exact,1.0,0.5993481009639583,0.34148422922888255,0.30037681665018406,0.0697450217956785,-0.8240538706297188,0.0,0.0,0.0,0.0,0.0,0.4869002980089846,Michael Toglia,HIT,True
2023,Moben,Andrew Painter,1,P,-1,unmatched,0.7857142857142857,0.0,0.0,0.0,0.0,0.0,0.0,0.0,0.0,0.0,0.0,0.0,,,False
2023,Moben,Alex Call,1,U,19296,exact,1.0,1.431776018969456,0.6829684584577651,1.2682576703007773,0.6277051961611064,-1.392147318566124,0.0,0.0,0.0,0.0,0.0,2.6185600253229806,Alex Call,HIT,True
2023,Moben,Jeimer Candelario,1,CI,13621,exact,1.0,2.563877987456933,1.878163260758854,2.3362641295014317,0.557960174365428,-0.0429637349864754,0.0,0.0,0.0,0.0,0.0,7.293301817096172,Jeimer Candelario,HIT,True
2023,Moben,Kevin Newman,1,2B,17696,exact,1.0,0.9323192681661573,0.25611317192166194,0.9345056518005728,0.557960174365428,-0.015584049325856011,0.0,0.0,0.0,0.0,0.0,2.665314216927964,Kevin Newman,HIT,True
2023,Micks,Tommy Edman,27,SS,19470,exact,1.0,2.2975010536951737,1.1098237449938684,1.5686344869509614,1.8831155884833195,-0.16498014445885031,0.0,0.0,0.0,0.0,0.0,6.694094729664473,Tommy Edman,HIT,True
2023,Micks,Raisel Iglesias,17,P,17130,exact,1.0,0.0,0.0,0.0,0.0,0.0,1.6651938404274138,6.228652339652782,1.5154142925368794,1.324173180498083,0.4045872488094682,11.138020901924627,Raisel Iglesias,PIT,True
2023,Micks,Josh Hader,23,P,14212,exact,1.0,0.0,0.0,0.0,0.0,0.0,0.6660775361709655,6.228652339652782,1.9225405203826085,2.891803025174458,0.7219091378670892,12.430982559247902,Josh Hader,PIT,True
2023,Micks,Jordan Montgomery,22,P,16511,exact,1.0,0.0,0.0,0.0,0.0,0.0,3.3303876808548276,0.0,3.754608545688388,2.685070656364989,1.0686331146384005,10.838699997546605,Jordan Montgomery,PIT,True
2023,Micks,Michael Fulmer,4,P,13218,exact,1.0,0.0,0.0,0.0,0.0,-0.017870914855480823,0.9991163042564483,0.3774940811910777,1.4701780449984652,-0.37543961585042823,-0.26275728834165213,2.19072061139843,Michael Fulmer,HIT,True
2023,Micks,Taijuan Walker,13,P,11836,exact,1.0,0.0,0.0,0.0,0.0,0.0,4.995581521282241,0.0,3.121301080150588,-0.9389768188613121,-0.4002802128389318,6.777625569732585,Taijuan Walker,PIT,True
2023,Micks,Elehuris Montero,10,CI,20543,exact,1.0,1.3318846688087962,0.939081630379427,1.3016328721507977,0.0,-0.1778186524554443,0.0,0.0,0.0,0.0,0.0,3.3947805188835765,Elehuris Montero,HIT,True
2023,Micks,Brad Boxberger,4,P,10133,exact,1.0,0.0,0.0,0.0,0.0,0.0,0.0,0.3774940811910777,0.3845081040765217,-0.338844409127543,-0.04257000363886278,0.3805877725011936,Brad Boxberger,PIT,True
2023,Micks,Rodolfo Castro,3,MI,21987,exact,1.0,0.699239451124618,0.5122263438433239,0.8010048444004909,0.0697450217956785,-0.6791309711610832,0.0,0.0,0.0,0.0,0.0,1.4030846900030278,Rodolfo Castro,HIT,True
2023,Micks,Marcell Ozuna,6,U,10324,exact,1.0,2.796957804498472,3.4148422922888257,3.3375201850020453,0.0,0.6835311579763079,0.0,0.0,0.0,0.0,0.0,10.232851439765652,Marcell Ozuna,HIT,True
2023,Micks,Matt Carpenter,2,U,8090,exact,1.0,0.5993481009639583,0.4268552865361032,1.034631257350634,0.0697450217956785,-1.1374708129037763,0.0,0.0,0.0,0.0,0.0,0.9931088537425974,Matt Carpenter,HIT,True
2023,Spehr's Army,Sandy Alcantara,30,P,18684,exact,1.0,0.0,0.0,0.0,0.0,0.0,2.3312713765983792,0.0,3.4153366891502808,-0.2687534237811133,0.7908494219159194,6.268704063883466,Sandy Alcantara,PIT,True
2023,Spehr's Army,Matt Olson,30,U,14344,exact,1.0,4.228733823467928,4.610037094589915,4.639153057152843,0.0697450217956785,1.2218276593356425,0.0,0.0,0.0,0.0,0.0,14.769496656342008,Matt Olson,HIT,True
2023,Spehr's Army,Joe Musgrove,25,P,12970,exact,1.0,0.0,0.0,0.0,0.0,0.0,3.3303876808548276,0.0,2.1939580056130943,1.7468131398213038,0.9326080183586622,8.203766844647888,Joe Musgrove,PIT,True
2023,Spehr's Army,Blake Sabol,1,C,25805,exact,1.0,1.1986962019279166,1.1098237449938684,1.4685088814009,0.278980087182714,-0.35195382415394594,0.0,0.0,0.0,0.0,0.0,3.704055091351453,Blake Sabol,HIT,True
2023,Spehr's Army,Brandon Marsh,8,OF,20202,exact,1.0,1.9312327697727545,1.0244526876866478,2.002512111001227,0.697450217956785,0.6683260565810749,0.0,0.0,0.0,0.0,0.0,6.323973842998489,Brandon Marsh,HIT,True
2023,Spehr's Army,MacKenzie Gore,7,P,22201,exact,1.0,0.0,0.0,0.0,0.0,0.0,2.3312713765983792,0.0,3.4153366891502808,-0.8594414656589942,-1.2673252805719601,3.6198413195177057,MacKenzie Gore,PIT,True
2023,Spehr's Army,Lourdes Gurriel,7,OF,19238,exact,1.0,2.164312586814294,2.0489053753732955,2.736766551701677,0.3487251089783925,0.2944748068703469,0.0,0.0,0.0,0.0,0.0,7.593184429738005,Lourdes Gurriel Jr.,HIT,True
2023,Spehr's Army,Bailey Falter,1,P,20070,exact,1.0,0.0,0.0,0.0,0.0,0.0,0.6660775361709655,0.0,1.3570874261524295,-1.9218822116003307,-0.8171486353106328,-0.7158658845875683,Bailey Falter,PIT,True
2023,Spehr's Army,James Outman,2,OF,24770,exact,1.0,2.863552037938912,1.9635343180660747,2.3362641295014317,1.115920348730856,-0.17150408484106872,0.0,0.0,0.0,0.0,0.0,8.107766749396207,James Outman,HIT,True
2023,Spehr's Army,Robert Suarez,1,P,30115,exact,1.0,0.0,0.0,0.0,0.0,0.0,1.332155072341931,0.0,0.5428349704609717,-0.12220184909923373,0.7574051272990383,2.510193321002707,Robert Suarez,PIT,True
2023,Spehr's Army,Anthony DeSclafani,1,P,13050,exact,1.0,0.0,0.0,0.0,0.0,0.0,1.332155072341931,0.0,1.7868317777673655,-1.4757225243848764,0.16918117930318022,1.8124455050276,Anthony DeSclafani,PIT,True
2023,Spehr's Army,Brendan Rodgers,1,2B,17907,exact,1.0,0.699239451124618,0.34148422922888255,0.6675040370004091,0.0,0.047709415543834746,0.0,0.0,0.0,0.0,0.0,1.7559371328977442,Brendan Rodgers,HIT,True
2023,All-Stars,Patrick Wisdom,6,1B,13602,exact,1.0,1.431776018969456,1.9635343180660747,1.5352592851009408,0.278980087182714,-0.920019941762234,0.0,0.0,0.0,0.0,0.0,4.289529767556951,Patrick Wisdom,HIT,True
2023,All-Stars,Jameson Taillon,15,P,11674,exact,1.0,0.0,0.0,0.0,0.0,0.0,2.664310144683862,0.18874704059553885,3.166537327689002,-2.0529216658126375,-0.057198997321395516,3.9094738498343706,Jameson Taillon,PIT,True
2023,All-Stars,Bryson Stott,15,SS,26294,exact,1.0,2.5971751041771527,1.2805658596083096,2.069262514701268,2.1620956756660332,1.008555192411452,0.0,0.0,0.0,0.0,0.0,9.117654346564214,Bryson Stott,HIT,True
2023,All-Stars,Steven Matz,14,P,13361,exact,1.0,0.0,0.0,0.0,0.0,0.0,1.332155072341931,0.0,2.216576129382301,0.3879641507486295,-0.4640481810956428,3.4726471713772185,Steven Matz,PIT,True
2023,All-Stars,Wil Myers,18,OF,10047,exact,1.0,0.36626828392241895,0.25611317192166194,0.40050242220024546,0.139490043591357,-0.5811935062871176,0.0,0.0,0.0,0.0,0.0,0.5811804153485658,Wil Myers,HIT,True
2023,All-Stars,Juan Yepez,7,OF,18400,exact,1.0,0.16648558360109952,0.17074211461444128,0.06675040370004091,0.0,-0.2752796702422871,0.0,0.0,0.0,0.0,0.0,0.1286984316732946,Juan Yepez,HIT,True
2023,All-Stars,Kris Bryant,23,OF,15429,exact,1.0,1.1986962019279166,0.8537105730722064,1.034631257350634,0.0,-0.41791338907438325,0.0,0.0,0.0,0.0,0.0,2.669124643276374,Kris Bryant,HIT,True
2023,All-Stars,Joey Bart,3,C,21524,exact,1.0,0.29967405048197915,0.0,0.16687600925010226,0.0,-0.26262714192913256,0.0,0.0,0.0,0.0,0.0,0.20392291780294886,Joey Bart,HIT,True
2023,All-Stars,Mitch Haniger,19,OF,14274,exact,1.0,0.8990221514459374,0.5122263438433239,0.9345056518005728,0.0697450217956785,-0.659360190575326,0.0,0.0,0.0,0.0,0.0,1.7561389783101862,Mitch Haniger,HIT,True
2023,All-Stars,Jared Shuster,9,P,27472,exact,1.0,0.0,0.0,0.0,0.0,0.0,1.332155072341931,0.0,0.6785437130762147,-1.744028751540572,-0.8875336707522783,-0.6208636368747045,Jared Shuster,PIT,True
2023,All-Stars,Jordan Walker,17,3B,27475,exact,1.0,1.6981529527312151,1.3659369169155302,1.7021352943510433,0.4882151525697495,0.6540108156705317,0.0,0.0,0.0,0.0,0.0,5.908451132238069,Jordan Walker,HIT,True
2023,All-Stars,Ezequiel Tovar,10,MI,24064,exact,1.0,2.6304722208973725,1.2805658596083096,2.436389735051493,0.7671952397524635,0.014530476925229185,0.0,0.0,0.0,0.0,0.0,7.129153532234867,Ezequiel Tovar,HIT,True
2023,All-Stars,Dylan Floro,5,P,13394,exact,1.0,0.0,0.0,0.0,0.0,0.0,1.6651938404274138,1.321229284168772,1.311851178614015,-0.7694709894144207,-1.107099218556665,2.4217040952391153,Dylan Floro,PIT,True
2023,All-Stars,Jon Berti,10,U,12037,exact,1.0,1.764747186171655,0.5975974011505445,1.101381661050675,1.115920348730856,1.0140359325841901,0.0,0.0,0.0,0.0,0.0,5.5936825296879205,Jon Berti,HIT,True
2023,New York Polar Bears,Ranger Suarez,7,P,17277,exact,1.0,0.0,0.0,0.0,0.0,0.0,1.332155072341931,0.0,2.6915567285356516,-0.24146994112368236,-1.2887154133649197,2.49352644638898,Ranger Suarez,PIT,True
2023,New York Polar Bears,Aaron Nola,29,P,16149,exact,1.0,0.0,0.0,0.0,0.0,0.0,3.996465217025793,0.0,4.568861001379846,-1.2965706737027674,1.635090254361395,8.903845799064268,Aaron Nola,PIT,True
2023,New York Polar Bears,Blake Snell,24,P,13543,exact,1.0,0.0,0.0,0.0,0.0,0.0,4.6625427531967585,0.0,5.292640961994475,5.448652913215741,1.0454021561766407,16.449238784583613,Blake Snell,PIT,True
2023,New York Polar Bears,Brice Turang,9,SS,22186,exact,1.0,1.5316673691301157,0.5122263438433239,1.1347568629006954,1.813370566687641,-0.9455617365442349,0.0,0.0,0.0,0.0,0.0,4.046459406017541,Brice Turang,HIT,True
2023,New York Polar Bears,Ketel Marte,20,2B,13613,exact,1.0,3.129928971700671,2.134276432680516,2.736766551701677,0.557960174365428,0.8441849892250651,0.0,0.0,0.0,0.0,0.0,9.403117119673357,Ketel Marte,HIT,True
2023,New York Polar Bears,Xander Bogaerts,22,MI,12161,exact,1.0,2.763660687778252,1.622050088837192,1.9357617073011864,1.3251554141178914,1.2732561675585932,0.0,0.0,0.0,0.0,0.0,8.919884065593115,Xander Bogaerts,HIT,True
2023,New York Polar Bears,Willy Adames,26,U,15986,exact,1.0,2.430689520576053,2.0489053753732955,2.6700161480016362,0.3487251089783925,-1.3590118667331745,0.0,0.0,0.0,0.0,0.0,6.139324286196203,Willy Adames,HIT,True
2023,New York Polar Bears,Graham Ashcraft,10,P,27552,exact,1.0,0.0,0.0,0.0,0.0,0.0,2.3312713765983792,0.0,2.5106117383819946,-1.7623829524097547,-1.0033738967708745,2.0761262657997444,Graham Ashcraft,PIT,True
2023,New York Polar Bears,Alek Thomas,2,OF,23792,exact,1.0,1.6981529527312151,0.7683395157649857,1.3016328721507977,0.6277051961611064,-0.576645918630626,0.0,0.0,0.0,0.0,0.0,3.819184618177479,Alek Thomas,HIT,True
2023,New York Polar Bears,Garrett Cooper,3,1B,15279,exact,1.0,1.398478902249236,1.4513079742227508,2.035887312851248,0.0,-0.08713089623771672,0.0,0.0,0.0,0.0,0.0,4.798543293085517,Garrett Cooper,HIT,True
2023,New York Polar Bears,David Peralta,2,U,2136,exact,1.0,1.5649644858503355,0.5975974011505445,1.835636101751125,0.278980087182714,0.11837243491138551,0.0,0.0,0.0,0.0,0.0,4.395550510846105,David Peralta,HIT,True
2023,New York Polar Bears,Dominic Smith,1,CI,15653,exact,1.0,1.8979356530525346,1.0244526876866478,1.5352592851009408,0.0697450217956785,0.06882105312628099,0.0,0.0,0.0,0.0,0.0,4.596213700762083,Dominic Smith,HIT,True
2023,New York Polar Bears,Joey Wendle,3,3B,13853,exact,1.0,1.0988048517672568,0.17074211461444128,0.6675040370004091,0.4882151525697495,-0.8198976611504304,0.0,0.0,0.0,0.0,0.0,1.605368494801426,Joey Wendle,HIT,True
2023,Pookie 2.0,Freddie Freeman,33,U,5361,exact,1.0,4.361922290348808,2.4757606619093986,3.4042705887020865,1.6041355013006056,3.3025612979670584,0.0,0.0,0.0,0.0,0.0,15.148650340227956,Freddie Freeman,HIT,True
2023,Pookie 2.0,Justin Verlander,30,P,8700,exact,1.0,0.0,0.0,0.0,0.0,0.0,4.329503985111276,0.0,3.2570098227658306,2.317753728917512,1.5652488620939162,11.469516398888535,Justin Verlander,PIT,True
2023,Pookie 2.0,Sean Murphy,19,C,19352,exact,1.0,2.164312586814294,1.7927922034516335,2.269513725801391,0.0,-0.06722837459550134,0.0,0.0,0.0,0.0,0.0,6.1593901414718175,Sean Murphy,HIT,True
2023,Pookie 2.0,Kodai Senga,22,P,31838,exact,1.0,0.0,0.0,0.0,0.0,0.0,3.996465217025793,0.0,4.568861001379846,3.039756030468507,0.5903115610724513,12.195393809946596,Kodai Senga,PIT,True
2023,Pookie 2.0,Bryce Harper,11,U,11579,exact,1.0,2.796957804498472,1.7927922034516335,2.4030145332014725,0.7671952397524635,1.3165362711976019,0.0,0.0,0.0,0.0,0.0,9.076496052101643,Bryce Harper,HIT,True
2023,Pookie 2.0,Seiya Suzuki,17,OF,30116,exact,1.0,2.4972837540164927,1.7074211461444129,2.4697649369015138,0.41847013077407097,1.1404550529281303,0.0,0.0,0.0,0.0,0.0,8.23339502076462,Seiya Suzuki,HIT,True
2023,Pookie 2.0,Alex Wood,9,P,13781,exact,1.0,0.0,0.0,0.0,0.0,0.0,1.6651938404274138,0.0,1.6737411589213296,-0.49774075415032426,-1.1270718332793999,1.7141224119190193,Alex Wood,PIT,True
2023,Pookie 2.0,Trent Grisham,4,OF,18564,exact,1.0,2.2309068202547335,1.1098237449938684,1.6687600925010226,1.0461753269351775,-1.8152630914952121,0.0,0.0,0.0,0.0,0.0,4.24040289318959,Trent Grisham,HIT,True
2023,Pookie 2.0,Adam Wainwright,5,P,2233,exact,1.0,0.0,0.0,0.0,0.0,-0.03573594374724704,1.6651938404274138,0.0,1.2439968073063936,-5.991967057848624,-4.670556855255003,-7.789069209117067,Adam Wainwright,HIT,True
2023,Pookie 2.0,Jesse Winker,12,OF,13590,exact,1.0,0.5327538675235185,0.08537105730722064,0.7676296425504704,0.0,-0.6389710362622618,0.0,0.0,0.0,0.0,0.0,0.7467835311189477,Jesse Winker,HIT,True
2023,Pookie 2.0,Trey Mancini,7,OF,15149,exact,1.0,1.0322106183268172,0.34148422922888255,0.9345056518005728,0.0,-0.3061847423497634,0.0,0.0,0.0,0.0,0.0,2.002015757006509,Trey Mancini,HIT,True
2023,Pookie 2.0,Dylan Dodd,3,P,29928,exact,1.0,0.0,0.0,0.0,0.0,0.0,0.6660775361709655,0.0,0.3392718565381074,-2.3132192728898273,-1.6872707113212158,-2.99514059150197,Dylan Dodd,PIT,True
2023,Pookie 2.0,Walker Buehler,1,P,-1,unmatched,0.6428571428571429,0.0,0.0,0.0,0.0,0.0,0.0,0.0,0.0,0.0,0.0,0.0,,,False
2023,Producers,Pete Alonso,32,1B,19251,exact,1.0,3.0633347382602314,3.9270686361321494,3.9382738183024135,0.278980087182714,-1.3911403588290514,0.0,0.0,0.0,0.0,0.0,9.816516921048455,Pete Alonso,HIT,True
2023,Producers,Max Fried,30,P,13743,exact,1.0,0.0,0.0,0.0,0.0,0.0,2.664310144683862,0.0,1.8094499015365726,2.106599347039695,0.848565758267683,7.428925151527813,Max Fried,PIT,True
2023,Producers,Andrew McCutchen,6,OF,9847,exact,1.0,1.8313414196120947,1.0244526876866478,1.4351336795508796,0.7671952397524635,0.074955843870109,0.0,0.0,0.0,0.0,0.0,5.133078870472194,Andrew McCutchen,HIT,True
2023,Producers,Lars Nootbaar,21,OF,21454,exact,1.0,2.463986637296273,1.195194802301089,1.5352592851009408,0.7671952397524635,0.20010201520051324,0.0,0.0,0.0,0.0,0.0,6.161737979651279,Lars Nootbaar,HIT,True
2023,Producers,J.D. Martinez,7,U,6184,exact,1.0,2.031124119933414,2.817244891138281,3.4376457905521067,0.0697450217956785,0.5017838506876897,0.0,0.0,0.0,0.0,0.0,8.85754367410717,J.D. Martinez,HIT,True
2023,Producers,Giovanny Gallegos,7,P,14986,exact,1.0,0.0,0.0,0.0,0.0,0.0,0.6660775361709655,1.8874704059553884,1.3344693023832224,-0.35998868552857155,0.3084365788384414,3.836465137819446,Giovanny Gallegos,PIT,True
2023,Producers,Jorge Soler,6,OF,14221,exact,1.0,2.563877987456933,3.073358063059943,2.503140138751534,0.0697450217956785,-0.10871208928122937,0.0,0.0,0.0,0.0,0.0,8.101409121782858,Jorge Soler,HIT,True
2023,Producers,Garrett Mitchell,12,U,27555,exact,1.0,0.33297116720219905,0.25611317192166194,0.2336264129501432,0.0697450217956785,-0.04953255048875556,0.0,0.0,0.0,0.0,0.0,0.8429232233809271,Garrett Mitchell,HIT,True
2023,Producers,Jose Quintana,1,P,11423,exact,1.0,0.0,0.0,0.0,0.0,0.0,0.9991163042564483,0.0,1.3570874261524295,0.6505513449226926,-0.17034438512890143,2.836410690202669,Jose Quintana,PIT,True
2023,Producers,Nick Fortes,3,C,21538,exact,1.0,1.0988048517672568,0.5122263438433239,0.8677552481005318,0.278980087182714,-0.9718333259057609,0.0,0.0,0.0,0.0,0.0,1.785933204988066,Nick Fortes,HIT,True
2023,Producers,J.D. Davis,1,3B,16219,exact,1.0,2.031124119933414,1.5366790315299714,2.3028889276514115,0.0697450217956785,-0.1843841594619317,0.0,0.0,0.0,0.0,0.0,5.7560529414485435,J.D. Davis,HIT,True
2023,Producers,Orlando Arcia,1,2B,13185,exact,1.0,2.1976097035345137,1.4513079742227508,2.1693881202513294,0.0697450217956785,0.34078019018498407,0.0,0.0,0.0,0.0,0.0,6.228831009989256,Orlando Arcia,HIT,True
2023,Producers,Adam Ottavino,1,P,1247,exact,1.0,0.0,0.0,0.0,0.0,0.0,0.3330387680854828,2.2649644871464663,1.4023236736908438,0.9369507444943559,0.29859315547226745,5.235870828889417,Adam Ottavino,PIT,True
2023,Producers,Edmundo Sosa,1,SS,17022,exact,1.0,1.1321019684874767,0.8537105730722064,1.0012560555006136,0.278980087182714,-0.07535911265336948,0.0,0.0,0.0,0.0,0.0,3.1906895715896413,Edmundo Sosa,HIT,True
2023,Producers,Andrew Chafin,1,P,12988,exact,1.0,0.0,0.0,0.0,0.0,0.0,0.9991163042564483,1.5099763247643108,1.424941797460051,-0.656361047370778,-0.6113743190067381,2.666299060103294,Andrew Chafin,PIT,True
2023,Phenoms,Will Benson,6,OF,21853,exact,1.0,1.6981529527312151,0.939081630379427,1.034631257350634,1.3251554141178914,0.424047909004128,0.0,0.0,0.0,0.0,0.0,5.4210691635832955,Will Benson,HIT,True
2023,Phenoms,Willson Contreras,13,U,11609,exact,1.0,1.8313414196120947,1.7074211461444129,2.2361385239513702,0.41847013077407097,0.33346997400574274,0.0,0.0,0.0,0.0,0.0,6.526841194487692,Willson Contreras,HIT,True
2023,Phenoms,Victor Robles,4,OF,18363,exact,1.0,0.4994567508032986,0.0,0.26700161480016366,0.557960174365428,0.33850115246485124,0.0,0.0,0.0,0.0,0.0,1.6629196924337415,Victor Robles,HIT,True
2023,Phenoms,Craig Kimbrel,6,P,6655,exact,1.0,0.0,0.0,0.0,0.0,0.0,2.664310144683862,4.341181933697394,2.1261036343054727,1.0167292591327344,1.2001562236183196,11.348481195437783,Craig Kimbrel,PIT,True
2023,Phenoms,Ozzie Albies,28,2B,16556,exact,1.0,3.1965232051411108,2.817244891138281,3.6378970016522296,0.9066852833438205,1.0178736889022564,0.0,0.0,0.0,0.0,0.0,11.576224070177698,Ozzie Albies,HIT,True
2023,Phenoms,C.J. Cron,24,1B,12546,exact,1.0,1.2652904353683565,1.0244526876866478,1.2348824684507569,0.0,-0.0713004969584074,0.0,0.0,0.0,0.0,0.0,3.453325094547354,C.J. Cron,HIT,True
2023,Phenoms,Luis Garcia,16,SS,20391,exact,1.0,2.031124119933414,0.7683395157649857,1.6687600925010226,0.6277051961611064,0.3857084462294194,0.0,0.0,0.0,0.0,0.0,5.481637370589949,Luis García Jr.,HIT,True
2023,Phenoms,Max Muncy,20,3B,13301,exact,1.0,3.163226088420891,3.073358063059943,3.5043961942521475,0.0697450217956785,-1.3914958311364964,0.0,0.0,0.0,0.0,0.0,8.419229536392166,Max Muncy,HIT,True
2023,Phenoms,Clayton Kershaw,27,P,2036,exact,1.0,0.0,0.0,0.0,0.0,0.0,4.329503985111276,0.0,3.0986829563813805,3.6344952818457767,1.940461494810913,13.003143718149346,Clayton Kershaw,PIT,True
2023,Phenoms,Noah Syndergaard,13,P,11762,exact,1.0,0.0,0.0,0.0,0.0,0.0,0.6660775361709655,0.0,1.2666149310756007,-3.916257580238219,-0.723196943065034,-2.7067620560566867,Noah Syndergaard,PIT,True
2023,Phenoms,Alex Vesia,3,P,25007,exact,1.0,0.0,0.0,0.0,0.0,0.0,0.6660775361709655,0.18874704059553885,1.424941797460051,-0.2980846588782214,-0.4134311904003504,1.5682505249479832,Alex Vesia,PIT,True
2023,Phenoms,Nick Martinez,6,P,12730,exact,1.0,0.0,0.0,0.0,0.0,0.0,1.9982326085128965,0.18874704059553885,2.3975211195359587,1.229856505937882,0.08553749663295529,5.899894771215232,Nick Martinez,PIT,True
2023,Phenoms,Ryan Pepiot,10,P,26221,exact,1.0,0.0,0.0,0.0,0.0,0.0,0.6660775361709655,0.0,0.8594887032298719,1.5153133841113404,1.6661839093050803,4.7070635328172585,Ryan Pepiot,PIT,True
2023,Phenoms,Bryan De La Cruz,7,OF,19600,exact,1.0,1.9978270032131944,1.622050088837192,2.6032657443015954,0.278980087182714,0.17381270923425368,0.0,0.0,0.0,0.0,0.0,6.67593563276895,Bryan De La Cruz,HIT,True
2023,Phenoms,Luis Guillorme,3,MI,16451,exact,1.0,0.39956540064263885,0.08537105730722064,0.30037681665018406,0.0,-0.2493675727684044,0.0,0.0,0.0,0.07924835995547835,0.022015132972653517,0.637209194759771,Luis Guillorme,HIT,True
2023,Block Bombers,Manny Machado,39,U,11493,exact,1.0,2.4972837540164927,2.561131719216619,3.0371433683518614,0.20923506538703548,0.1629477130284636,0.0,0.0,0.0,0.0,0.0,8.467741620000472,Manny Machado,HIT,True
2023,Block Bombers,Will Smith,21,C,19197,exact,1.0,2.6637693376175924,1.622050088837192,2.5365153406015546,0.20923506538703548,0.22179019100748043,0.0,0.0,0.0,0.0,0.0,7.253360023450855,Will Smith,HIT,True
2023,Block Bombers,Dansby Swanson,23,SS,18314,exact,1.0,2.6970664543378122,1.878163260758854,2.6700161480016362,0.6277051961611064,-0.3280794287381273,0.0,0.0,0.0,0.0,0.0,7.544871630521282,Dansby Swanson,HIT,True
2023,Block Bombers,Charlie Blackmon,16,OF,7859,exact,1.0,1.8979356530525346,0.6829684584577651,1.3350080740008181,0.278980087182714,0.6520637716899805,0.0,0.0,0.0,0.0,0.0,4.846956044383813,Charlie Blackmon,HIT,True
2023,Block Bombers,Mark Canha,12,OF,11445,exact,1.0,1.6981529527312151,0.939081630379427,2.069262514701268,0.7671952397524635,0.2814074593515945,0.0,0.0,0.0,0.0,0.0,5.755099796915968,Mark Canha,HIT,True
2023,Block Bombers,Chris Taylor,7,OF,13757,exact,1.0,1.6981529527312151,1.2805658596083096,1.8690113036011455,1.115920348730856,-0.35759893336611226,0.0,0.0,0.0,0.0,0.0,5.606051531305415,Chris Taylor,HIT,True
2023,Block Bombers,A.J. Minter,6,P,18655,exact,1.0,0.0,0.0,0.0,0.0,0.0,0.9991163042564483,1.8874704059553884,1.8320680253057797,0.3309841829323744,0.4361866414705812,5.485825559920571,A.J. Minter,PIT,True
2023,Block Bombers,Randal Grichuk,3,OF,10243,exact,1.0,2.164312586814294,1.3659369169155302,1.4685088814009,0.139490043591357,0.4213622872679655,0.0,0.0,0.0,0.0,0.0,5.559610715990046,Randal Grichuk,HIT,True
2023,Block Bombers,Luis Arraez,10,MI,18568,exact,1.0,2.3640952871356133,0.8537105730722064,2.3028889276514115,0.20923506538703548,3.6173124329499946,0.0,0.0,0.0,0.0,0.0,9.347242286196261,Luis Arraez,HIT,True
2023,Block Bombers,Trayce Thompson,1,OF,9952,exact,1.0,0.5660509842437383,0.5122263438433239,0.5673784314503477,0.139490043591357,-0.9808942679890208,0.0,0.0,0.0,0.0,0.0,0.8042515351397462,Trayce Thompson,HIT,True
2023,Block Bombers,Michael Wacha,2,P,14078,exact,1.0,0.0,0.0,0.0,0.0,0.0,4.6625427531967585,0.0,2.8046473473816875,1.95955592406292,1.0544215283310403,10.481167552972407,Michael Wacha,PIT,True
2023,Milwaukee Beers,Max Scherzer,33,P,3137,exact,1.0,0.0,0.0,0.0,0.0,0.0,4.329503985111276,0.0,3.912935412072838,0.7290432215628451,1.676528445921277,10.648011064668236,Max Scherzer,PIT,True
2023,Milwaukee Beers,Nolan Arenado,36,3B,9777,exact,1.0,2.3640952871356133,2.2196474899877368,3.103893772051902,0.20923506538703548,0.4516516654702803,0.0,0.0,0.0,0.0,0.0,8.348523280032568,Nolan Arenado,HIT,True
2023,Milwaukee Beers,Joey Meneses,18,1B,14366,exact,1.0,2.3640952871356133,1.1098237449938684,2.9703929646518206,0.0,0.8100685142848552,0.0,0.0,0.0,0.0,0.0,7.254380511066157,Joey Meneses,HIT,True
2023,Milwaukee Beers,Corbin Carroll,27,OF,25878,exact,1.0,3.862465539545509,2.134276432680516,2.5365153406015546,3.766231176966639,1.1838091922991392,0.0,0.0,0.0,0.0,0.0,13.483297682093356,Corbin Carroll,HIT,True
2023,Milwaukee Beers,Seranthony Dominguez,13,P,19249,exact,1.0,0.0,0.0,0.0,0.0,0.0,1.6651938404274138,0.3774940811910777,1.0856699409219435,0.26578116496155474,-0.48874882343314513,2.9053902040688446,Seranthony Domínguez,PIT,True
2023,Milwaukee Beers,Ross Stripling,14,P,13273,exact,1.0,0.0,0.0,0.0,0.0,0.0,0.0,0.0,1.583268663844501,-2.0731754832173515,-0.49805180742926053,-0.987958626802111,Ross Stripling,PIT,True
2023,Milwaukee Beers,Scott McGough,5,P,12056,exact,1.0,0.0,0.0,0.0,0.0,0.0,0.6660775361709655,1.6987233653598497,1.9451586441518156,-0.8787969039376958,-0.05707571343508307,3.374086928309852,Scott McGough,PIT,True
2023,Milwaukee Beers,Justin Steele,13,P,17312,exact,1.0,0.0,0.0,0.0,0.0,0.0,5.328620289367724,0.0,3.9807897833804597,2.8959873824757887,1.204876208398072,13.410273663622046,Justin Steele,PIT,True
2023,Milwaukee Beers,Gabriel Moreno,3,C,22664,exact,1.0,1.0988048517672568,0.5975974011505445,1.6687600925010226,0.41847013077407097,0.6948611169890854,0.0,0.0,0.0,0.0,0.0,4.47849359318198,Gabriel Moreno,HIT,True
2023,Milwaukee Beers,Daniel Hudson,3,P,7146,exact,1.0,0.0,0.0,0.0,0.0,0.0,0.0,0.18874704059553885,0.11309061884603579,0.23729689306624663,-0.09498735974264924,0.444147192765172,Daniel Hudson,PIT,True
2023,Milwaukee Beers,Tommy Pham,2,OF,2967,exact,1.0,1.8313414196120947,1.3659369169155302,2.269513725801391,1.534390479504927,0.07319377913596377,0.0,0.0,0.0,0.0,0.0,7.074376320969907,Tommy Pham,HIT,True
2023,Milwaukee Beers,Spencer Steer,6,CI,26323,exact,1.0,2.463986637296273,1.9635343180660747,2.870267359101759,1.0461753269351775,0.6954415832584852,0.0,0.0,0.0,0.0,0.0,9.03940522465777,Spencer Steer,HIT,True
2023,Milwaukee Beers,Dylan Carlson,3,OF,20126,exact,1.0,0.8990221514459374,0.4268552865361032,0.9011304499505522,0.20923506538703548,-0.5260201803380167,0.0,0.0,0.0,0.0,0.0,1.9102227729816115,Dylan Carlson,HIT,True
2023,Milwaukee Beers,Corey Dickerson,1,OF,10762,exact,1.0,0.39956540064263885,0.17074211461444128,0.5673784314503477,0.0,-0.06471372817673286,0.0,0.0,0.0,0.0,0.0,1.072972218530695,Corey Dickerson,HIT,True
2023,Milwaukee Beers,Joey Votto,1,U,4314,exact,1.0,0.8657250347257175,1.195194802301089,1.2682576703007773,0.0,-0.7969561530995892,0.0,0.0,0.0,0.0,0.0,2.5322213542279943,Joey Votto,HIT,True
2023,Milwaukee Beers,Ryne Nelson,1,P,26253,exact,1.0,0.0,0.0,0.0,0.0,0.0,2.664310144683862,0.0,2.171339881843887,-3.084493411809849,-1.5389649165570198,0.21219169816088024,Ryne Nelson,PIT,True
2024,Moben,Bobby Witt,39,SS,25764,exact,1.0,3.718052051477449,2.3566728494784517,3.243964114078853,1.797929137073979,2.795246312633949,0.0,0.0,0.0,0.0,0.0,13.911864464742681,Bobby Witt Jr.,HIT,True
2024,Moben,Fernando Tatis Jr.,34,RF,19709,curated,1.0,1.903642650356454,1.5465665574702339,1.4582957944024202,0.6379748550907667,0.5059123506722902,0.0,0.0,0.0,0.0,0.0,6.052392207992165,Fernando Tatis Jr.,HIT,True
2024,Moben,Bailey Ober,11,SP,21224,curated,1.0,0.0,0.0,0.0,0.0,0.0,3.270235304240269,0.0,3.6071512358832813,-1.0135651872032074,1.8956587595883974,7.759480112508741,Bailey Ober,PIT,True
2024,Moben,Royce Lewis,27,3B,20437,curated,1.0,1.1897766564727836,1.1783364247392258,1.3987735170798725,0.0,-0.35038567525876263,0.0,0.0,0.0,0.0,0.0,3.4165009230331194,Royce Lewis,HIT,True
2024,Moben,Andres Gimenez,15,2B,19950,curated,1.0,1.903642650356454,0.6628142389158145,1.8749517356602545,1.7399314229748184,-0.057410198330340736,0.0,0.0,0.0,0.0,0.0,6.123929849577001,Andrés Giménez,HIT,True
2024,Moben,Jazz Chisholm Jr.,15,CF,20454,curated,1.0,2.20108681447465,1.7675046371088388,2.1725631222729933,2.3199085639664245,0.09854431078828443,0.0,0.0,0.0,0.0,0.0,8.559607448611192,Jazz Chisholm Jr.,HIT,True
2024,Moben,Joe Musgrove,10,SP,12970,curated,1.0,0.0,0.0,0.0,0.0,0.0,1.6351176521201345,0.0,1.9074464650482275,-0.44942790380039654,0.019643514335428578,3.112779727703394,Joe Musgrove,PIT,True
2024,Moben,Jackson Chourio,14,CF,28806,curated,1.0,2.3795533129455673,1.5465665574702339,2.3511299542406365,1.2759497101815334,0.6143205772428484,0.0,0.0,0.0,0.0,0.0,8.167520112080819,Jackson Chourio,HIT,True
2024,Moben,Josh Naylor,9,1B,18839,curated,1.0,2.498530978592846,2.28302682293225,3.2142029754175794,0.34798628459496367,-0.3367731223140559,0.0,0.0,0.0,0.0,0.0,8.006973939223583,Josh Naylor,HIT,True
2024,Moben,Tanner Scott,6,RP,17586,curated,1.0,0.0,0.0,0.0,0.0,0.0,2.4526764781802015,3.2616917614585543,1.5863911194460505,2.307497012560587,0.23282849560165625,9.84108486724705,Tanner Scott,PIT,True
2024,Moben,Bryan Reynolds,13,LF,19326,curated,1.0,2.1713423980628304,1.7675046371088388,2.6189802021921014,0.5799771409916061,0.7369269108185241,0.0,0.0,0.0,0.0,0.0,7.874731289173901,Bryan Reynolds,HIT,True
2024,Moben,Pete Fairbanks,4,RP,17998,curated,1.0,0.0,0.0,0.0,0.0,0.0,0.8175588260600672,3.4099504778884886,0.8309667768526932,0.02986950671466723,-0.008983212755538235,5.079362374760378,Pete Fairbanks,PIT,True
2024,Moben,Noelvi Marte,1,3B,26517,curated,1.0,0.7138659938836702,0.29458410618480646,0.5357004959029299,0.5219794268924455,-0.5727394978915654,0.0,0.0,0.0,0.0,0.0,1.4933905249722865,Noelvi Marte,HIT,True
2024,Moben,Hunter Brown,4,SP,25880,curated,1.0,0.0,0.0,0.0,0.0,0.0,2.9977156955535795,0.0,3.3805239331052745,0.3675002549741288,-1.0650142743701894,5.680725609262793,Hunter Brown,PIT,True
2024,Moben,Sean Murphy,2,C,19352,curated,1.0,0.5651439118245722,0.7364602654620162,0.7440284665318471,0.0,-0.8674686554156741,0.0,0.0,0.0,0.0,0.0,1.1781639884027613,Sean Murphy,HIT,True
2024,Moben,Jackson Holliday,3,SS,31781,curated,1.0,0.8328436595309486,0.3682301327310081,0.6845061892092993,0.23199085639664244,-0.7011621752328034,0.0,0.0,0.0,0.0,0.0,1.4164086626350954,Jackson Holliday,HIT,True
2024,Moben,Taylor Ward,1,LF,17548,curated,1.0,2.1713423980628304,1.8411506636550403,2.232085399595541,0.34798628459496367,-0.2712862791015488,0.0,0.0,0.0,0.0,0.0,6.3212784668068265,Taylor Ward,HIT,True
2024,Moben,MacKenzie Gore,1,SP,22201,curated,1.0,0.0,0.0,0.0,0.0,0.0,2.7251960868668905,0.0,3.4182951502349423,-0.7179507433118383,-2.638444187993574,2.7870963057964206,MacKenzie Gore,PIT,True
2024,McBlocks,Trea Turner,26,SS,16252,curated,1.0,2.6175086442401243,1.5465665574702339,1.8451905969989806,1.1019565678840517,1.1739443383920716,0.0,0.0,0.0,0.0,0.0,8.285166704985462,Trea Turner,HIT,True
2024,McBlocks,Jose Altuve,19,2B,5417,curated,1.0,2.795975142711042,1.4729205309240323,1.9344740129828022,1.2759497101815334,1.4199891529502968,0.0,0.0,0.0,0.0,0.0,8.899308549749707,Jose Altuve,HIT,True
2024,McBlocks,Jonah Heim,6,C,16930,curated,1.0,1.3384987385318816,0.9573983451006209,1.755907181015159,0.05799771409916061,-0.8708257214755847,0.0,0.0,0.0,0.0,0.0,3.2389762572712377,Jonah Heim,HIT,True
2024,McBlocks,Cristopher Sanchez,5,SP,20778,curated,1.0,0.0,0.0,0.0,0.0,0.0,2.9977156955535795,0.0,2.8894981104195923,0.8641107624600006,-0.7956257514646208,5.955698816968552,Cristopher Sánchez,PIT,True
2024,McBlocks,Randy Arozarena,20,LF,19290,curated,1.0,2.2903200637101087,1.4729205309240323,1.785668319676433,1.1599542819832123,-1.1475815696891916,0.0,0.0,0.0,0.0,0.0,5.561281626604594,Randy Arozarena,HIT,True
2024,McBlocks,Spencer Torkelson,17,1B,27465,curated,1.0,1.3384987385318816,0.7364602654620162,1.1011621304671335,0.0,-0.6894881843276023,0.0,0.0,0.0,0.0,0.0,2.486632950133429,Spencer Torkelson,HIT,True
2024,McBlocks,Max Fried,19,SP,13743,curated,1.0,0.0,0.0,0.0,0.0,0.0,2.9977156955535795,0.0,3.135011021762433,1.030432358548852,0.06987014425429337,7.233029220119159,Max Fried,PIT,True
2024,McBlocks,Zack Gelof,9,2B,29766,curated,1.0,1.7846649847091756,1.2519824512854274,1.4582957944024202,1.4499428524790152,-1.1996739599726418,0.0,0.0,0.0,0.0,0.0,4.745212122903397,Zack Gelof,HIT,True
2024,McBlocks,Manny Machado,20,3B,11493,curated,1.0,2.2903200637101087,2.135734769839847,3.1249195594337573,0.6379748550907667,0.7082356583177095,0.0,0.0,0.0,0.0,0.0,8.897184906392189,Manny Machado,HIT,True
2024,McBlocks,Dylan Cease,17,SP,18525,curated,1.0,0.0,0.0,0.0,0.0,0.0,3.815274521613647,0.0,4.230376318522802,0.4621387498834417,1.238486604190557,9.746276194210449,Dylan Cease,PIT,True
2024,McBlocks,Hunter Harvey,1,RP,15507,curated,1.0,0.0,0.0,0.0,0.0,0.0,0.5450392173733781,0.1482587164299343,1.0198228625010324,-0.7409596781846786,-0.4967032687486221,0.475457849371044,Hunter Harvey,PIT,True
2024,McBlocks,Brandon Marsh,1,CF,20202,curated,1.0,1.6359429026500776,1.1783364247392258,1.785668319676433,1.1019565678840517,-0.10101267378634356,0.0,0.0,0.0,0.0,0.0,5.600891541163445,Brandon Marsh,HIT,True
2024,McBlocks,Rhys Hoskins,4,1B,16472,curated,1.0,1.754920568297356,1.9147966902012419,2.440413370224458,0.17399314229748183,-1.085223474215899,0.0,0.0,0.0,0.0,0.0,5.198900296804638,Rhys Hoskins,HIT,True
2024,McBlocks,Anthony Santander,3,RF,14551,curated,1.0,2.706741893475583,3.240425168032871,3.0356361434499357,0.11599542819832122,-0.6334096107562367,0.0,0.0,0.0,0.0,0.0,8.465389022400474,Anthony Santander,HIT,True
2024,McBlocks,Lourdes Gurriel,1,LF,19238,exact,1.0,2.1415979816510107,1.325628477831629,2.232085399595541,0.40598399869412427,0.7039674799257961,0.0,0.0,0.0,0.0,0.0,6.809263337698101,Lourdes Gurriel Jr.,HIT,True
2024,Spehr's Army,Kyle Tucker,33,RF,18345,curated,1.0,1.6656873190618973,1.693858610562637,1.4582957944024202,0.6379748550907667,0.632008512979004,0.0,0.0,0.0,0.0,0.0,6.087825092096725,Kyle Tucker,HIT,True
2024,Spehr's Army,Marcus Semien,23,2B,12533,curated,1.0,3.004186057593779,1.693858610562637,2.202324260934267,0.4639817127932849,-0.5835096743030996,0.0,0.0,0.0,0.0,0.0,6.780840967580868,Marcus Semien,HIT,True
2024,Spehr's Army,Luis Castillo,28,SP,15689,curated,1.0,0.0,0.0,0.0,0.0,-0.015314412278382206,2.9977156955535795,0.0,3.3049814988459385,-0.053378927885981343,0.01724519466745545,6.25124904890261,Luis Castillo,HIT,True
2024,Spehr's Army,Sonny Gray,11,SP,12768,curated,1.0,0.0,0.0,0.0,0.0,0.0,3.542754912926958,0.0,3.8337785386612886,-0.5744893592117786,0.876983609977707,7.679027702354174,Sonny Gray,PIT,True
2024,Spehr's Army,Josh Jung,6,3B,26299,curated,1.0,0.5651439118245722,0.5155221858234112,0.4761782185803821,0.23199085639664244,0.09722292906061833,0.0,0.0,0.0,0.0,0.0,1.8860581016856264,Josh Jung,HIT,True
2024,Spehr's Army,Triston Casas,10,1B,22514,curated,1.0,0.8328436595309486,0.9573983451006209,0.9523564371607642,0.0,-0.17739932651546866,0.0,0.0,0.0,0.0,0.0,2.5651991152768647,Triston Casas,HIT,True
2024,Spehr's Army,Cole Ragans,11,RP,21846,curated,1.0,0.0,0.0,0.0,0.0,0.0,2.9977156955535795,0.0,4.2114907099579675,1.4239289455218052,0.32575903470916473,8.958894385742518,Cole Ragans,PIT,True
2024,Spehr's Army,Seiya Suzuki,16,RF,30116,curated,1.0,2.20108681447465,1.5465665574702339,2.1725631222729933,0.9279634255865697,0.9062831566901982,0.0,0.0,0.0,0.0,0.0,7.754463076494645,Seiya Suzuki,HIT,True
2024,Spehr's Army,Michael King,3,RP,19853,curated,1.0,0.0,0.0,0.0,0.0,0.0,3.542754912926958,0.0,3.777121712966787,1.8358192703731486,-0.1880119316367728,8.96768396463012,Michael King,PIT,True
2024,Spehr's Army,Maikel Garcia,4,3B,22715,curated,1.0,2.498530978592846,0.5155221858234112,1.726146042353885,2.1459154216689424,-0.6993126656746433,0.0,0.0,0.0,0.0,0.0,6.1868019627644415,Maikel Garcia,HIT,True
2024,Spehr's Army,Jordan Romano,1,RP,16122,curated,1.0,0.0,0.0,0.0,0.0,0.0,0.27251960868668906,1.1860697314394744,0.24551291134284114,-0.7498626069719201,-0.2518970016839119,0.7023426428131725,Jordan Romano,PIT,True
2024,Spehr's Army,Anthony Volpe,2,SS,27647,curated,1.0,2.6769974770637632,0.8837523185544194,1.785668319676433,1.623935994776497,-0.33063384761017306,0.0,0.0,0.0,0.0,0.0,6.63972026246094,Anthony Volpe,HIT,True
2024,Spehr's Army,Logan O'Hoppe,1,C,24729,curated,1.0,1.903642650356454,1.4729205309240323,1.6666237650313374,0.11599542819832122,-0.2503698312578443,0.0,0.0,0.0,0.0,0.0,4.908812543252301,Logan O'Hoppe,HIT,True
2024,Spehr's Army,Victor Scott II,1,CF,31349,curated,1.0,0.4164218297654743,0.14729205309240323,0.29761138661273884,0.28998857049580307,-0.6365752791970598,0.0,0.0,0.0,0.0,0.0,0.5147385607693598,Victor Scott II,HIT,True
2024,All-Stars,Jose Ramirez,30,3B,13510,curated,1.0,3.3908634709474335,2.872195035301863,3.511814362030318,2.377906278065585,0.8645265065533535,0.0,0.0,0.0,0.0,0.0,13.017305652898553,José Ramírez,HIT,True
2024,All-Stars,Blake Snell,16,SP,13543,curated,1.0,0.0,0.0,0.0,0.0,0.0,1.3625980434334453,0.0,2.7384132419009206,0.8914551613279139,0.8627651260439385,5.855231572706218,Blake Snell,PIT,True
2024,All-Stars,Adolis Garcia,21,RF,19287,curated,1.0,2.0226203160037324,1.8411506636550403,2.5296967862082798,0.6379748550907667,-0.9516612839473662,0.0,0.0,0.0,0.0,0.0,6.079781337010454,Adolis García,HIT,True
2024,All-Stars,Christian Yelich,18,LF,11477,curated,1.0,1.3087543221200622,0.8101062920082177,1.249967823773503,1.2179519960823728,1.0009964679414851,0.0,0.0,0.0,0.0,0.0,5.587776901925642,Christian Yelich,HIT,True
2024,All-Stars,Grayson Rodriguez,18,SP,24492,curated,1.0,0.0,0.0,0.0,0.0,0.0,3.542754912926958,0.0,2.4362435048635778,-0.46523938927644987,-0.5148327569644456,4.99892627154964,Grayson Rodriguez,PIT,True
2024,All-Stars,Emmanuel Clase,15,RP,21032,curated,1.0,0.0,0.0,0.0,0.0,0.0,1.0900784347467563,6.9681596722069115,1.2464501652790396,3.812283063686533,2.584360119104897,15.701331455024137,Emmanuel Clase,PIT,True
2024,All-Stars,Adley Rutschman,14,C,26288,curated,1.0,2.0226203160037324,1.3992745043778305,2.3511299542406365,0.05799771409916061,-0.072314498770648,0.0,0.0,0.0,0.0,0.0,5.758707989950711,Adley Rutschman,HIT,True
2024,All-Stars,Ketel Marte,13,2B,13613,curated,1.0,2.7662307262992223,2.651256955663258,2.8273081728210188,0.40598399869412427,1.14546174201594,0.0,0.0,0.0,0.0,0.0,9.796241595493562,Ketel Marte,HIT,True
2024,All-Stars,Evan Carter,10,LF,27790,curated,1.0,0.6841215774718507,0.3682301327310081,0.44641707991910823,0.11599542819832122,-0.5485159601000726,0.0,0.0,0.0,0.0,0.0,1.0662482582202157,Evan Carter,HIT,True
2024,All-Stars,Thairo Estrada,8,2B,16426,curated,1.0,1.2790099057082425,0.6628142389158145,1.3987735170798725,0.11599542819832122,-0.7470826077493157,0.0,0.0,0.0,0.0,0.0,2.709510482152935,Thairo Estrada,HIT,True
2024,All-Stars,Joshua Lowe,9,RF,19953,initial_last,0.9,1.100543407237325,0.7364602654620162,1.011878714483312,1.4499428524790152,-0.24398089835381687,0.0,0.0,0.0,0.0,0.0,4.054844341307851,Josh Lowe,HIT,True
2024,All-Stars,Ryan Pepiot,4,RP,26221,curated,1.0,0.0,0.0,0.0,0.0,0.0,2.1801568694935125,0.0,2.6817564162064187,0.06396608475568642,0.1573361186774584,5.083215489133075,Ryan Pepiot,PIT,True
2024,All-Stars,Brandon Drury,2,2B,11615,curated,1.0,0.8328436595309486,0.29458410618480646,0.44641707991910823,0.05799771409916061,-1.5679603263014095,0.0,0.0,0.0,0.0,0.0,0.06388223343261457,Brandon Drury,HIT,True
2024,All-Stars,Salvador Perez,4,C,7304,curated,1.0,1.7251761518855364,1.9884427167474434,3.0951584207724836,0.0,0.5944300103693871,0.0,0.0,0.0,0.0,0.0,7.403207299774851,Salvador Perez,HIT,True
2024,All-Stars,Bryce Miller,1,SP,29837,curated,1.0,0.0,0.0,0.0,0.0,0.0,3.270235304240269,0.0,3.229439064586603,1.938435449406965,2.224122720734362,10.6622325389682,Bryce Miller,PIT,True
2024,All-Stars,Cristian Javier,1,SP,17606,curated,1.0,0.0,0.0,0.0,0.0,0.0,0.8175588260600672,0.0,0.5099114312505162,-0.1902644636348914,-0.5559546189254433,0.5812511747502488,Cristian Javier,PIT,True
2024,New York Polar Bears,Julio Rodriguez,36,CF,23697,curated,1.0,2.260575647298289,1.4729205309240323,2.023757428966624,1.3919451383798547,0.6460553628839872,0.0,0.0,0.0,0.0,0.0,7.795254108452787,Julio Rodríguez,HIT,True
2024,New York Polar Bears,Austin Riley,28,3B,18360,curated,1.0,1.8738982339446344,1.3992745043778305,1.6666237650313374,0.0,0.09954348406176448,0.0,0.0,0.0,0.0,0.0,5.039339987415567,Austin Riley,HIT,True
2024,New York Polar Bears,Luis Robert,26,CF,20043,exact,1.0,1.397987571355521,1.0310443716468225,1.0416398531445858,1.3339474242806941,-0.6365764137153122,0.0,0.0,0.0,0.0,0.0,4.168042806712311,Luis Robert Jr.,HIT,True
2024,New York Polar Bears,Gunnar Henderson,29,3B,26289,curated,1.0,3.509841136594712,2.7249029822094597,2.738024756837197,1.2179519960823728,1.0065155889358715,0.0,0.0,0.0,0.0,0.0,11.197236460659614,Gunnar Henderson,HIT,True
2024,New York Polar Bears,Bo Bichette,21,SS,19612,curated,1.0,0.8625880759427682,0.29458410618480646,0.9225952984994903,0.28998857049580307,-0.4967350146642961,0.0,0.0,0.0,0.0,0.0,1.8730210364585718,Bo Bichette,HIT,True
2024,New York Polar Bears,Chris Bassitt,9,SP,12304,curated,1.0,0.0,0.0,0.0,0.0,0.0,2.7251960868668905,0.0,3.172782238892101,-1.43380067586437,-3.155460011735239,1.308717638159382,Chris Bassitt,PIT,True
2024,New York Polar Bears,Chris Sale,9,SP,10603,curated,1.0,0.0,0.0,0.0,0.0,0.0,4.905352956360403,0.0,4.230376318522802,3.484210492162733,1.7591633508357165,14.379103117881654,Chris Sale,PIT,True
2024,New York Polar Bears,Vinnie Pasquantino,9,1B,27676,curated,1.0,1.903642650356454,1.3992745043778305,2.8868304501435667,0.05799771409916061,0.23835349930337602,0.0,0.0,0.0,0.0,0.0,6.486098818280388,Vinnie Pasquantino,HIT,True
2024,New York Polar Bears,Zach Eflin,15,SP,13774,curated,1.0,0.0,0.0,0.0,0.0,0.0,2.7251960868668905,0.0,2.5306715476877475,0.08501182785416124,0.2269578996907641,5.567837362099564,Zach Eflin,PIT,True
2024,New York Polar Bears,Justin Verlander,4,SP,8700,curated,1.0,0.0,0.0,0.0,0.0,0.0,1.3625980434334453,0.0,1.3975350337977113,-2.824832909412815,-1.3068671308065032,-1.371566962988162,Justin Verlander,PIT,True
2024,New York Polar Bears,Nick Castellanos,9,RF,11737,curated,1.0,2.3795533129455673,1.693858610562637,2.559457924869554,0.34798628459496367,-0.00623818403465003,0.0,0.0,0.0,0.0,0.0,6.9746179489380715,Nick Castellanos,HIT,True
2024,New York Polar Bears,Ezequiel Tovar,3,SS,24064,curated,1.0,2.4687865621810263,1.9147966902012419,2.321368815579363,0.34798628459496367,0.5422106401429776,0.0,0.0,0.0,0.0,0.0,7.5951489926995714,Ezequiel Tovar,HIT,True
2024,New York Polar Bears,Tommy Edman,7,2B,19470,curated,1.0,0.5948883282363918,0.4418761592772097,0.5952227732254777,0.34798628459496367,-0.13268402573340884,0.0,0.0,0.0,0.0,0.0,1.8472895196006343,Tommy Edman,HIT,True
2024,New York Polar Bears,Shane Bieber,9,SP,19427,curated,1.0,0.0,0.0,0.0,0.0,0.0,0.5450392173733781,0.0,0.3777121712966787,0.7769266795956902,0.21939104868354412,1.9190691169492913,Shane Bieber,PIT,True
2024,New York Polar Bears,Logan Gilbert,12,SP,22250,curated,1.0,0.0,0.0,0.0,0.0,0.0,2.4526764781802015,0.0,4.154833884263466,1.2514260322209494,3.669365399333197,11.528301793997814,Logan Gilbert,PIT,True
2024,New York Polar Bears,Nolan Gorman,4,2B,22263,curated,1.0,1.249265489296423,1.3992745043778305,1.4880569330636941,0.34798628459496367,-1.0793426984575254,0.0,0.0,0.0,0.0,0.0,3.4052405128753858,Nolan Gorman,HIT,True
2024,New York Polar Bears,Aaron Civale,1,SP,19479,curated,1.0,0.0,0.0,0.0,0.0,0.0,2.1801568694935125,0.0,2.813955676160256,-1.8804400766639568,-1.3635456550677916,1.75012681392202,Aaron Civale,PIT,True
2024,New York Polar Bears,Christian Encarnacion-Strand,3,1B,30011,curated,1.0,0.3866774133536547,0.14729205309240323,0.4761782185803821,0.0,-0.4397747218179609,0.0,0.0,0.0,0.0,0.0,0.5703729632084791,Christian Encarnacion-Strand,HIT,True
2024,New York Polar Bears,Nick Pivetta,1,RP,15454,curated,1.0,0.0,0.0,0.0,0.0,0.0,1.6351176521201345,0.0,3.229439064586603,-1.2277016001660481,0.4681894448167471,4.105044561357436,Nick Pivetta,PIT,True
2024,Pookie 2.0,Framber Valdez,23,SP,17295,curated,1.0,0.0,0.0,0.0,0.0,0.0,4.087794130300336,0.0,3.191667847456935,1.9988308545812754,0.7264422001714533,10.004735032509998,Framber Valdez,PIT,True
2024,Pookie 2.0,Aaron Judge,39,RF,15640,curated,1.0,3.6288188022419905,4.271469539679694,4.285603967223439,0.5799771409916061,2.4096565968195067,0.0,0.0,0.0,0.0,0.0,15.175526046956236,Aaron Judge,HIT,True
2024,Pookie 2.0,Shohei Ohtani,32,DH,19755,curated,1.0,3.9857517991838254,3.976885433494887,3.8689480259656044,3.4218651318504762,2.066142314148762,0.0,0.0,0.0,0.0,0.0,17.319592704643554,Shohei Ohtani,HIT,True
2024,Pookie 2.0,George Kirby,25,SP,25436,curated,1.0,0.0,0.0,0.0,0.0,0.0,3.815274521613647,0.0,3.3805239331052745,0.2875503849445702,1.2511800891932285,8.73452892885672,George Kirby,PIT,True
2024,Pookie 2.0,Jhoan Duran,11,RP,21029,curated,1.0,0.0,0.0,0.0,0.0,0.0,1.6351176521201345,3.4099504778884886,1.2464501652790396,-0.027838943638967672,0.029228314977913863,6.292907666626609,Jhoan Duran,PIT,True
2024,Pookie 2.0,Carlos Rodon,10,SP,16137,curated,1.0,0.0,0.0,0.0,0.0,0.0,4.360313738987025,0.0,3.6826936701426174,-0.9146518175580659,-0.5619440595688492,6.5664115320027285,Carlos Rodón,PIT,True
2024,Pookie 2.0,Gerrit Cole,13,SP,13125,curated,1.0,0.0,0.0,0.0,0.0,0.0,2.1801568694935125,0.0,1.8696752479185597,0.34964539105325804,0.2936795280768245,4.693157036542155,Gerrit Cole,PIT,True
2024,Pookie 2.0,Nolan Arenado,12,3B,9777,curated,1.0,2.0821091488273717,1.1783364247392258,2.1130408449504454,0.11599542819832122,0.5845785504978414,0.0,0.0,0.0,0.0,0.0,6.074060397213206,Nolan Arenado,HIT,True
2024,Pookie 2.0,Xander Bogaerts,7,SS,12161,curated,1.0,1.4872208205909796,0.8101062920082177,1.3094901010960507,0.753970283289088,0.24339379200761557,0.0,0.0,0.0,0.0,0.0,4.604181288991951,Xander Bogaerts,HIT,True
2024,Pookie 2.0,Teoscar Hernandez,6,RF,13066,curated,1.0,2.498530978592846,2.430318876024653,2.946352727466114,0.6959725691899273,0.5944300103693871,0.0,0.0,0.0,0.0,0.0,9.165605161642926,Teoscar Hernández,HIT,True
2024,Pookie 2.0,Andres Munoz,3,RP,20373,curated,1.0,0.0,0.0,0.0,0.0,0.0,0.8175588260600672,3.2616917614585543,1.454191859492213,1.523746632833451,0.847665380371466,7.904854460215751,Andrés Muñoz,PIT,True
2024,Pookie 2.0,Esteury Ruiz,7,CF,21780,curated,1.0,0.2974441641181959,0.14729205309240323,0.23808910929019106,0.28998857049580307,-0.1772141724071134,0.0,0.0,0.0,0.0,0.0,0.7955997245894799,Esteury Ruiz,HIT,True
2024,Pookie 2.0,Mitch Garver,1,DH,15161,curated,1.0,1.100543407237325,1.1046903981930243,1.5178180717249679,0.0,-1.8394053612902561,0.0,0.0,0.0,0.0,0.0,1.883646515865061,Mitch Garver,HIT,True
2024,Pookie 2.0,Chas McCormick,1,LF,19599,curated,1.0,0.951821325178227,0.3682301327310081,0.8035507438543948,0.4639817127932849,-0.6194795831902725,0.0,0.0,0.0,0.0,0.0,1.968104331366642,Chas McCormick,HIT,True
2024,Producers,Yordan Alvarez,31,DH,19556,curated,1.0,2.6175086442401243,2.5776109291170566,2.559457924869554,0.34798628459496367,1.7575965564731824,0.0,0.0,0.0,0.0,0.0,9.860160339294879,Yordan Alvarez,HIT,True
2024,Producers,Francisco Lindor,21,SS,12916,curated,1.0,3.1826525560646965,2.430318876024653,2.708263618175923,1.6819337088756576,0.6684209274095206,0.0,0.0,0.0,0.0,0.0,10.671589686550451,Francisco Lindor,HIT,True
2024,Producers,Tanner Bibee,17,SP,30134,curated,1.0,0.0,0.0,0.0,0.0,0.0,3.270235304240269,0.0,3.512723193059112,0.4081946732944182,0.6388592400228252,7.830012410616625,Tanner Bibee,PIT,True
2024,Producers,Paul Goldschmidt,18,1B,9218,curated,1.0,2.0821091488273717,1.6202125840164354,1.9344740129828022,0.6379748550907667,-0.2699994302385404,0.0,0.0,0.0,0.0,0.0,6.004771170678836,Paul Goldschmidt,HIT,True
2024,Producers,Joe Ryan,16,SP,21390,curated,1.0,0.0,0.0,0.0,0.0,0.0,1.9076372608068235,0.0,2.7761844590305884,0.06619228281836943,1.6500428899343587,6.40005689259014,Joe Ryan,PIT,True
2024,Producers,Wyatt Langford,16,LF,33333,curated,1.0,2.20108681447465,1.1783364247392258,2.202324260934267,1.1019565678840517,-0.0301432473836898,0.0,0.0,0.0,0.0,0.0,6.653560820648505,Wyatt Langford,HIT,True
2024,Producers,Bobby Miller,10,SP,27483,curated,1.0,0.0,0.0,0.0,0.0,0.0,0.5450392173733781,0.0,0.9820516453713646,-4.72149652292388,-2.306795983393021,-5.501201643572159,Bobby Miller,PIT,True
2024,Producers,Jordan Walker,11,RF,27475,curated,1.0,0.4759106625891135,0.3682301327310081,0.5952227732254777,0.05799771409916061,-0.47666795472988815,0.0,0.0,0.0,0.0,0.0,1.0206933279148716,Jordan Walker,HIT,True
2024,Producers,Isaac Paredes,2,3B,20036,curated,1.0,1.903642650356454,1.3992745043778305,2.3808910929019107,0.05799771409916061,-0.49135041078093744,0.0,0.0,0.0,0.0,0.0,5.250455550954419,Isaac Paredes,HIT,True
2024,Producers,Jorge Polanco,1,2B,13152,curated,1.0,1.2790099057082425,1.1783364247392258,1.3392512397573246,0.23199085639664244,-0.9830950406745214,0.0,0.0,0.0,0.0,0.0,3.045493385926914,Jorge Polanco,HIT,True
2024,Producers,Jose Berrios,2,SP,14168,curated,1.0,0.0,0.0,0.0,0.0,0.0,4.360313738987025,0.0,2.8894981104195923,0.06799645658726004,0.2009788394564967,7.518787145450374,José Berríos,PIT,True
2024,Producers,Kodai Senga,1,SP,31838,curated,1.0,0.0,0.0,0.0,0.0,0.0,0.27251960868668906,0.0,0.1699704770835054,0.009207616745478566,0.21417061792346984,0.6658683204391428,Kodai Senga,PIT,True
2024,Producers,Byron Buxton,1,DH,14161,curated,1.0,1.8441538175328147,1.325628477831629,1.6666237650313374,0.40598399869412427,0.48958579118057455,0.0,0.0,0.0,0.0,0.0,5.731975850270479,Byron Buxton,HIT,True
2024,Producers,Starling Marte,1,RF,9241,curated,1.0,1.3682431549437013,0.5155221858234112,1.1904455464509553,0.9279634255865697,0.32087335842598613,0.0,0.0,0.0,0.0,0.0,4.323047671230624,Starling Marte,HIT,True
2024,Phenoms,Yu Darvish,15,SP,13074,curated,1.0,0.0,0.0,0.0,0.0,0.0,1.9076372608068235,0.0,1.4730774680570469,0.41928983134577186,0.5561368452569047,4.356141405466547,Yu Darvish,PIT,True
2024,Phenoms,Yoshinobu Yamamoto,27,SP,33825,curated,1.0,0.0,0.0,0.0,0.0,0.0,1.9076372608068235,0.0,1.982988899307563,0.9540107466240333,0.37154404977834116,5.216180956516761,Yoshinobu Yamamoto,PIT,True
2024,Phenoms,Corbin Burnes,28,SP,19361,curated,1.0,0.0,0.0,0.0,0.0,0.0,4.087794130300336,0.0,3.4182951502349423,2.151857561632516,0.9120849072038679,10.570031749371662,Corbin Burnes,PIT,True
2024,Phenoms,Pablo Lopez,24,SP,17085,curated,1.0,0.0,0.0,0.0,0.0,0.0,4.087794130300336,0.0,3.7393504958371193,-1.322735226636365,-0.2527031248728604,6.25170627462823,Pablo López,PIT,True
2024,Phenoms,Tyler Glasnow,22,SP,14374,curated,1.0,0.0,0.0,0.0,0.0,0.0,2.4526764781802015,0.0,3.172782238892101,0.3004821479462267,1.966761789581729,7.892702654600257,Tyler Glasnow,PIT,True
2024,Phenoms,Logan Webb,26,SP,17995,curated,1.0,0.0,0.0,0.0,0.0,0.0,3.542754912926958,0.0,3.248324673151437,0.4701011849555334,-0.723346263528957,6.537834507504971,Logan Webb,PIT,True
2024,Phenoms,Alex Bregman,12,3B,17678,curated,1.0,2.349808896533748,1.9147966902012419,2.232085399595541,0.17399314229748183,0.20776078480694538,0.0,0.0,0.0,0.0,0.0,6.878444913434958,Alex Bregman,HIT,True
2024,Phenoms,Dansby Swanson,4,SS,18314,curated,1.0,2.4390421457692066,1.1783364247392258,1.9642351516440761,1.1019565678840517,-0.3873861692265034,0.0,0.0,0.0,0.0,0.0,6.296184120810056,Dansby Swanson,HIT,True
2024,Phenoms,Bryan De La Cruz,1,LF,19600,curated,1.0,1.8144094011209952,1.5465665574702339,2.023757428966624,0.28998857049580307,-0.6429449877210527,0.0,0.0,0.0,0.0,0.0,5.031776970332603,Bryan De La Cruz,HIT,True
2024,Phenoms,Michael Conforto,3,RF,16376,curated,1.0,1.6656873190618973,1.4729205309240323,1.9642351516440761,0.0,-0.4299670992119598,0.0,0.0,0.0,0.0,0.0,4.6728759024180455,Michael Conforto,HIT,True
2024,Phenoms,Will Brennan,1,RF,25660,curated,1.0,1.100543407237325,0.5891682123696129,0.8928341598382165,0.23199085639664244,0.20922848993397208,0.0,0.0,0.0,0.0,0.0,3.023765125775769,Will Brennan,HIT,True
2024,Phenoms,Trevor Story,2,SS,12564,curated,1.0,0.23795533129455676,0.14729205309240323,0.29761138661273884,0.34798628459496367,0.03946516400006321,0.0,0.0,0.0,0.0,0.0,1.0703102195947256,Trevor Story,HIT,True
2024,Phenoms,Cal Stevenson,1,CF,22411,curated,1.0,0.05948883282363919,0.0,0.17856683196764328,0.0,-0.02034867472645022,0.0,0.0,0.0,0.0,0.0,0.21770699006483227,Cal Stevenson,HIT,True
2024,Phenoms,Aaron Phillips,1,RP,-1,unmatched,0.8148148148148148,0.0,0.0,0.0,0.0,0.0,0.0,0.0,0.0,0.0,0.0,0.0,,,False
2024,Phenoms,Sean Harney,1,RP,-1,unmatched,0.7272727272727273,0.0,0.0,0.0,0.0,0.0,0.0,0.0,0.0,0.0,0.0,0.0,,,False
2024,Phenoms,Matt Frawley,1,RP,-1,unmatched,0.6363636363636364,0.0,0.0,0.0,0.0,0.0,0.0,0.0,0.0,0.0,0.0,0.0,,,False
2024,Lisbon Long Balls,Vladimir Guerrero Jr.,37,1B,19611,curated,1.0,2.9149528083583203,2.2093807963860486,3.06539728211121,0.11599542819832122,2.4547979929613226,0.0,0.0,0.0,0.0,0.0,10.760524308015222,Vladimir Guerrero Jr.,HIT,True
2024,Lisbon Long Balls,Mookie Betts,35,RF,13611,curated,1.0,2.2308312308864693,1.3992745043778305,2.232085399595541,0.9279634255865697,0.9544146805565029,0.0,0.0,0.0,0.0,0.0,7.744569241002913,Mookie Betts,HIT,True
2024,Lisbon Long Balls,Kenley Jansen,6,RP,3096,curated,1.0,0.0,0.0,0.0,0.0,0.0,1.0900784347467563,4.002985343608226,1.1520221224548701,0.28934592089563904,0.3836506386955364,6.918082460401028,Kenley Jansen,PIT,True
2024,Lisbon Long Balls,Rafael Devers,30,3B,17350,curated,1.0,2.5877642278283046,2.062088743293645,2.4701745088857323,0.17399314229748183,0.5790521146882746,0.0,0.0,0.0,0.0,0.0,7.873072736993438,Rafael Devers,HIT,True
2024,Lisbon Long Balls,Corey Seager,30,SS,13624,curated,1.0,2.0226203160037324,2.2093807963860486,2.202324260934267,0.05799771409916061,0.6809521027445062,0.0,0.0,0.0,0.0,0.0,7.173275190167715,Corey Seager,HIT,True
2024,Lisbon Long Balls,Clay Holmes,8,RP,13649,curated,1.0,0.0,0.0,0.0,0.0,0.0,0.8175588260600672,4.447761492898029,1.2842213824087076,0.5267511714131845,-0.5604092477700459,6.515883625009943,Clay Holmes,PIT,True
2024,Lisbon Long Balls,DJ Stewart,2,RF,17766,curated,1.0,0.4759106625891135,0.3682301327310081,0.5654616345642037,0.05799771409916061,-0.817716998404375,0.0,0.0,0.0,0.0,0.0,0.6498831455791111,DJ Stewart,HIT,True
2024,Lisbon Long Balls,Yandy Diaz,7,1B,16578,curated,1.0,1.6359429026500776,1.0310443716468225,1.9344740129828022,0.0,0.8818854140337656,0.0,0.0,0.0,0.0,0.0,5.483346701313469,Yandy Díaz,HIT,True
2024,Lisbon Long Balls,Nathan Eovaldi,5,SP,9132,curated,1.0,0.0,0.0,0.0,0.0,0.0,3.270235304240269,0.0,3.135011021762433,-0.47935172215456134,0.7347030227499791,6.66059762659812,Nathan Eovaldi,PIT,True
2024,Lisbon Long Balls,Shota Imanaga,4,SP,33829,curated,1.0,0.0,0.0,0.0,0.0,0.0,4.087794130300336,0.0,3.286095890281105,1.97295886569126,1.6492034672266445,10.996052353499344,Shota Imanaga,PIT,True
2024,Lisbon Long Balls,Kyle Bradish,2,SP,24586,curated,1.0,0.0,0.0,0.0,0.0,0.0,0.5450392173733781,0.0,1.0009372539361985,0.5928786925842388,0.2688095303990858,2.407664694292901,Kyle Bradish,PIT,True
2024,Lisbon Long Balls,James Paxton,1,SP,11828,exact,1.0,0.0,0.0,0.0,0.0,0.0,2.4526764781802015,0.0,1.3786494252328771,-1.2963839009134903,-1.8516836361716378,0.6832583663279503,James Paxton,PIT,True
2024,Lisbon Long Balls,Riley Greene,3,CF,25976,curated,1.0,2.4390421457692066,1.7675046371088388,2.202324260934267,0.23199085639664244,0.24621755470632414,0.0,0.0,0.0,0.0,0.0,6.887079454915279,Riley Greene,HIT,True
2024,Lisbon Long Balls,Jarren Duran,1,CF,24617,curated,1.0,3.301630221711975,1.5465665574702339,2.232085399595541,1.9719222793714608,1.1258588612652694,0.0,0.0,0.0,0.0,0.0,10.17806331941448,Jarren Duran,HIT,True
2024,Lisbon Long Balls,Willi Castro,1,LF,17338,curated,1.0,2.647253060651944,0.8837523185544194,1.785668319676433,0.8119679973882485,-0.19743345348571936,0.0,0.0,0.0,0.07182227091338934,0.09300493624995325,6.096035449948668,Willi Castro,HIT,True
2024,Lisbon Long Balls,Ryan Pressly,1,RP,7005,curated,1.0,0.0,0.0,0.0,0.0,0.0,0.5450392173733781,0.5930348657197372,1.0953652967603682,0.10368328312834788,-0.630453416408004,1.7066692465738276,Ryan Pressly,PIT,True
2024,Lisbon Long Balls,Masataka Yoshida,2,LF,31837,curated,1.0,1.3384987385318816,0.7364602654620162,1.6666237650313374,0.11599542819832122,0.5675412377578745,0.0,0.0,0.0,0.0,0.0,4.425119434981431,Masataka Yoshida,HIT,True
2024,Lisbon Long Balls,Jake Cronenworth,1,1B,18036,curated,1.0,2.1415979816510107,1.2519824512854274,2.4701745088857323,0.28998857049580307,-0.40962095933578674,0.0,0.0,0.0,0.0,0.0,5.744122552982186,Jake Cronenworth,HIT,True
2024,Milwaukee Beers,Kevin Gausman,27,SP,14107,curated,1.0,0.0,0.0,0.0,0.0,0.0,3.815274521613647,0.0,3.0594685875030976,-0.5672508192455508,-0.5575005983066997,5.749991691564494,Kevin Gausman,PIT,True
2024,Milwaukee Beers,Tarik Skubal,23,SP,22267,curated,1.0,0.0,0.0,0.0,0.0,0.0,4.905352956360403,0.0,4.305918752782137,3.726866861762771,3.019424100175027,15.957562671080337,Tarik Skubal,PIT,True
2024,Milwaukee Beers,Edwin Diaz,17,RP,14710,curated,1.0,0.0,0.0,0.0,0.0,0.0,1.6351176521201345,2.965174328598686,1.5675055108812166,0.07124045671534306,0.44130701133928846,6.680344959654669,Edwin Díaz,PIT,True
2024,Milwaukee Beers,Mike Trout,20,CF,10155,curated,1.0,0.5056550790009331,0.7364602654620162,0.41665594125783434,0.34798628459496367,-0.2470050438221951,0.0,0.0,0.0,0.0,0.0,1.7597525264935523,Mike Trout,HIT,True
2024,Milwaukee Beers,George Springer,13,RF,12856,curated,1.0,2.20108681447465,1.3992745043778305,1.6666237650313374,0.9279634255865697,-1.0481313314071012,0.0,0.0,0.0,0.0,0.0,5.146817178063286,George Springer,HIT,True
2024,Milwaukee Beers,Aaron Nola,18,SP,16149,curated,1.0,0.0,0.0,0.0,0.0,0.0,3.815274521613647,0.0,3.720464887272285,0.18317509233098284,-0.3495384436771028,7.369376057539813,Aaron Nola,PIT,True
2024,Milwaukee Beers,Gleyber Torres,15,2B,16997,curated,1.0,2.3795533129455673,1.1046903981930243,1.8749517356602545,0.23199085639664244,0.14585631692025558,0.0,0.0,0.0,0.0,0.0,5.737042620115744,Gleyber Torres,HIT,True
2024,Milwaukee Beers,Freddy Peralta,17,SP,18679,curated,1.0,0.0,0.0,0.0,0.0,0.0,2.9977156955535795,0.0,3.758236104401953,-0.162855165537078,-0.44243383060894576,6.150662803809509,Freddy Peralta,PIT,True
2024,Milwaukee Beers,David Bednar,10,RP,19569,curated,1.0,0.0,0.0,0.0,0.0,0.0,0.8175588260600672,3.4099504778884886,1.0953652967603682,-2.1604605934606247,-0.9636061727297102,2.1988078345185893,David Bednar,PIT,True
2024,Milwaukee Beers,Cedric Mullins,7,CF,17929,curated,1.0,2.052364732415552,1.325628477831629,1.6071014877087897,1.8559268511731395,-0.5165605512594823,0.0,0.0,0.0,0.0,0.0,6.324460997869627,Cedric Mullins,HIT,True
2024,Milwaukee Beers,Yainer Diaz,5,C,23003,curated,1.0,2.0821091488273717,1.1783364247392258,2.499935647547006,0.11599542819832122,1.4142019930562415,0.0,0.0,0.0,0.0,0.0,7.290578642368166,Yainer Diaz,HIT,True
2024,Milwaukee Beers,Jonathan India,2,2B,21523,curated,1.0,2.498530978592846,1.1046903981930243,1.726146042353885,0.753970283289088,-0.16985335656593636,0.0,0.0,0.0,0.0,0.0,5.913484345862907,Jonathan India,HIT,True
2024,Milwaukee Beers,Jake Burger,4,3B,22275,curated,1.0,2.0226203160037324,2.135734769839847,2.261846538256815,0.05799771409916061,-0.09025509034027389,0.0,0.0,0.0,0.0,0.0,6.387944247859282,Jake Burger,HIT,True
2024,Milwaukee Beers,Cal Raleigh,1,C,21534,curated,1.0,2.1713423980628304,2.503964902570855,2.9761138661273883,0.34798628459496367,-1.104758936595617,0.0,0.0,0.0,0.0,0.0,6.894648514760419,Cal Raleigh,HIT,True
2024,Milwaukee Beers,Carlos Correa,1,SS,14162,curated,1.0,1.6359429026500776,1.0310443716468225,1.6071014877087897,0.0,1.1149235715390244,0.0,0.0,0.0,0.0,0.0,5.389012333544714,Carlos Correa,HIT,True
2024,Milwaukee Beers,Jose Leclerc,1,RP,14524,curated,1.0,0.0,0.0,0.0,0.0,0.0,1.6351176521201345,0.1482587164299343,1.6619335537053863,-0.8163803573879066,-0.6447925322874746,1.984137032580074,José Leclerc,PIT,True
2024,Milwaukee Beers,Steven Kwan,1,LF,24610,curated,1.0,2.4687865621810263,1.0310443716468225,1.3094901010960507,0.6959725691899273,1.046466504266409,0.0,0.0,0.0,0.0,0.0,6.551760108380236,Steven Kwan,HIT,True
2024,Milwaukee Beers,Paul Sewald,1,RP,13892,curated,1.0,0.0,0.0,0.0,0.0,0.0,0.27251960868668906,2.3721394628789487,0.7931955597230252,-0.5013532493913337,0.13690866694576076,3.07341004884309,Paul Sewald,PIT,True
2024,Milwaukee Beers,Justin Turner,1,DH,5235,curated,1.0,1.754920568297356,0.8101062920082177,1.6368626263700634,0.0,0.1568182413601703,0.0,0.0,0.0,0.0,0.0,4.3587077280358075,Justin Turner,HIT,True
2025,Moben,Josh Hader,18,RP,14212,curated,1.0,0.0,0.0,0.0,0.0,0.0,1.7591076162619455,4.373522637846703,1.4890825138702815,1.4262429251044753,1.170047643192018,10.218003336275423,Josh Hader,PIT,True
2025,Moben,Oneil Cruz,31,SS,21711,curated,1.0,1.7782190951255854,1.3738809413685922,1.7571231910516798,2.1717056369155423,-1.4766067801369291,0.0,0.0,0.0,0.0,0.0,5.604322084324469,Oneil Cruz,HIT,True
2025,Moben,Mike Trout,16,CF,10155,curated,1.0,2.093709579744641,1.7860452237791697,1.8435390856935656,0.11430029667976538,-0.5810512376885613,0.0,0.0,0.0,0.0,0.0,5.25654294820858,Mike Trout,HIT,True
2025,Moben,Ryan Helsley,13,RP,18138,curated,1.0,0.0,0.0,0.0,0.0,0.0,0.8795538081309727,3.280141978385027,1.2508293116510363,-0.9026882535752315,-1.4054139845652809,3.1024228600265236,Ryan Helsley,PIT,True
2025,Moben,Colton Cowser,8,LF,29591,curated,1.0,1.032514313298727,1.0991047530948737,1.1522119285584786,0.8001020767583576,-1.0903123866357778,0.0,0.0,0.0,0.0,0.0,2.993620685074659,Colton Cowser,HIT,True
2025,Moben,Lucas Erceg,1,RP,19360,curated,1.0,0.0,0.0,0.0,0.0,0.0,2.345476821682594,0.31239447413190735,0.95301280887698,1.0258096845950204,0.004260662580438027,4.64095445186694,Lucas Erceg,PIT,True
2025,Moben,Dansby Swanson,5,SS,18314,curated,1.0,2.4092000643636964,1.6486571296423105,2.2180079624750713,1.1430029667976538,-0.33368002972823296,0.0,0.0,0.0,0.0,0.0,7.085188093550499,Dansby Swanson,HIT,True
2025,Moben,Austin Wells,5,C,27562,curated,1.0,1.4627286105065298,1.4425749884370218,2.0451761731912996,0.28575074169941345,-0.7618785516055367,0.0,0.0,0.0,0.0,0.0,4.474351962228728,Austin Wells,HIT,True
2025,Moben,Xander Bogaerts,2,2B,12161,curated,1.0,1.8069000482727722,0.7556345177527256,1.526680805339984,1.1430029667976538,0.24695235672137525,0.0,0.0,0.0,0.0,0.0,5.479170694884511,Xander Bogaerts,HIT,True
2025,Moben,Drew Rasmussen,1,RP,25385,curated,1.0,0.0,0.0,0.0,0.0,0.0,2.9318460271032425,0.0,2.521513056820343,2.087578750509884,1.5710397730151968,9.111977607448667,Drew Rasmussen,PIT,True
2025,Moben,Sean Manaea,1,SP,15873,curated,1.0,0.0,0.0,0.0,0.0,0.0,0.5863692054206485,0.0,1.469228080352011,-2.231447149013197,-0.14046414627119988,-0.3163140095117375,Sean Manaea,PIT,True
2025,Moben,Robbie Ray,5,SP,11486,curated,1.0,0.0,0.0,0.0,0.0,0.0,3.225030629813567,0.0,3.6929246343982975,-0.18080932856048218,-0.40041241806200645,6.3367335175893755,Robbie Ray,PIT,True
2025,McBlocks,Matt Olson,27,1B,14344,curated,1.0,2.810733408424312,1.9921273649844586,2.7365033303263866,0.05715014833988269,0.6809039508517837,0.0,0.0,0.0,0.0,0.0,8.277418202926823,Matt Olson,HIT,True
2025,McBlocks,Kyle Schwarber,20,DH,16478,curated,1.0,3.1835857993377417,3.846866635832058,3.802299364242979,0.5715014833988269,-0.5085206442793938,0.0,0.0,0.0,0.0,0.0,10.89573263853221,Kyle Schwarber,HIT,True
2025,McBlocks,Trea Turner,31,SS,16252,curated,1.0,2.696009595835565,1.030410706026444,1.9875655767633755,2.0574053402357766,1.605821764429256,0.0,0.0,0.0,0.0,0.0,9.377212983290418,Trea Turner,HIT,True
2025,McBlocks,Jeff Hoffman,10,RP,17432,curated,1.0,0.0,0.0,0.0,0.0,0.0,2.638661424392918,5.154508823176471,1.6677724155347151,-0.9270830015680138,-0.05593683706979874,8.477922824466292,Jeff Hoffman,PIT,True
2025,McBlocks,C.J. Abrams,22,SS,25768,curated,1.0,2.638647689541191,1.3051868943001625,1.7283178928377179,1.7716545985363632,0.06394709309544348,0.0,0.0,0.0,0.0,0.0,7.507754168310878,CJ Abrams,HIT,True
2025,McBlocks,Aaron Nola,18,SP,16149,curated,1.0,0.0,0.0,0.0,0.0,0.0,1.4659230135516212,0.0,1.9258800512722305,-3.961972597280568,-1.0963502703402939,-1.6665198027970103,Aaron Nola,PIT,True
2025,McBlocks,Joey Bart,3,C,21524,curated,1.0,0.6023000160909241,0.2747761882737184,0.8641589464188589,0.05715014833988269,-0.09722597430875064,0.0,0.0,0.0,0.0,0.0,1.7011593248146333,Joey Bart,HIT,True
2025,McBlocks,Jack Flaherty,10,SP,17479,curated,1.0,0.0,0.0,0.0,0.0,0.0,2.345476821682594,0.0,3.7326335014348384,-2.7739204028584443,-1.0508917377270381,2.2532981825319496,Jack Flaherty,PIT,True
2025,McBlocks,Sandy Alcantara,10,SP,18684,curated,1.0,0.0,0.0,0.0,0.0,0.0,3.225030629813567,0.0,2.8193295595943995,-5.063527759032906,-1.0044796844680033,-0.02364725409294377,Sandy Alcantara,PIT,True
2025,McBlocks,Jorge Soler,1,DH,14221,curated,1.0,0.8891095475627927,0.8243285648211552,0.9793801392747068,0.0,-0.6188011283708653,0.0,0.0,0.0,0.0,0.0,2.0740171232877893,Jorge Soler,HIT,True
2025,Spehr's Army,Julio Rodriguez,34,CF,23697,curated,1.0,3.040181033601807,2.1982095061897473,2.7365033303263866,1.7145044501964806,0.4276325061828194,0.0,0.0,0.0,0.0,0.0,10.11703082649724,Julio Rodríguez,HIT,True
2025,Spehr's Army,Spencer Schwellenbach,24,SP,31846,curated,1.0,0.0,0.0,0.0,0.0,0.0,2.0522922189722697,0.0,2.1442788199732052,0.9302352148462234,1.553381505449734,6.6801877592414325,Spencer Schwellenbach,PIT,True
2025,Spehr's Army,Gavin Williams,13,SP,30122,curated,1.0,0.0,0.0,0.0,0.0,0.0,3.518215232523891,0.0,3.434816998660782,1.4516504077969676,-0.9611197394132903,7.44356289956835,Gavin Williams,PIT,True
2025,Spehr's Army,Pablo Lopez,22,SP,17085,curated,1.0,0.0,0.0,0.0,0.0,0.0,1.4659230135516212,0.0,1.4493736468337406,1.1152519805671195,0.39497095047325415,4.425519591425736,Pablo López,PIT,True
2025,Spehr's Army,Freddy Peralta,8,SP,18679,curated,1.0,0.0,0.0,0.0,0.0,0.0,4.984138246075513,0.0,4.030450004208895,2.5593522305449463,1.2132477922888356,12.78718827311819,Freddy Peralta,PIT,True
2025,Spehr's Army,Gabriel Moreno,1,C,22664,curated,1.0,1.2619619384762217,0.6182464236158665,1.1522119285584786,0.11430029667976538,0.48931936951068317,0.0,0.0,0.0,0.0,0.0,3.636039956841015,Gabriel Moreno,HIT,True
2025,Spehr's Army,Luis Garcia,8,2B,6984,curated,1.0,0.0,0.0,0.0,0.0,0.0,0.5863692054206485,0.31239447413190735,0.95301280887698,0.16343170716531813,-1.1287901664871982,0.8864180291076558,Luis García,PIT,True
2025,Spehr's Army,Jonathan India,1,2B,21523,curated,1.0,1.8069000482727722,0.6182464236158665,1.2962384196282883,0.0,-0.6100518686241361,0.0,0.0,0.0,0.0,0.0,3.111333022892791,Jonathan India,HIT,True
2025,Spehr's Army,Ceddanne Rafaela,1,CF,24262,curated,1.0,2.4092000643636964,1.0991047530948737,1.8147337874796037,1.1430029667976538,-0.1456859236433576,0.0,0.0,0.0,0.0,0.0,6.32035564809247,Ceddanne Rafaela,HIT,True
2025,Spehr's Army,Cam Smith,1,3B,35108,curated,1.0,1.5774524230952773,0.6182464236158665,1.4690702089120602,0.4572011867190615,-0.44763212464617946,0.0,0.0,0.0,0.0,0.0,3.6743381176960868,Cam Smith,HIT,True
2025,All-Stars,Jose Altuve,20,2B,5417,curated,1.0,2.294476251774949,1.7860452237791697,2.2180079624750713,0.5715014833988269,0.37348545466793986,0.0,0.0,0.0,0.0,0.0,7.2435163760959576,Jose Altuve,HIT,True
2025,All-Stars,Willy Adames,17,SS,15986,curated,1.0,2.696009595835565,2.060821412052888,2.5060609446146906,0.6858017800785923,-1.0054482222582501,0.0,0.0,0.0,0.0,0.0,6.943245510323485,Willy Adames,HIT,True
2025,All-Stars,Brandon Nimmo,9,LF,12927,curated,1.0,2.323157204922136,1.7173511767107401,2.6500874356845006,0.7429519284184749,0.2922398888912406,0.0,0.0,0.0,0.0,0.0,7.725787634627093,Brandon Nimmo,HIT,True
2025,All-Stars,Nolan Arenado,8,3B,9777,curated,1.0,1.3766857510649693,0.8243285648211552,1.4978755071260221,0.17145044501964807,-0.3830418777319715,0.0,0.0,0.0,0.0,0.0,3.487298390299823,Nolan Arenado,HIT,True
2025,All-Stars,Joe Ryan,14,SP,21390,curated,1.0,0.0,0.0,0.0,0.0,0.0,3.8113998352342153,0.0,3.851760102544461,0.49133887111343905,1.5975267988486885,9.752025607740805,Joe Ryan,PIT,True
2025,All-Stars,Dylan Crews,14,RF,33541,curated,1.0,1.233280985329035,0.6869404706842961,0.777743051776973,0.9715525217780057,-0.761407013870362,0.0,0.0,0.0,0.0,0.0,2.9081100156979476,Dylan Crews,HIT,True
2025,All-Stars,Christian Walker,9,1B,13419,curated,1.0,2.065028626597454,1.8547392708475994,2.534866242828653,0.11430029667976538,-0.5375315092263868,0.0,0.0,0.0,0.0,0.0,6.031402927727084,Christian Walker,HIT,True
2025,All-Stars,Zach Eflin,7,SP,13774,curated,1.0,0.0,0.0,0.0,0.0,0.0,1.7591076162619455,0.0,0.9927216759135209,-2.9501574748097132,-1.1938053308105603,-1.3921335134448072,Zach Eflin,PIT,True
2025,All-Stars,Byron Buxton,8,CF,14161,curated,1.0,2.7820524552771255,2.404291647395036,2.390839751758843,1.3716035601571845,0.26304903446288613,0.0,0.0,0.0,0.0,0.0,9.211836449051075,Byron Buxton,HIT,True
2025,All-Stars,Joshua Lowe,15,RF,19953,initial_last,0.9,1.606133376242464,0.7556345177527256,1.1522119285584786,1.0287026701178883,-0.7603710570321631,0.0,0.0,0.0,0.0,0.0,3.782311435639394,Josh Lowe,HIT,True
2025,All-Stars,Adolis Garcia,16,RF,19287,curated,1.0,1.6634952825368379,1.3051868943001625,2.1603973660471474,0.7429519284184749,-0.7454410074809075,0.0,0.0,0.0,0.0,0.0,5.1265904638217155,Adolis García,HIT,True
2025,All-Stars,Grayson Rodriguez,5,SP,24492,curated,1.0,0.0,0.0,0.0,0.0,0.0,0.0,0.0,0.0,0.0,0.0,0.0,,,False
2025,New York Polar Bears,Jose Ramirez,35,3B,13510,curated,1.0,2.9541381741602466,2.060821412052888,2.4484503481867668,2.514606526954838,0.953625299807496,0.0,0.0,0.0,0.0,0.0,10.931641761162236,José Ramírez,HIT,True
2025,New York Polar Bears,Luis Castillo,13,SP,15689,curated,1.0,0.0,0.0,0.0,0.0,0.0,3.225030629813567,0.0,3.2164182299598076,0.14748237084854926,-0.030485079058736278,6.558446151563188,Luis Castillo,PIT,True
2025,New York Polar Bears,Max Fried,17,SP,13743,curated,1.0,0.0,0.0,0.0,0.0,0.0,5.5705074514961606,0.0,3.752487934953109,2.3158508668456435,0.9612449111136216,12.600091164408536,Max Fried,PIT,True
2025,New York Polar Bears,Framber Valdez,23,SP,17295,curated,1.0,0.0,0.0,0.0,0.0,0.0,3.8113998352342153,0.0,3.712779067916568,-0.18597839196608426,-0.8011382276185496,6.53706228356615,Framber Valdez,PIT,True
2025,New York Polar Bears,Luis Arraez,11,1B,18568,curated,1.0,1.8929429077143327,0.5495523765474368,1.7571231910516798,0.6286516317387095,1.2520038599647154,0.0,0.0,0.0,0.0,0.0,6.0802739670168755,Luis Arraez,HIT,True
2025,New York Polar Bears,Austin Riley,20,3B,18360,curated,1.0,1.5487714699480903,1.0991047530948737,1.555486103553946,0.11430029667976538,0.14574670353637667,0.0,0.0,0.0,0.0,0.0,4.463409326813052,Austin Riley,HIT,True
2025,New York Polar Bears,Jasson Dominguez,9,LF,28080,curated,1.0,1.6634952825368379,0.6869404706842961,1.3538490160562122,1.3144534118173017,0.05195746282397502,0.0,0.0,0.0,0.0,0.0,5.070695643918623,Jasson Domínguez,HIT,True
2025,New York Polar Bears,Justin Steele,11,SP,17312,curated,1.0,0.0,0.0,0.0,0.0,0.0,0.8795538081309727,0.0,0.4169431038836788,-0.5156554084526498,0.08549190343306186,0.8663334069950636,Justin Steele,PIT,True
2025,New York Polar Bears,Spencer Arrighetti,8,SP,29921,curated,1.0,0.0,0.0,0.0,0.0,0.0,0.29318460271032426,0.0,0.6154874390663829,-1.1378136078380623,-0.6157946383631978,-0.844936204424553,Spencer Arrighetti,PIT,True
2025,New York Polar Bears,Randy Arozarena,11,LF,19290,curated,1.0,2.7246905489827515,1.8547392708475994,2.189202664261109,1.7716545985363632,-0.5334480212347839,0.0,0.0,0.0,0.0,0.0,8.006839061393038,Randy Arozarena,HIT,True
2025,New York Polar Bears,Ian Happ,7,LF,17919,curated,1.0,2.495242923805257,1.5799630825738809,2.275618558902995,0.34290089003929614,-0.3909611199758434,0.0,0.0,0.0,0.0,0.0,6.302764335345586,Ian Happ,HIT,True
2025,New York Polar Bears,Taylor Ward,6,LF,17548,curated,1.0,2.46656197065807,2.472985694463466,2.966945716038082,0.22860059335953076,-0.8810176624122782,0.0,0.0,0.0,0.0,0.0,7.254076312106871,Taylor Ward,HIT,True
2025,New York Polar Bears,Cedric Mullins,3,CF,17929,curated,1.0,1.6634952825368379,1.1677988001633033,1.699512594623756,1.257303263477419,-0.947904628829099,0.0,0.0,0.0,0.0,0.0,4.840205311972216,Cedric Mullins,HIT,True
2025,Pookie 2.0,Logan Webb,22,SP,17995,curated,1.0,0.0,0.0,0.0,0.0,0.0,4.397769040654864,0.0,4.447393108092574,1.2542655335391133,-0.7492799909005892,9.350147691385962,Logan Webb,PIT,True
2025,Pookie 2.0,Ronald Acuna Jr.,26,RF,18401,curated,1.0,2.1223905328918278,1.4425749884370218,1.2098225249864025,0.5143513350589441,0.7704798895039336,0.0,0.0,0.0,0.0,0.0,6.05961927087813,Ronald Acuña Jr.,HIT,True
2025,Pookie 2.0,Spencer Strider,25,SP,27498,curated,1.0,0.0,0.0,0.0,0.0,0.0,2.0522922189722697,0.0,2.600930790893425,-1.831505340476415,-1.8369194958039639,0.9847981735853157,Spencer Strider,PIT,True
2025,Pookie 2.0,Marcus Semien,10,2B,12533,curated,1.0,1.7782190951255854,1.030410706026444,1.7859284892656417,0.6286516317387095,-0.6333751674630748,0.0,0.0,0.0,0.0,0.0,4.589834754693307,Marcus Semien,HIT,True
2025,Pookie 2.0,Trevor Megill,8,RP,17722,curated,1.0,0.0,0.0,0.0,0.0,0.0,1.7591076162619455,4.68591711197861,1.191266011096225,0.9344259738878955,0.1724300197348803,8.743146732959557,Trevor Megill,PIT,True
2025,Pookie 2.0,Matt McLain,5,SS,29695,curated,1.0,2.093709579744641,1.030410706026444,1.4402649106980983,1.0287026701178883,-1.0100723132505696,0.0,0.0,0.0,0.0,0.0,4.583015553336502,Matt McLain,HIT,True
2025,Pookie 2.0,Matt Chapman,9,3B,16505,curated,1.0,2.1797524391862013,1.4425749884370218,1.7571231910516798,0.5143513350589441,-0.5920649138229562,0.0,0.0,0.0,0.0,0.0,5.301737039910891,Matt Chapman,HIT,True
2025,Pookie 2.0,Kevin Gausman,5,SP,14107,curated,1.0,0.0,0.0,0.0,0.0,0.0,2.9318460271032425,0.0,3.752487934953109,0.017533204233269963,1.4422912824882277,8.14415844877785,Kevin Gausman,PIT,True
2025,Pookie 2.0,Shea Langeliers,2,C,25816,curated,1.0,2.093709579744641,2.129515459121318,2.0739814714052613,0.4000510383791788,0.6133379042234828,0.0,0.0,0.0,0.0,0.0,7.310595452873882,Shea Langeliers,HIT,True
2025,Pookie 2.0,Sonny Gray,7,SP,12768,curated,1.0,0.0,0.0,0.0,0.0,0.0,4.104584437944539,0.0,3.9708867036540836,-2.0517386903554455,-0.609410960382532,5.414321490860645,Sonny Gray,PIT,True
2025,Pookie 2.0,Paul Goldschmidt,2,1B,9218,curated,1.0,2.1797524391862013,0.6869404706842961,1.2962384196282883,0.28575074169941345,0.5274037874095823,0.0,0.0,0.0,0.0,0.0,4.976085858607782,Paul Goldschmidt,HIT,True
2025,Pookie 2.0,Nico Hoerner,1,2B,21479,curated,1.0,2.5526048300996305,0.48085832947900725,1.7571231910516798,1.657354301856598,1.4107042054754413,0.0,0.0,0.0,0.0,0.0,7.858644857962356,Nico Hoerner,HIT,True
2025,Pookie 2.0,Jordan Romano,1,RP,16122,curated,1.0,0.0,0.0,0.0,0.0,0.0,0.5863692054206485,1.2495778965276294,0.9133039418404393,-3.5916934752010063,-0.7993670888939218,-1.6418095203062109,Jordan Romano,PIT,True
2025,Pookie 2.0,Brandon Lowe,1,2B,18882,curated,1.0,2.265795298627762,2.129515459121318,2.390839751758843,0.17145044501964807,0.06744819213645718,0.0,0.0,0.0,0.0,0.0,7.025049146664029,Brandon Lowe,HIT,True
2025,Pookie 2.0,Pete Fairbanks,1,RP,17998,curated,1.0,0.0,0.0,0.0,0.0,0.0,1.172738410841297,4.217325400780749,1.1714115775779546,0.8026112502514028,0.5533651920312954,7.917451831482698,Pete Fairbanks,PIT,True
2025,Producers,Pete Alonso,27,1B,19251,curated,1.0,2.495242923805257,2.610373788600325,3.6294675749592074,0.05715014833988269,0.6580881174104478,0.0,0.0,0.0,0.0,0.0,9.450322553115118,Pete Alonso,HIT,True
2025,Producers,Pete Crow-Armstrong,17,CF,27769,curated,1.0,2.6099667363940044,2.129515459121318,2.7365033303263866,2.000255191895894,-0.19766425091262294,0.0,0.0,0.0,0.0,0.0,9.27857646682498,Pete Crow-Armstrong,HIT,True
2025,Producers,Freddie Freeman,28,1B,5361,curated,1.0,2.323157204922136,1.6486571296423105,2.5924768392565767,0.34290089003929614,1.2547011751638812,0.0,0.0,0.0,0.0,0.0,8.1618932390242,Freddie Freeman,HIT,True
2025,Producers,Francisco Alvarez,5,C,26121,curated,1.0,0.9177905007099795,0.7556345177527256,0.9217695428467828,0.0,0.05611441023572164,0.0,0.0,0.0,0.0,0.0,2.65130897154521,Francisco Alvarez,HIT,True
2025,Producers,Andres Gimenez,14,2B,19950,curated,1.0,1.1185571727402874,0.48085832947900725,1.0081854374886687,0.6858017800785923,-0.8655008336565126,0.0,0.0,0.0,0.0,0.0,2.4279018861300434,Andrés Giménez,HIT,True
2025,Producers,George Kirby,17,SP,25436,curated,1.0,0.0,0.0,0.0,0.0,0.0,2.9318460271032425,0.0,2.720057392003047,-1.3183667662620469,-0.09338679816612033,4.240149854678123,George Kirby,PIT,True
2025,Producers,Nick Lodolo,6,SP,26378,curated,1.0,0.0,0.0,0.0,0.0,0.0,2.638661424392918,0.0,3.097291628850185,0.6584515486051775,1.0611795238109956,7.455584125659276,Nick Lodolo,PIT,True
2025,Producers,Hunter Greene,20,SP,22182,curated,1.0,0.0,0.0,0.0,0.0,0.0,2.0522922189722697,0.0,2.600930790893425,1.5195331016924074,1.7236709315509335,7.8964270431090355,Hunter Greene,PIT,True
2025,Producers,Alec Burleson,7,RF,27615,curated,1.0,1.5487714699480903,1.236492847231733,1.9875655767633755,0.28575074169941345,0.9795792595871464,0.0,0.0,0.0,0.06696305410696074,0.013189335284100137,6.11831228462082,Alec Burleson,HIT,True
2025,Producers,Nick Castellanos,9,RF,11737,curated,1.0,2.065028626597454,1.1677988001633033,2.0739814714052613,0.22860059335953076,-0.11863120273137662,0.0,0.0,0.0,0.0,0.0,5.4167782887941724,Nick Castellanos,HIT,True
2025,Producers,Tommy Edman,6,CF,19470,curated,1.0,1.405366704212156,0.8930226118895849,1.4114596124841363,0.17145044501964807,-0.5706243150430631,0.0,0.0,0.0,0.0,0.0,3.3106750585624622,Tommy Edman,HIT,True
2025,Producers,Zachary Neto,1,SS,31347,initial_last,0.9,2.3518381580693224,1.7860452237791697,1.7859284892656417,1.4859038568369498,0.10857728749532765,0.0,0.0,0.0,0.0,0.0,7.51829301544641,Zach Neto,HIT,True
2025,The Metropolis,Juan Soto,36,RF,20123,curated,1.0,3.4417143776624233,2.953844023942473,3.024556312466006,2.1717056369155423,0.30450206901712457,0.0,0.0,0.0,0.0,0.0,11.896322420003568,Juan Soto,HIT,True
2025,The Metropolis,Yordan Alvarez,31,DH,19556,curated,1.0,0.4875762035021766,0.4121642824105776,0.777743051776973,0.05715014833988269,0.17382360648612047,0.0,0.0,0.0,0.0,0.0,1.9084572925157304,Yordan Alvarez,HIT,True
2025,The Metropolis,Bo Bichette,17,SS,19612,curated,1.0,2.237114345480575,1.236492847231733,2.7076980321124244,0.22860059335953076,1.801438846850482,0.0,0.0,0.0,0.0,0.0,8.211344665034744,Bo Bichette,HIT,True
2025,The Metropolis,Christian Yelich,17,LF,11477,curated,1.0,2.5239238769524435,1.9921273649844586,2.966945716038082,0.914402373438123,0.2803983895185365,0.0,0.0,0.0,0.0,0.0,8.677797720931643,Christian Yelich,HIT,True
2025,The Metropolis,Masyn Winn,8,SS,27479,curated,1.0,2.065028626597454,0.6182464236158665,1.4690702089120602,0.5143513350589441,-0.06744657856999021,0.0,0.0,0.0,0.0,0.0,4.599250015614334,Masyn Winn,HIT,True
2025,The Metropolis,Clay Holmes,10,RP,13649,curated,1.0,0.0,0.0,0.0,0.0,0.0,3.518215232523891,0.0,2.561221923856884,0.14995684088279385,-1.310827903958585,4.918566093304984,Clay Holmes,PIT,True
2025,The Metropolis,Reynaldo Lopez,5,SP,16400,curated,1.0,0.0,0.0,0.0,0.0,0.0,0.0,0.0,0.019854433518270417,-0.1673900565283072,-0.3739990582153275,-0.5215346812253643,Reynaldo López,PIT,True
2025,The Metropolis,Jhoan Duran,4,RP,21029,curated,1.0,0.0,0.0,0.0,0.0,0.0,2.0522922189722697,4.998311586110518,1.5883546814616334,1.9014436170467968,0.3872680157467343,10.92767011933795,Jhoan Duran,PIT,True
2025,The Metropolis,J.T. Realmuto,5,C,11739,curated,1.0,1.634814329389651,0.8243285648211552,1.4978755071260221,0.4572011867190615,0.05434759385861711,0.0,0.0,0.0,0.0,0.0,4.468567181914507,J.T. Realmuto,HIT,True
2025,The Metropolis,Spencer Torkelson,1,1B,27465,curated,1.0,2.3518381580693224,2.129515459121318,2.246813260689033,0.11430029667976538,-0.44345701157405115,0.0,0.0,0.0,0.0,0.0,6.399010162985387,Spencer Torkelson,HIT,True
2025,The Metropolis,Royce Lewis,1,3B,20437,curated,1.0,1.032514313298727,0.8930226118895849,1.4978755071260221,0.6858017800785923,-0.34969509229880574,0.0,0.0,0.0,0.0,0.0,3.7595191200941205,Royce Lewis,HIT,True
2025,The Metropolis,Jose Iglesias,1,2B,10231,curated,1.0,0.8317476412684189,0.2060821412052888,1.0369907357026307,0.28575074169941345,-0.46694172804486334,0.0,0.0,0.0,0.0,0.0,1.8936295318308884,Jose Iglesias,HIT,True
2025,The Metropolis,Eugenio Suarez,1,3B,12552,curated,1.0,2.6099667363940044,3.366008306353051,3.399025189247512,0.22860059335953076,-0.866860350807331,0.0,0.0,0.0,0.0,0.0,8.736740474546767,Eugenio Suárez,HIT,True
2025,The Metropolis,Mike Yastrzemski,1,RF,14854,curated,1.0,1.9503048140087065,1.1677988001633033,1.3250437178422503,0.4000510383791788,-0.6089046561051973,0.0,0.0,0.0,-0.2681966861609607,-0.1338571587691332,3.832239869358147,Mike Yastrzemski,HIT,True
2025,The Metropolis,Jo Adell,1,RF,20220,curated,1.0,1.8069000482727722,2.5416797415318952,2.8229192249682726,0.28575074169941345,-0.5144722646515522,0.0,0.0,0.0,0.0,0.0,6.9427774918208005,Jo Adell,HIT,True
2025,The Metropolis,Kirby Yates,1,RP,9073,curated,1.0,0.0,0.0,0.0,0.0,0.0,1.172738410841297,0.468591711197861,1.0324305429500618,-1.2303657953874296,-0.4650118825920925,0.9783829870096977,Kirby Yates,PIT,True
2025,The Metropolis,Brandon Woodruff,1,SP,16162,curated,1.0,0.0,0.0,0.0,0.0,0.0,2.0522922189722697,0.0,1.6280635484981743,0.4233414548139429,1.1700682942406595,5.273765516525046,Brandon Woodruff,PIT,True
2025,The Metropolis,Shane McClanahan,1,SP,21483,curated,1.0,0.0,0.0,0.0,0.0,0.0,0.0,0.0,0.0,0.0,0.0,0.0,,,False
2025,Lisbon Long Balls,Roki Sasaki,17,SP,35323,curated,1.0,0.0,0.0,0.0,0.0,0.0,0.29318460271032426,0.0,0.5559241385115717,-0.5827494980366308,-0.6740067388415699,-0.40764749565630465,Roki Sasaki,PIT,True
2025,Lisbon Long Balls,Devin Williams,21,RP,15816,curated,1.0,0.0,0.0,0.0,0.0,0.0,1.172738410841297,2.811550267187166,1.7868990166443377,-1.3144448915820925,0.21889781645024015,4.675640619540948,Devin Williams,PIT,True
2025,Lisbon Long Balls,William Contreras,16,C,20503,curated,1.0,2.5526048300996305,1.1677988001633033,2.189202664261109,0.34290089003929614,0.1951171265754904,0.0,0.0,0.0,0.0,0.0,6.447624311138829,William Contreras,HIT,True
2025,Lisbon Long Balls,Spencer Steer,10,LF,26323,curated,1.0,1.8929429077143327,1.4425749884370218,2.1603973660471474,0.4000510383791788,-0.45879572443599226,0.0,0.0,0.0,0.0,0.0,5.437170576141687,Spencer Steer,HIT,True
2025,Lisbon Long Balls,Bowden Francis,1,RP,20548,curated,1.0,0.0,0.0,0.0,0.0,0.0,0.5863692054206485,0.0,1.0721394099866026,-2.780517924197465,-1.5764236341945745,-2.6984329429847884,Bowden Francis,PIT,True
2025,Lisbon Long Balls,Kristian Campbell,7,2B,33644,curated,1.0,0.6883428755324846,0.4121642824105776,0.6049112624932013,0.11430029667976538,-0.4404252143124873,0.0,0.0,0.0,0.0,0.0,1.3792935028035413,Kristian Campbell,HIT,True
2025,Lisbon Long Balls,Taj Bradley,9,SP,22543,curated,1.0,0.0,0.0,0.0,0.0,0.0,1.7591076162619455,0.0,2.521513056820343,-3.4909143965265685,-1.2086172115709686,-0.4189109350152487,Taj Bradley,PIT,True
2025,Lisbon Long Balls,Nestor Cortes,1,SP,17874,curated,1.0,0.0,0.0,0.0,0.0,0.0,0.5863692054206485,0.0,0.5757785720298422,-1.6937407621252036,-1.1305422961503768,-1.6621352808250898,Nestor Cortes,PIT,True
2025,Lisbon Long Balls,Carlos Santana,2,1B,2396,curated,1.0,1.405366704212156,0.7556345177527256,1.555486103553946,0.4000510383791788,-0.8065083183686492,0.0,0.0,0.0,0.0,0.0,3.310030045529357,Carlos Santana,HIT,True
2025,Lisbon Long Balls,Kerry Carpenter,3,RF,25961,curated,1.0,1.8929429077143327,1.7860452237791697,1.7859284892656417,0.05715014833988269,-0.06692097974822014,0.0,0.0,0.0,0.0,0.0,5.455145789350807,Kerry Carpenter,HIT,True
2025,Lisbon Long Balls,Aroldis Chapman,2,RP,10233,curated,1.0,0.0,0.0,0.0,0.0,0.0,1.4659230135516212,4.998311586110518,1.6876268490529855,2.6249191097381424,2.0388605215067948,12.815641079960061,Aroldis Chapman,PIT,True
2025,Lisbon Long Balls,Wilyer Abreu,1,RF,23772,curated,1.0,1.5200905168009036,1.5112690355054512,1.9875655767633755,0.34290089003929614,-0.183701003682547,0.0,0.0,0.0,0.0,0.0,5.178125015426479,Wilyer Abreu,HIT,True
2025,Wax Kandels,Edwin Diaz,16,RP,14710,curated,1.0,0.0,0.0,0.0,0.0,0.0,1.7591076162619455,4.373522637846703,1.945734484790501,2.296027031833633,1.3948924669616904,11.769284237694475,Edwin Díaz,PIT,True
2025,Wax Kandels,Zack Wheeler,29,SP,10310,curated,1.0,0.0,0.0,0.0,0.0,0.0,2.9318460271032425,0.0,3.851760102544461,2.1907231792390354,2.3646268727641617,11.3389561816509,Zack Wheeler,PIT,True
2025,Wax Kandels,Vladimir Guerrero Jr.,35,1B,19611,curated,1.0,2.7533715021299385,1.5799630825738809,2.419645049972805,0.34290089003929614,1.2908674019764825,0.0,0.0,0.0,0.0,0.0,8.386747926692403,Vladimir Guerrero Jr.,HIT,True
2025,Wax Kandels,Luis Robert,18,CF,20043,exact,1.0,1.4914095636537168,0.9617166589580145,1.526680805339984,1.8859548952161287,-0.7039116193175352,0.0,0.0,0.0,0.0,0.0,5.16185030385031,Luis Robert Jr.,HIT,True
2025,Wax Kandels,Felix Bautista,10,RP,20666,curated,1.0,0.0,0.0,0.0,0.0,0.0,0.29318460271032426,2.96774750425312,0.9728672423952505,0.5984825550077995,0.1672559296370441,4.9995378340035375,Félix Bautista,PIT,True
2025,Wax Kandels,Luis Rengifo,4,3B,19858,curated,1.0,1.5774524230952773,0.6182464236158665,1.2386278232003645,0.5715014833988269,-0.440906206137229,0.0,0.0,0.0,0.0,0.0,3.564921947173106,Luis Rengifo,HIT,True
2025,Wax Kandels,Junior Caminero,11,3B,28163,curated,1.0,2.667328642688378,3.0912321180793323,3.168582803535816,0.4000510383791788,0.3328678564657961,0.0,0.0,0.0,0.0,0.0,9.6600624591485,Junior Caminero,HIT,True
2025,Wax Kandels,Zac Gallen,13,SP,19291,curated,1.0,0.0,0.0,0.0,0.0,0.0,3.8113998352342153,0.0,3.474525865697323,-3.8213983767074,-0.9925367873882905,2.471990536835848,Zac Gallen,PIT,True
2025,Wax Kandels,Hunter Brown,10,SP,25880,curated,1.0,0.0,0.0,0.0,0.0,0.0,3.518215232523891,0.0,4.090013304763706,3.501483350544762,1.8145204222276563,12.924232310060013,Hunter Brown,PIT,True
2025,Wax Kandels,Ryan Pressly,5,RP,7005,curated,1.0,0.0,0.0,0.0,0.0,0.0,0.5863692054206485,0.7809861853297684,0.5559241385115717,-0.5808303195770194,-1.0349604951836546,0.30748871450131454,Ryan Pressly,PIT,True
2025,Wax Kandels,Carlos Rodon,8,SP,16137,curated,1.0,0.0,0.0,0.0,0.0,0.0,5.277322848785836,0.0,4.030450004208895,1.5903242326012736,1.5978735695712425,12.495970655167248,Carlos Rodón,PIT,True
2025,Wax Kandels,Xavier Edwards,10,SS,22266,curated,1.0,2.1510714860390143,0.2060821412052888,1.2386278232003645,1.5430540051768324,0.929372975231746,0.0,0.0,0.0,0.0,0.0,6.068208430853246,Xavier Edwards,HIT,True
2025,Wax Kandels,Jeimer Candelario,2,3B,13621,curated,1.0,0.08604285944156058,0.1373880941368592,0.28805298213961966,0.0,-0.7047266205724917,0.0,0.0,0.0,0.0,0.0,-0.19324268485445228,Jeimer Candelario,HIT,True
2025,Wax Kandels,Lane Thomas,1,RF,16939,curated,1.0,0.2868095314718686,0.2747761882737184,0.3168582803535816,0.22860059335953076,-0.6820950829667112,0.0,0.0,0.0,0.0,0.0,0.42494951049198826,Lane Thomas,HIT,True
2025,Wax Kandels,Willi Castro,4,LF,17338,curated,1.0,1.6634952825368379,0.7556345177527256,0.9505748410607447,0.5715014833988269,-0.6648511403957299,0.0,0.0,0.0,0.06696305410696074,0.013189335284100137,3.3565073737444657,Willi Castro,HIT,True
2026,NPB No Stars,Julio Rodriguez,43,,23697,curated,1.0,1.72200896425422,1.4301933485489047,1.6728516423491153,1.0820126899131939,0.13287559858273326,0.0,0.0,0.0,0.0,0.0,6.039942243648167,Julio Rodríguez,HIT,True
2026,NPB No Stars,Freddie Freeman,26,,5361,curated,1.0,1.8495651838286067,1.1918277904574206,1.8696577179195994,0.3606708966377313,1.463228874950724,0.0,0.0,0.0,0.0,0.0,6.734950463794082,Freddie Freeman,HIT,True
2026,NPB No Stars,Dansby Swanson,3,,18314,curated,1.0,2.3597900621261534,1.3507381625184098,2.099264806085164,1.1541468692407402,-0.9609802364131368,0.0,0.0,0.0,0.0,0.0,6.002959663557331,Dansby Swanson,HIT,True
2026,NPB No Stars,Marcus Semien,5,,12533,curated,1.0,1.3074512506374634,1.1123726044269258,1.3448415163983083,0.5770734346203701,-0.9150478778950585,0.0,0.0,0.0,0.0,0.0,3.426690928188009,Marcus Semien,HIT,True
2026,NPB No Stars,Jack Flaherty,2,,17479,curated,1.0,0.0,0.0,0.0,0.0,0.0,0.9578624697581174,0.0,2.1769888527754295,-1.3552378257784874,-1.4141383913855803,0.36547510536947914,Jack Flaherty,PIT,True
2026,NPB No Stars,Yainer Diaz,2,,23003,curated,1.0,0.7972263723399167,0.6356414882439576,0.9184283526622593,0.0,0.020487200548660097,0.0,0.0,0.0,0.0,0.0,2.3717834137947937,Yainer Diaz,HIT,True
2026,NPB No Stars,Alec Bohm,2,,21618,curated,1.0,1.2436731408502701,1.0329174183964311,2.0664637934900836,0.14426835865509252,-0.6680103185808882,0.0,0.0,0.0,0.0,0.0,3.8193123928109887,Alec Bohm,HIT,True
2026,NPB No Stars,Chase DeLauter,5,,32127,curated,1.0,1.4987855799990435,1.0329174183964311,1.8696577179195994,0.5049392552928238,0.7100942996751919,0.0,0.0,0.0,0.0,0.0,5.61639427128309,Chase DeLauter,HIT,True
2026,NPB No Stars,Bryan Reynolds,4,,19326,curated,1.0,2.5511243914877335,1.1918277904574206,2.0664637934900836,0.5049392552928238,0.38569982976687617,0.0,0.0,0.0,0.0,0.0,6.700055060494938,Bryan Reynolds,HIT,True
2026,NPB No Stars,Luis Castillo,14,,15689,curated,1.0,0.0,0.0,0.0,0.0,0.0,0.9578624697581174,0.0,1.942215545123177,-2.9503594974885745,-1.5811759904690368,-1.6314574730763167,Luis Castillo,PIT,True
2026,NPB No Stars,Chandler Simpson,3,,31912,curated,1.0,1.5625636897862367,0.0,0.8200253148770172,2.3804279178090266,1.401605093906293,0.0,0.0,0.0,0.0,0.0,6.164622016378573,Chandler Simpson,HIT,True
2026,NPB No Stars,Trey Yesavage,3,,35456,curated,1.0,0.0,0.0,0.0,0.0,0.0,1.5964374495968623,0.0,1.942215545123177,0.1258814997286175,0.4084949717798852,4.073029466228542,Trey Yesavage,PIT,True
2026,NPB No Stars,Yusei Kikuchi,1,,20633,curated,1.0,0.0,0.0,0.0,0.0,0.0,0.0,0.0,0.7043199229567565,-1.2318214980782496,-0.9292199334497349,-1.456721508571228,Yusei Kikuchi,PIT,True
2026,NPB No Stars,Tanner Bibee,6,,30134,curated,1.0,0.0,0.0,0.0,0.0,0.0,1.2771499596774898,0.0,2.433105188396068,-0.6420920229504739,0.6697518016026001,3.737914926725684,Tanner Bibee,PIT,True
2026,Producers,Devin Williams,13,,15816,curated,1.0,0.0,0.0,0.0,0.0,0.0,0.9578624697581174,3.0430368199611695,1.0671513984193282,-0.708311443368957,-1.3411357784058273,3.0186034663638317,Devin Williams,PIT,True
2026,Producers,Mookie Betts,22,,13611,curated,1.0,1.4668965251054467,1.1123726044269258,1.2464384786130662,0.07213417932754626,-0.3208735482809356,0.0,0.0,0.0,0.0,0.0,3.576968239192049,Mookie Betts,HIT,True
2026,Producers,Cody Bellinger,23,,15998,curated,1.0,1.6582308544670268,0.8740070463354417,1.7384536675392765,0.7213417932754626,0.15300466748191335,0.0,0.0,0.0,0.0,0.0,5.145038029099121,Cody Bellinger,HIT,True
2026,Producers,Framber Valdez,22,,17295,curated,1.0,0.0,0.0,0.0,0.0,0.0,2.2350124294356073,0.0,2.1983318807438157,-0.9823559322460573,-1.5802615968359814,1.8707267810973847,Framber Valdez,PIT,True
2026,Producers,Blake Snell,7,,13543,curated,1.0,0.0,0.0,0.0,0.0,0.0,0.0,0.0,0.32014541952579845,-0.22202569665528324,-0.09794068174194134,0.00017904112857386467,Blake Snell,PIT,True
2026,Producers,Max Muncy,4,,13301,curated,1.0,1.9771214034029934,1.7480140926708834,1.8368567053245186,0.14426835865509252,-0.015181270454477817,0.0,0.0,0.0,0.0,0.0,5.691079289599011,Max Muncy,HIT,True
2026,Producers,Agustin Ramirez,3,,26546,curated,1.0,0.47833582340395003,0.1589103720609894,0.45921417633112965,0.21640253798263878,-0.12877020430426284,0.0,0.0,0.0,0.0,0.0,1.184092705474445,Agustín Ramírez,HIT,True
2026,Producers,Shota Imanaga,14,,33829,curated,1.0,0.0,0.0,0.0,0.0,0.0,2.5542999193549796,0.0,2.774593635890253,0.0038858543207827196,0.9326368431456411,6.265416252711656,Shota Imanaga,PIT,True
2026,Producers,Brett Baty,1,,26123,curated,1.0,1.33934030553106,0.6356414882439576,1.2464384786130662,0.3606708966377313,-0.8061243132491295,0.0,0.0,0.0,0.0,0.0,2.775966855776686,Brett Baty,HIT,True
2026,Producers,Victor Scott II,3,,31349,curated,1.0,0.6058920429783367,0.1589103720609894,0.2952091133557262,0.6492076139479164,-0.6450177973805872,0.0,0.0,0.0,0.0,0.0,1.0642013449623815,Victor Scott II,HIT,True
2026,The Fighting Phils,Corbin Carroll,36,,25878,curated,1.0,2.327901007232557,1.3507381625184098,1.8368567053245186,1.1541468692407402,-0.31628411079075486,0.0,0.0,0.0,0.0,0.0,6.353358633525471,Corbin Carroll,HIT,True
2026,The Fighting Phils,Chase Burns,9,,35333,curated,1.0,0.0,0.0,0.0,0.0,0.0,4.150737368951842,0.0,3.052052999479278,2.5002394558637513,0.6768602489770186,10.37989007327189,Chase Burns,PIT,True
2026,The Fighting Phils,Jakob Marsee,8,,31370,curated,1.0,1.81767612893501,0.4767311161829682,0.9184283526622593,1.370549407223379,-1.1769701643455766,0.0,0.0,0.0,0.0,0.0,3.4064148406580403,Jakob Marsee,HIT,True
2026,The Fighting Phils,Jac Caglianone,13,,35041,curated,1.0,1.6901199093606234,1.6685589066403888,1.7384536675392765,0.3606708966377313,0.3849480719368124,0.0,0.0,0.0,0.0,0.0,5.8427514521148325,Jac Caglianone,HIT,True
2026,The Fighting Phils,Konnor Griffin,20,,35376,curated,1.0,1.1161169212758835,0.3972759301524735,0.8200253148770172,1.442683586550925,0.3367098520114349,0.0,0.0,0.0,0.0,0.0,4.112811604867734,Konnor Griffin,HIT,True
2026,The Fighting Phils,Andrew Vaughn,1,,26197,curated,1.0,0.8291154272335134,0.3972759301524735,1.1152344282327435,0.0,0.65572953562812,0.0,0.0,0.021343027968386562,-0.4597939482843671,-0.3046464181629208,2.254257982767949,Andrew Vaughn,HIT,True
2026,The Fighting Phils,Trevor Megill,1,,17722,curated,1.0,0.0,0.0,0.0,0.0,0.0,0.6385749798387449,3.993985826199035,1.1311804823244878,0.9862913724204958,1.1535865387173672,7.90361919950013,Trevor Megill,PIT,True
2026,The Fighting Phils,Gerrit Cole,16,,13125,curated,1.0,0.0,0.0,0.0,0.0,0.0,1.9157249395162348,0.0,1.8355004052812443,0.5584690403148357,0.7456850326549553,5.05537941776727,Gerrit Cole,PIT,True
2026,The Fighting Phils,Jose Caballero,14,,23401,curated,1.0,1.2117840859566733,0.9534622323659364,1.3448415163983083,2.019757021171295,-0.18033363340018516,0.0,0.0,0.0,0.0,0.0,5.349511222492028,José Caballero,HIT,True
2026,The Fighting Phils,Daylen Lile,8,,29995,curated,1.0,1.9133432936158001,1.1918277904574206,2.0008617682999223,0.7934759726030088,-0.17707806375069324,0.0,0.0,0.0,0.0,0.0,5.722430761225459,Daylen Lile,HIT,True
2026,The Fighting Phils,Hunter Greene,1,,22182,curated,1.0,0.0,0.0,0.0,0.0,0.0,0.6385749798387449,0.0,0.68297689498837,-1.6846540186915215,-0.3487656528989163,-0.7118677967633229,Hunter Greene,PIT,True
2026,Lisbon Long Balls,Jose Ramirez,43,,13510,curated,1.0,1.6582308544670268,0.794551860304947,1.2136374660179856,2.0918912004988415,-0.3853493935007633,0.0,0.0,0.0,0.0,0.0,5.372961987788037,José Ramírez,HIT,True
2026,Lisbon Long Balls,Trea Turner,32,,16252,curated,1.0,2.5511243914877335,1.3507381625184098,1.5416475919687924,1.2262810485682865,-0.07234156812704998,0.0,0.0,0.0,0.0,0.0,6.597449626416172,Trea Turner,HIT,True
2026,Lisbon Long Balls,Carson Benge,15,,35177,curated,1.0,1.9771214034029934,1.0329174183964311,1.5416475919687924,1.2984152278958327,0.5477215779107272,0.0,0.0,0.0,0.0,0.0,6.397823219574778,Carson Benge,HIT,True
2026,Lisbon Long Balls,Quinn Priester,6,,25977,curated,1.0,0.0,0.0,0.0,0.0,0.0,0.0,0.0,0.0,0.0,0.0,0.0,,,False
2026,Lisbon Long Balls,Luke Keaschall,18,,33321,curated,1.0,1.7857870740414135,0.4767311161829682,1.1152344282327435,1.0098785105856476,0.3067555731175972,0.0,0.0,0.0,0.0,0.0,4.69438670216037,Luke Keaschall,HIT,True
2026,Lisbon Long Balls,Will Smith,8,,19197,curated,1.0,0.7334482625527233,0.4767311161829682,0.7544232896868559,0.0,-0.07089991019304173,0.0,0.0,0.0,0.0,0.0,1.8937027582295058,Will Smith,HIT,True
2026,Lisbon Long Balls,Cam Schlittler,20,,32095,curated,1.0,0.0,0.0,0.0,0.0,0.0,3.1928748991937246,0.0,3.8630880622779675,3.913329790818932,2.764173272826952,13.733466025117576,Cam Schlittler,PIT,True
2026,Lisbon Long Balls,Colson Montgomery,5,,29712,curated,1.0,1.72200896425422,2.0658348367928623,2.230468856465487,0.07213417932754626,-1.006801316636126,0.0,0.0,0.0,0.0,0.0,5.083645520203989,Colson Montgomery,HIT,True
2026,Lisbon Long Balls,Ramon Laureano,3,,17128,curated,1.0,0.7334482625527233,0.5561863022134629,0.6888212644966946,0.5049392552928238,-0.5818136271877515,0.0,0.0,0.0,0.0,0.0,1.901581457367953,Ramón Laureano,HIT,True
2026,Lisbon Long Balls,Willson Contreras,1,,11609,curated,1.0,1.8495651838286067,1.827469278701378,2.2960708816556483,0.21640253798263878,0.7074107580096954,0.0,0.0,0.0,0.0,0.0,6.896918640177967,Willson Contreras,HIT,True
2026,Spehr's Army,Gunnar Henderson,36,,26289,curated,1.0,2.232233842551767,1.5096485345793993,1.6072496171589539,0.6492076139479164,-1.081750816878695,0.0,0.0,0.0,0.0,0.0,4.916588791359342,Gunnar Henderson,HIT,True
2026,Spehr's Army,Nolan McLean,20,,33703,curated,1.0,0.0,0.0,0.0,0.0,0.0,2.5542999193549796,0.0,3.372198419005077,0.7392683316336522,0.641543519751332,7.307310189745041,Nolan McLean,PIT,True
2026,Spehr's Army,Dylan Cease,23,,18525,curated,1.0,0.0,0.0,0.0,0.0,0.0,2.2350124294356073,0.0,4.076518341961833,3.1171924917099956,1.1397551346345947,10.56847839774203,Dylan Cease,PIT,True
2026,Spehr's Army,Logan Webb,27,,17995,curated,1.0,0.0,0.0,0.0,0.0,0.0,2.2350124294356073,0.0,2.1983318807438157,0.3696239597608926,1.0859126666518162,5.888880936592132,Logan Webb,PIT,True
2026,Spehr's Army,Daniel Palencia,13,,27914,curated,1.0,0.0,0.0,0.0,0.0,0.0,0.6385749798387449,0.5705694037427192,0.3841745034309581,0.3051800653576197,-0.2068034177021419,1.6916955346679001,Daniel Palencia,PIT,True
2026,Spehr's Army,Addison Barger,3,,24598,curated,1.0,0.06377810978719334,0.0,0.06560202519016138,0.0,-0.3464434694490477,0.0,0.0,0.0,0.0,0.0,-0.21706333447169296,Addison Barger,HIT,True
2026,Spehr's Army,Kazuma Okamoto,11,,37123,curated,1.0,1.9452323485093967,1.9069244647318728,2.2960708816556483,0.07213417932754626,-0.7296848102811411,0.0,0.0,0.0,0.0,0.0,5.490677063943323,Kazuma Okamoto,HIT,True
2026,Spehr's Army,Matt McLain,1,,29695,curated,1.0,1.2755621957438668,0.794551860304947,0.9184283526622593,0.9377443312581014,-1.1189563225151018,0.0,0.0,0.0,0.0,0.0,2.8073304174540725,Matt McLain,HIT,True
2026,Spehr's Army,Cade Horton,14,,31872,curated,1.0,0.0,0.0,0.0,0.0,0.0,0.31928748991937245,0.0,0.08537211187354625,0.16868638683031195,0.19878915742427383,0.7721351460475044,Cade Horton,PIT,True
2026,Spehr's Army,Ivan Herrera,1,,20599,curated,1.0,2.327901007232557,1.0329174183964311,1.6400506297540345,0.5049392552928238,-0.08861662237226513,0.0,0.0,0.0,0.0,0.0,5.417191688303581,Iván Herrera,HIT,True
2026,Spehr's Army,Justin Crawford,1,,31791,curated,1.0,1.1798950310630767,0.1589103720609894,0.9840303778524208,1.1541468692407402,0.22602252243885632,0.0,0.0,0.0,0.0,0.0,3.7030051726560833,Justin Crawford,HIT,True
2026,Orange and Black Attack,Matt Olson,25,,14344,curated,1.0,2.7424587208493136,2.7809315110673145,2.4272749320359712,0.14426835865509252,0.40116738285426845,0.0,0.0,0.0,0.0,0.0,8.49610090546196,Matt Olson,HIT,True
2026,Orange and Black Attack,Austin Riley,26,,18360,curated,1.0,1.53067463489264,1.1123726044269258,1.8696577179195994,0.5049392552928238,-0.8374393746640596,0.0,0.0,0.0,0.0,0.0,4.1802048378679295,Austin Riley,HIT,True
2026,Orange and Black Attack,William Contreras,11,,20503,curated,1.0,1.81767612893501,0.8740070463354417,1.9352597431097607,0.07213417932754626,0.23990872327633736,0.0,0.0,0.0,0.0,0.0,4.9389858209840956,William Contreras,HIT,True
2026,Orange and Black Attack,Josh Hader,15,,14212,curated,1.0,0.0,0.0,0.0,0.0,0.0,1.2771499596774898,3.0430368199611695,0.8110350627986893,1.431607702624493,0.9635554044544977,7.5263849495163395,Josh Hader,PIT,True
2026,Orange and Black Attack,Ian Happ,10,,17919,curated,1.0,2.232233842551767,1.589103720609894,1.6728516423491153,0.28853671731018504,-0.9449359132229166,0.0,0.0,0.0,0.0,0.0,4.837790009598045,Ian Happ,HIT,True
2026,Orange and Black Attack,Mickey Moniak,1,,19956,curated,1.0,1.2755621957438668,1.5096485345793993,1.7384536675392765,0.07213417932754626,0.3117878918658225,0.0,0.0,0.0,0.0,0.0,4.907586469055912,Mickey Moniak,HIT,True
2026,Orange and Black Attack,Sal Frelick,1,,29622,curated,1.0,1.05233881148869,0.3178207441219788,1.1152344282327435,0.43280507596527756,-0.3026080823941257,0.0,0.0,0.0,0.0,0.0,2.6155909774145645,Sal Frelick,HIT,True
2026,Orange and Black Attack,Kenley Jansen,1,,3096,curated,1.0,0.0,0.0,0.0,0.0,0.0,0.9578624697581174,2.6626572174660232,0.7683490068619162,-0.17728360196114512,-0.13020430158161816,4.081380790543293,Kenley Jansen,PIT,True
2026,Orange and Black Attack,Max Muncy,1,,13301,curated,1.0,1.9771214034029934,1.7480140926708834,1.8368567053245186,0.14426835865509252,-0.015181270454477817,0.0,0.0,0.0,0.0,0.0,5.691079289599011,Max Muncy,HIT,True
2026,Orange and Black Attack,Carter Jensen,1,,29478,curated,1.0,1.6901199093606234,1.2712829764879152,1.804055692729438,0.07213417932754626,-0.7292079942599924,0.0,0.0,0.0,0.0,0.0,4.10838476364553,Carter Jensen,HIT,True
2026,New York Polar Bears,Jose Altuve,14,,5417,curated,1.0,1.72200896425422,1.0329174183964311,1.1480354408278242,0.14426835865509252,-0.2939291226153017,0.0,0.0,0.0,0.0,0.0,3.753301059518266,Jose Altuve,HIT,True
2026,New York Polar Bears,Wyatt Langford,26,,33333,curated,1.0,1.2755621957438668,1.0329174183964311,1.0168313904475015,0.5770734346203701,0.06155344062849895,0.0,0.0,0.0,0.0,0.0,3.963937879836669,Wyatt Langford,HIT,True
2026,New York Polar Bears,C.J. Abrams,22,,25768,curated,1.0,2.3916791170197502,2.3042003948843464,2.984892146152343,1.5869519452060177,0.9568171798636509,0.0,0.0,0.0,0.0,0.0,10.224540783126107,CJ Abrams,HIT,True
2026,New York Polar Bears,Willy Adames,15,,15986,curated,1.0,1.8495651838286067,1.5096485345793993,1.5744486045638733,0.3606708966377313,-0.7605457867211,0.0,0.0,0.0,0.0,0.0,4.53378743288851,Willy Adames,HIT,True
2026,New York Polar Bears,Brandon Nimmo,8,,12927,curated,1.0,1.5944527446798333,1.0329174183964311,1.5416475919687924,0.43280507596527756,0.7002996236961999,0.0,0.0,0.0,0.0,0.0,5.302122454706534,Brandon Nimmo,HIT,True
2026,New York Polar Bears,Yandy Diaz,13,,16578,curated,1.0,2.136566677870977,1.3507381625184098,2.230468856465487,0.21640253798263878,1.4162468920182052,0.0,0.0,0.0,0.0,0.0,7.350423126855717,Yandy Díaz,HIT,True
2026,New York Polar Bears,Michael Harris II,18,,25931,curated,1.0,1.8814542387222035,1.589103720609894,2.1976678438704065,0.43280507596527756,1.060251367056829,0.0,0.0,0.0,0.0,0.0,7.16128224622461,Michael Harris II,HIT,True
2026,New York Polar Bears,George Kirby,23,,25436,curated,1.0,0.0,0.0,0.0,0.0,0.0,2.5542999193549796,0.0,2.3904191324592947,0.14406601280344103,-0.7223691726125118,4.366415892005205,George Kirby,PIT,True
2026,New York Polar Bears,Shane Baz,4,,22264,curated,1.0,0.0,0.0,0.0,0.0,0.0,1.2771499596774898,0.0,2.5611633562063876,-0.06224068279876666,-1.2277695806121374,2.5483030524729737,Shane Baz,PIT,True
2026,New York Polar Bears,Caleb Durbin,1,,29646,curated,1.0,1.7538980191478168,0.8740070463354417,1.7712546801343574,1.0098785105856476,-0.1708931546056162,0.0,0.0,0.0,0.0,0.0,5.238145101597648,Caleb Durbin,HIT,True
2026,New York Polar Bears,Andrew Abbott,1,,29911,curated,1.0,0.0,0.0,0.0,0.0,0.0,1.9157249395162348,0.0,2.1129597688702697,-0.4283402594731314,-1.7721667939241643,1.8281776549892086,Andrew Abbott,PIT,True
2026,New York Polar Bears,Aaron Nola,1,,16149,curated,1.0,0.0,0.0,0.0,0.0,0.0,0.9578624697581174,0.0,2.7532506079218666,-3.850788970126922,-2.2697221788280686,-2.4093980712750067,Aaron Nola,PIT,True
2026,New York Polar Bears,Edward Cabrera,1,,21690,curated,1.0,0.0,0.0,0.0,0.0,0.0,1.5964374495968623,0.0,1.3872968179451266,-1.843664439027057,-1.110329807293503,0.029740021221428714,Edward Cabrera,PIT,True
2026,New York Polar Bears,Jose Soriano,1,,22100,curated,1.0,0.0,0.0,0.0,0.0,0.0,2.8735874092743523,0.0,2.774593635890253,1.1058612871747011,-0.5624660572571067,6.1915762750822,José Soriano,PIT,True
2026,All-Stars,Jeff Hoffman,9,,17432,curated,1.0,0.0,0.0,0.0,0.0,0.0,1.9157249395162348,0.9509490062378655,1.707442237470925,-0.13418824766844265,-0.6887354688015805,3.751192466755002,Jeff Hoffman,PIT,True
2026,All-Stars,Luis Robert,18,,20043,exact,1.0,0.5421139331911433,0.3972759301524735,0.524816201521291,0.14426835865509252,-0.4037765470796113,0.0,0.0,0.0,0.0,0.0,1.2046978764403893,Luis Robert Jr.,HIT,True
2026,All-Stars,Christian Yelich,18,,11477,curated,1.0,1.5625636897862367,0.6356414882439576,1.3120405038032277,0.7213417932754626,-0.43107603159613167,0.0,0.0,0.0,0.0,0.0,3.8005114435127534,Christian Yelich,HIT,True
2026,All-Stars,Trevor Story,15,,12564,curated,1.0,0.5102248782975467,0.2383655580914841,0.6232192393065331,0.28853671731018504,-0.4686330660594802,0.0,0.0,0.0,0.0,0.0,1.1917133269462687,Trevor Story,HIT,True
2026,All-Stars,Masyn Winn,8,,27479,curated,1.0,1.43500747021185,0.3178207441219788,1.6072496171589539,0.7213417932754626,-0.20467158729518647,0.0,0.0,0.0,0.0,0.0,3.876748037473059,Masyn Winn,HIT,True
2026,All-Stars,Oneil Cruz,20,,21711,curated,1.0,1.43500747021185,1.1123726044269258,1.4432445541835504,1.5148177658784714,0.1889054222691232,0.0,0.0,0.0,0.0,0.0,5.694347816969921,Oneil Cruz,HIT,True
2026,All-Stars,Mike Trout,4,,10155,curated,1.0,2.1684557327645733,1.589103720609894,1.3776425289933891,0.6492076139479164,-0.45136498040033357,0.0,0.0,0.0,0.0,0.0,5.33304461591544,Mike Trout,HIT,True
2026,All-Stars,Nick Pivetta,18,,15454,curated,1.0,0.0,0.0,0.0,0.0,0.0,0.31928748991937245,0.0,0.5122326712412775,-0.23620865734344457,0.09044676166943992,0.6857582654866453,Nick Pivetta,PIT,True
2026,All-Stars,Jonathan Aranda,19,,21837,curated,1.0,1.81767612893501,1.1918277904574206,2.3944739194408906,0.0,0.9100582191082737,0.0,0.0,0.0,0.0,0.0,6.314036057941595,Jonathan Aranda,HIT,True
2026,All-Stars,Noelvi Marte,9,,26517,curated,1.0,0.6058920429783367,0.4767311161829682,0.4920151889262104,0.5049392552928238,-0.5653168538836453,0.0,0.0,0.0,0.0,0.0,1.5142607494966938,Noelvi Marte,HIT,True
2026,All-Stars,Gavin Williams,19,,30122,curated,1.0,0.0,0.0,0.0,0.0,0.0,3.512162389113097,0.0,3.9271171461831273,0.47040644774852947,1.6027074228068918,9.512393405851645,Gavin Williams,PIT,True
2026,All-Stars,Taj Bradley,1,,22543,curated,1.0,0.0,0.0,0.0,0.0,0.0,2.8735874092743523,0.0,3.1374251113528246,-0.06855872383637003,-0.4323652016722261,5.510088595118581,Taj Bradley,PIT,True
2026,McBlocks,George Springer,18,,12856,curated,1.0,1.3712293604246568,0.9534622323659364,1.1808364534229048,0.6492076139479164,-0.3389646219107757,0.0,0.0,0.0,0.0,0.0,3.8157710382506385,George Springer,HIT,True
2026,McBlocks,Corey Seager,19,,13624,curated,1.0,1.05233881148869,0.8740070463354417,0.9184283526622593,0.07213417932754626,-0.9163046466071351,0.0,0.0,0.0,0.0,0.0,2.0006037432068022,Corey Seager,HIT,True
2026,McBlocks,Sandy Alcantara,9,,18684,curated,1.0,0.0,0.0,0.0,0.0,0.0,4.150737368951842,0.0,2.73190757995348,0.6040358700143197,0.29924111111186275,7.785921930031504,Sandy Alcantara,PIT,True
2026,McBlocks,Raisel Iglesias,3,,17130,curated,1.0,0.0,0.0,0.0,0.0,0.0,0.31928748991937245,4.564555229941754,1.024465342482555,0.6807639628171624,0.20766934967324766,6.796741374834093,Raisel Iglesias,PIT,True
2026,McBlocks,Ryan Helsley,4,,18138,curated,1.0,0.0,0.0,0.0,0.0,0.0,0.0,1.5215184099805847,0.4482035873361178,-0.12643485183226555,-0.3111267226446034,1.5321604228398336,Ryan Helsley,PIT,True
2026,McBlocks,Tyler Glasnow,23,,14374,curated,1.0,0.0,0.0,0.0,0.0,0.0,0.9578624697581174,0.0,1.024465342482555,0.7409705166708794,1.0773039505645927,3.800602279476144,Tyler Glasnow,PIT,True
2026,McBlocks,Sal Stewart,14,,31505,curated,1.0,2.040899513190187,1.9863796507623674,2.85368809577202,0.8656101519305551,0.05110630008350503,0.0,0.0,0.0,0.0,0.0,7.797683711738635,Sal Stewart,HIT,True
2026,McBlocks,Carlos Rodon,3,,16137,curated,1.0,0.0,0.0,0.0,0.0,0.0,1.2771499596774898,0.0,1.1098374543561011,0.37212174032131873,-0.21884107086706125,2.5402680834878484,Carlos Rodón,PIT,True
2026,McBlocks,Bubba Chandler,9,,29868,curated,1.0,0.0,0.0,0.0,0.0,0.0,1.5964374495968623,0.0,2.1983318807438157,-1.083934395492184,-1.5332154079751714,1.1776195268733225,Bubba Chandler,PIT,True
2026,McBlocks,Ezequiel Tovar,1,,24064,curated,1.0,1.3074512506374634,0.7150966742744523,1.2136374660179856,0.3606708966377313,-1.1014294207597226,0.0,0.0,0.0,0.0,0.0,2.4954268668079105,Ezequiel Tovar,HIT,True
2026,Pookie 2.0,Zack Wheeler,14,,10310,curated,1.0,0.0,0.0,0.0,0.0,0.0,3.1928748991937246,0.0,2.817279691827026,2.076719872651843,1.734283070636173,9.821157534308767,Zack Wheeler,PIT,True
2026,Pookie 2.0,Ozzie Albies,5,,16556,curated,1.0,2.29601195233896,1.589103720609894,2.099264806085164,0.14426835865509252,0.17308928640455365,0.0,0.0,0.0,0.0,0.0,6.301738124093664,Ozzie Albies,HIT,True
2026,Pookie 2.0,Daulton Varsho,4,,19918,curated,1.0,1.3074512506374634,0.6356414882439576,0.9184283526622593,0.7213417932754626,-0.386419238804661,0.0,0.0,0.0,0.0,0.0,3.196443646014482,Daulton Varsho,HIT,True
2026,Pookie 2.0,Matt Chapman,13,,16505,curated,1.0,1.1161169212758835,0.5561863022134629,1.3776425289933891,0.0,-0.35231355902501216,0.0,0.0,0.0,0.0,0.0,2.6976321934577236,Matt Chapman,HIT,True
2026,Pookie 2.0,Lawrence Butler,9,,22542,curated,1.0,1.4031184153182534,0.6356414882439576,1.049632403042582,0.6492076139479164,-0.9622887635547887,0.0,0.0,0.0,0.0,0.0,2.7753111569979203,Lawrence Butler,HIT,True
2026,Pookie 2.0,Tatsuya Imai,8,,37124,curated,1.0,0.0,0.0,0.0,0.0,0.0,1.9157249395162348,0.0,1.6220701255973786,-2.1196290639634054,-1.199715053185407,0.2184509479648007,Tatsuya Imai,PIT,True
2026,Pookie 2.0,Kevin McGonigle,13,,33572,curated,1.0,2.4554572268069434,0.9534622323659364,1.5744486045638733,0.7934759726030088,1.045056065843024,0.0,0.0,0.0,0.0,0.0,6.821900102182786,Kevin McGonigle,HIT,True
2026,Pookie 2.0,JJ Wetherholt,5,,34985,curated,1.0,2.3916791170197502,1.2712829764879152,1.4760455667786312,0.8656101519305551,-0.20979744159864425,0.0,0.0,0.0,0.0,0.0,5.794820370618208,JJ Wetherholt,HIT,True
2026,Pookie 2.0,Spencer Strider,4,,27498,curated,1.0,0.0,0.0,0.0,0.0,0.0,1.2771499596774898,0.0,0.9817792865457818,-1.167034221601738,-0.4910441629573065,0.6008508616642272,Spencer Strider,PIT,True
2026,Pookie 2.0,Spencer Torkelson,1,,27465,curated,1.0,1.6582308544670268,1.589103720609894,1.9680607557048415,0.0,-0.6371465942661864,0.0,0.0,0.0,0.0,0.0,4.578248736515576,Spencer Torkelson,HIT,True
