season,team,player,salary,pos,fg_id,match,match_conf,rp_R,rp_HR,rp_RBI,rp_SB,rp_AVG,rp_W,rp_SV,rp_K,rp_ERA,rp_WHIP,roto_points,name,role,played,value,surplus
2022,Moben,Randal Grichuk,25,OF,10243,exact,1.0,1.915593059684865,1.691655973255552,2.379137473474235,0.36900681390636386,0.41311881383308835,0.0,0.0,0.0,0.08021629622772176,0.10387462582271895,6.952603056204545,Randal Grichuk,HIT,True,19.766474596917423,-5.233525403082577
2022,Moben,Christian Yelich,27,OF,11477,exact,1.0,3.1607285484800274,1.2464833487146172,1.8576826847675532,1.7527823660552284,0.1987045892250873,0.0,0.0,0.0,0.0,0.0,8.216381537242514,Christian Yelich,HIT,True,28.185521100667458,1.185521100667458
2022,Moben,Eddie Rosario,22,OF,12155,exact,1.0,0.8620168768581893,0.4451726245409347,0.7821821830600224,0.2767551104297729,-0.6612890844516658,0.0,0.0,0.0,0.0,0.0,1.7048377104372534,Eddie Rosario,HIT,True,0.0,-22.0
2022,Moben,Charlie Blackmon,16,OF,7859,exact,1.0,1.915593059684865,1.4245523985309911,2.542092094945073,0.36900681390636386,0.6488699750692223,0.0,0.0,0.0,0.0,0.0,6.900114342136515,Charlie Blackmon,HIT,True,19.41680499002727,3.41680499002727
2022,Moben,Willy Adames,26,U,15986,exact,1.0,2.6499037325640633,2.7600702721537953,3.1939105808284247,0.7380136278127277,-0.34032202074922235,0.0,0.0,0.0,0.0,0.0,9.00157619260979,Willy Adames,HIT,True,33.416335216606235,7.416335216606235
2022,Moben,Nelson Cruz,16,U,2434,exact,1.0,1.5963275497373874,0.8903452490818694,2.0858191548267264,0.36900681390636386,-0.4363956491841189,0.0,0.0,0.0,0.0,0.0,4.505103118368228,Nelson Cruz,HIT,True,3.461705918117457,-12.538294081882544
2022,Moben,Tylor Megill,10,P,21318,exact,1.0,0.0,0.0,0.0,0.0,0.0,1.2768724125171977,0.0,1.0143322598648123,-1.2736655890574975,-0.14407039484977502,0.8734686884747376,Tylor Megill,PIT,True,0.0,-10.0
2022,Moben,Luke Voit,19,1B,14811,exact,1.0,1.7559603047111263,1.9587595479801128,2.2487737762975644,0.09225170347659097,-0.7789792642876134,0.0,0.0,0.0,0.0,0.0,5.276766068177781,Luke Voit,HIT,True,8.602374442819428,-10.397625557180572
2022,Moben,Darin Ruf,12,OF,9929,exact,1.0,1.660180651726883,0.9793797739900564,1.466591593237542,0.18450340695318193,-1.124093779464082,0.0,0.0,0.0,0.1602793824962041,0.12215936214695582,3.449000391086741,Darin Ruf,HIT,True,0.0,-12.0
2022,Moben,Jesus Luzardo,6,P,19959,exact,1.0,0.0,0.0,0.0,0.0,0.0,1.2768724125171977,0.0,2.386664140858382,0.9407147302642582,1.3780997307092147,5.982351014349053,Jesús Luzardo,PIT,True,13.30284415589997,7.302844155899971
2022,Moben,Collin McHugh,5,P,7531,exact,1.0,0.0,0.0,0.0,0.0,0.0,0.9576543093878982,0.0,1.4916650880364888,1.6517357435697344,1.5228519038218666,5.623907044815987,Collin McHugh,PIT,True,10.91496012893894,5.91496012893894
2022,Moben,Mitch Keller,4,P,17594,exact,1.0,0.0,0.0,0.0,0.0,0.0,1.596090515646497,0.0,2.7446637619871392,-0.26005717170365344,-2.1363164795474807,1.944380626382502,Mitch Keller,PIT,True,0.0,-4.0
2022,Moben,Brian Anderson,1,3B,18289,exact,1.0,1.3728416927741531,0.7122761992654956,0.9125458802366928,0.09225170347659097,-0.6856075653577868,0.0,0.0,0.0,0.0,0.0,2.4043079103951457,Brian Anderson,HIT,True,0.0,-1.0
2022,Moben,Edwin Rios,1,CI,18316,exact,1.0,0.383118611936973,0.6232416743573086,0.5540457130008491,0.0,0.016615680957635277,0.0,0.0,0.0,0.0,0.0,1.577021680252766,Edwin Rios,HIT,True,0.0,-1.0
2022,Moben,Merrill Kelly,1,P,11156,exact,1.0,0.0,0.0,0.0,0.0,0.0,4.149835340680893,0.0,3.5203296077661137,1.564664951950871,1.0899955534405643,10.324825453838441,Merrill Kelly,PIT,True,42.231564494119304,41.231564494119304
2022,Micks,Joe Musgrove,31,P,12970,exact,1.0,0.0,0.0,0.0,0.0,0.0,3.192181031292994,0.0,3.659551682649519,2.8644153381261583,1.7478412148004117,11.463989266869083,Joe Musgrove,PIT,True,49.82045231045335,18.820452310453348
2022,Micks,Kyle Schwarber,30,OF,16478,exact,1.0,3.192655099474775,4.0955881457766,3.0635468836517545,0.9225170347659096,-1.2432729839193433,0.0,0.0,0.0,0.0,0.0,10.031034179749696,Kyle Schwarber,HIT,True,40.274384152737305,10.274384152737305
2022,Micks,Carlos Carrasco,11,P,6632,exact,1.0,0.0,0.0,0.0,0.0,0.0,4.788271546939491,0.0,3.0231079117539505,-0.4216222341525333,-1.2903743041172506,6.099382920423658,Carlos Carrasco,PIT,True,14.08248795775942,3.0824879577594206
2022,Micks,Hunter Greene,13,P,22182,exact,1.0,0.0,0.0,0.0,0.0,0.0,1.596090515646497,0.0,3.2418854579993024,-1.507393149262798,0.08819198217459413,3.418774806557596,Hunter Greene,PIT,True,0.0,-13.0
2022,Micks,Joc Pederson,8,OF,11899,exact,1.0,1.8198134067006217,2.0477940728883,2.281364700591732,0.2767551104297729,0.7655189974429408,0.0,0.0,0.0,0.0,0.0,7.191246288053367,Joc Pederson,HIT,True,21.35626940422438,13.356269404224381
2022,Micks,Hunter Renfroe,21,OF,15464,exact,1.0,1.9794461616743604,2.5820012223374214,2.346546549180067,0.09225170347659097,0.24968974836791402,0.0,0.0,0.0,0.0,0.0,7.249935385036354,Hunter Renfroe,HIT,True,21.74724475645307,0.7472447564530711
2022,Micks,Ranger Suarez,15,P,17277,exact,1.0,0.0,0.0,0.0,0.0,0.0,3.192181031292994,0.0,2.565663951422761,0.45578980531513136,-1.378869247222692,4.834765540808194,Ranger Suarez,PIT,True,5.657852874806755,-9.342147125193245
2022,Micks,Jorge Soler,18,U,14221,exact,1.0,1.021649631831928,1.1574488238064302,1.1080914260016983,0.0,-0.80003703690879,0.0,0.0,0.0,0.0,0.0,2.4871528447312663,Jorge Soler,HIT,True,0.0,-18.0
2022,Micks,Robert Suarez,16,P,30115,exact,1.0,0.0,0.0,0.0,0.0,0.0,1.596090515646497,0.20478437084221862,1.193332070429191,1.4518779255121688,0.6026136467293796,5.048698529159455,Robert Suarez,PIT,True,7.08303284474594,-8.91696715525406
2022,Micks,Jeff McNeil,14,2B,15362,exact,1.0,2.3306382226165856,0.8013107241736825,2.0206373062383913,0.36900681390636386,3.0152947383219635,0.0,0.0,0.0,0.0,0.0,8.536887805256987,Jeff McNeil,HIT,True,30.320671536953572,16.320671536953572
2022,Micks,J.D. Davis,4,3B,16219,exact,1.0,1.4686213457583965,1.0684142988982432,1.140682350295866,0.09225170347659097,-0.010547964671195072,0.0,0.0,0.0,0.0,0.0,3.7594217337579012,J.D. Davis,HIT,True,0.0,-4.0
2022,Micks,j profar,1,C,10815,initial_last,0.9,2.6179771815693154,1.3355178736228042,1.8902736090617207,0.4612585173829548,-0.15528339264426397,0.0,0.0,0.0,0.0,0.0,6.149743788992532,Jurickson Profar,HIT,True,14.417982271685673,13.417982271685673
2022,Micks,Luis Cessa,1,P,13345,exact,1.0,0.0,0.0,0.0,0.0,0.0,1.2768724125171977,0.0,1.1734432025887045,-1.230088302646625,-0.43969807810347605,0.780529234355801,Luis Cessa,PIT,True,0.0,-1.0
2022,Spehr's Army,Starling Marte,42,OF,9241,exact,1.0,2.426417875600829,1.4245523985309911,2.0532282305325587,1.6605306625786374,1.4537874585453725,0.0,0.0,0.0,0.0,0.0,9.018516625788388,Starling Marte,HIT,True,33.52918908843918,-8.470810911560818
2022,Spehr's Army,Seiya Suzuki,25,U,30116,exact,1.0,1.7240337537163786,1.2464833487146172,1.4991825175317095,0.8302653312893187,0.4030235379053288,0.0,0.0,0.0,0.0,0.0,5.702988489157352,Seiya Suzuki,HIT,True,11.441785334054668,-13.558214665945332
2022,Spehr's Army,Yu Darvish,26,P,13074,exact,1.0,0.0,0.0,0.0,0.0,0.0,5.107489650068791,0.0,3.918106964575844,2.4501571073680988,3.6802603229537043,15.156014044966437,Yu Darvish,PIT,True,74.41600348194474,48.41600348194474
2022,Spehr's Army,Yoshitomo Tsutsugo,7,1B,27459,initial_last,0.9,0.35119206094222527,0.1780690498163739,0.6192275615891843,0.0,-1.022390753482218,0.0,0.0,0.0,0.0,0.0,0.12609791886556554,Yoshi Tsutsugo,HIT,True,0.0,-7.0
2022,Spehr's Army,Ian Anderson,17,P,19951,exact,1.0,0.0,0.0,0.0,0.0,0.0,3.192181031292994,0.0,1.9292201805271922,-2.5416463558779867,-2.5409619986428003,0.03879285729939985,Ian Anderson,PIT,True,0.0,-17.0
2022,Spehr's Army,Josiah Gray,6,P,24580,exact,1.0,0.0,0.0,0.0,0.0,0.0,2.234526721905096,0.0,3.0628856474349235,-3.3437598044168357,-1.5655873772086348,0.3880651877145489,Josiah Gray,PIT,True,0.0,-6.0
2022,Spehr's Army,Cole Sulser,2,P,15256,exact,1.0,0.0,0.0,0.0,0.0,0.0,0.31921810312929944,0.40956874168443724,0.7557769779384876,-1.0240317897572844,-1.1335276896631514,-0.6729956566682116,Cole Sulser,PIT,True,0.0,-2.0
2022,Spehr's Army,Patrick Corbin,4,P,9323,exact,1.0,0.0,0.0,0.0,0.0,0.0,1.9153086187757964,0.0,2.5457750835822743,-7.019305198810157,-5.454064790351458,-8.012286286803544,Patrick Corbin,PIT,True,0.0,-4.0
2022,Spehr's Army,Paul DeJong,6,U,18015,exact,1.0,0.6066044689002072,0.5342071494491216,0.81477310735419,0.2767551104297729,-1.4575961977190708,0.0,0.0,0.0,0.0,0.0,0.7747436384142208,Paul DeJong,HIT,True,0.0,-6.0
2022,Spehr's Army,Kyle Gibson,1,P,10123,exact,1.0,0.0,0.0,0.0,0.0,0.0,3.192181031292994,0.0,2.8639969690300586,-3.77192687444235,-1.460620039072657,0.8236310868080456,Kyle Gibson,PIT,True,0.0,-1.0
2022,Spehr's Army,Matt Vierling,1,2B,21558,exact,1.0,1.3089885907846577,0.5342071494491216,1.0429095774133632,0.6457619243361368,-0.030294896155038446,0.0,0.0,0.0,0.0,0.0,3.5015723458282406,Matt Vierling,HIT,True,0.0,-1.0
2022,All-Stars,Corey Knebel,18,P,15010,exact,1.0,0.0,0.0,0.0,0.0,0.0,0.9576543093878982,2.4574124501066237,0.8154435814599472,0.3163611476888397,-0.5158277395776225,4.031043749065686,Corey Knebel,PIT,True,0.3036145788674709,-17.69638542113253
2022,All-Stars,Carlos Rodon,26,P,16137,exact,1.0,0.0,0.0,0.0,0.0,0.0,4.469053443810192,0.0,4.7136616781953045,2.9892314858801905,2.435955880732721,14.607902488618407,Carlos Rodón,PIT,True,70.76459087176418,44.764590871764184
2022,All-Stars,C.J. Cron,23,1B,12546,exact,1.0,2.5221975285850724,2.5820012223374214,3.3242742780050953,0.0,0.4053846012016124,0.0,0.0,0.0,0.0,0.0,8.833857630129202,C.J. Cron,HIT,True,32.29902676559793,9.29902676559793
2022,All-Stars,Justin Turner,20,3B,5235,exact,1.0,1.9475196106796127,1.1574488238064302,2.639864867827576,0.2767551104297729,1.0221872891214179,0.0,0.0,0.0,0.0,0.0,7.04377570186481,Justin Turner,HIT,True,20.3738490341315,0.3738490341314993
2022,All-Stars,Zac Gallen,15,P,19291,exact,1.0,0.0,0.0,0.0,0.0,0.0,3.830617237551593,0.0,3.8186626253734115,4.189368885023643,4.045733447444887,15.884382195393533,Zac Gallen,PIT,True,79.26825047167006,64.26825047167006
2022,All-Stars,Camilo Doval,13,P,21992,exact,1.0,0.0,0.0,0.0,0.0,0.0,1.9153086187757964,5.529178012739903,1.571220559398435,1.689142005443825,-0.1071156631686039,10.597733533189356,Camilo Doval,PIT,True,44.04962505281577,31.04962505281577
2022,All-Stars,Trent Grisham,20,OF,18564,exact,1.0,1.8517399576953695,1.5135869234391781,1.7273189875908828,0.6457619243361368,-2.155980098462387,0.0,0.0,0.0,0.0,0.0,3.58242769459918,Trent Grisham,HIT,True,0.0,-20.0
2022,All-Stars,Huascar Ynoa,8,P,20468,exact,1.0,0.0,0.0,0.0,0.0,0.0,0.0,0.0,0.13922207488340563,-1.1993571676940717,-0.7199685038800384,-1.7801035966907044,Huascar Ynoa,PIT,True,0.0,-8.0
2022,All-Stars,Brandon Nimmo,10,OF,12927,exact,1.0,3.2565082014642703,1.4245523985309911,2.0858191548267264,0.2767551104297729,1.165376393907916,0.0,0.0,0.0,0.0,0.0,8.209011259159675,Brandon Nimmo,HIT,True,28.136421741202163,18.136421741202163
2022,All-Stars,Seth Beer,7,CI,20493,exact,1.0,0.127706203978991,0.08903452490818695,0.2933183186475084,0.0,-0.4921461937943463,0.0,0.0,0.0,0.0,0.0,0.017912853740340018,Seth Beer,HIT,True,0.0,-7.0
2022,All-Stars,Miles Mikolas,4,P,9803,exact,1.0,0.0,0.0,0.0,0.0,0.0,3.830617237551593,0.0,3.042996779594437,1.8554022062800728,2.624644484636556,11.35366070806266,Miles Mikolas,PIT,True,49.08546490465412,45.08546490465412
2022,All-Stars,Frank Schwindel,14,U,15351,exact,1.0,0.7343106728791983,0.7122761992654956,1.1732732745900336,0.0,-0.3578724982922007,0.0,0.0,0.0,-0.8927508838541861,-0.45676095705813036,0.9124758075302104,Frank Schwindel,HIT,True,0.0,-14.0
2022,All-Stars,Sam Hilliard,3,OF,17954,exact,1.0,0.8300903258634414,0.1780690498163739,0.4562729401183464,0.4612585173829548,-0.9070880117390152,0.0,0.0,0.0,0.0,0.0,1.0186028214421015,Sam Hilliard,HIT,True,0.0,-3.0
2022,All-Stars,Garrett Cooper,1,OF,15279,exact,1.0,1.1812823868056668,0.8013107241736825,1.62954621470838,0.0,0.3874725747743678,0.0,0.0,0.0,0.0,0.0,3.999611900462097,Garrett Cooper,HIT,True,0.09422171527392054,-0.9057782847260795
2022,All-Stars,Rafael Ortega,2,OF,10323,exact,1.0,1.1174292848161713,0.6232416743573086,1.140682350295866,1.1070204417190916,-0.19305807317224927,0.0,0.0,0.0,0.0,0.0,3.7953156780161885,Rafael Ortega,HIT,True,0.0,-2.0
2022,All-Stars,Didi Gregorius,4,SS,6012,exact,1.0,0.5427513669107118,0.08903452490818695,0.6192275615891843,0.09225170347659097,-0.6156821367745431,0.0,0.0,0.0,0.0,0.0,0.727583020110131,Didi Gregorius,HIT,True,0.0,-4.0
2022,New York Polar Bears,Nick Lodolo,6,P,26378,exact,1.0,0.0,0.0,0.0,0.0,0.0,1.2768724125171977,0.0,2.605441687103734,0.2956955819446558,-0.288410423976611,3.8895992575889764,Nick Lodolo,PIT,True,0.0,-6.0
2022,New York Polar Bears,Steven Matz,19,P,13361,exact,1.0,0.0,0.0,0.0,0.0,0.0,1.596090515646497,0.0,1.073998863386272,-1.3845767023245688,-0.13628230101463648,1.1492303756935638,Steven Matz,PIT,True,0.0,-19.0
2022,New York Polar Bears,Gavin Lux,13,2B,19955,exact,1.0,2.1071523656533513,0.5342071494491216,1.368818820355039,0.6457619243361368,0.8581827521696332,0.0,0.0,0.0,0.0,0.0,5.5141230119632825,Gavin Lux,HIT,True,10.183600249162371,-2.816399750837629
2022,New York Polar Bears,Joey Wendle,7,MI,13853,exact,1.0,0.8620168768581893,0.2671035747245608,1.0429095774133632,1.1070204417190916,0.32118358659642665,0.0,0.0,0.0,0.0,0.0,3.600234057311632,Joey Wendle,HIT,True,0.0,-7.0
2022,New York Polar Bears,Zach Eflin,5,P,13774,exact,1.0,0.0,0.0,0.0,0.0,0.0,0.9576543093878982,0.20478437084221862,1.2927764096316237,-0.3735125838446136,0.5897972258386737,2.6714997318558007,Zach Eflin,PIT,True,0.0,-5.0
2022,New York Polar Bears,Rowdy Tellez,4,U,15679,exact,1.0,2.1390789166480992,3.116208371786543,2.9005922621809166,0.18450340695318193,-1.054543844274161,0.0,0.0,0.0,0.0,0.0,7.28583911329458,Rowdy Tellez,HIT,True,21.986428412765804,17.986428412765804
2022,New York Polar Bears,Aaron Ashby,5,P,23550,exact,1.0,0.0,0.0,0.0,0.0,0.0,0.6384362062585989,0.20478437084221862,2.5059973479013014,-1.3034161420757628,-1.7726336896510573,0.27316809327529845,Aaron Ashby,PIT,True,0.0,-5.0
2022,New York Polar Bears,Wil Myers,9,OF,10047,exact,1.0,0.9258699788476847,0.6232416743573086,1.3362278960608716,0.18450340695318193,0.2731760032332537,0.0,0.0,0.0,-0.31020875465646536,0.07582000122048141,3.1086302060163167,Wil Myers,HIT,True,0.0,-9.0
2022,New York Polar Bears,Ian Happ,7,OF,17919,exact,1.0,2.298711671621838,1.5135869234391781,2.346546549180067,0.8302653312893187,0.971249366218758,0.0,0.0,0.0,0.0,0.0,7.96035984174916,Ian Happ,HIT,True,26.47995434773687,19.47995434773687
2022,New York Polar Bears,Eric Lauer,2,P,19316,exact,1.0,0.0,0.0,0.0,0.0,0.0,3.5113991344222937,0.0,3.1225522509563834,0.3418605886039539,-0.05507072829553275,6.920741245687098,Eric Lauer,PIT,True,19.55421741065821,17.55421741065821
2022,New York Polar Bears,Colin Moran,1,U,16909,exact,1.0,0.35119206094222527,0.4451726245409347,0.7495912587658548,0.0,-0.3584284275626741,0.0,0.0,0.0,0.0,0.0,1.1875275166863406,Colin Moran,HIT,True,0.0,-1.0
2022,Pookie 2.0,Ronald Acuna Jr.,40,OF,18401,exact,1.0,2.26678512062709,1.3355178736228042,1.62954621470838,2.675299400821138,0.645639437285614,0.0,0.0,0.0,0.0,0.0,8.552788047065025,Ronald Acuña Jr.,HIT,True,30.426595856137105,-9.573404143862895
2022,Pookie 2.0,Stephen Strasburg,7,P,10131,exact,1.0,0.0,0.0,0.0,0.0,0.0,0.0,0.0,0.09944433920243259,-0.7957639483285759,-0.3319691887797936,-1.028288797905937,Stephen Strasburg,PIT,True,0.0,-7.0
2022,Pookie 2.0,Trevor Bauer,6,P,-1,unmatched,0.7272727272727273,0.0,0.0,0.0,0.0,0.0,0.0,0.0,0.0,0.0,0.0,0.0,,,False,0.0,-6.0
2022,Pookie 2.0,Francisco Lindor,28,U,12916,exact,1.0,3.1288019974852794,2.3148976476128604,3.4872288994759333,1.4760272556254554,0.990405690598995,0.0,0.0,0.0,0.0,0.0,11.397361490798524,Francisco Lindor,HIT,True,49.37659102178924,21.37659102178924
2022,Pookie 2.0,Blake Snell,21,P,13543,exact,1.0,0.0,0.0,0.0,0.0,0.0,2.5537448250343955,0.0,3.4009964007231948,1.0583515350277668,0.11868386710937863,7.1317766278947365,Blake Snell,PIT,True,20.960094091897094,-0.03990590810290584
2022,Pookie 2.0,Art Warren,12,P,18251,exact,1.0,0.0,0.0,0.0,0.0,0.0,0.6384362062585989,0.6143531125266559,0.7955547136194607,-1.965258078092771,-1.261231361055147,-1.1781454067432027,Art Warren,PIT,True,0.0,-12.0
2022,Pookie 2.0,Anthony DeSclafani,12,P,13050,exact,1.0,0.0,0.0,0.0,0.0,0.0,0.0,0.0,0.3381107532882708,-1.1054517675957427,-1.2528047472114057,-2.0201457615188776,Anthony DeSclafani,PIT,True,0.0,-12.0
2022,Pookie 2.0,Rowan Wick,12,P,14646,exact,1.0,0.0,0.0,0.0,0.0,0.0,1.2768724125171977,1.8430593375799675,1.3723318809935696,-0.5109213193896401,-2.436397754580454,1.5449445571206404,Rowan Wick,PIT,True,0.0,-12.0
2022,Pookie 2.0,Ha-seong Kim,9,CI,27506,exact,1.0,1.8517399576953695,0.9793797739900564,1.9228645333558885,1.1070204417190916,0.13298182208433507,0.0,0.0,0.0,0.0,0.0,5.993986528844741,Ha-Seong Kim,HIT,True,13.38035769098865,4.3803576909886495
2022,Pookie 2.0,Oneil Cruz,8,U,21711,exact,1.0,1.4366947947636488,1.5135869234391781,1.7599099118850503,0.9225170347659096,-0.32380404256838496,0.0,0.0,0.0,0.0,0.0,5.308904622285401,Oneil Cruz,HIT,True,8.816475241064634,0.8164752410646337
2022,Pookie 2.0,Dominic Smith,6,OF,15653,exact,1.0,0.35119206094222527,0.0,0.5540457130008491,0.0,-0.5426847526118306,0.0,0.0,0.0,0.0,0.0,0.3625530213312438,Dominic Smith,HIT,True,0.0,-6.0
2022,Pookie 2.0,Joey Bart,5,C,21524,exact,1.0,1.0855027338214236,0.9793797739900564,0.81477310735419,0.18450340695318193,-0.6369614324411961,0.0,0.0,0.0,0.0,0.0,2.427197589677656,Joey Bart,HIT,True,0.0,-5.0
2022,Pookie 2.0,Lorenzo Cain,3,OF,9077,exact,1.0,0.5427513669107118,0.08903452490818695,0.2933183186475084,0.18450340695318193,-0.7692694185266187,0.0,0.0,0.0,0.0,0.0,0.34033819889297034,Lorenzo Cain,HIT,True,0.0,-3.0
2022,Producers,Matt Olson,39,1B,14344,exact,1.0,2.7456833855483063,3.0271738468783562,3.3568652022992627,0.0,-0.305259411593639,0.0,0.0,0.0,0.0,0.0,8.824463023132287,Matt Olson,HIT,True,32.236441720530124,-6.763558279469876
2022,Producers,Zack Wheeler,29,P,10310,exact,1.0,0.0,0.0,0.0,0.0,0.0,3.830617237551593,0.0,3.2418854579993024,2.787263586057346,2.0104780336372774,11.870244315245518,Zack Wheeler,PIT,True,52.52684444798625,23.52684444798625
2022,Producers,Paul Goldschmidt,36,CI,9218,exact,1.0,3.3842144054432612,3.116208371786543,3.747956293829274,0.6457619243361368,2.9282865582784807,0.0,0.0,0.0,0.0,0.0,13.822427553673696,Paul Goldschmidt,HIT,True,65.53190958777984,29.531909587779836
2022,Producers,Kenley Jansen,29,P,3096,exact,1.0,0.0,0.0,0.0,0.0,0.0,1.596090515646497,8.396159204530964,1.690553766441354,0.5597104035335004,0.8689479846628996,13.111461874815214,Kenley Jansen,PIT,True,60.79559447980013,31.79559447980013
2022,Producers,Chris Stratton,3,P,13761,exact,1.0,0.0,0.0,0.0,0.0,0.0,3.192181031292994,0.40956874168443724,1.193332070429191,-0.5794854978990917,-1.639104740806346,2.576491604701185,Chris Stratton,PIT,True,0.0,-3.0
2022,Producers,Chris Bassitt,20,P,12304,exact,1.0,0.0,0.0,0.0,0.0,0.0,4.788271546939491,0.0,3.3214409293612484,1.263779422536309,0.9632287153907282,10.336720614227778,Chris Bassitt,PIT,True,42.31080773966431,22.310807739664313
2022,Producers,Victor Robles,9,OF,18363,exact,1.0,1.3409151417794054,0.5342071494491216,1.0755005017075308,1.3837755521488646,-0.6244818564131647,0.0,0.0,0.0,0.0,0.0,3.709916488671758,Victor Robles,HIT,True,0.0,-9.0
2022,Producers,Robinson Cano,3,2B,3269,exact,1.0,0.15963275497373874,0.08903452490818695,0.1303636971766704,0.0,-0.7273555082582528,0.0,0.0,0.0,0.0,0.0,-0.3483245311996567,Robinson Canó,HIT,True,0.0,-3.0
2022,Producers,Garrett Hampson,8,OF,19262,exact,1.0,0.9258699788476847,0.1780690498163739,0.488863864412514,1.1070204417190916,-0.598395161843296,0.0,0.0,0.0,0.0,0.0,2.1014281729523683,Garrett Hampson,HIT,True,0.0,-8.0
2022,Producers,Nick Madrigal,5,MI,20521,exact,1.0,0.6066044689002072,0.0,0.2281364700591732,0.2767551104297729,0.058868996032977815,0.0,0.0,0.0,0.0,0.0,1.1703650454221313,Nick Madrigal,HIT,True,0.0,-5.0
2022,Producers,Mike Moustakas,4,3B,4892,exact,1.0,0.9577965298424325,0.6232416743573086,0.81477310735419,0.18450340695318193,-0.6759665886436801,0.0,0.0,0.0,0.0,0.0,1.9043481298634333,Mike Moustakas,HIT,True,0.0,-4.0
2022,Producers,Nick Ahmed,1,SS,12147,exact,1.0,0.22348585696323425,0.2671035747245608,0.2281364700591732,0.0,-0.08666475305103728,0.0,0.0,0.0,0.0,0.0,0.632061148695931,Nick Ahmed,HIT,True,0.0,-1.0
2022,Producers,Cesar Hernandez,1,U,10556,exact,1.0,2.043299263663856,0.08903452490818695,1.1080914260016983,0.9225170347659096,0.013986690692886378,0.0,0.0,0.0,0.0,0.0,4.1769289400325365,César Hernández,HIT,True,1.2754733542674184,0.27547335426741837
2022,Who's On First,Freddie Freeman,39,1B,5361,exact,1.0,3.735406466385487,1.8697250230719258,3.25909242941676,1.1992721451956825,3.473324706792908,0.0,0.0,0.0,0.0,0.0,13.536820770862763,Freddie Freeman,HIT,True,63.62925273584737,24.629252735847373
2022,Who's On First,J.T. Realmuto,18,C,11739,exact,1.0,2.394491324606081,1.9587595479801128,2.737637640710078,1.9372857730084103,1.0406026900921124,0.0,0.0,0.0,0.0,0.0,10.068776976396796,J.T. Realmuto,HIT,True,40.52581932505685,22.52581932505685
2022,Who's On First,Aaron Nola,32,P,16149,exact,1.0,0.0,0.0,0.0,0.0,0.0,3.5113991344222937,0.0,4.6738839425143315,2.0457649668463755,3.7289421052024423,13.959990148985442,Aaron Nola,PIT,True,66.44832484922259,34.44832484922259
2022,Who's On First,Nolan Arenado,29,3B,9777,exact,1.0,2.3306382226165856,2.6710357472456083,3.3568652022992627,0.4612585173829548,1.8029352853454472,0.0,0.0,0.0,0.0,0.0,10.622732974889859,Nolan Arenado,HIT,True,44.21616647237804,15.216166472378042
2022,Who's On First,Sean Manaea,19,P,15873,exact,1.0,0.0,0.0,0.0,0.0,0.0,2.5537448250343955,0.0,3.102663383115897,-3.2909758337588237,-0.9649789270837483,1.4004534473077204,Sean Manaea,PIT,True,0.0,-19.0
2022,Who's On First,MacKenzie Gore,2,P,22201,exact,1.0,0.0,0.0,0.0,0.0,0.0,1.2768724125171977,0.0,1.4319984845150293,-0.944047767271793,-1.43768267017741,0.3271404595830243,MacKenzie Gore,PIT,True,0.0,-2.0
2022,Who's On First,Alex Colome,13,P,6661,exact,1.0,0.0,0.0,0.0,0.0,0.0,0.6384362062585989,0.8191374833688745,0.6364437708955686,-1.8251144253220823,-1.791494950281032,-1.5225919150800724,Alex Colomé,PIT,True,0.0,-13.0
2022,Who's On First,Reiver Sanmartin,2,P,19754,exact,1.0,0.0,0.0,0.0,0.0,-0.038480947190981815,1.2768724125171977,0.0,0.9347767885028664,-2.842869099354531,-2.087356341664354,-2.757057187189803,Reiver Sanmartin,HIT,True,0.0,-2.0
2022,Who's On First,Ke'Bryan Hayes,10,CI,18577,exact,1.0,1.7559603047111263,0.6232416743573086,1.3362278960608716,1.8450340695318193,-0.15603987919275467,0.0,0.0,0.0,0.0,0.0,5.404424065468371,Ke'Bryan Hayes,HIT,True,9.452807198156702,-0.5471928018432983
2022,Who's On First,Lucas Sims,1,P,13470,exact,1.0,0.0,0.0,0.0,0.0,0.0,0.31921810312929944,0.20478437084221862,0.09944433920243259,-0.822859761887304,-0.20966632523382986,-0.40907927394718324,Lucas Sims,PIT,True,0.0,-1.0
2022,Who's On First,Jake Fraley,2,OF,19260,exact,1.0,1.0535761828266756,1.0684142988982432,0.9125458802366928,0.36900681390636386,0.17445088572775008,0.0,0.0,0.0,0.0,0.0,3.5779940615957257,Jake Fraley,HIT,True,0.0,-2.0
2022,Who's On First,Lane Thomas,1,OF,16939,exact,1.0,1.9794461616743604,1.5135869234391781,1.6947280632967152,0.7380136278127277,-0.2478040885134361,0.0,0.0,0.0,0.0,0.0,5.6779706877095455,Lane Thomas,HIT,True,11.275121605425836,10.275121605425836
2022,Who's On First,Austin Slater,1,OF,16153,exact,1.0,1.5644009987426397,0.6232416743573086,1.1080914260016983,1.1070204417190916,0.35239111816155083,0.0,0.0,0.0,0.0,0.0,4.755145658982289,Austin Slater,HIT,True,5.127440703866146,4.127440703866146
2022,Who's On First,Christian Walker,1,U,13419,exact,1.0,2.681830283558811,3.20524289669473,3.0635468836517545,0.18450340695318193,-0.2239834771583272,0.0,0.0,0.0,0.0,0.0,8.91113999370015,Christian Walker,HIT,True,32.813866844445556,31.813866844445556
2022,Who's On First,Steven Duggar,1,OF,17719,exact,1.0,0.22348585696323425,0.0,0.1303636971766704,0.4612585173829548,-0.542434719837589,0.0,0.0,0.0,0.0,0.0,0.2726733516852705,Steven Duggar,HIT,True,0.0,-1.0
2022,Block Bombers,Keibert Ruiz,6,C,19610,exact,1.0,1.0535761828266756,0.6232416743573086,1.1732732745900336,0.5535102208595458,0.11039059213524531,0.0,0.0,0.0,0.0,0.0,3.5139919447688093,Keibert Ruiz,HIT,True,0.0,-6.0
2022,Block Bombers,Craig Kimbrel,25,P,6655,exact,1.0,0.0,0.0,0.0,0.0,0.0,1.9153086187757964,4.50525615852881,1.4319984845150293,0.07891655605604185,-0.49214305527322366,7.439336762602453,Craig Kimbrel,PIT,True,23.008999905420037,-1.991000094579963
2022,Block Bombers,Marcell Ozuna,22,OF,10324,exact,1.0,1.787886855705874,2.0477940728883,1.8250917604733856,0.18450340695318193,-0.7244161151985563,0.0,0.0,0.0,0.0,0.0,5.1208599808221855,Marcell Ozuna,HIT,True,7.563758404202897,-14.436241595797103
2022,Block Bombers,Emilio Pagan,4,P,14771,exact,1.0,0.0,0.0,0.0,0.0,0.0,1.2768724125171977,1.8430593375799675,1.6706648986008674,-0.7657102602718995,-0.7614586098149582,3.263427778611175,Emilio Pagán,PIT,True,0.0,-4.0
2022,Block Bombers,Mike Minor,2,P,10021,exact,1.0,0.0,0.0,0.0,0.0,0.0,1.2768724125171977,0.0,1.5115539558769753,-4.232527815212185,-3.19933776106373,-4.643439207881742,Mike Minor,PIT,True,0.0,-2.0
2022,Block Bombers,Tommy Pham,15,OF,2967,exact,1.0,2.8414630385325497,1.5135869234391781,2.0532282305325587,0.7380136278127277,-0.4276455514726928,0.0,0.0,0.0,0.0,0.0,6.7186462688443225,Tommy Pham,HIT,True,18.20789997153219,3.207899971532189
2022,Block Bombers,Jack Flaherty,15,P,17479,exact,1.0,0.0,0.0,0.0,0.0,0.0,0.6384362062585989,0.0,0.6563326387360551,-0.31771879730410246,-1.1785252789744052,-0.2014752312838537,Jack Flaherty,PIT,True,0.0,-15.0
2022,Block Bombers,Alec Bohm,8,CI,21618,exact,1.0,2.5221975285850724,1.1574488238064302,2.346546549180067,0.18450340695318193,1.3422502824021332,0.0,0.0,0.0,0.0,0.0,7.552946590926885,Alec Bohm,HIT,True,23.765846490717852,15.765846490717852
2022,Block Bombers,Mark Canha,9,OF,11445,exact,1.0,2.26678512062709,1.1574488238064302,1.9880463819442236,0.2767551104297729,0.6462888637467632,0.0,0.0,0.0,0.0,0.0,6.335324300554279,Mark Canha,HIT,True,15.654283554284527,6.654283554284527
2022,Block Bombers,Diego Castillo,4,MI,19906,exact,1.0,0.893943427852937,0.9793797739900564,0.9451368045308604,0.09225170347659097,-0.8065475138237138,0.0,0.0,0.019888867840486518,-1.3517506402662078,-0.5609725823620695,0.21132984123893994,Diego Castillo,HIT,True,0.0,-4.0
2022,Block Bombers,Will Smith,1,P,8048,exact,1.0,0.0,0.0,0.0,0.0,0.0,0.0,1.023921854211093,1.2927764096316237,-0.17626120969152553,-0.9149399677701823,1.2254970863810088,Will Smith,PIT,True,0.0,-1.0
2022,Block Bombers,Eric Hosmer,4,U,3516,exact,1.0,1.2132089378004145,0.7122761992654956,1.4340006689433744,0.0,0.5640955992042018,0.0,0.0,0.0,0.0,0.0,3.9235814052134863,Eric Hosmer,HIT,True,0.0,-4.0
2022,Block Bombers,Bryson Stott,7,SS,26294,exact,1.0,1.8517399576953695,0.8903452490818694,1.5969552904142124,1.1070204417190916,-0.427822099708227,0.0,0.0,0.0,0.0,0.0,5.018238839202316,Bryson Stott,HIT,True,6.880116313022485,-0.11988368697751461
2022,Block Bombers,David Peralta,1,U,2136,exact,1.0,1.2451354887951622,1.0684142988982432,1.9228645333558885,0.09225170347659097,0.11914577331304176,0.0,0.0,0.0,0.0,0.0,4.447811797838926,David Peralta,HIT,True,3.080042280830891,2.080042280830891
2022,Milwaukee Beers,Jacob deGrom,21,P,10954,exact,1.0,0.0,0.0,0.0,0.0,0.0,1.596090515646497,0.0,2.0286645197296247,0.924070326307832,2.4102737092653133,6.959099070949267,Jacob deGrom,PIT,True,19.80974978402137,-1.1902502159786295
2022,Milwaukee Beers,Adam Wainwright,17,P,2233,exact,1.0,0.0,0.0,0.0,0.0,0.0,3.5113991344222937,0.0,2.844108101189572,0.33151382319190825,-0.9139241554256041,5.773096903378169,Adam Wainwright,PIT,True,11.908833957278928,-5.091166042721072
2022,Milwaukee Beers,Max Muncy,27,1B,13301,exact,1.0,2.2029320186375947,1.8697250230719258,2.2487737762975644,0.18450340695318193,-1.8686729490179894,0.0,0.0,0.0,0.0,0.0,4.6372612759422775,Max Muncy,HIT,True,4.342117866224063,-22.657882133775935
2022,Milwaukee Beers,Cody Bellinger,22,OF,15998,exact,1.0,2.2348585696323426,1.691655973255552,2.2161828520033966,1.2915238486722735,-1.338791038961016,0.0,0.0,0.0,0.0,0.0,6.095430204602549,Cody Bellinger,HIT,True,14.056155733549769,-7.943844266450231
2022,Milwaukee Beers,Andrew McCutchen,14,OF,9847,exact,1.0,2.1071523656533513,1.5135869234391781,2.2487737762975644,0.7380136278127277,-0.40160594863525756,0.0,0.0,0.0,0.0,0.0,6.205920744567564,Andrew McCutchen,HIT,True,14.792222226330926,0.7922222263309262
2022,Milwaukee Beers,Carson Kelly,2,U,13620,exact,1.0,1.27706203978991,0.6232416743573086,1.140682350295866,0.18450340695318193,-0.8595223903042656,0.0,0.0,0.0,-0.4185489549593369,-0.4171816541538147,1.53023647197885,Carson Kelly,HIT,True,0.0,-2.0
2022,Milwaukee Beers,Mike Yastrzemski,13,OF,14854,exact,1.0,2.3306382226165856,1.5135869234391781,1.8576826847675532,0.4612585173829548,-1.1926745650026196,0.0,0.0,0.0,0.0,0.0,4.970491783203652,Mike Yastrzemski,HIT,True,6.56203471019305,-6.43796528980695
2022,Milwaukee Beers,Ketel Marte,32,OF,13613,exact,1.0,2.171005467642847,1.0684142988982432,1.6947280632967152,0.4612585173829548,-0.26365335957388875,0.0,0.0,0.0,0.0,0.0,5.131752987646872,Ketel Marte,HIT,True,7.636325497565163,-24.363674502434836
2022,Milwaukee Beers,Kyle Hendricks,14,P,12049,exact,1.0,0.0,0.0,0.0,0.0,0.0,1.2768724125171977,0.0,1.3126652774721101,-1.6370683354934352,-0.5379795949695236,0.41448975952634903,Kyle Hendricks,PIT,True,0.0,-14.0
2022,Milwaukee Beers,Alex Cobb,8,P,6562,exact,1.0,0.0,0.0,0.0,0.0,0.0,2.234526721905096,0.0,3.003219043913464,0.20920119800581907,-0.949220931771684,4.497726032052695,Alex Cobb,PIT,True,3.4125612035297843,-4.587438796470216
2022,Milwaukee Beers,Yadier Molina,2,U,7007,exact,1.0,0.6066044689002072,0.4451726245409347,0.7821821830600224,0.18450340695318193,-0.5866962796288635,0.0,0.0,0.019888867840486518,-0.5957356288850019,-0.30479810317117756,0.5511215396097899,Yadier Molina,HIT,True,0.0,-2.0
2022,Milwaukee Beers,Kevin Pillar,1,OF,12434,exact,1.0,0.03192655099474775,0.0,0.0,0.0,-0.1528548971461066,0.0,0.0,0.0,0.0,0.0,-0.12092834615135883,Kevin Pillar,HIT,True,0.0,-1.0
2022,Milwaukee Beers,Kyle Finnegan,1,P,15009,exact,1.0,0.0,0.0,0.0,0.0,0.0,1.9153086187757964,2.252628079264405,1.3922207488340563,0.36855403709330814,0.43867620666220397,6.367387690629769,Kyle Finnegan,PIT,True,15.867883624363042,14.867883624363042
2022,Milwaukee Beers,Jose Iglesias,1,MI,10231,exact,1.0,1.532474447747892,0.2671035747245608,1.5317734418258773,0.18450340695318193,1.3649731499372237,0.0,0.0,0.0,0.0,0.0,4.880828021188736,Jose Iglesias,HIT,True,5.964712162427597,4.964712162427597
2022,Milwaukee Beers,Keston Hiura,1,CI,20003,exact,1.0,1.0855027338214236,1.2464833487146172,1.0429095774133632,0.4612585173829548,-0.36393098927632744,0.0,0.0,0.0,0.0,0.0,3.4722231880560313,Keston Hiura,HIT,True,0.0,-1.0
2022,Milwaukee Beers,Andrew Heaney,1,P,15423,exact,1.0,0.0,0.0,0.0,0.0,0.0,1.2768724125171977,0.0,2.1678865946130306,0.9943322371935799,0.7797736868386437,5.218864931162452,Andrew Heaney,PIT,True,8.21664832667945,7.216648326679451
2023,Moben,Trea Turner,45,SS,16252,exact,1.0,2.9492709283273935,2.024274853833345,2.237209254773828,1.7856874322634393,0.5049126167348742,0.0,0.0,0.0,0.0,0.0,9.501355085932879,Trea Turner,HIT,True,36.74576502381737,-8.25423497618263
2023,Moben,Brandon Woodruff,34,P,16162,exact,1.0,0.0,0.0,0.0,0.0,0.0,1.5574234506644824,0.0,1.463596845578727,2.190548810797989,2.298995815356973,7.510564922398171,Brandon Woodruff,PIT,True,23.48350805593401,-10.51649194406599
2023,Moben,Starling Marte,28,OF,9241,exact,1.0,1.0987479929062838,0.3892836257371817,0.824234988600884,1.4285499458107513,-0.10134815480614533,0.0,0.0,0.0,0.0,0.0,3.639468398248955,Starling Marte,HIT,True,0.0,-28.0
2023,Moben,Christian Yelich,24,OF,11477,exact,1.0,3.064928611791213,1.4792777778012907,2.237209254773828,1.6666416034458766,0.946831833214011,0.0,0.0,0.0,0.0,0.0,9.39488908102622,Christian Yelich,HIT,True,36.03650920103942,12.036509201039422
2023,Moben,Michael Conforto,18,OF,16376,exact,1.0,1.6770364102253805,1.1678508772115452,1.7073439049589738,0.23809165763512524,-0.42661863261015326,0.0,0.0,0.0,0.0,0.0,4.363704217420871,Michael Conforto,HIT,True,2.519733934485319,-15.48026606551468
2023,Moben,Nick Castellanos,23,OF,11737,exact,1.0,2.284239248410432,2.257845029275654,3.1203181711319177,0.6547520584965943,0.7384578638242882,0.0,0.0,0.0,0.0,0.0,9.055612371138887,Nick Castellanos,HIT,True,33.77631373083744,10.776313730837437
2023,Moben,David Robertson,12,P,8241,exact,1.0,0.0,0.0,0.0,0.0,0.0,1.8689081407973789,3.3974467307196994,1.5427101885829824,1.2251244276480002,0.3709140199978502,8.405103507745912,David Robertson,PIT,True,29.44275017189083,17.44275017189083
2023,Moben,Brusdar Graterol,7,P,20367,exact,1.0,0.0,0.0,0.0,0.0,0.0,1.245938760531586,1.321229284168772,0.9493601160510661,3.5189053607791667,1.5497495502435183,8.585183071774109,Brusdar Graterol,PIT,True,30.642405211659526,23.642405211659526
2023,Moben,Hayden Wesneski,12,P,27581,exact,1.0,0.0,0.0,0.0,0.0,0.0,0.9344540703986894,0.0,1.6416018673383017,-0.9318944438675963,-0.04204501909376471,1.6021164747756305,Hayden Wesneski,PIT,True,0.0,-12.0
2023,Moben,Cody Bellinger,8,OF,15998,exact,1.0,2.7468699822657094,2.024274853833345,2.855385496224491,1.1904582881756263,1.7836497783502074,0.0,0.0,0.0,0.0,0.0,10.60063839884938,Cody Bellinger,HIT,True,44.06897670300276,36.06897670300276
2023,Moben,Ha-seong Kim,9,MI,27506,exact,1.0,2.4288113527402064,1.323564327506418,1.76621783271618,2.2618707475336897,0.24255333358536144,0.0,0.0,0.0,0.0,0.0,8.023017594081855,Ha-Seong Kim,HIT,True,26.897368110215364,17.897368110215364
2023,Moben,Michael Toglia,1,1B,25845,exact,1.0,0.520459575587187,0.31142690058974537,0.264932674907427,0.05952291440878131,-0.838576591162128,0.0,0.0,0.0,0.0,0.0,0.31776547433101265,Michael Toglia,HIT,True,0.0,-1.0
2023,Moben,Andrew Painter,1,P,-1,unmatched,0.7857142857142857,0.0,0.0,0.0,0.0,0.0,0.0,0.0,0.0,0.0,0.0,0.0,,,False,0.0,-1.0
2023,Moben,Alex Call,1,U,19296,exact,1.0,1.243320097236058,0.6228538011794907,1.118604627386914,0.5357062296790318,-1.4166818389027966,0.0,0.0,0.0,0.0,0.0,2.1038029165786982,Alex Call,HIT,True,0.0,-1.0
2023,Moben,Jeimer Candelario,1,CI,13621,exact,1.0,2.2264104066785224,1.7128479532435996,2.0605874715022097,0.4761833152702505,-0.04372090674244357,0.0,0.0,0.0,0.0,0.0,6.432308239952139,Jeimer Candelario,HIT,True,16.300371700394468,15.300371700394468
2023,Moben,Kevin Newman,1,2B,17696,exact,1.0,0.8096037842467354,0.23357017544230904,0.824234988600884,0.4761833152702505,-0.015858694954241612,0.0,0.0,0.0,0.0,0.0,2.3277335686059373,Kevin Newman,HIT,True,0.0,-1.0
2023,Micks,Tommy Edman,27,SS,19470,exact,1.0,1.9950950397508838,1.0121374269166725,1.383537302294341,1.6071186890370954,-0.16788767346486233,0.0,0.0,0.0,0.0,0.0,5.830000784534131,Tommy Edman,HIT,True,12.287916548796415,-14.712083451203585
2023,Micks,Raisel Iglesias,17,P,17130,exact,1.0,0.0,0.0,0.0,0.0,0.0,1.5574234506644824,6.228652339652782,1.3251484953212798,1.324173180498083,0.40458724880946834,10.839984714946095,Raisel Iglesias,PIT,True,45.66345532085711,28.66345532085711
2023,Micks,Josh Hader,23,P,14212,exact,1.0,0.0,0.0,0.0,0.0,0.0,0.622969380265793,6.228652339652782,1.6811585388404295,2.891803025174458,0.7219091378670893,12.14649242180055,Josh Hader,PIT,True,54.367155618460934,31.367155618460934
2023,Micks,Jordan Montgomery,22,P,16511,exact,1.0,0.0,0.0,0.0,0.0,0.0,3.114846901328965,0.0,3.2832037346766034,2.685070656364989,1.0686331146384005,10.151754407008957,Jordan Montgomery,PIT,True,41.07859883314889,19.078598833148888
2023,Micks,Michael Fulmer,4,P,13218,exact,1.0,0.0,0.0,0.0,0.0,-0.018185863078351617,0.9344540703986894,0.3774940811910777,1.285591823819152,-0.37543961585042823,-0.2627572883416522,1.9411572081384874,Michael Fulmer,HIT,True,0.0,-4.0
2023,Micks,Taijuan Walker,13,P,11836,exact,1.0,0.0,0.0,0.0,0.0,0.0,4.672270351993448,0.0,2.729410333646815,-0.9389768188613121,-0.40028021283893184,6.062423653940019,Taijuan Walker,PIT,True,13.836272511034393,0.8362725110343927
2023,Micks,Elehuris Montero,10,CI,20543,exact,1.0,1.1565768346381935,0.8564239766217998,1.1480415912655169,0.0,-0.18095244101842575,0.0,0.0,0.0,0.0,0.0,2.980089961507084,Elehuris Montero,HIT,True,0.0,-10.0
2023,Micks,Brad Boxberger,4,P,10133,exact,1.0,0.0,0.0,0.0,0.0,0.0,0.0,0.3774940811910777,0.3362317077680859,-0.338844409127543,-0.042570003638862784,0.33231137619275786,Brad Boxberger,PIT,True,0.0,-4.0
2023,Micks,Rodolfo Castro,3,MI,21987,exact,1.0,0.6072028381850516,0.4671403508846181,0.7064871330864719,0.05952291440878131,-0.6910996417184331,0.0,0.0,0.0,0.0,0.0,1.1492535948464897,Rodolfo Castro,HIT,True,0.0,-3.0
2023,Micks,Marcell Ozuna,6,U,10324,exact,1.0,2.4288113527402064,3.114269005897454,2.9436963878603,0.0,0.6955773752641392,0.0,0.0,0.0,0.0,0.0,9.1823541217621,Marcell Ozuna,HIT,True,34.62064262903733,28.620642629037327
2023,Micks,Matt Carpenter,2,U,8090,exact,1.0,0.520459575587187,0.3892836257371817,0.9125458802366929,0.05952291440878131,-1.1575170396352283,0.0,0.0,0.0,0.0,0.0,0.7242949563346144,Matt Carpenter,HIT,True,0.0,-2.0
2023,Spehr's Army,Sandy Alcantara,30,P,18684,exact,1.0,0.0,0.0,0.0,0.0,0.0,2.1803928309302756,0.0,2.9865286984106456,-0.2687534237811133,0.7908494219159196,5.689017527475728,Sandy Alcantara,PIT,True,11.348713503932112,-18.65128649606789
2023,Spehr's Army,Matt Olson,30,U,14344,exact,1.0,3.6721314499762645,4.204263157961563,4.091737979125817,0.05952291440878131,1.2433605496814393,0.0,0.0,0.0,0.0,0.0,13.271016051153865,Matt Olson,HIT,True,61.858513377864725,31.858513377864725
2023,Spehr's Army,Joe Musgrove,25,P,12970,exact,1.0,0.0,0.0,0.0,0.0,0.0,3.114846901328965,0.0,1.918498567853196,1.7468131398213038,0.9326080183586624,7.712766627362127,Joe Musgrove,PIT,True,24.830536497050463,-0.1694635029495366
2023,Spehr's Army,Blake Sabol,1,C,25805,exact,1.0,1.040919151174374,1.0121374269166725,1.2952264106585318,0.23809165763512524,-0.3581564854248584,0.0,0.0,0.0,0.0,0.0,3.2282181609598455,Blake Sabol,HIT,True,0.0,-1.0
2023,Spehr's Army,Brandon Marsh,8,OF,20202,exact,1.0,1.6770364102253805,0.9342807017692362,1.76621783271618,0.5952291440878131,0.6801043066326609,0.0,0.0,0.0,0.0,0.0,5.652868395431271,Brandon Marsh,HIT,True,11.107895015313346,3.107895015313346
2023,Spehr's Army,MacKenzie Gore,7,P,22201,exact,1.0,0.0,0.0,0.0,0.0,0.0,2.1803928309302756,0.0,2.9865286984106456,-0.8594414656589942,-1.2673252805719604,3.040154783109967,MacKenzie Gore,PIT,True,0.0,-7.0
2023,Spehr's Army,Lourdes Gurriel,7,OF,19238,exact,1.0,1.8794373562870645,1.8685614035384723,2.413831038045446,0.29761457204390657,0.29966448618190106,0.0,0.0,0.0,0.0,0.0,6.75910885609679,Lourdes Gurriel Jr.,HIT,True,18.477453860011746,11.477453860011746
2023,Spehr's Army,Bailey Falter,1,P,20070,exact,1.0,0.0,0.0,0.0,0.0,0.0,0.622969380265793,0.0,1.1867001450638326,-1.9218822116003307,-0.8171486353106329,-0.929361321581338,Bailey Falter,PIT,True,0.0,-1.0
2023,Spehr's Army,James Outman,2,OF,24770,exact,1.0,2.486640194472116,1.790704678391036,2.0605874715022097,0.952366630540501,-0.17452658856695996,0.0,0.0,0.0,0.0,0.0,7.115772386338903,James Outman,HIT,True,20.853476946616105,18.853476946616105
2023,Spehr's Army,Robert Suarez,1,P,30115,exact,1.0,0.0,0.0,0.0,0.0,0.0,1.245938760531586,0.0,0.47468005802553304,-0.12220184909923373,0.7574051272990384,2.3558220967569237,Robert Suarez,PIT,True,0.0,-1.0
2023,Spehr's Army,Anthony DeSclafani,1,P,13050,exact,1.0,0.0,0.0,0.0,0.0,0.0,1.245938760531586,0.0,1.5624885243340463,-1.4757225243848764,0.16918117930318025,1.5018859397839364,Anthony DeSclafani,PIT,True,0.0,-1.0
2023,Spehr's Army,Brendan Rodgers,1,2B,17907,exact,1.0,0.6072028381850516,0.31142690058974537,0.58873927757206,0.0,0.04855022284224379,0.0,0.0,0.0,0.0,0.0,1.5559192391891008,Brendan Rodgers,HIT,True,0.0,-1.0
2023,All-Stars,Patrick Wisdom,6,1B,13602,exact,1.0,1.243320097236058,1.790704678391036,1.354100338415738,0.23809165763512524,-0.9362339211811355,0.0,0.0,0.0,0.0,0.0,3.689982850496822,Patrick Wisdom,HIT,True,0.0,-6.0
2023,All-Stars,Jameson Taillon,15,P,11674,exact,1.0,0.0,0.0,0.0,0.0,0.0,2.491877521063172,0.18874704059553885,2.7689670051489426,-2.0529216658126375,-0.05719899732139552,3.3394709036736203,Jameson Taillon,PIT,True,0.0,-15.0
2023,All-Stars,Bryson Stott,15,SS,26294,exact,1.0,2.2553248275444773,1.1678508772115452,1.8250917604733858,1.8452103466722205,1.0263294735876436,0.0,0.0,0.0,0.0,0.0,8.119807285489273,Bryson Stott,HIT,True,27.542162213983765,12.542162213983765
2023,All-Stars,Steven Matz,14,P,13361,exact,1.0,0.0,0.0,0.0,0.0,0.0,1.245938760531586,0.0,1.93827690360426,0.3879641507486295,-0.46404818109564283,3.1081316337888323,Steven Matz,PIT,True,0.0,-14.0
2023,All-Stars,Wil Myers,18,OF,10047,exact,1.0,0.31805862952550323,0.23357017544230904,0.35324356654323597,0.11904582881756262,-0.5914361750832836,0.0,0.0,0.0,0.0,0.0,0.4324820252453273,Wil Myers,HIT,True,0.0,-18.0
2023,All-Stars,Juan Yepez,7,OF,18400,exact,1.0,0.1445721043297742,0.15571345029487269,0.058873927757206,0.0,-0.28013106389708237,0.0,0.0,0.0,0.0,0.0,0.07902841848477055,Juan Yepez,HIT,True,0.0,-7.0
2023,All-Stars,Kris Bryant,23,OF,15429,exact,1.0,1.040919151174374,0.7785672514743635,0.9125458802366929,0.0,-0.42527848930944595,0.0,0.0,0.0,0.0,0.0,2.3067537935759845,Kris Bryant,HIT,True,0.0,-23.0
2023,All-Stars,Joey Bart,3,C,21524,exact,1.0,0.2602297877935935,0.0,0.147184819393015,0.0,-0.26725555364152165,0.0,0.0,0.0,0.0,0.0,0.14015905354508684,Joey Bart,HIT,True,0.0,-3.0
2023,All-Stars,Mitch Haniger,19,OF,14274,exact,1.0,0.7806893633807807,0.4671403508846181,0.824234988600884,0.05952291440878131,-0.6709804306096384,0.0,0.0,0.0,0.0,0.0,1.4606071866654258,Mitch Haniger,HIT,True,0.0,-19.0
2023,All-Stars,Jared Shuster,9,P,27472,exact,1.0,0.0,0.0,0.0,0.0,0.0,1.245938760531586,0.0,0.5933500725319163,-1.744028751540572,-0.8875336707522784,-0.7922735892293481,Jared Shuster,PIT,True,0.0,-9.0
2023,All-Stars,Jordan Walker,17,3B,27475,exact,1.0,1.4746354641636967,1.2457076023589815,1.501285157808753,0.41666040086146916,0.6655367809498379,0.0,0.0,0.0,0.0,0.0,5.303825406142737,Jordan Walker,HIT,True,8.78263849075649,-8.21736150924351
2023,All-Stars,Ezequiel Tovar,10,MI,24064,exact,1.0,2.284239248410432,1.1678508772115452,2.1488983631380187,0.6547520584965943,0.014786554911279377,0.0,0.0,0.0,0.0,0.0,6.27052710216787,Ezequiel Tovar,HIT,True,15.222617218203352,5.222617218203352
2023,All-Stars,Dylan Floro,5,P,13394,exact,1.0,0.0,0.0,0.0,0.0,0.0,1.5574234506644824,1.321229284168772,1.1471434735617048,-0.7694709894144207,-1.1070992185566653,2.149226000423874,Dylan Floro,PIT,True,0.0,-5.0
2023,All-Stars,Jon Berti,10,U,12037,exact,1.0,1.5324643058956064,0.5449970760320544,0.9714198079938989,0.952366630540501,1.0319068036323262,0.0,0.0,0.0,0.0,0.0,5.0331546240943865,Jon Berti,HIT,True,6.979482371655749,-3.020517628344251
2023,New York Polar Bears,Ranger Suarez,7,P,17277,exact,1.0,0.0,0.0,0.0,0.0,0.0,1.245938760531586,0.0,2.3536219543766013,-0.24146994112368236,-1.28871541336492,2.069375360419585,Ranger Suarez,PIT,True,0.0,-7.0
2023,New York Polar Bears,Aaron Nola,29,P,16149,exact,1.0,0.0,0.0,0.0,0.0,0.0,3.7378162815947578,0.0,3.995223821714903,-1.2965706737027674,1.6350902543613952,8.071559683968289,Aaron Nola,PIT,True,27.220746074213807,-1.7792539257861932
2023,New York Polar Bears,Blake Snell,24,P,13543,exact,1.0,0.0,0.0,0.0,0.0,0.0,4.360785661860551,0.0,4.628130565748947,5.448652913215741,1.045402156176641,15.48297129700188,Blake Snell,PIT,True,76.59412911940922,52.59412911940922
2023,New York Polar Bears,Brice Turang,9,SS,22186,exact,1.0,1.3300633598339224,0.4671403508846181,1.0008567718725019,1.547595774628314,-0.9622258520048876,0.0,0.0,0.0,0.0,0.0,3.3834304052144684,Brice Turang,HIT,True,0.0,-9.0
2023,New York Polar Bears,Ketel Marte,20,2B,13613,exact,1.0,2.7179555613997546,1.9464181286859088,2.413831038045446,0.4761833152702505,0.8590624907005473,0.0,0.0,0.0,0.0,0.0,8.413450534101907,Ketel Marte,HIT,True,29.498356438426903,9.498356438426903
2023,New York Polar Bears,Xander Bogaerts,22,MI,12161,exact,1.0,2.3998969318742516,1.4792777778012907,1.7073439049589738,1.1309353737668448,1.2956954086648687,0.0,0.0,0.0,0.0,0.0,8.013149397066229,Xander Bogaerts,HIT,True,26.831628100530686,4.831628100530686
2023,New York Polar Bears,Willy Adames,26,U,15986,exact,1.0,2.110752723214703,1.8685614035384723,2.35495711028824,0.29761457204390657,-1.3829624241472325,0.0,0.0,0.0,0.0,0.0,5.24892338493809,Willy Adames,HIT,True,8.416891900980596,-17.583108099019405
2023,New York Polar Bears,Graham Ashcraft,10,P,27552,exact,1.0,0.0,0.0,0.0,0.0,0.0,2.1803928309302756,0.0,2.1953952683680904,-1.7623829524097547,-1.0033738967708747,1.6100312501177365,Graham Ashcraft,PIT,True,0.0,-10.0
2023,New York Polar Bears,Alek Thomas,2,OF,23792,exact,1.0,1.4746354641636967,0.7007105263269271,1.1480415912655169,0.5357062296790318,-0.5868084429763067,0.0,0.0,0.0,0.0,0.0,3.2722853684588653,Alek Thomas,HIT,True,0.0,-2.0
2023,New York Polar Bears,Garrett Cooper,3,1B,15279,exact,1.0,1.2144056763701032,1.323564327506418,1.7956547965947829,0.0,-0.08866644834286215,0.0,0.0,0.0,0.0,0.0,4.2449583521284415,Garrett Cooper,HIT,True,1.7286720695895799,-1.2713279304104201
2023,New York Polar Bears,David Peralta,2,U,2136,exact,1.0,1.3589777806998773,0.5449970760320544,1.619033013323165,0.23809165763512524,0.12045857254416571,0.0,0.0,0.0,0.0,0.0,3.8815581002343875,David Peralta,HIT,True,0.0,-2.0
2023,New York Polar Bears,Dominic Smith,1,CI,15653,exact,1.0,1.6481219893594257,0.9342807017692362,1.354100338415738,0.05952291440878131,0.07003392155263193,0.0,0.0,0.0,0.0,0.0,4.066059865505813,Dominic Smith,HIT,True,0.5368851378407684,-0.4631148621592316
2023,New York Polar Bears,Joey Wendle,3,3B,13853,exact,1.0,0.9541758885765096,0.15571345029487269,0.58873927757206,0.41666040086146916,-0.834347134689053,0.0,0.0,0.0,0.0,0.0,1.2809418826158585,Joey Wendle,HIT,True,0.0,-3.0
2023,Pookie 2.0,Freddie Freeman,33,U,5361,exact,1.0,3.7877891334400835,2.257845029275654,3.002570315617506,1.3690270314019701,3.3607640156302554,0.0,0.0,0.0,0.0,0.0,13.77799552536547,Freddie Freeman,HIT,True,65.23591205482954,32.23591205482954
2023,Pookie 2.0,Justin Verlander,30,P,8700,exact,1.0,0.0,0.0,0.0,0.0,0.0,4.0493009717276545,0.0,2.848080348153198,2.317753728917512,1.5652488620939164,10.780383910892281,Justin Verlander,PIT,True,45.26640635340055,15.266406353400548
2023,Pookie 2.0,Sean Murphy,19,C,19352,exact,1.0,1.8794373562870645,1.6349912280961634,2.0017135437450038,0.0,-0.06841317443795884,0.0,0.0,0.0,0.0,0.0,5.447728953690273,Sean Murphy,HIT,True,9.741295943020003,-9.258704056979997
2023,Pookie 2.0,Kodai Senga,22,P,31838,exact,1.0,0.0,0.0,0.0,0.0,0.0,3.7378162815947578,0.0,3.995223821714903,3.039756030468507,0.5903115610724514,11.363107694850619,Kodai Senga,PIT,True,49.1483988937048,27.1483988937048
2023,Pookie 2.0,Bryce Harper,11,U,11579,exact,1.0,2.4288113527402064,1.6349912280961634,2.119461399259416,0.6547520584965943,1.3397382595855358,0.0,0.0,0.0,0.0,0.0,8.177754298177916,Bryce Harper,HIT,True,27.928193944939014,16.928193944939014
2023,Pookie 2.0,Seiya Suzuki,17,OF,30116,exact,1.0,2.1685815649466127,1.557134502948727,2.178335327016622,0.35713748645268784,1.1605538724395206,0.0,0.0,0.0,0.0,0.0,7.42174275380417,Seiya Suzuki,HIT,True,22.891792039894053,5.891792039894053
2023,Pookie 2.0,Alex Wood,9,P,13781,exact,1.0,0.0,0.0,0.0,0.0,0.0,1.5574234506644824,0.0,1.463596845578727,-0.49774075415032426,-1.1270718332794,1.3962077088134852,Alex Wood,PIT,True,0.0,-9.0
2023,Pookie 2.0,Trent Grisham,4,OF,18564,exact,1.0,1.937266198018974,1.0121374269166725,1.47184819393015,0.8928437161317196,-1.8472543963239083,0.0,0.0,0.0,0.0,0.0,3.4668411386736073,Trent Grisham,HIT,True,0.0,-4.0
2023,Pookie 2.0,Adam Wainwright,5,P,2233,exact,1.0,0.0,0.0,0.0,0.0,-0.03636573646165608,1.5574234506644824,0.0,1.0878084663085132,-5.991967057848624,-4.670556855255004,-8.053657732592288,Adam Wainwright,HIT,True,0.0,-5.0
2023,Pookie 2.0,Jesse Winker,12,OF,13590,exact,1.0,0.4626307338552774,0.07785672514743634,0.677050169207869,0.0,-0.6502319478587932,0.0,0.0,0.0,0.0,0.0,0.5673056803517895,Jesse Winker,HIT,True,0.0,-12.0
2023,Pookie 2.0,Trey Mancini,7,OF,15149,exact,1.0,0.8963470468446,0.31142690058974537,0.824234988600884,0.0,-0.31158079181074744,0.0,0.0,0.0,0.0,0.0,1.7204281442244818,Trey Mancini,HIT,True,0.0,-7.0
2023,Pookie 2.0,Dylan Dodd,3,P,29928,exact,1.0,0.0,0.0,0.0,0.0,0.0,0.622969380265793,0.0,0.29667503626595815,-2.3132192728898273,-1.687270711321216,-3.080845567679292,Dylan Dodd,PIT,True,0.0,-3.0
2023,Pookie 2.0,Walker Buehler,1,P,-1,unmatched,0.6428571428571429,0.0,0.0,0.0,0.0,0.0,0.0,0.0,0.0,0.0,0.0,0.0,,,False,0.0,-1.0
2023,Producers,Pete Alonso,32,1B,19251,exact,1.0,2.660126719667845,3.581409356782072,3.473561737675154,0.23809165763512524,-1.4156571330020689,0.0,0.0,0.0,0.0,0.0,8.537532338758126,Pete Alonso,HIT,True,30.324965293811072,-1.675034706188928
2023,Producers,Max Fried,30,P,13743,exact,1.0,0.0,0.0,0.0,0.0,0.0,2.491877521063172,0.0,1.5822668600851102,2.106599347039695,0.8485657582676831,7.02930948645566,Max Fried,PIT,True,20.277477919976377,-9.722522080023623
2023,Producers,Andrew McCutchen,6,OF,9847,exact,1.0,1.5902931476275162,0.9342807017692362,1.2657894467799289,0.6547520584965943,0.07627682883431364,0.0,0.0,0.0,0.0,0.0,4.521392183507588,Andrew McCutchen,HIT,True,3.5702205027290352,-2.4297794972709648
2023,Producers,Lars Nootbaar,21,OF,21454,exact,1.0,2.139667144080658,1.0899941520641088,1.354100338415738,0.6547520584965943,0.20362851479999725,0.0,0.0,0.0,0.0,0.0,5.4421422078570965,Lars Nootbaar,HIT,True,9.704078128600884,-11.295921871399116
2023,Producers,J.D. Martinez,7,U,6184,exact,1.0,1.763779672823245,2.5692719298653994,3.0320072794961086,0.05952291440878131,0.5106270427300312,0.0,0.0,0.0,0.0,0.0,7.935208839323566,J.D. Martinez,HIT,True,26.31240326009444,19.31240326009444
2023,Producers,Giovanny Gallegos,7,P,14986,exact,1.0,0.0,0.0,0.0,0.0,0.0,0.622969380265793,1.8874704059553884,1.1669218093127687,-0.35998868552857155,0.30843657883844144,3.62580948884382,Giovanny Gallegos,PIT,True,0.0,-7.0
2023,Producers,Jorge Soler,6,OF,14221,exact,1.0,2.2264104066785224,2.8028421053077084,2.2077722908952246,0.05952291440878131,-0.11062797772905518,0.0,0.0,0.0,0.0,0.0,7.185919739561181,Jorge Soler,HIT,True,21.320784973896558,15.320784973896558
2023,Producers,Garrett Mitchell,12,U,27555,exact,1.0,0.2891442086595484,0.23357017544230904,0.206058747150221,0.05952291440878131,-0.05040548782167038,0.0,0.0,0.0,0.0,0.0,0.7378905578391893,Garrett Mitchell,HIT,True,0.0,-12.0
2023,Producers,Jose Quintana,1,P,11423,exact,1.0,0.0,0.0,0.0,0.0,0.0,0.9344540703986894,0.0,1.1867001450638326,0.6505513449226926,-0.17034438512890146,2.6013611752563137,Jose Quintana,PIT,True,0.0,-1.0
2023,Producers,Nick Fortes,3,C,21538,exact,1.0,0.9541758885765096,0.4671403508846181,0.7653610608436779,0.23809165763512524,-0.9889604389492636,0.0,0.0,0.0,0.0,0.0,1.435808518990667,Nick Fortes,HIT,True,0.0,-3.0
2023,Producers,J.D. Davis,1,3B,16219,exact,1.0,1.763779672823245,1.4014210526538542,2.031150507623607,0.05952291440878131,-0.18763365529455556,0.0,0.0,0.0,0.0,0.0,5.068240492214932,J.D. Davis,HIT,True,7.213217602761049,6.213217602761049
2023,Producers,Orlando Arcia,1,2B,13185,exact,1.0,1.9083517771530192,1.323564327506418,1.913402652109195,0.05952291440878131,0.34678593282078507,0.0,0.0,0.0,0.0,0.0,5.551627603998198,Orlando Arcia,HIT,True,10.433448548673525,9.433448548673525
2023,Producers,Adam Ottavino,1,P,1247,exact,1.0,0.0,0.0,0.0,0.0,0.0,0.3114846901328965,2.2649644871464663,1.2262568165659604,0.9369507444943559,0.29859315547226745,5.038249893811947,Adam Ottavino,PIT,True,7.013426067758293,6.013426067758293
2023,Producers,Edmundo Sosa,1,SS,17022,exact,1.0,0.9830903094424644,0.7785672514743635,0.88310891635809,0.23809165763512524,-0.07668720462847166,0.0,0.0,0.0,0.0,0.0,2.8061709302815716,Edmundo Sosa,HIT,True,0.0,-1.0
2023,Producers,Andrew Chafin,1,P,12988,exact,1.0,0.0,0.0,0.0,0.0,0.0,0.9344540703986894,1.5099763247643108,1.2460351523170243,-0.656361047370778,-0.6113743190067382,2.4227301811025086,Andrew Chafin,PIT,True,0.0,-1.0
2023,Phenoms,Will Benson,6,OF,21853,exact,1.0,1.4746354641636967,0.8564239766217998,0.9125458802366929,1.1309353737668448,0.43152112100435003,0.0,0.0,0.0,0.0,0.0,4.8060618157933845,Will Benson,HIT,True,5.466634240088388,-0.5333657599116117
2023,Phenoms,Willson Contreras,13,U,11609,exact,1.0,1.5902931476275162,1.557134502948727,1.9722765798664008,0.35713748645268784,0.3393468849833398,0.0,0.0,0.0,0.0,0.0,5.816188601878672,Willson Contreras,HIT,True,12.195902473672193,-0.8040975263278067
2023,Phenoms,Victor Robles,4,OF,18363,exact,1.0,0.43371631298932256,0.0,0.235495711028824,0.4761833152702505,0.34446673045963555,0.0,0.0,0.0,0.0,0.0,1.4898620697480327,Victor Robles,HIT,True,0.0,-4.0
2023,Phenoms,Craig Kimbrel,6,P,6655,exact,1.0,0.0,0.0,0.0,0.0,0.0,2.491877521063172,4.341181933697394,1.8591635606000043,1.0167292591327344,1.2001562236183199,10.909108498111625,Craig Kimbrel,PIT,True,46.12394452344881,40.12394452344881
2023,Phenoms,Ozzie Albies,28,2B,16556,exact,1.0,2.7757844031316643,2.5692719298653994,3.2086290627677267,0.773797887314157,1.035812194682132,0.0,0.0,0.0,0.0,0.0,10.36329547776108,Ozzie Albies,HIT,True,42.487844313141906,14.487844313141906
2023,Phenoms,C.J. Cron,24,1B,12546,exact,1.0,1.0987479929062838,0.9342807017692362,1.089167663508311,0.0,-0.07255706188462704,0.0,0.0,0.0,0.0,0.0,3.049639296299204,C.J. Cron,HIT,True,0.0,-24.0
2023,Phenoms,Luis Garcia,16,SS,20391,exact,1.0,1.763779672823245,0.7007105263269271,1.47184819393015,0.5357062296790318,0.39250598237508316,0.0,0.0,0.0,0.0,0.0,4.864550605134437,Luis García Jr.,HIT,True,5.856275181755575,-10.143724818244426
2023,Phenoms,Max Muncy,20,3B,13301,exact,1.0,2.7468699822657094,2.8028421053077084,3.090881207253315,0.05952291440878131,-1.4160188699788054,0.0,0.0,0.0,0.0,0.0,7.284097339256708,Max Muncy,HIT,True,21.974825052806846,1.974825052806846
2023,Phenoms,Clayton Kershaw,27,P,2036,exact,1.0,0.0,0.0,0.0,0.0,0.0,4.0493009717276545,0.0,2.7096319978957513,3.6344952818457767,1.9404614948109131,12.333889746280095,Clayton Kershaw,PIT,True,55.615560155445785,28.615560155445785
2023,Phenoms,Noah Syndergaard,13,P,11762,exact,1.0,0.0,0.0,0.0,0.0,0.0,0.622969380265793,0.0,1.1075868020595772,-3.916257580238219,-0.7231969430650341,-2.9088983409778835,Noah Syndergaard,PIT,True,0.0,-13.0
2023,Phenoms,Alex Vesia,3,P,25007,exact,1.0,0.0,0.0,0.0,0.0,0.0,0.622969380265793,0.18874704059553885,1.2460351523170243,-0.2980846588782214,-0.4134311904003505,1.3462357238997842,Alex Vesia,PIT,True,0.0,-3.0
2023,Phenoms,Nick Martinez,6,P,12730,exact,1.0,0.0,0.0,0.0,0.0,0.0,1.8689081407973789,0.18874704059553885,2.096503589612771,1.229856505937882,0.0855374966329553,5.469552773576526,Nick Martinez,PIT,True,9.886681987543342,3.8866819875433425
2023,Phenoms,Ryan Pepiot,10,P,26221,exact,1.0,0.0,0.0,0.0,0.0,0.0,0.622969380265793,0.0,0.7515767585404273,1.5153133841113404,1.6661839093050805,4.5560434322226415,Ryan Pepiot,PIT,True,3.801060383865037,-6.198939616134963
2023,Phenoms,Bryan De La Cruz,7,OF,19600,exact,1.0,1.7348652519572902,1.4792777778012907,2.2960831825310337,0.23809165763512524,0.1768758990221507,0.0,0.0,0.0,0.0,0.0,5.92519376894689,Bryan De La Cruz,HIT,True,12.922073701040008,5.9220737010400075
2023,Phenoms,Luis Guillorme,3,MI,16451,exact,1.0,0.34697305039145804,0.07785672514743634,0.264932674907427,0.0,-0.2537623043487479,0.0,0.0,0.0,0.07924835995547835,0.022015132972653517,0.5372636390257053,Luis Guillorme,HIT,True,0.0,-3.0
2023,Block Bombers,Manny Machado,39,U,11493,exact,1.0,2.1685815649466127,2.3357017544230905,2.6787637129528727,0.17856874322634392,0.1658194234615439,0.0,0.0,0.0,0.0,0.0,7.527435199010464,Manny Machado,HIT,True,23.595894558363906,-15.404105441636094
2023,Block Bombers,Will Smith,21,C,19197,exact,1.0,2.313153669276387,1.4792777778012907,2.237209254773828,0.17856874322634392,0.22569891236130396,0.0,0.0,0.0,0.0,0.0,6.433908357439154,Will Smith,HIT,True,16.31103137195619,-4.68896862804381
2023,Block Bombers,Dansby Swanson,23,SS,18314,exact,1.0,2.342068090142342,1.7128479532435996,2.35495711028824,0.5357062296790318,-0.33386133939447227,0.0,0.0,0.0,0.0,0.0,6.611718043958741,Dansby Swanson,HIT,True,17.49556492913159,-5.504435070868411
2023,Block Bombers,Charlie Blackmon,16,OF,7859,exact,1.0,1.6481219893594257,0.6228538011794907,1.17747855514412,0.23809165763512524,0.6635554232228176,0.0,0.0,0.0,0.0,0.0,4.35010142654098,Charlie Blackmon,HIT,True,2.429114786654498,-13.570885213345502
2023,Block Bombers,Mark Canha,12,OF,11445,exact,1.0,1.4746354641636967,0.8564239766217998,1.8250917604733858,0.6547520584965943,0.28636684615087676,0.0,0.0,0.0,0.0,0.0,5.097270105906354,Mark Canha,HIT,True,7.406607244475193,-4.593392755524807
2023,Block Bombers,Chris Taylor,7,OF,13757,exact,1.0,1.4746354641636967,1.1678508772115452,1.648469977201768,0.952366630540501,-0.36390108126816034,0.0,0.0,0.0,0.0,0.0,4.87942186784935,Chris Taylor,HIT,True,5.955344642301784,-1.0446553576982156
2023,Block Bombers,A.J. Minter,6,P,18655,exact,1.0,0.0,0.0,0.0,0.0,0.0,0.9344540703986894,1.8874704059553884,1.602045195836174,0.3309841829323744,0.4361866414705813,5.191140496593208,A.J. Minter,PIT,True,8.031953534490134,2.0319535344901336
2023,Block Bombers,Randal Grichuk,3,OF,10243,exact,1.0,1.8794373562870645,1.2457076023589815,1.2952264106585318,0.11904582881756262,0.42878816919023977,0.0,0.0,0.0,0.0,0.0,4.96820536731238,Randal Grichuk,HIT,True,6.5468030521102785,3.5468030521102785
2023,Block Bombers,Luis Arraez,10,MI,18568,exact,1.0,2.0529238814827933,0.7785672514743635,2.031150507623607,0.17856874322634392,3.6810621699690045,0.0,0.0,0.0,0.0,0.0,8.722272553776111,Luis Arraez,HIT,True,31.555668684227854,21.555668684227854
2023,Block Bombers,Trayce Thompson,1,OF,9952,exact,1.0,0.4915451547212322,0.4671403508846181,0.5004283859362509,0.11904582881756262,-0.9981810666238732,0.0,0.0,0.0,0.0,0.0,0.5799786537357908,Trayce Thompson,HIT,True,0.0,-1.0
2023,Block Bombers,Michael Wacha,2,P,14078,exact,1.0,0.0,0.0,0.0,0.0,0.0,4.360785661860551,0.0,2.452513633131921,1.95955592406292,1.0544215283310405,9.827276747386433,Michael Wacha,PIT,True,38.916991758191955,36.916991758191955
2023,Milwaukee Beers,Max Scherzer,33,P,3137,exact,1.0,0.0,0.0,0.0,0.0,0.0,4.0493009717276545,0.0,3.421652084934051,0.7290432215628451,1.6765284459212773,9.876524724145828,Max Scherzer,PIT,True,39.24507220328104,6.24507220328104
2023,Milwaukee Beers,Nolan Arenado,36,3B,9777,exact,1.0,2.0529238814827933,2.024274853833345,2.7376376407100786,0.17856874322634392,0.45961135251186863,0.0,0.0,0.0,0.0,0.0,7.453016471764428,Nolan Arenado,HIT,True,23.100131467889636,-12.899868532110364
2023,Milwaukee Beers,Joey Meneses,18,1B,14366,exact,1.0,2.0529238814827933,1.0121374269166725,2.619889785195667,0.0,0.8243447637684876,0.0,0.0,0.0,0.0,0.0,6.509295857363621,Joey Meneses,HIT,True,16.813248237640007,-1.186751762359993
2023,Milwaukee Beers,Corbin Carroll,27,OF,25878,exact,1.0,3.354072820450761,1.9464181286859088,2.237209254773828,3.214237378074191,1.2046720638615525,0.0,0.0,0.0,0.0,0.0,11.95660964584624,Corbin Carroll,HIT,True,53.1021934870378,26.102193487037802
2023,Milwaukee Beers,Seranthony Dominguez,13,P,19249,exact,1.0,0.0,0.0,0.0,0.0,0.0,1.5574234506644824,0.3774940811910777,0.9493601160510661,0.26578116496155474,-0.4887488234331452,2.6613099894350354,Seranthony Domínguez,PIT,True,0.0,-13.0
2023,Milwaukee Beers,Ross Stripling,14,P,13273,exact,1.0,0.0,0.0,0.0,0.0,0.0,0.0,0.0,1.3844835025744713,-2.0731754832173515,-0.49805180742926064,-1.1867437880721408,Ross Stripling,PIT,True,0.0,-14.0
2023,Milwaukee Beers,Scott McGough,5,P,12056,exact,1.0,0.0,0.0,0.0,0.0,0.0,0.622969380265793,1.6987233653598497,1.7009368745914935,-0.8787969039376958,-0.057075713435083074,3.0867570028443576,Scott McGough,PIT,True,0.0,-5.0
2023,Milwaukee Beers,Justin Steele,13,P,17312,exact,1.0,0.0,0.0,0.0,0.0,0.0,4.983755042126344,0.0,3.480987092187242,2.8959873824757887,1.2048762083980722,12.565605725187446,Justin Steele,PIT,True,57.15920695063468,44.15920695063468
2023,Milwaukee Beers,Gabriel Moreno,3,C,22664,exact,1.0,0.9541758885765096,0.5449970760320544,1.47184819393015,0.35713748645268784,0.7071070079077928,0.0,0.0,0.0,0.0,0.0,4.035265652899195,Gabriel Moreno,HIT,True,0.3317400812731435,-2.6682599187268563
2023,Milwaukee Beers,Daniel Hudson,3,P,7146,exact,1.0,0.0,0.0,0.0,0.0,0.0,0.0,0.18874704059553885,0.09889167875531939,0.23729689306624663,-0.09498735974264925,0.4299482526744556,Daniel Hudson,PIT,True,0.0,-3.0
2023,Milwaukee Beers,Tommy Pham,2,OF,2967,exact,1.0,1.5902931476275162,1.2457076023589815,2.0017135437450038,1.3095041169931887,0.07448371033705162,0.0,0.0,0.0,0.0,0.0,6.221702121061742,Tommy Pham,HIT,True,14.897354687906427,12.897354687906427
2023,Milwaukee Beers,Spencer Steer,6,CI,26323,exact,1.0,2.139667144080658,1.790704678391036,2.5315788935598578,0.8928437161317196,0.7076977040295231,0.0,0.0,0.0,0.0,0.0,8.062492136192795,Spencer Steer,HIT,True,27.160339834083683,21.160339834083683
2023,Milwaukee Beers,Dylan Carlson,3,OF,20126,exact,1.0,0.7806893633807807,0.3892836257371817,0.794798024722281,0.17856874322634392,-0.5352905015460451,0.0,0.0,0.0,0.0,0.0,1.6080492555205423,Dylan Carlson,HIT,True,0.0,-3.0
2023,Milwaukee Beers,Corey Dickerson,1,OF,10762,exact,1.0,0.34697305039145804,0.15571345029487269,0.5004283859362509,0.0,-0.06585421112623081,0.0,0.0,0.0,0.0,0.0,0.9372606754963508,Corey Dickerson,HIT,True,0.0,-1.0
2023,Milwaukee Beers,Joey Votto,1,U,4314,exact,1.0,0.7517749425148258,1.0899941520641088,1.118604627386914,0.0,-0.8110013167722079,0.0,0.0,0.0,0.0,0.0,2.149372405193641,Joey Votto,HIT,True,0.0,-1.0
2023,Milwaukee Beers,Ryne Nelson,1,P,26253,exact,1.0,0.0,0.0,0.0,0.0,0.0,2.491877521063172,0.0,1.8987202321021321,-3.084493411809849,-1.53896491655702,-0.2328605752015651,Ryne Nelson,PIT,True,0.0,-1.0
2024,Moben,Bobby Witt,39,SS,25764,exact,1.0,3.228667596695013,2.1492392866118406,2.861179832821447,1.5344175022645052,2.844508360255435,0.0,0.0,0.0,0.0,0.0,12.61801257864824,Bobby Witt Jr.,HIT,True,57.50833121807692,18.50833121807692
2024,Moben,Fernando Tatis Jr.,34,RF,19709,curated,1.0,1.6530778095078469,1.4104382818390204,1.2862184569564303,0.5444707266099857,0.5148283013698987,0.0,0.0,0.0,0.0,0.0,5.409033576283182,Fernando Tatis Jr.,HIT,True,9.483514862903105,-24.516485137096893
2024,Moben,Bailey Ober,11,SP,21224,curated,1.0,0.0,0.0,0.0,0.0,0.0,3.0585875520098074,0.0,3.15426022848514,-1.0135651872032074,1.8956587595883978,7.094941352880137,Bailey Ober,PIT,True,20.71470465222913,9.71470465222913
2024,Moben,Royce Lewis,27,3B,20437,curated,1.0,1.0331736309424042,1.0746196433059203,1.2337197444275965,0.0,-0.35656070024402736,0.0,0.0,0.0,0.0,0.0,2.984952318431894,Royce Lewis,HIT,True,0.0,-27.0
2024,Moben,Andres Gimenez,15,2B,19950,curated,1.0,1.6530778095078469,0.6044735493595802,1.6537094446582676,1.4849201634817792,-0.058421967458279676,0.0,0.0,0.0,0.0,0.0,5.3377589995491945,Andrés Giménez,HIT,True,9.008697491771976,-5.991302508228024
2024,Moben,Jazz Chisholm Jr.,15,CF,20454,curated,1.0,1.9113712172434478,1.6119294649588805,1.916203007302437,1.979893551309039,0.10028100730369977,0.0,0.0,0.0,0.0,0.0,7.519678248117504,Jazz Chisholm Jr.,HIT,True,23.544219259824644,8.544219259824644
2024,Moben,Joe Musgrove,10,SP,12970,curated,1.0,0.0,0.0,0.0,0.0,0.0,1.5292937760049037,0.0,1.6679595972617758,-0.44942790380039654,0.019643514335428578,2.767468983801712,Joe Musgrove,PIT,True,0.0,-10.0
2024,Moben,Jackson Chourio,14,CF,28806,curated,1.0,2.0663472618848084,1.4104382818390204,2.0736991448889386,1.0889414532199715,0.6251470612611671,0.0,0.0,0.0,0.0,0.0,7.2645732030939065,Jackson Chourio,HIT,True,21.84475905408437,7.844759054084371
2024,Moben,Josh Naylor,9,1B,18839,curated,1.0,2.169664624979049,2.0820755589052204,2.8349304765570302,0.29698403269635587,-0.34270824635449815,0.0,0.0,0.0,0.0,0.0,7.040946446783158,Josh Naylor,HIT,True,20.355001086915436,11.355001086915436
2024,Moben,Tanner Scott,6,RP,17586,curated,1.0,0.0,0.0,0.0,0.0,0.0,2.2939406640073554,3.2616917614585543,1.38721392247514,2.307497012560587,0.2328284956016563,9.483171856103294,Tanner Scott,PIT,True,36.62463188235264,30.624631882352638
2024,Moben,Bryan Reynolds,13,LF,19326,curated,1.0,1.8855418764698877,1.6119294649588805,2.309943351268691,0.49497338782725975,0.7499141486194351,0.0,0.0,0.0,0.0,0.0,7.052302229144154,Bryan Reynolds,HIT,True,20.43065110091565,7.43065110091565
2024,Moben,Pete Fairbanks,4,RP,17998,curated,1.0,0.0,0.0,0.0,0.0,0.0,0.7646468880024518,3.4099504778884886,0.7266358641536449,0.02986950671466723,-0.008983212755538237,4.922119524003714,Pete Fairbanks,PIT,True,6.239788125205108,2.2397881252051084
2024,Moben,Noelvi Marte,1,3B,26517,curated,1.0,0.6199041785654426,0.2686549108264801,0.47248841275950504,0.44547604904453375,-0.5828331773974884,0.0,0.0,0.0,0.0,0.0,1.223690373798473,Noelvi Marte,HIT,True,0.0,-1.0
2024,Moben,Hunter Brown,4,SP,25880,curated,1.0,0.0,0.0,0.0,0.0,0.0,2.8037052560089903,0.0,2.9560868109886917,0.3675002549741288,-1.0650142743701894,5.062278047601621,Hunter Brown,PIT,True,7.173496956121878,3.1734969561218778
2024,Moben,Sean Murphy,2,C,19352,curated,1.0,0.490757474697642,0.6716372770662002,0.6562339066104236,0.0,-0.8827564967841028,0.0,0.0,0.0,0.0,0.0,0.9358721615901628,Sean Murphy,HIT,True,0.0,-2.0
2024,Moben,Jackson Holliday,3,SS,31781,curated,1.0,0.723221541659683,0.3358186385331001,0.6037351940815897,0.1979893551309039,-0.7135191129060904,0.0,0.0,0.0,0.0,0.0,1.1472456164991862,Jackson Holliday,HIT,True,0.0,-3.0
2024,Moben,Taylor Ward,1,LF,17548,curated,1.0,1.8855418764698877,1.6790931926655004,1.9687017198312708,0.29698403269635587,-0.27606729519295836,0.0,0.0,0.0,0.0,0.0,5.554253526470057,Taylor Ward,HIT,True,10.4509419335804,9.4509419335804
2024,Moben,MacKenzie Gore,1,SP,22201,curated,1.0,0.0,0.0,0.0,0.0,0.0,2.548822960008173,0.0,2.9891157139047664,-0.7179507433118383,-2.6384441879935743,2.181543742607527,MacKenzie Gore,PIT,True,0.0,-1.0
2024,McBlocks,Trea Turner,26,SS,16252,curated,1.0,2.2729819880732895,1.4104382818390204,1.6274600883938506,0.9404494368717935,1.19463335661614,0.0,0.0,0.0,0.0,0.0,7.445963151794094,Trea Turner,HIT,True,23.05314362173854,-2.9468563782614616
2024,McBlocks,Jose Altuve,19,2B,5417,curated,1.0,2.42795803271465,1.3432745541324005,1.7062081571871015,1.0889414532199715,1.4450143440965881,0.0,0.0,0.0,0.0,0.0,8.011396541350711,Jose Altuve,HIT,True,26.819950916590045,7.819950916590045
2024,McBlocks,Jonah Heim,6,C,16930,curated,1.0,1.1623203348102047,0.8731284601860603,1.5487120196005997,0.049497338782725976,-0.8861727261268212,0.0,0.0,0.0,0.0,0.0,2.7474854272527693,Jonah Heim,HIT,True,0.0,-6.0
2024,McBlocks,Cristopher Sanchez,5,SP,20778,curated,1.0,0.0,0.0,0.0,0.0,0.0,2.8037052560089903,0.0,2.5267110730797198,0.8641107624600006,-0.7956257514646209,5.39890134008409,Cristopher Sánchez,PIT,True,9.416015875519594,4.416015875519594
2024,McBlocks,Randy Arozarena,20,LF,19290,curated,1.0,1.9888592395641282,1.3432745541324005,1.5749613758650167,0.9899467756545195,-1.1678059834304972,0.0,0.0,0.0,0.0,0.0,4.729235961785568,Randy Arozarena,HIT,True,4.954835339183786,-15.045164660816214
2024,McBlocks,Spencer Torkelson,17,1B,27465,curated,1.0,1.1623203348102047,0.6716372770662002,0.971226181783427,0.0,-0.7016393853209747,0.0,0.0,0.0,0.0,0.0,2.1035444083388573,Spencer Torkelson,HIT,True,0.0,-17.0
2024,McBlocks,Max Fried,19,SP,13743,curated,1.0,0.0,0.0,0.0,0.0,0.0,2.8037052560089903,0.0,2.7413989420342055,1.030432358548852,0.06987014425429337,6.645406700846342,Max Fried,PIT,True,17.719992210685426,-1.280007789314574
2024,McBlocks,Zack Gelof,9,2B,29766,curated,1.0,1.5497604464136063,1.1417833710125402,1.2862184569564303,1.2374334695681495,-1.2208164244056743,0.0,0.0,0.0,0.0,0.0,3.994379319545052,Zack Gelof,HIT,True,0.05936327866004876,-8.940636721339951
2024,McBlocks,Manny Machado,20,3B,11493,curated,1.0,1.9888592395641282,1.9477481034919806,2.756182407763779,0.5444707266099857,0.7207172555814603,0.0,0.0,0.0,0.0,0.0,7.957977733011334,Manny Machado,HIT,True,26.46408520251747,6.46408520251747
2024,McBlocks,Dylan Cease,17,SP,18525,curated,1.0,0.0,0.0,0.0,0.0,0.0,3.568352144011442,0.0,3.699237126600374,0.4621387498834417,1.2384866041905571,8.968214624685814,Dylan Cease,PIT,True,33.194086938126866,16.194086938126866
2024,McBlocks,Hunter Harvey,1,RP,15507,curated,1.0,0.0,0.0,0.0,0.0,0.0,0.5097645920016346,0.1482587164299343,0.8917803787340187,-0.7409596781846786,-0.49670326874862214,0.3121407402322869,Hunter Harvey,PIT,True,0.0,-1.0
2024,McBlocks,Brandon Marsh,1,CF,20202,curated,1.0,1.4206137425458059,1.0746196433059203,1.5749613758650167,0.9404494368717935,-0.10279287151845237,0.0,0.0,0.0,0.0,0.0,4.907851327070085,Brandon Marsh,HIT,True,6.144736171629966,5.144736171629966
2024,McBlocks,Rhys Hoskins,4,1B,16472,curated,1.0,1.5239311056400462,1.7462569203721205,2.1524472136821897,0.14849201634817794,-1.1043489195210758,0.0,0.0,0.0,0.0,0.0,4.466778336521458,Rhys Hoskins,HIT,True,3.206393673562522,-0.793606326437478
2024,McBlocks,Anthony Santander,3,RF,14551,curated,1.0,2.3504700103939697,2.9552040190912807,2.6774343389705284,0.09899467756545195,-0.6445725105221533,0.0,0.0,0.0,0.0,0.0,7.437530535499078,Anthony Santander,HIT,True,22.99696717167135,19.99696717167135
2024,McBlocks,Lourdes Gurriel,1,LF,19238,exact,1.0,1.8597125356963276,1.2089470987191604,1.9687017198312708,0.3464813714790818,0.716373856910658,0.0,0.0,0.0,0.0,0.0,6.100216582636499,Lourdes Gurriel Jr.,HIT,True,14.088041653318918,13.088041653318918
2024,Spehr's Army,Kyle Tucker,33,RF,18345,curated,1.0,1.446443083319366,1.5447657372522605,1.2862184569564303,0.5444707266099857,0.6431467204860979,0.0,0.0,0.0,0.0,0.0,5.465044724624141,Kyle Tucker,HIT,True,9.856650241995549,-23.14334975800445
2024,Spehr's Army,Marcus Semien,23,2B,12533,curated,1.0,2.6087634181295707,1.5447657372522605,1.942452363566854,0.3959787102618078,-0.5937931621063733,0.0,0.0,0.0,0.0,0.0,5.8981670671041195,Marcus Semien,HIT,True,12.742027068602976,-10.257972931397024
2024,Spehr's Army,Luis Castillo,28,SP,15689,curated,1.0,0.0,0.0,0.0,0.0,-0.01558430595592429,2.8037052560089903,0.0,2.890029005156542,-0.053378927885981343,0.017245194667455454,5.642016221991082,Luis Castillo,HIT,True,11.035599946018712,-16.964400053981286
2024,Spehr's Army,Sonny Gray,11,SP,12768,curated,1.0,0.0,0.0,0.0,0.0,0.0,3.313469848010625,0.0,3.3524336459815887,-0.5744893592117786,0.8769836099777071,6.968397744758143,Sonny Gray,PIT,True,19.871695740844302,8.871695740844302
2024,Spehr's Army,Josh Jung,6,3B,26299,curated,1.0,0.490757474697642,0.47014609394634016,0.4199897002306711,0.1979893551309039,0.09893633819370166,0.0,0.0,0.0,0.0,0.0,1.677818962199259,Josh Jung,HIT,True,0.0,-6.0
2024,Spehr's Army,Triston Casas,10,1B,22514,curated,1.0,0.723221541659683,0.8731284601860603,0.8399794004613422,0.0,-0.18052572508411205,0.0,0.0,0.0,0.0,0.0,2.2558036772229735,Triston Casas,HIT,True,0.0,-10.0
2024,Spehr's Army,Cole Ragans,11,RP,21846,curated,1.0,0.0,0.0,0.0,0.0,0.0,2.8037052560089903,0.0,3.6827226751423363,1.4239289455218052,0.3257590347091648,8.236115911382296,Cole Ragans,PIT,True,28.3169876639126,17.3169876639126
2024,Spehr's Army,Seiya Suzuki,16,RF,30116,curated,1.0,1.9113712172434478,1.4104382818390204,1.916203007302437,0.7919574205236156,0.9222550457583046,0.0,0.0,0.0,0.0,0.0,6.9522249726668255,Seiya Suzuki,HIT,True,19.763955877906046,3.763955877906046
2024,Spehr's Army,Michael King,3,RP,19853,curated,1.0,0.0,0.0,0.0,0.0,0.0,3.313469848010625,0.0,3.3028902916074765,1.8358192703731486,-0.18801193163677282,8.264167478354477,Michael King,PIT,True,28.50386174856063,25.50386174856063
2024,Spehr's Army,Maikel Garcia,4,3B,22715,curated,1.0,2.169664624979049,0.47014609394634016,1.5224626633361829,1.831401534960861,-0.7116370085001994,0.0,0.0,0.0,0.0,0.0,5.282037908722234,Maikel Garcia,HIT,True,8.637494419437209,4.637494419437209
2024,Spehr's Army,Jordan Romano,1,RP,16122,curated,1.0,0.0,0.0,0.0,0.0,0.0,0.2548822960008173,1.1860697314394744,0.21468786895448597,-0.7498626069719201,-0.25189700168391194,0.6538802877389456,Jordan Romano,PIT,True,0.0,-1.0
2024,Spehr's Army,Anthony Volpe,2,SS,27647,curated,1.0,2.3246406696204094,0.8059647324794402,1.5749613758650167,1.3859254859163272,-0.3364607760896528,0.0,0.0,0.0,0.0,0.0,5.75503148779154,Anthony Volpe,HIT,True,11.78848567139224,9.78848567139224
2024,Spehr's Army,Logan O'Hoppe,1,C,24729,curated,1.0,1.6530778095078469,1.3432745541324005,1.469963950807349,0.09899467756545195,-0.2547822261493647,0.0,0.0,0.0,0.0,0.0,4.310528765863684,Logan O'Hoppe,HIT,True,2.165489415975898,1.1654894159758982
2024,Spehr's Army,Victor Scott II,1,CF,31349,curated,1.0,0.3616107708298415,0.13432745541324004,0.26249356264416945,0.24748669391362987,-0.647793969148185,0.0,0.0,0.0,0.0,0.0,0.35812451365269593,Victor Scott II,HIT,True,0.0,-1.0
2024,All-Stars,Jose Ramirez,30,3B,13510,curated,1.0,2.9445448481858523,2.619385380558181,3.0974240392011994,2.029390890091765,0.8797624969358029,0.0,0.0,0.0,0.0,0.0,11.570507654972799,José Ramírez,HIT,True,50.53005709990437,20.53005709990437
2024,All-Stars,Blake Snell,16,SP,13543,curated,1.0,0.0,0.0,0.0,0.0,0.0,1.2744114800040864,0.0,2.3945954614154203,0.8914551613279139,0.8627651260439387,5.423227228791359,Blake Snell,PIT,True,9.578070216010767,-6.421929783989233
2024,All-Stars,Adolis Garcia,21,RF,19287,curated,1.0,1.7563951726020872,1.6790931926655004,2.2311952824754404,0.5444707266099857,-0.9684328948345526,0.0,0.0,0.0,0.0,0.0,5.242721479518462,Adolis García,HIT,True,8.375576013011983,-12.624423986988017
2024,All-Stars,Christian Yelich,18,LF,11477,curated,1.0,1.1364909940366448,0.7388010047728202,1.1024729631055117,1.0394441144372455,1.0186375378714574,0.0,0.0,0.0,0.0,0.0,5.035846614223679,Christian Yelich,HIT,True,6.997415886449843,-11.002584113550157
2024,All-Stars,Grayson Rodriguez,18,SP,24492,curated,1.0,0.0,0.0,0.0,0.0,0.0,3.313469848010625,0.0,2.1303642380868224,-0.46523938927644987,-0.5148327569644457,4.463761939856552,Grayson Rodriguez,PIT,True,3.186299025507786,-14.813700974492214
2024,All-Stars,Emmanuel Clase,15,RP,21032,curated,1.0,0.0,0.0,0.0,0.0,0.0,1.0195291840032692,6.9681596722069115,1.0899537962304673,3.812283063686533,2.5843601191048973,15.474285835232077,Emmanuel Clase,PIT,True,76.53626826195384,61.536268261953836
2024,All-Stars,Adley Rutschman,14,C,26288,curated,1.0,1.7563951726020872,1.2761108264257803,2.0736991448889386,0.049497338782725976,-0.07358893396659563,0.0,0.0,0.0,0.0,0.0,5.082113548732937,Adley Rutschman,HIT,True,7.3056372077208565,-6.6943627922791435
2024,All-Stars,Ketel Marte,13,2B,13613,curated,1.0,2.40212869194109,2.417894197438321,2.49368884511961,0.3464813714790818,1.1656487969558704,0.0,0.0,0.0,0.0,0.0,8.825841902933973,Ketel Marte,HIT,True,32.24562754965102,19.24562754965102
2024,All-Stars,Evan Carter,10,LF,27790,curated,1.0,0.5940748377918824,0.3358186385331001,0.3937403439662542,0.09899467756545195,-0.5581827358777438,0.0,0.0,0.0,0.0,0.0,0.864445761978945,Evan Carter,HIT,True,0.0,-10.0
2024,All-Stars,Thairo Estrada,8,2B,16426,curated,1.0,1.1106616532630846,0.6044735493595802,1.2337197444275965,0.09899467756545195,-0.7602488245631217,0.0,0.0,0.0,0.0,0.0,2.2876008000525916,Thairo Estrada,HIT,True,0.0,-8.0
2024,All-Stars,Joshua Lowe,9,RF,19953,initial_last,0.9,0.9556856086217239,0.6716372770662002,0.8924781129901761,1.2374334695681495,-0.24828069783092024,0.0,0.0,0.0,0.0,0.0,3.5089537704153293,Josh Lowe,HIT,True,0.0,-9.0
2024,All-Stars,Ryan Pepiot,4,RP,26221,curated,1.0,0.0,0.0,0.0,0.0,0.0,2.0390583680065384,0.0,2.345052107041308,0.06396608475568642,0.15733611867745842,4.605412678480991,Ryan Pepiot,PIT,True,4.1299487027757635,0.12994870277576354
2024,All-Stars,Brandon Drury,2,2B,11615,curated,1.0,0.723221541659683,0.2686549108264801,0.3937403439662542,0.049497338782725976,-1.5955932887039523,0.0,0.0,0.0,0.0,0.0,-0.16047915346880903,Brandon Drury,HIT,True,0.0,-2.0
2024,All-Stars,Salvador Perez,4,C,7304,curated,1.0,1.498101764866486,1.8134206480787405,2.7299330514993625,0.0,0.6049059528099887,0.0,0.0,0.0,0.0,0.0,6.646361417254577,Salvador Perez,HIT,True,17.726352345756112,13.726352345756112
2024,All-Stars,Bryce Miller,1,SP,29837,curated,1.0,0.0,0.0,0.0,0.0,0.0,3.0585875520098074,0.0,2.8239711993243923,1.938435449406965,2.2241227207343623,10.045116921475527,Bryce Miller,PIT,True,40.36820063977916,39.36820063977916
2024,All-Stars,Cristian Javier,1,SP,17606,curated,1.0,0.0,0.0,0.0,0.0,0.0,0.7646468880024518,0.0,0.44589018936700936,-0.1902644636348914,-0.5559546189254434,0.4643179948091265,Cristian Javier,PIT,True,0.0,-1.0
2024,New York Polar Bears,Julio Rodriguez,36,CF,23697,curated,1.0,1.963029898790568,1.3432745541324005,1.7849562259803522,1.1879361307854235,0.6574411251721477,0.0,0.0,0.0,0.0,0.0,6.936637934860891,Julio Rodríguez,HIT,True,19.6601180628832,-16.3398819371168
2024,New York Polar Bears,Austin Riley,28,3B,18360,curated,1.0,1.6272484687342867,1.2761108264257803,1.469963950807349,0.0,0.10129778951602642,0.0,0.0,0.0,0.0,0.0,4.474621035483443,Austin Riley,HIT,True,3.2586402090642412,-24.74135979093576
2024,New York Polar Bears,Luis Robert,26,CF,20043,exact,1.0,1.213979016357325,0.9402921878926803,0.918727469254593,1.1384387920026975,-0.6477951236606295,0.0,0.0,0.0,0.0,0.0,3.5636423418466663,Luis Robert Jr.,HIT,True,0.0,-26.0
2024,New York Polar Bears,Gunnar Henderson,29,3B,26289,curated,1.0,3.0478622112800924,2.485057925144941,2.414940776326359,1.0394441144372455,1.024253925142531,0.0,0.0,0.0,0.0,0.0,10.01155895233117,Gunnar Henderson,HIT,True,40.144643974559074,11.144643974559074
2024,New York Polar Bears,Bo Bichette,21,SS,19612,curated,1.0,0.749050882433243,0.2686549108264801,0.8137300441969253,0.24748669391362987,-0.5054892285012134,0.0,0.0,0.0,0.0,0.0,1.573433302869065,Bo Bichette,HIT,True,0.0,-21.0
2024,New York Polar Bears,Chris Bassitt,9,SP,12304,curated,1.0,0.0,0.0,0.0,0.0,0.0,2.548822960008173,0.0,2.77442784495028,-1.43380067586437,-3.1554600117352396,0.7339901173588439,Chris Bassitt,PIT,True,0.0,-9.0
2024,New York Polar Bears,Chris Sale,9,SP,10603,curated,1.0,0.0,0.0,0.0,0.0,0.0,4.587881328014711,0.0,3.699237126600374,3.484210492162733,1.7591633508357167,13.530492297613534,Chris Sale,PIT,True,63.5870936776086,54.5870936776086
2024,New York Polar Bears,Vinnie Pasquantino,9,1B,27676,curated,1.0,1.6530778095078469,1.2761108264257803,2.5461875576484436,0.049497338782725976,0.24255412426453246,0.0,0.0,0.0,0.0,0.0,5.767427656629329,Vinnie Pasquantino,HIT,True,11.87106653780165,2.8710665378016493
2024,New York Polar Bears,Zach Eflin,15,SP,13774,curated,1.0,0.0,0.0,0.0,0.0,0.0,2.548822960008173,0.0,2.212936495377009,0.08501182785416124,0.22695789969076413,5.073729182930107,Zach Eflin,PIT,True,7.249782193050482,-7.750217806949518
2024,New York Polar Bears,Justin Verlander,4,SP,8700,curated,1.0,0.0,0.0,0.0,0.0,0.0,1.2744114800040864,0.0,1.2220694078947663,-2.824832909412815,-1.3068671308065034,-1.6352191523204658,Justin Verlander,PIT,True,0.0,-4.0
2024,New York Polar Bears,Nick Castellanos,9,RF,11737,curated,1.0,2.0663472618848084,1.5447657372522605,2.2574446387398575,0.29698403269635587,-0.006348122725060804,0.0,0.0,0.0,0.0,0.0,6.159193547848221,Nick Castellanos,HIT,True,14.480934727712564,5.4809347277125635
2024,New York Polar Bears,Ezequiel Tovar,3,SS,24064,curated,1.0,2.1438352842054886,1.7462569203721205,2.0474497886245215,0.29698403269635587,0.5517662940597269,0.0,0.0,0.0,0.0,0.0,6.786292319958213,Ezequiel Tovar,HIT,True,18.658544810535258,15.658544810535258
2024,New York Polar Bears,Tommy Edman,7,2B,19470,curated,1.0,0.5165868154712021,0.4029823662397201,0.5249871252883389,0.29698403269635587,-0.13502238381110201,0.0,0.0,0.0,0.0,0.0,1.606517955884515,Tommy Edman,HIT,True,0.0,-7.0
2024,New York Polar Bears,Shane Bieber,9,SP,19427,curated,1.0,0.0,0.0,0.0,0.0,0.0,0.5097645920016346,0.0,0.33028902916074765,0.7769266795956902,0.21939104868354417,1.8363713494416167,Shane Bieber,PIT,True,0.0,-9.0
2024,New York Polar Bears,Logan Gilbert,12,SP,22250,curated,1.0,0.0,0.0,0.0,0.0,0.0,2.2939406640073554,0.0,3.633179320768224,1.2514260322209494,3.669365399333198,10.847911416329728,Logan Gilbert,PIT,True,45.7162614641579,33.7162614641579
2024,New York Polar Bears,Nolan Gorman,4,2B,22263,curated,1.0,1.0848323124895245,1.2761108264257803,1.3124678132208472,0.29698403269635587,-1.0983645038601466,0.0,0.0,0.0,0.0,0.0,2.872030480972361,Nolan Gorman,HIT,True,0.0,-4.0
2024,New York Polar Bears,Aaron Civale,1,SP,19479,curated,1.0,0.0,0.0,0.0,0.0,0.0,2.0390583680065384,0.0,2.46065326724757,-1.8804400766639568,-1.3635456550677918,1.2557259035223596,Aaron Civale,PIT,True,0.0,-1.0
2024,New York Polar Bears,Christian Encarnacion-Strand,3,1B,30011,curated,1.0,0.33578143005628136,0.13432745541324004,0.4199897002306711,0.0,-0.4475250954401366,0.0,0.0,0.0,0.0,0.0,0.44257349026005594,Christian Encarnacion-Strand,HIT,True,0.0,-3.0
2024,New York Polar Bears,Nick Pivetta,1,RP,15454,curated,1.0,0.0,0.0,0.0,0.0,0.0,1.5292937760049037,0.0,2.8239711993243923,-1.2277016001660481,0.4681894448167472,3.593752819979995,Nick Pivetta,PIT,True,0.0,-1.0
2024,Pookie 2.0,Framber Valdez,23,SP,17295,curated,1.0,0.0,0.0,0.0,0.0,0.0,3.8232344400122593,0.0,2.7909422964083177,1.9988308545812754,0.7264422001714534,9.339449791173305,Framber Valdez,PIT,True,35.667183431998616,12.667183431998616
2024,Pookie 2.0,Aaron Judge,39,RF,15640,curated,1.0,3.151179574374333,3.895496206983961,3.7799073020760403,0.49497338782725975,2.452123200741826,0.0,0.0,0.0,0.0,0.0,13.773679672003421,Aaron Judge,HIT,True,65.20716067893287,26.207160678932865
2024,Pookie 2.0,Shohei Ohtani,32,DH,19755,curated,1.0,3.461131663657054,3.626841296157481,3.412416314374203,2.9203429881808325,2.102554991132657,0.0,0.0,0.0,0.0,0.0,15.523287253502227,Shohei Ohtani,HIT,True,76.86270618232994,44.862706182329944
2024,Pookie 2.0,George Kirby,25,SP,25436,curated,1.0,0.0,0.0,0.0,0.0,0.0,3.568352144011442,0.0,2.9560868109886917,0.2875503849445702,1.2511800891932285,8.063169429137933,George Kirby,PIT,True,27.164851827987153,2.164851827987153
2024,Pookie 2.0,Jhoan Duran,11,RP,21029,curated,1.0,0.0,0.0,0.0,0.0,0.0,1.5292937760049037,3.4099504778884886,1.0899537962304673,-0.027838943638967672,0.02922831497791387,6.030587421462806,Jhoan Duran,PIT,True,13.624185720705665,2.6241857207056647
2024,Pookie 2.0,Carlos Rodon,10,SP,16137,curated,1.0,0.0,0.0,0.0,0.0,0.0,4.078116736013077,0.0,3.2203180343172897,-0.9146518175580659,-0.5619440595688493,5.821838893203452,Carlos Rodón,PIT,True,12.233543615800196,2.233543615800196
2024,Pookie 2.0,Gerrit Cole,13,SP,13125,curated,1.0,0.0,0.0,0.0,0.0,0.0,2.0390583680065384,0.0,1.634930694345701,0.34964539105325804,0.29367952807682457,4.3173139814823225,Gerrit Cole,PIT,True,2.2106912030678645,-10.789308796932136
2024,Pookie 2.0,Nolan Arenado,12,3B,9777,curated,1.0,1.8080538541492075,1.0746196433059203,1.863704294773603,0.09899467756545195,0.5948808756499987,0.0,0.0,0.0,0.0,0.0,5.440253345444182,Nolan Arenado,HIT,True,9.691494894488168,-2.3085051055118324
2024,Pookie 2.0,Xander Bogaerts,7,SS,12161,curated,1.0,1.2914670386780054,0.7388010047728202,1.1549716756343456,0.6434654041754376,0.2476832446109373,0.0,0.0,0.0,0.0,0.0,4.076388367871546,Xander Bogaerts,HIT,True,0.605691612263234,-6.394308387736766
2024,Pookie 2.0,Teoscar Hernandez,6,RF,13066,curated,1.0,2.169664624979049,2.2164030143184608,2.5986862701772777,0.5939680653927117,0.6049059528099887,0.0,0.0,0.0,0.0,0.0,8.183627927677488,Teoscar Hernández,HIT,True,27.967322922560218,21.967322922560218
2024,Pookie 2.0,Andres Munoz,3,RP,20373,curated,1.0,0.0,0.0,0.0,0.0,0.0,0.7646468880024518,3.2616917614585543,1.2716127622688784,1.523746632833451,0.8476653803714662,7.669363424934802,Andrés Muñoz,PIT,True,24.541392802067456,21.541392802067456
2024,Pookie 2.0,Esteury Ruiz,7,CF,21780,curated,1.0,0.25829340773560105,0.13432745541324004,0.20999485011533556,0.24748669391362987,-0.1803373079107232,0.0,0.0,0.0,0.0,0.0,0.6697650992670833,Esteury Ruiz,HIT,True,0.0,-7.0
2024,Pookie 2.0,Mitch Garver,1,DH,15161,curated,1.0,0.9556856086217239,1.0074559155993004,1.3387171694852642,0.0,-1.8718221376199644,0.0,0.0,0.0,0.0,0.0,1.4300365560863237,Mitch Garver,HIT,True,0.0,-1.0
2024,Pookie 2.0,Chas McCormick,1,LF,19599,curated,1.0,0.8265389047539234,0.3358186385331001,0.7087326191392576,0.3959787102618078,-0.6303969869946269,0.0,0.0,0.0,0.0,0.0,1.6366718856934621,Chas McCormick,HIT,True,0.0,-1.0
2024,Producers,Yordan Alvarez,31,DH,19556,curated,1.0,2.2729819880732895,2.3507304697317006,2.2574446387398575,0.29698403269635587,1.7885715746220319,0.0,0.0,0.0,0.0,0.0,8.966712703863234,Yordan Alvarez,HIT,True,33.18408143364963,2.184081433649631
2024,Producers,Francisco Lindor,21,SS,12916,curated,1.0,2.7637394627709315,2.2164030143184608,2.3886914200619422,1.4354228246990532,0.6802008494179743,0.0,0.0,0.0,0.0,0.0,9.484457571268361,Francisco Lindor,HIT,True,36.63319706677989,15.633197066779893
2024,Producers,Tanner Bibee,17,SP,30134,curated,1.0,0.0,0.0,0.0,0.0,0.0,3.0585875520098074,0.0,3.071687971194953,0.4081946732944182,0.6388592400228253,7.177329436522005,Tanner Bibee,PIT,True,21.263558045401357,4.263558045401357
2024,Producers,Paul Goldschmidt,18,1B,9218,curated,1.0,1.8080538541492075,1.4776020095456404,1.7062081571871015,0.5444707266099857,-0.2747577675378576,0.0,0.0,0.0,0.0,0.0,5.261576979954078,Paul Goldschmidt,HIT,True,8.501187690533623,-9.498812309466377
2024,Producers,Joe Ryan,16,SP,21390,curated,1.0,0.0,0.0,0.0,0.0,0.0,1.784176072005721,0.0,2.4276243643314954,0.06619228281836943,1.6500428899343589,5.928035609089945,Joe Ryan,PIT,True,12.941005487488018,-3.0589945125119815
2024,Producers,Wyatt Langford,16,LF,33333,curated,1.0,1.9113712172434478,1.0746196433059203,1.942452363566854,0.9404494368717935,-0.03067447716525503,0.0,0.0,0.0,0.0,0.0,5.83821818382276,Wyatt Langford,HIT,True,12.342659265015184,-3.6573407349848157
2024,Producers,Bobby Miller,10,SP,27483,curated,1.0,0.0,0.0,0.0,0.0,0.0,0.5097645920016346,0.0,0.8587514758179439,-4.72149652292388,-2.3067959833930214,-5.659776438497323,Bobby Miller,PIT,True,0.0,-10.0
2024,Producers,Jordan Walker,11,RF,27475,curated,1.0,0.4132694523769617,0.3358186385331001,0.5249871252883389,0.049497338782725976,-0.4850685165620987,0.0,0.0,0.0,0.0,0.0,0.8385040384190281,Jordan Walker,HIT,True,0.0,-11.0
2024,Producers,Isaac Paredes,2,3B,20036,curated,1.0,1.6530778095078469,1.2761108264257803,2.0999485011533556,0.049497338782725976,-0.5000097290046395,0.0,0.0,0.0,0.0,0.0,4.57862474686507,Isaac Paredes,HIT,True,3.9514927111620417,1.9514927111620417
2024,Producers,Jorge Polanco,1,2B,13152,curated,1.0,1.1106616532630846,1.0746196433059203,1.1812210318987626,0.1979893551309039,-1.0004206246458744,0.0,0.0,0.0,0.0,0.0,2.5640710589527966,Jorge Polanco,HIT,True,0.0,-1.0
2024,Producers,Jose Berrios,2,SP,14168,curated,1.0,0.0,0.0,0.0,0.0,0.0,4.078116736013077,0.0,2.5267110730797198,0.06799645658726004,0.20097883945649672,6.873803105136553,José Berríos,PIT,True,19.24152464525361,17.24152464525361
2024,Producers,Kodai Senga,1,SP,31838,curated,1.0,0.0,0.0,0.0,0.0,0.0,0.2548822960008173,0.0,0.14863006312233645,0.009207616745478566,0.2141706179234699,0.6268905937921022,Kodai Senga,PIT,True,0.0,-1.0
2024,Producers,Byron Buxton,1,DH,14161,curated,1.0,1.6014191279607266,1.2089470987191604,1.469963950807349,0.3464813714790818,0.4982140106154529,0.0,0.0,0.0,0.0,0.0,5.12502555958177,Byron Buxton,HIT,True,7.591508679918284,6.591508679918284
2024,Producers,Starling Marte,1,RF,9241,curated,1.0,1.1881496755837648,0.47014609394634016,1.0499742505766778,0.7919574205236156,0.32652827283971886,0.0,0.0,0.0,0.0,0.0,3.826755713470117,Starling Marte,HIT,True,0.0,-1.0
2024,Phenoms,Yu Darvish,15,SP,13074,curated,1.0,0.0,0.0,0.0,0.0,0.0,1.784176072005721,0.0,1.288127213726916,0.41928983134577186,0.5561368452569047,4.047729962335313,Yu Darvish,PIT,True,0.4147748870989406,-14.585225112901059
2024,Phenoms,Yoshinobu Yamamoto,27,SP,33825,curated,1.0,0.0,0.0,0.0,0.0,0.0,1.784176072005721,0.0,1.7340174030939253,0.9540107466240333,0.3715440497783412,4.843748271502021,Yoshinobu Yamamoto,PIT,True,5.717694080031169,-21.28230591996883
2024,Phenoms,Corbin Burnes,28,SP,19361,curated,1.0,0.0,0.0,0.0,0.0,0.0,3.8232344400122593,0.0,2.9891157139047664,2.151857561632516,0.912084907203868,9.87629262275341,Corbin Burnes,PIT,True,39.243525988935986,11.243525988935986
2024,Phenoms,Pablo Lopez,24,SP,17085,curated,1.0,0.0,0.0,0.0,0.0,0.0,3.8232344400122593,0.0,3.269861388691402,-1.322735226636365,-0.2527031248728604,5.517657477194435,Pablo López,PIT,True,10.20714616926897,-13.79285383073103
2024,Phenoms,Tyler Glasnow,22,SP,14374,curated,1.0,0.0,0.0,0.0,0.0,0.0,2.2939406640073554,0.0,2.77442784495028,0.3004821479462267,1.9667617895817295,7.335612446485592,Tyler Glasnow,PIT,True,22.31800868024876,0.3180086802487594
2024,Phenoms,Logan Webb,26,SP,17995,curated,1.0,0.0,0.0,0.0,0.0,0.0,3.313469848010625,0.0,2.84048565078243,0.4701011849555334,-0.7233462635289571,5.900710420219631,Logan Webb,PIT,True,12.75897039251316,-13.24102960748684
2024,Phenoms,Alex Bregman,12,3B,17678,curated,1.0,2.0405179211112485,1.7462569203721205,1.9687017198312708,0.14849201634817794,0.21142225879897894,0.0,0.0,0.0,0.0,0.0,6.115390836461797,Alex Bregman,HIT,True,14.189129581727043,2.189129581727043
2024,Phenoms,Dansby Swanson,4,SS,18314,curated,1.0,2.1180059434319287,1.0746196433059203,1.7324575134515183,0.9404494368717935,-0.3942132727379498,0.0,0.0,0.0,0.0,0.0,5.47131926432321,Dansby Swanson,HIT,True,9.898450005410336,5.898450005410336
2024,Phenoms,Bryan De La Cruz,1,LF,19600,curated,1.0,1.5755897871871665,1.4104382818390204,1.7849562259803522,0.24748669391362987,-0.6542759342855666,0.0,0.0,0.0,0.0,0.0,4.364195054634602,Bryan De La Cruz,HIT,True,2.523003796561765,1.523003796561765
2024,Phenoms,Michael Conforto,3,RF,16376,curated,1.0,1.446443083319366,1.3432745541324005,1.7324575134515183,0.0,-0.4375446281121206,0.0,0.0,0.0,0.0,0.0,4.084630522791165,Michael Conforto,HIT,True,0.6605992456820182,-2.339400754317982
2024,Phenoms,Will Brennan,1,RF,25660,curated,1.0,0.9556856086217239,0.5373098216529602,0.7874806879325084,0.1979893551309039,0.21291583004003473,0.0,0.0,0.0,0.0,0.0,2.691381303378131,Will Brennan,HIT,True,0.0,-1.0
2024,Phenoms,Trevor Story,2,SS,12564,curated,1.0,0.20663472618848086,0.13432745541324004,0.26249356264416945,0.29698403269635587,0.040160678659924766,0.0,0.0,0.0,0.0,0.0,0.940600455602171,Trevor Story,HIT,True,0.0,-2.0
2024,Phenoms,Cal Stevenson,1,CF,22411,curated,1.0,0.051658681547120215,0.0,0.15749613758650166,0.0,-0.020707289771885677,0.0,0.0,0.0,0.0,0.0,0.1884475293617362,Cal Stevenson,HIT,True,0.0,-1.0
2024,Phenoms,Aaron Phillips,1,RP,-1,unmatched,0.8148148148148148,0.0,0.0,0.0,0.0,0.0,0.0,0.0,0.0,0.0,0.0,0.0,,,False,0.0,-1.0
2024,Phenoms,Sean Harney,1,RP,-1,unmatched,0.7272727272727273,0.0,0.0,0.0,0.0,0.0,0.0,0.0,0.0,0.0,0.0,0.0,,,False,0.0,-1.0
2024,Phenoms,Matt Frawley,1,RP,-1,unmatched,0.6363636363636364,0.0,0.0,0.0,0.0,0.0,0.0,0.0,0.0,0.0,0.0,0.0,,,False,0.0,-1.0
2024,Lisbon Long Balls,Vladimir Guerrero Jr.,37,1B,19611,curated,1.0,2.5312753958088905,2.0149118311986007,2.7036836952349454,0.09899467756545195,2.4980601466698586,0.0,0.0,0.0,0.0,0.0,9.846925746477748,Vladimir Guerrero Jr.,HIT,True,39.04788956946506,2.047889569465063
2024,Lisbon Long Balls,Mookie Betts,35,RF,13611,curated,1.0,1.937200558017008,1.2761108264257803,1.9687017198312708,0.7919574205236156,0.9712348159526986,0.0,0.0,0.0,0.0,0.0,6.945205340750373,Mookie Betts,HIT,True,19.7171924550194,-15.2828075449806
2024,Lisbon Long Balls,Kenley Jansen,6,RP,3096,curated,1.0,0.0,0.0,0.0,0.0,0.0,1.0195291840032692,4.002985343608226,1.0073815389402803,0.28934592089563904,0.38365063869553645,6.702892626142951,Kenley Jansen,PIT,True,18.102952267091634,12.102952267091634
2024,Lisbon Long Balls,Rafael Devers,30,3B,17350,curated,1.0,2.247152647299729,1.8805843757853606,2.1786965699466063,0.14849201634817794,0.5892570446510357,0.0,0.0,0.0,0.0,0.0,7.0441826540309105,Rafael Devers,HIT,True,20.376560070331756,-9.623439929668244
2024,Lisbon Long Balls,Corey Seager,30,SS,13624,curated,1.0,1.7563951726020872,2.0149118311986007,1.942452363566854,0.049497338782725976,0.6929528680301034,0.0,0.0,0.0,0.0,0.0,6.456209574180372,Corey Seager,HIT,True,16.45959774149931,-13.540402258500691
2024,Lisbon Long Balls,Clay Holmes,8,RP,13649,curated,1.0,0.0,0.0,0.0,0.0,0.0,0.7646468880024518,4.447761492898029,1.1229826991465421,0.5267511714131845,-0.560409247770046,6.3017330036901615,Clay Holmes,PIT,True,15.430504866275848,7.430504866275848
2024,Lisbon Long Balls,DJ Stewart,2,RF,17766,curated,1.0,0.4132694523769617,0.3358186385331001,0.498737769023922,0.049497338782725976,-0.8321280410141895,0.0,0.0,0.0,0.0,0.0,0.4651951577025203,DJ Stewart,HIT,True,0.0,-2.0
2024,Lisbon Long Balls,Yandy Diaz,7,1B,16578,curated,1.0,1.4206137425458059,0.9402921878926803,1.7062081571871015,0.0,0.8974273292726729,0.0,0.0,0.0,0.0,0.0,4.9645414168982605,Yandy Díaz,HIT,True,6.522394526892654,-0.4776054731073458
2024,Lisbon Long Balls,Nathan Eovaldi,5,SP,9132,curated,1.0,0.0,0.0,0.0,0.0,0.0,3.0585875520098074,0.0,2.7413989420342055,-0.47935172215456134,0.7347030227499792,6.055337794639431,Nathan Eovaldi,PIT,True,13.7890678941923,8.7890678941923
2024,Lisbon Long Balls,Shota Imanaga,4,SP,33829,curated,1.0,0.0,0.0,0.0,0.0,0.0,3.8232344400122593,0.0,2.8735145536985045,1.97295886569126,1.649203467226645,10.318911326628669,Shota Imanaga,PIT,True,42.19216572862737,38.19216572862737
2024,Lisbon Long Balls,Kyle Bradish,2,SP,24586,curated,1.0,0.0,0.0,0.0,0.0,0.0,0.5097645920016346,0.0,0.8752659272759813,0.5928786925842388,0.26880953039908584,2.2467187422609403,Kyle Bradish,PIT,True,0.0,-2.0
2024,Lisbon Long Balls,James Paxton,1,SP,11828,exact,1.0,0.0,0.0,0.0,0.0,0.0,2.2939406640073554,0.0,1.205554956436729,-1.2963839009134903,-1.8516836361716382,0.3514280833589558,James Paxton,PIT,True,0.0,-1.0
2024,Lisbon Long Balls,Riley Greene,3,CF,25976,curated,1.0,2.1180059434319287,1.6119294649588805,1.942452363566854,0.1979893551309039,0.25055677191604453,0.0,0.0,0.0,0.0,0.0,6.120933899004612,Riley Greene,HIT,True,14.22605638655982,11.22605638655982
2024,Lisbon Long Balls,Jarren Duran,1,CF,24617,curated,1.0,2.8670568258651716,1.4104382818390204,1.9687017198312708,1.6829095186126832,1.1457004446663615,0.0,0.0,0.0,0.0,0.0,9.074806790814508,Jarren Duran,HIT,True,33.90418322243443,32.90418322243443
2024,Lisbon Long Balls,Willi Castro,1,LF,17338,curated,1.0,2.2988113288468495,0.8059647324794402,1.5749613758650167,0.6929627429581636,-0.20091292366469016,0.0,0.0,0.0,0.07182227091338934,0.09300493624995326,5.3366144636481225,Willi Castro,HIT,True,9.001072816149692,8.001072816149692
2024,Lisbon Long Balls,Ryan Pressly,1,RP,7005,curated,1.0,0.0,0.0,0.0,0.0,0.0,0.5097645920016346,0.5930348657197372,0.9578381845661682,0.10368328312834788,-0.6304534164080041,1.5338675090078837,Ryan Pressly,PIT,True,0.0,-1.0
2024,Lisbon Long Balls,Masataka Yoshida,2,LF,31837,curated,1.0,1.1623203348102047,0.6716372770662002,1.469963950807349,0.09899467756545195,0.5775433056812699,0.0,0.0,0.0,0.0,0.0,3.9804595459304757,Masataka Yoshida,HIT,True,0.0,-2.0
2024,Lisbon Long Balls,Jake Cronenworth,1,1B,18036,curated,1.0,1.8597125356963276,1.1417833710125402,2.1786965699466063,0.24748669391362987,-0.4168399178634679,0.0,0.0,0.0,0.0,0.0,5.010839252705636,Jake Cronenworth,HIT,True,6.830821706603088,5.830821706603088
2024,Milwaukee Beers,Kevin Gausman,27,SP,14107,curated,1.0,0.0,0.0,0.0,0.0,0.0,3.568352144011442,0.0,2.6753411362020563,-0.5672508192455508,-0.5575005983066998,5.118941862661247,Kevin Gausman,PIT,True,7.550980273985513,-19.449019726014487
2024,Milwaukee Beers,Tarik Skubal,23,SP,22267,curated,1.0,0.0,0.0,0.0,0.0,0.0,4.587881328014711,0.0,3.765294932432523,3.726866861762771,3.0194241001750273,15.099467222385034,Tarik Skubal,PIT,True,74.03929954522228,51.03929954522228
2024,Milwaukee Beers,Edwin Diaz,17,RP,14710,curated,1.0,0.0,0.0,0.0,0.0,0.0,1.5292937760049037,2.965174328598686,1.3706994710171028,0.07124045671534306,0.4413070113392885,6.377715043675324,Edwin Díaz,PIT,True,15.93668244223796,-1.0633175577620406
2024,Milwaukee Beers,Mike Trout,20,CF,10155,curated,1.0,0.4390987931505218,0.6716372770662002,0.36749098770183725,0.29698403269635587,-0.2513581393531754,0.0,0.0,0.0,0.0,0.0,1.5238529512617398,Mike Trout,HIT,True,0.0,-20.0
2024,Milwaukee Beers,George Springer,13,RF,12856,curated,1.0,1.9113712172434478,1.2761108264257803,1.469963950807349,0.7919574205236156,-1.0666030830119515,0.0,0.0,0.0,0.0,0.0,4.382800331988242,George Springer,HIT,True,2.6469485365662067,-10.353051463433793
2024,Milwaukee Beers,Aaron Nola,18,SP,16149,curated,1.0,0.0,0.0,0.0,0.0,0.0,3.568352144011442,0.0,3.2533469372333643,0.18317509233098284,-0.34953844367710285,6.655335729898686,Aaron Nola,PIT,True,17.78613747157016,-0.21386252842983922
2024,Milwaukee Beers,Gleyber Torres,15,2B,16997,curated,1.0,2.0663472618848084,1.0074559155993004,1.6537094446582676,0.1979893551309039,0.14842681698586505,0.0,0.0,0.0,0.0,0.0,5.073928794259146,Gleyber Torres,HIT,True,7.251111964910877,-7.748888035089123
2024,Milwaukee Beers,Freddy Peralta,17,SP,18679,curated,1.0,0.0,0.0,0.0,0.0,0.0,2.8037052560089903,0.0,3.2863758401494394,-0.162855165537078,-0.4424338306089458,5.484792100012407,Freddy Peralta,PIT,True,9.988203417030046,-7.011796582969954
2024,Milwaukee Beers,David Bednar,10,RP,19569,curated,1.0,0.0,0.0,0.0,0.0,0.0,0.7646468880024518,3.4099504778884886,0.9578381845661682,-2.1604605934606247,-0.9636061727297104,2.0083687842667732,David Bednar,PIT,True,0.0,-10.0
2024,Milwaukee Beers,Cedric Mullins,7,CF,17929,curated,1.0,1.7822245133756474,1.2089470987191604,1.4174652382785151,1.5839148410472312,-0.5256641606124438,0.0,0.0,0.0,0.0,0.0,5.46688753080811,Cedric Mullins,HIT,True,9.86892665846649,2.8689266584664903
2024,Milwaukee Beers,Yainer Diaz,5,C,23003,curated,1.0,1.8080538541492075,1.0746196433059203,2.2049459262110234,0.09899467756545195,1.4391251941399736,0.0,0.0,0.0,0.0,0.0,6.625739295371577,Yainer Diaz,HIT,True,17.588971779664828,12.588971779664828
2024,Milwaukee Beers,Jonathan India,2,2B,21523,curated,1.0,2.169664624979049,1.0074559155993004,1.5224626633361829,0.6434654041754376,-0.1728467686677614,0.0,0.0,0.0,0.0,0.0,5.170201839422209,Jonathan India,HIT,True,7.892464271859281,5.892464271859281
2024,Milwaukee Beers,Jake Burger,4,3B,22275,curated,1.0,1.7563951726020872,1.9477481034919806,1.994951076095688,0.049497338782725976,-0.09184570170726805,0.0,0.0,0.0,0.0,0.0,5.656745989265213,Jake Burger,HIT,True,11.133726791451677,7.133726791451677
2024,Milwaukee Beers,Cal Raleigh,1,C,21534,curated,1.0,1.8855418764698877,2.2835667420250805,2.6249356264416943,0.29698403269635587,-1.1242286652913873,0.0,0.0,0.0,0.0,0.0,5.966799612341632,Cal Raleigh,HIT,True,13.199243739637575,12.199243739637575
2024,Milwaukee Beers,Carlos Correa,1,SS,14162,curated,1.0,1.4206137425458059,0.9402921878926803,1.4174652382785151,0.0,1.1345724367668326,0.0,0.0,0.0,0.0,0.0,4.912943605483834,Carlos Correa,HIT,True,6.178659940248171,5.178659940248171
2024,Milwaukee Beers,Jose Leclerc,1,RP,14524,curated,1.0,0.0,0.0,0.0,0.0,0.0,1.5292937760049037,0.1482587164299343,1.4532717283072898,-0.8163803573879066,-0.6447925322874747,1.6696513310667465,José Leclerc,PIT,True,0.0,-1.0
2024,Milwaukee Beers,Steven Kwan,1,LF,24610,curated,1.0,2.1438352842054886,0.9402921878926803,1.1549716756343456,0.5939680653927117,1.0649089157757137,0.0,0.0,0.0,0.0,0.0,5.8979761289009405,Steven Kwan,HIT,True,12.740755075420605,11.740755075420605
2024,Milwaukee Beers,Paul Sewald,1,RP,13892,curated,1.0,0.0,0.0,0.0,0.0,0.0,0.2548822960008173,2.3721394628789487,0.69360696123757,-0.5013532493913337,0.13690866694576076,2.9561841376717632,Paul Sewald,PIT,True,0.0,-1.0
2024,Milwaukee Beers,Justin Turner,1,DH,5235,curated,1.0,1.5239311056400462,0.7388010047728202,1.443714594542932,0.0,0.15958192899617077,0.0,0.0,0.0,0.0,0.0,3.866028633951969,Justin Turner,HIT,True,0.0,-1.0
2025,Moben,Josh Hader,18,RP,14212,curated,1.0,0.0,0.0,0.0,0.0,0.0,1.6452591808204413,4.373522637846703,1.3021227676037708,1.4262429251044753,1.170047643192018,9.917195154567407,Josh Hader,PIT,True,39.51601070253891,21.516010702538907
2025,Moben,Oneil Cruz,31,SS,21711,curated,1.0,1.5441629898577893,1.2529523964134914,1.549784541758876,1.8534118338350174,-1.5026297725267372,0.0,0.0,0.0,0.0,0.0,4.697681989338436,Oneil Cruz,HIT,True,4.744628910291074,-26.255371089708927
2025,Moben,Mike Trout,16,CF,10155,curated,1.0,1.8181273912841713,1.6288381153375389,1.6260034536486567,0.0975479912544746,-0.5912913992128472,0.0,0.0,0.0,0.0,0.0,4.5792255523119945,Mike Trout,HIT,True,3.955495160225117,-12.044504839774882
2025,Moben,Ryan Helsley,13,RP,18138,curated,1.0,0.0,0.0,0.0,0.0,0.0,0.8226295904102207,3.280141978385027,1.0937831247871674,-0.9026882535752315,-1.4054139845652809,2.888452455441903,Ryan Helsley,PIT,True,0.0,-13.0
2025,Moben,Colton Cowser,8,LF,29591,curated,1.0,0.8966107683045229,1.0023619171307931,1.0162521585304105,0.6828359387813222,-1.1095275164330995,0.0,0.0,0.0,0.0,0.0,2.48853326631395,Colton Cowser,HIT,True,0.0,-8.0
2025,Moben,Lucas Erceg,1,RP,19360,curated,1.0,0.0,0.0,0.0,0.0,0.0,2.1936789077605887,0.31239447413190735,0.8333585712664133,1.0258096845950204,0.004260662580438027,4.369502300334368,Lucas Erceg,PIT,True,2.558359635439838,1.558359635439838
2025,Moben,Dansby Swanson,5,SS,18314,curated,1.0,2.0920917927105536,1.5035428756961897,1.95628540517104,0.975479912544746,-0.33956064262467617,0.0,0.0,0.0,0.0,0.0,6.187839343497853,Dansby Swanson,HIT,True,14.671767448264262,9.671767448264262
2025,Moben,Austin Wells,5,C,27562,curated,1.0,1.2701985884314073,1.315600016234166,1.8038475813914785,0.2438699781361865,-0.7753055248641523,0.0,0.0,0.0,0.0,0.0,3.8582106393290854,Austin Wells,HIT,True,0.0,-5.0
2025,Moben,Xander Bogaerts,2,2B,12161,curated,1.0,1.569068844532915,0.6891238180274203,1.3465341100527939,0.975479912544746,0.2513045237207775,0.0,0.0,0.0,0.0,0.0,4.831511208878653,Xander Bogaerts,HIT,True,5.636173148284636,3.6361731482846356
2025,Moben,Drew Rasmussen,1,RP,25385,curated,1.0,0.0,0.0,0.0,0.0,0.0,2.742098634700736,0.0,2.2049278864757187,2.087578750509884,1.5710397730151968,8.605645044701536,Drew Rasmussen,PIT,True,30.778718896549137,29.778718896549137
2025,Moben,Sean Manaea,1,SP,15873,curated,1.0,0.0,0.0,0.0,0.0,0.0,0.5484197269401472,0.0,1.2847611307023872,-2.231447149013197,-0.14046414627119988,-0.5387304376418626,Sean Manaea,PIT,True,0.0,-1.0
2025,Moben,Robbie Ray,5,SP,11486,curated,1.0,0.0,0.0,0.0,0.0,0.0,3.016308498170809,0.0,3.2292644636573518,-0.18080932856048218,-0.40041241806200645,5.664351215205673,Robbie Ray,PIT,True,11.184391327859727,6.184391327859727
2025,McBlocks,Matt Olson,27,1B,14344,curated,1.0,2.440773758162312,1.8167809747995625,2.4135988765097247,0.0487739956272373,0.6929038675320817,0.0,0.0,0.0,0.0,0.0,7.412831472630919,Matt Olson,HIT,True,22.832426817482627,-4.167573182517373
2025,McBlocks,Kyle Schwarber,20,DH,16478,curated,1.0,2.7645498689389454,3.508266709957776,3.3536321231503545,0.487739956272373,-0.517482562261997,0.0,0.0,0.0,0.0,0.0,9.596706096057453,Kyle Schwarber,HIT,True,37.38097491262557,17.380974912625568
2025,McBlocks,Trea Turner,31,SS,16252,curated,1.0,2.3411503394618096,0.9397142973101186,1.753034973464958,1.7558638425805426,1.6341219782148488,0.0,0.0,0.0,0.0,0.0,8.423885431032279,Trea Turner,HIT,True,29.56787169275097,-1.4321283072490303
2025,McBlocks,Jeff Hoffman,10,RP,17432,curated,1.0,0.0,0.0,0.0,0.0,0.0,2.4678887712306623,5.154508823176471,1.4583774997162233,-0.9270830015680138,-0.05593683706979874,8.097755255485543,Jeff Hoffman,PIT,True,27.395255878032383,17.395255878032383
2025,McBlocks,C.J. Abrams,22,SS,25768,curated,1.0,2.2913386301115586,1.1903047765928167,1.5243782377956157,1.5119938644443562,0.0650740652449407,0.0,0.0,0.0,0.0,0.0,6.583089574189288,CJ Abrams,HIT,True,17.30484763022469,-4.695152369775311
2025,McBlocks,Aaron Nola,18,SP,16149,curated,1.0,0.0,0.0,0.0,0.0,0.0,1.371049317350368,0.0,1.6840787794342102,-3.961972597280568,-1.0963502703402939,-2.0031947708362834,Aaron Nola,PIT,True,0.0,-18.0
2025,McBlocks,Joey Bart,3,C,21524,curated,1.0,0.5230229481776384,0.2505904792826983,0.7621891188978078,0.0487739956272373,-0.09893943710979079,0.0,0.0,0.0,0.0,0.0,1.485637104875591,Joey Bart,HIT,True,0.0,-3.0
2025,McBlocks,Jack Flaherty,10,SP,17479,curated,1.0,0.0,0.0,0.0,0.0,0.0,2.1936789077605887,0.0,3.263987737460119,-2.7739204028584443,-1.0508917377270381,1.6328545046352252,Jack Flaherty,PIT,True,0.0,-10.0
2025,McBlocks,Sandy Alcantara,10,SP,18684,curated,1.0,0.0,0.0,0.0,0.0,0.0,3.016308498170809,0.0,2.465352439996473,-5.063527759032906,-1.0044796844680033,-0.5863465053336274,Sandy Alcantara,PIT,True,0.0,-10.0
2025,McBlocks,Jorge Soler,1,DH,14221,curated,1.0,0.7720814949288947,0.7517714378480949,0.8638143347508489,0.0,-0.6297065754208284,0.0,0.0,0.0,0.0,0.0,1.7579606921070101,Jorge Soler,HIT,True,0.0,-1.0
2025,Spehr's Army,Julio Rodriguez,34,CF,23697,curated,1.0,2.640020595563317,2.0047238342615863,2.4135988765097247,1.463219868817119,0.43516889136249337,0.0,0.0,0.0,0.0,0.0,8.956732066514242,Julio Rodríguez,HIT,True,33.11759236832767,-0.8824076316723293
2025,Spehr's Army,Spencer Schwellenbach,24,SP,31846,curated,1.0,0.0,0.0,0.0,0.0,0.0,1.919469044290515,0.0,1.87505678534943,0.9302352148462234,1.553381505449734,6.278142549935902,Spencer Schwellenbach,PIT,True,15.27334985043909,-8.72665014956091
2025,Spehr's Army,Gavin Williams,13,SP,30122,curated,1.0,0.0,0.0,0.0,0.0,0.0,3.2905183616408826,0.0,3.003563183939365,1.4516504077969676,-0.9611197394132903,6.784612213963925,Gavin Williams,PIT,True,18.64735227109154,5.647352271091538
2025,Spehr's Army,Pablo Lopez,22,SP,17085,curated,1.0,0.0,0.0,0.0,0.0,0.0,1.371049317350368,0.0,1.2673994938010036,1.1152519805671195,0.39497095047325415,4.148671742191745,Pablo López,PIT,True,1.0872293967568432,-20.912770603243157
2025,Spehr's Army,Freddy Peralta,8,SP,18679,curated,1.0,0.0,0.0,0.0,0.0,0.0,4.661567678991251,0.0,3.524412290980873,2.5593522305449463,1.2132477922888356,11.958579992805905,Freddy Peralta,PIT,True,53.115319555356606,45.115319555356606
2025,Spehr's Army,Gabriel Moreno,1,C,22664,curated,1.0,1.095857605705528,0.5638285783860711,1.0162521585304105,0.0975479912544746,0.49794289366095246,0.0,0.0,0.0,0.0,0.0,3.2714292275374364,Gabriel Moreno,HIT,True,0.0,-1.0
2025,Spehr's Army,Luis Garcia,8,2B,6984,curated,1.0,0.0,0.0,0.0,0.0,0.0,0.5484197269401472,0.31239447413190735,0.8333585712664133,0.16343170716531813,-1.1287901664871982,0.7288143130165878,Luis García,PIT,True,0.0,-8.0
2025,Spehr's Army,Jonathan India,1,2B,21523,curated,1.0,1.569068844532915,0.5638285783860711,1.1432836783467117,0.0,-0.6208031230191091,0.0,0.0,0.0,0.0,0.0,2.655377978246589,Jonathan India,HIT,True,0.0,-1.0
2025,Spehr's Army,Ceddanne Rafaela,1,CF,24262,curated,1.0,2.0920917927105536,1.0023619171307931,1.6005971496853963,0.975479912544746,-0.14825342078157452,0.0,0.0,0.0,0.0,0.0,5.522277351289914,Ceddanne Rafaela,HIT,True,10.237922872176085,9.237922872176085
2025,Spehr's Army,Cam Smith,1,3B,35108,curated,1.0,1.3698220071319098,0.5638285783860711,1.2957215021262734,0.3901919650178984,-0.4555209732752105,0.0,0.0,0.0,0.0,0.0,3.164043079386942,Cam Smith,HIT,True,0.0,-1.0
2025,All-Stars,Jose Altuve,20,2B,5417,curated,1.0,1.9924683740100508,1.6288381153375389,1.95628540517104,0.487739956272373,0.380067578815864,0.0,0.0,0.0,0.0,0.0,6.445399429606867,Jose Altuve,HIT,True,16.38758266034216,-3.6124173396578385
2025,All-Stars,Willy Adames,17,SS,15986,curated,1.0,2.3411503394618096,1.8794285946202371,2.2103484448036426,0.5852879475268475,-1.0231677477190138,0.0,0.0,0.0,0.0,0.0,5.993047578693523,Willy Adames,HIT,True,13.374102587656527,-3.6258974123434733
2025,All-Stars,Brandon Nimmo,9,LF,12927,curated,1.0,2.0173742286851764,1.5661904955168642,2.3373799646199442,0.6340619431540848,0.2973901811064164,0.0,0.0,0.0,0.0,0.0,6.8523968130824855,Brandon Nimmo,HIT,True,19.098920089961585,10.098920089961585
2025,All-Stars,Nolan Arenado,8,3B,9777,curated,1.0,1.1954810244060305,0.7517714378480949,1.3211278060895335,0.14632198688171189,-0.38979241958460514,0.0,0.0,0.0,0.0,0.0,3.0249098356407655,Nolan Arenado,HIT,True,0.0,-8.0
2025,All-Stars,Joe Ryan,14,SP,21390,curated,1.0,0.0,0.0,0.0,0.0,0.0,3.564728225110956,0.0,3.3681575588684205,0.49133887111343905,1.5975267988486885,9.021751453941503,Joe Ryan,PIT,True,33.55073888459519,19.55073888459519
2025,All-Stars,Dylan Crews,14,RF,33541,curated,1.0,1.0709517510304023,0.6264761982067457,0.685970207008027,0.829157925663034,-0.7748256769796141,0.0,0.0,0.0,0.0,0.0,2.4377304049285953,Dylan Crews,HIT,True,0.0,-14.0
2025,All-Stars,Christian Walker,9,1B,13419,curated,1.0,1.7932215366090458,1.6914857351582133,2.235754748766903,0.0975479912544746,-0.547004700438866,0.0,0.0,0.0,0.0,0.0,5.271005311349771,Christian Walker,HIT,True,8.563997400988505,-0.43600259901149485
2025,All-Stars,Zach Eflin,7,SP,13774,curated,1.0,0.0,0.0,0.0,0.0,0.0,1.6452591808204413,0.0,0.8680818450691805,-2.9501574748097132,-1.1938053308105603,-1.630621779730652,Zach Eflin,PIT,True,0.0,-7.0
2025,All-Stars,Byron Buxton,8,CF,14161,curated,1.0,2.4158679034871864,2.19266669372361,2.1087232289506015,1.170575895053695,0.26768488140200103,0.0,0.0,0.0,0.0,0.0,8.155518602617095,Byron Buxton,HIT,True,27.780064064759355,19.780064064759355
2025,All-Stars,Joshua Lowe,15,RF,19953,initial_last,0.9,1.3947278618070356,0.6891238180274203,1.0162521585304105,0.8779319212902713,-0.773771462947097,0.0,0.0,0.0,0.0,0.0,3.2042642967080406,Josh Lowe,HIT,True,0.0,-15.0
2025,All-Stars,Adolis Garcia,16,RF,19287,curated,1.0,1.4445395711572868,1.1903047765928167,1.9054727972445196,0.6340619431540848,-0.7585782935381526,0.0,0.0,0.0,0.0,0.0,4.415800794610555,Adolis García,HIT,True,2.86679120174146,-13.13320879825854
2025,All-Stars,Grayson Rodriguez,5,SP,24492,curated,1.0,0.0,0.0,0.0,0.0,0.0,0.0,0.0,0.0,0.0,0.0,0.0,,,False,0.0,-5.0
2025,New York Polar Bears,Jose Ramirez,35,3B,13510,curated,1.0,2.5653030315379404,1.8794285946202371,2.1595358368771223,2.146055807598441,0.9704315235452183,0.0,0.0,0.0,0.0,0.0,9.720754794178958,José Ramírez,HIT,True,38.20736321871291,3.2073632187129135
2025,New York Polar Bears,Luis Castillo,13,SP,15689,curated,1.0,0.0,0.0,0.0,0.0,0.0,3.016308498170809,0.0,2.812585178024145,0.14748237084854926,-0.030485079058736278,5.945890967984767,Luis Castillo,PIT,True,13.059954416538615,0.05995441653861455
2025,New York Polar Bears,Max Fried,17,SP,13743,curated,1.0,0.0,0.0,0.0,0.0,0.0,5.209987405931398,0.0,3.2813493743615023,2.3158508668456435,0.9612449111136216,11.768432558252165,Max Fried,PIT,True,51.848594319805926,34.848594319805926
2025,New York Polar Bears,Framber Valdez,23,SP,17295,curated,1.0,0.0,0.0,0.0,0.0,0.0,3.564728225110956,0.0,3.246626100558735,-0.18597839196608426,-0.8011382276185496,5.824237706085058,Framber Valdez,PIT,True,12.249524040777402,-10.750475959222598
2025,New York Polar Bears,Luis Arraez,11,1B,18568,curated,1.0,1.6437864085582918,0.5011809585653966,1.549784541758876,0.5365139518996103,1.274068560843883,0.0,0.0,0.0,0.0,0.0,5.505334421626057,Luis Arraez,HIT,True,10.12505236924378,-0.8749476307562194
2025,New York Polar Bears,Austin Riley,20,3B,18360,curated,1.0,1.3449161524567843,1.0023619171307931,1.371940414016054,0.0975479912544746,0.14831527182956508,0.0,0.0,0.0,0.0,0.0,3.9650817466876713,Austin Riley,HIT,True,0.0,-20.0
2025,New York Polar Bears,Jasson Dominguez,9,LF,28080,curated,1.0,1.4445395711572868,0.6264761982067457,1.1940962862732323,1.1218018994264578,0.052873135620450096,0.0,0.0,0.0,0.0,0.0,4.439787090684172,Jasson Domínguez,HIT,True,3.026583242139742,-5.973416757860258
2025,New York Polar Bears,Justin Steele,11,SP,17312,curated,1.0,0.0,0.0,0.0,0.0,0.0,0.8226295904102207,0.0,0.36459437492905583,-0.5156554084526498,0.08549190343306186,0.7570604603196885,Justin Steele,PIT,True,0.0,-11.0
2025,New York Polar Bears,Spencer Arrighetti,8,SP,29921,curated,1.0,0.0,0.0,0.0,0.0,0.0,0.2742098634700736,0.0,0.5382107439428919,-1.1378136078380623,-0.6157946383631978,-0.9411876387882946,Spencer Arrighetti,PIT,True,0.0,-8.0
2025,New York Polar Bears,Randy Arozarena,11,LF,19290,curated,1.0,2.3660561941369354,1.6914857351582133,1.93087910120778,1.5119938644443562,-0.542849247061245,0.0,0.0,0.0,0.0,0.0,6.957565647886041,Randy Arozarena,HIT,True,19.799534417742446,8.799534417742446
2025,New York Polar Bears,Ian Happ,7,LF,17919,curated,1.0,2.1668093567359303,1.440895255875515,2.0070980130975604,0.29264397376342377,-0.39785122666281036,0.0,0.0,0.0,0.0,0.0,5.509595372809619,Ian Happ,HIT,True,10.153437997502897,3.1534379975028966
2025,New York Polar Bears,Taylor Ward,6,LF,17548,curated,1.0,2.1419035020608046,2.2553143135442846,2.616849308215807,0.1950959825089492,-0.8965442848229617,0.0,0.0,0.0,0.0,0.0,6.312618821506883,Taylor Ward,HIT,True,15.50302406786492,9.50302406786492
2025,New York Polar Bears,Cedric Mullins,3,CF,17929,curated,1.0,1.4445395711572868,1.0650095369514676,1.4989719338323555,1.0730279037992205,-0.9646100342722435,0.0,0.0,0.0,0.0,0.0,4.116938911468087,Cedric Mullins,HIT,True,0.8758314488042258,-2.1241685511957744
2025,Pookie 2.0,Logan Webb,22,SP,17995,curated,1.0,0.0,0.0,0.0,0.0,0.0,4.113147952051103,0.0,3.8890066659099287,1.2542655335391133,-0.7492799909005892,8.507140160599556,Logan Webb,PIT,True,30.122498512562274,8.122498512562274
2025,Pookie 2.0,Ronald Acuna Jr.,26,RF,18401,curated,1.0,1.843033245959297,1.315600016234166,1.067064766456931,0.43896596064513566,0.7840584485155628,0.0,0.0,0.0,0.0,0.0,5.448722437811092,Ronald Acuña Jr.,HIT,True,9.747914341053686,-16.252085658946314
2025,Pookie 2.0,Spencer Strider,25,SP,27498,curated,1.0,0.0,0.0,0.0,0.0,0.0,1.919469044290515,0.0,2.274374434081253,-1.831505340476415,-1.8369194958039639,0.5254186420913893,Spencer Strider,PIT,True,0.0,-25.0
2025,Pookie 2.0,Marcus Semien,10,2B,12533,curated,1.0,1.5441629898577893,0.9397142973101186,1.5751908457221362,0.5365139518996103,-0.6445374602173154,0.0,0.0,0.0,0.0,0.0,3.9510446245723383,Marcus Semien,HIT,True,0.0,-10.0
2025,Pookie 2.0,Trevor Megill,8,RP,17722,curated,1.0,0.0,0.0,0.0,0.0,0.0,1.6452591808204413,4.68591711197861,1.0416982140830167,0.9344259738878955,0.1724300197348803,8.479730500504845,Trevor Megill,PIT,True,29.939900686715585,21.939900686715585
2025,Pookie 2.0,Matt McLain,5,SS,29695,curated,1.0,1.8181273912841713,0.9397142973101186,1.270315198163013,0.8779319212902713,-1.0278733314190205,0.0,0.0,0.0,0.0,0.0,3.8782154766285535,Matt McLain,HIT,True,0.0,-5.0
2025,Pookie 2.0,Matt Chapman,9,3B,16505,curated,1.0,1.8928449553095483,1.315600016234166,1.549784541758876,0.43896596064513566,-0.6024991749640696,0.0,0.0,0.0,0.0,0.0,4.5946962989836555,Matt Chapman,HIT,True,4.058558266323802,-4.941441733676198
2025,Pookie 2.0,Kevin Gausman,5,SP,14107,curated,1.0,0.0,0.0,0.0,0.0,0.0,2.742098634700736,0.0,3.2813493743615023,0.017533204233269963,1.4422912824882277,7.483272495783735,Kevin Gausman,PIT,True,23.30169121673732,18.30169121673732
2025,Pookie 2.0,Shea Langeliers,2,C,25816,curated,1.0,1.8181273912841713,1.9420762144409116,1.8292538853547389,0.3414179693906611,0.624147070095326,0.0,0.0,0.0,0.0,0.0,6.555022530565808,Shea Langeliers,HIT,True,17.11787044313508,15.117870443135079
2025,Pookie 2.0,Sonny Gray,7,SP,12768,curated,1.0,0.0,0.0,0.0,0.0,0.0,3.83893808858103,0.0,3.472327380276722,-2.0517386903554455,-0.609410960382532,4.650115818119773,Sonny Gray,PIT,True,4.4277523266936445,-2.5722476733063555
2025,Pookie 2.0,Paul Goldschmidt,2,1B,9218,curated,1.0,1.8928449553095483,0.6264761982067457,1.1432836783467117,0.2438699781361865,0.5366984926288302,0.0,0.0,0.0,0.0,0.0,4.443173302628023,Paul Goldschmidt,HIT,True,3.0491415276736267,1.0491415276736267
2025,Pookie 2.0,Nico Hoerner,1,2B,21479,curated,1.0,2.2166210660861814,0.438533338744722,1.549784541758876,1.4144458731898817,1.4355657632694216,0.0,0.0,0.0,0.0,0.0,7.054950583049083,Nico Hoerner,HIT,True,20.448293919667925,19.448293919667925
2025,Pookie 2.0,Jordan Romano,1,RP,16122,curated,1.0,0.0,0.0,0.0,0.0,0.0,0.5484197269401472,1.2495778965276294,0.798635297463646,-3.5916934752010063,-0.7993670888939218,-1.7944276431635053,Jordan Romano,PIT,True,0.0,-1.0
2025,Pookie 2.0,Brandon Lowe,1,2B,18882,curated,1.0,1.967562519334925,1.9420762144409116,2.1087232289506015,0.14632198688171189,0.06863686593525321,0.0,0.0,0.0,0.0,0.0,6.233320815543403,Brandon Lowe,HIT,True,14.974756171332247,13.974756171332247
2025,Pookie 2.0,Pete Fairbanks,1,RP,17998,curated,1.0,0.0,0.0,0.0,0.0,0.0,1.0968394538802944,4.217325400780749,1.024336577181633,0.8026112502514028,0.5533651920312954,7.694477874125374,Pete Fairbanks,PIT,True,24.708700379165805,23.708700379165805
2025,Producers,Pete Alonso,27,1B,19251,curated,1.0,2.1668093567359303,2.3806095531856335,3.2011942993707927,0.0487739956272373,0.6696859390523119,0.0,0.0,0.0,0.0,0.0,8.467073143971906,Pete Alonso,HIT,True,29.855579838668042,2.855579838668042
2025,Producers,Pete Crow-Armstrong,17,CF,27769,curated,1.0,2.266432775436433,1.9420762144409116,2.4135988765097247,1.7070898469533053,-0.20114778855204737,0.0,0.0,0.0,0.0,0.0,8.128049924788327,Pete Crow-Armstrong,HIT,True,27.59707307424416,10.597073074244161
2025,Producers,Freddie Freeman,28,1B,5361,curated,1.0,2.0173742286851764,1.5035428756961897,2.2865673566934235,0.29264397376342377,1.2768134122008432,0.0,0.0,0.0,0.0,0.0,7.376941847039056,Freddie Freeman,HIT,True,22.593337110390998,-5.406662889609002
2025,Producers,Francisco Alvarez,5,C,26121,curated,1.0,0.7969873496040203,0.6891238180274203,0.8130017268243284,0.0,0.05710334303094241,0.0,0.0,0.0,0.0,0.0,2.3562162374867115,Francisco Alvarez,HIT,True,0.0,-5.0
2025,Producers,Andres Gimenez,14,2B,19950,curated,1.0,0.9713283323298998,0.438533338744722,0.8892206387141092,0.5852879475268475,-0.8807539951011102,0.0,0.0,0.0,0.0,0.0,2.003616262214468,Andrés Giménez,HIT,True,0.0,-14.0
2025,Producers,George Kirby,17,SP,25436,curated,1.0,0.0,0.0,0.0,0.0,0.0,2.742098634700736,0.0,2.3785442554895546,-1.3183667662620469,-0.09338679816612033,3.708889325762123,George Kirby,PIT,True,0.0,-17.0
2025,Producers,Nick Lodolo,6,SP,26378,curated,1.0,0.0,0.0,0.0,0.0,0.0,2.4678887712306623,0.0,2.708415356615843,0.6584515486051775,1.0611795238109956,6.895935200262678,Nick Lodolo,PIT,True,19.38896435948203,13.388964359482031
2025,Producers,Hunter Greene,20,SP,22182,curated,1.0,0.0,0.0,0.0,0.0,0.0,1.919469044290515,0.0,2.274374434081253,1.5195331016924074,1.7236709315509335,7.437047511615109,Hunter Greene,PIT,True,22.99374936047851,2.9937493604785104
2025,Producers,Alec Burleson,7,RF,27615,curated,1.0,1.3449161524567843,1.1276571567721423,1.753034973464958,0.2438699781361865,0.9968428831600291,0.0,0.0,0.0,0.06696305410696074,0.013189335284100137,5.546473533381161,Alec Burleson,HIT,True,10.39911313241228,3.39911313241228
2025,Producers,Nick Castellanos,9,RF,11737,curated,1.0,1.7932215366090458,1.0650095369514676,1.8292538853547389,0.1950959825089492,-0.12072190076107557,0.0,0.0,0.0,0.0,0.0,4.7618590406631265,Nick Castellanos,HIT,True,5.1721639472323195,-3.8278360527676805
2025,Producers,Tommy Edman,6,CF,19470,curated,1.0,1.220386879081156,0.8144190576687694,1.2449088941997528,0.14632198688171189,-0.5806807176057197,0.0,0.0,0.0,0.0,0.0,2.84535610022567,Tommy Edman,HIT,True,0.0,-6.0
2025,Producers,Zachary Neto,1,SS,31347,initial_last,0.9,2.042280083360302,1.6288381153375389,1.5751908457221362,1.2681238863081696,0.11049080026271105,0.0,0.0,0.0,0.0,0.0,6.624923730990857,Zach Neto,HIT,True,17.583538648343865,16.583538648343865
2025,The Metropolis,Juan Soto,36,RF,20123,curated,1.0,2.988702561015076,2.6938476522890062,2.6676619161423276,1.8534118338350174,0.3098684638700445,0.0,0.0,0.0,0.0,0.0,10.513492427151471,Juan Soto,HIT,True,43.48842718475444,7.488427184754443
2025,The Metropolis,Yordan Alvarez,31,DH,19556,curated,1.0,0.42339952947713577,0.37588571892404743,0.685970207008027,0.0487739956272373,0.17688698832183022,0.0,0.0,0.0,0.0,0.0,1.7109164393582779,Yordan Alvarez,HIT,True,0.0,-31.0
2025,The Metropolis,Bo Bichette,17,SS,19612,curated,1.0,1.9426566646597996,1.1276571567721423,2.3881925725464646,0.1950959825089492,1.833186519983845,0.0,0.0,0.0,0.0,0.0,7.4867888964712,Bo Bichette,HIT,True,23.325116794366455,6.325116794366455
2025,The Metropolis,Christian Yelich,17,LF,11477,curated,1.0,2.191715211411056,1.8167809747995625,2.616849308215807,0.7803839300357968,0.2853399929668687,0.0,0.0,0.0,0.0,0.0,7.69106941742909,Christian Yelich,HIT,True,24.68599390341662,7.68599390341662
2025,The Metropolis,Masyn Winn,8,SS,27479,curated,1.0,1.7932215366090458,0.5638285783860711,1.2957215021262734,0.43896596064513566,-0.06863522393208363,0.0,0.0,0.0,0.0,0.0,4.023102353834442,Masyn Winn,HIT,True,0.2507105480110595,-7.749289451988941
2025,The Metropolis,Clay Holmes,10,RP,13649,curated,1.0,0.0,0.0,0.0,0.0,0.0,3.2905183616408826,0.0,2.239651160278486,0.14995684088279385,-1.310827903958585,4.369298458843578,Clay Holmes,PIT,True,2.5570016830643993,-7.442998316935601
2025,The Metropolis,Reynaldo Lopez,5,SP,16400,curated,1.0,0.0,0.0,0.0,0.0,0.0,0.0,0.0,0.01736163690138361,-0.1673900565283072,-0.3739990582153275,-0.5240274778422511,Reynaldo López,PIT,True,0.0,-5.0
2025,The Metropolis,Jhoan Duran,4,RP,21029,curated,1.0,0.0,0.0,0.0,0.0,0.0,1.919469044290515,4.998311586110518,1.3889309521106887,1.9014436170467968,0.3872680157467343,10.595423215305251,Jhoan Duran,PIT,True,44.0342341643044,40.0342341643044
2025,The Metropolis,J.T. Realmuto,5,C,11739,curated,1.0,1.4196337164821613,0.7517714378480949,1.3211278060895335,0.3901919650178984,0.05530538915010021,0.0,0.0,0.0,0.0,0.0,3.938030314587788,J.T. Realmuto,HIT,True,0.0,-5.0
2025,The Metropolis,Spencer Torkelson,1,1B,27465,curated,1.0,2.042280083360302,1.9420762144409116,1.9816917091343005,0.0975479912544746,-0.4512722800616633,0.0,0.0,0.0,0.0,0.0,5.612323718128326,Spencer Torkelson,HIT,True,10.83779425887961,9.83779425887961
2025,The Metropolis,Royce Lewis,1,3B,20437,curated,1.0,0.8966107683045229,0.8144190576687694,1.3211278060895335,0.5852879475268475,-0.3558579467892891,0.0,0.0,0.0,0.0,0.0,3.261587632800384,Royce Lewis,HIT,True,0.0,-1.0
2025,The Metropolis,Jose Iglesias,1,2B,10231,curated,1.0,0.7222697855786434,0.18794285946202371,0.9146269426773694,0.2438699781361865,-0.4751708796367777,0.0,0.0,0.0,0.0,0.0,1.5935386862174454,Jose Iglesias,HIT,True,0.0,-1.0
2025,The Metropolis,Eugenio Suarez,1,3B,12552,curated,1.0,2.266432775436433,3.069733371213054,2.997943867664711,0.1950959825089492,-0.8821374717142211,0.0,0.0,0.0,0.0,0.0,7.647068525108927,Eugenio Suárez,HIT,True,24.39286851458606,23.39286851458606
2025,The Metropolis,Mike Yastrzemski,1,RF,14854,curated,1.0,1.693598117908543,1.0650095369514676,1.1686899823099721,0.3414179693906611,-0.6196356925903981,0.0,0.0,0.0,-0.2681966861609607,-0.1338571587691332,3.247026069040152,Mike Yastrzemski,HIT,True,0.0,-1.0
2025,The Metropolis,Jo Adell,1,RF,20220,curated,1.0,1.569068844532915,2.317961933364959,2.4898177883995056,0.2438699781361865,-0.5235390710673762,0.0,0.0,0.0,0.0,0.0,6.0971794733661895,Jo Adell,HIT,True,14.067809021914478,13.067809021914478
2025,The Metropolis,Kirby Yates,1,RP,9073,curated,1.0,0.0,0.0,0.0,0.0,0.0,1.0968394538802944,0.468591711197861,0.9028051188719477,-1.2303657953874296,-0.4650118825920925,0.772858605970581,Kirby Yates,PIT,True,0.0,-1.0
2025,The Metropolis,Brandon Woodruff,1,SP,16162,curated,1.0,0.0,0.0,0.0,0.0,0.0,1.919469044290515,0.0,1.4236542259134561,0.4233414548139429,1.1700682942406595,4.936533019258574,Brandon Woodruff,PIT,True,6.33580802794359,5.33580802794359
2025,The Metropolis,Shane McClanahan,1,SP,21483,curated,1.0,0.0,0.0,0.0,0.0,0.0,0.0,0.0,0.0,0.0,0.0,0.0,,,False,0.0,-1.0
2025,Lisbon Long Balls,Roki Sasaki,17,SP,35323,curated,1.0,0.0,0.0,0.0,0.0,0.0,0.2742098634700736,0.0,0.4861258332387411,-0.5827494980366308,-0.6740067388415699,-0.4964205401693861,Roki Sasaki,PIT,True,0.0,-17.0
2025,Lisbon Long Balls,Devin Williams,21,RP,15816,curated,1.0,0.0,0.0,0.0,0.0,0.0,1.0968394538802944,2.811550267187166,1.5625473211245249,-1.3144448915820925,0.21889781645024015,4.375389967060133,Devin Williams,PIT,True,2.597582126332454,-18.402417873667545
2025,Lisbon Long Balls,William Contreras,16,C,20503,curated,1.0,2.2166210660861814,1.0650095369514676,1.93087910120778,0.29264397376342377,0.19855577494707946,0.0,0.0,0.0,0.0,0.0,5.703709452955932,William Contreras,HIT,True,11.446588254692136,-4.553411745307864
2025,Lisbon Long Balls,Spencer Steer,10,LF,26323,curated,1.0,1.6437864085582918,1.315600016234166,1.9054727972445196,0.3414179693906611,-0.46688131486269147,0.0,0.0,0.0,0.0,0.0,4.739395876564947,Spencer Steer,HIT,True,5.022518715887175,-4.977481284112825
2025,Lisbon Long Balls,Bowden Francis,1,RP,20548,curated,1.0,0.0,0.0,0.0,0.0,0.0,0.5484197269401472,0.0,0.937528392674715,-2.780517924197465,-1.5764236341945745,-2.8709934387771776,Bowden Francis,PIT,True,0.0,-1.0
2025,Lisbon Long Balls,Kristian Campbell,7,2B,33644,curated,1.0,0.5977405122030153,0.37588571892404743,0.5335323832284655,0.0975479912544746,-0.4481870518947789,0.0,0.0,0.0,0.0,0.0,1.1565195537152237,Kristian Campbell,HIT,True,0.0,-7.0
2025,Lisbon Long Balls,Taj Bradley,9,SP,22543,curated,1.0,0.0,0.0,0.0,0.0,0.0,1.6452591808204413,0.0,2.2049278864757187,-3.4909143965265685,-1.2086172115709686,-0.8493445408013773,Taj Bradley,PIT,True,0.0,-9.0
2025,Lisbon Long Balls,Nestor Cortes,1,SP,17874,curated,1.0,0.0,0.0,0.0,0.0,0.0,0.5484197269401472,0.0,0.5034874701401247,-1.6937407621252036,-1.1305422961503768,-1.7723758611953084,Nestor Cortes,PIT,True,0.0,-1.0
2025,Lisbon Long Balls,Carlos Santana,2,1B,2396,curated,1.0,1.220386879081156,0.6891238180274203,1.371940414016054,0.3414179693906611,-0.8207218247086906,0.0,0.0,0.0,0.0,0.0,2.8021472558066005,Carlos Santana,HIT,True,0.0,-2.0
2025,Lisbon Long Balls,Kerry Carpenter,3,RF,25961,curated,1.0,1.6437864085582918,1.6288381153375389,1.5751908457221362,0.0487739956272373,-0.0681003622149219,0.0,0.0,0.0,0.0,0.0,4.828489003030282,Kerry Carpenter,HIT,True,5.616039800579236,2.6160398005792356
2025,Lisbon Long Balls,Aroldis Chapman,2,RP,10233,curated,1.0,0.0,0.0,0.0,0.0,0.0,1.371049317350368,4.998311586110518,1.475739136617607,2.6249191097381424,2.0388605215067948,12.50887967132343,Aroldis Chapman,PIT,True,56.78130900995829,54.78130900995829
2025,Lisbon Long Balls,Wilyer Abreu,1,RF,23772,curated,1.0,1.3200102977816586,1.3782476360548406,1.753034973464958,0.29264397376342377,-0.18693845991337082,0.0,0.0,0.0,0.0,0.0,4.55699842115151,Wilyer Abreu,HIT,True,3.807422334415191,2.807422334415191
2025,Wax Kandels,Edwin Diaz,16,RP,14710,curated,1.0,0.0,0.0,0.0,0.0,0.0,1.6452591808204413,4.373522637846703,1.7014404163355938,2.296027031833633,1.3948924669616904,11.411141733798063,Edwin Díaz,PIT,True,49.468392321136264,33.468392321136264
2025,Wax Kandels,Zack Wheeler,29,SP,10310,curated,1.0,0.0,0.0,0.0,0.0,0.0,2.742098634700736,0.0,3.3681575588684205,2.1907231792390354,2.3646268727641617,10.665606245572356,Zack Wheeler,PIT,True,44.50177986512022,15.50177986512022
2025,Wax Kandels,Vladimir Guerrero Jr.,35,1B,19611,curated,1.0,2.390962048812061,1.440895255875515,2.134129532913862,0.29264397376342377,1.3136170148251858,0.0,0.0,0.0,0.0,0.0,7.572247826190047,Vladimir Guerrero Jr.,HIT,True,23.894427566989165,-11.105572433010835
2025,Wax Kandels,Luis Robert,18,CF,20043,exact,1.0,1.295104443106533,0.877066677489444,1.3465341100527939,1.6095418556988308,-0.7163170118424829,0.0,0.0,0.0,0.0,0.0,4.411930074505119,Luis Robert Jr.,HIT,True,2.8410052170458675,-15.158994782954132
2025,Wax Kandels,Felix Bautista,10,RP,20666,curated,1.0,0.0,0.0,0.0,0.0,0.0,0.2742098634700736,2.96774750425312,0.8507202081677969,0.5984825550077995,0.1672559296370441,4.858416060535833,Félix Bautista,PIT,True,5.81540803847857,-4.18459196152143
2025,Wax Kandels,Luis Rengifo,4,3B,19858,curated,1.0,1.3698220071319098,0.5638285783860711,1.0924710704201912,0.487739956272373,-0.4486765204831134,0.0,0.0,0.0,0.0,0.0,3.0651850917274315,Luis Rengifo,HIT,True,0.0,-4.0
2025,Wax Kandels,Junior Caminero,11,3B,28163,curated,1.0,2.316244484786684,2.8191428919303556,2.794693435958629,0.3414179693906611,0.3387341560197084,0.0,0.0,0.0,0.0,0.0,8.610232938086037,Junior Caminero,HIT,True,30.809282550178246,19.809282550178246
2025,Wax Kandels,Zac Gallen,13,SP,19291,curated,1.0,0.0,0.0,0.0,0.0,0.0,3.564728225110956,0.0,3.038286457742132,-3.8213983767074,-0.9925367873882905,1.7890795187573976,Zac Gallen,PIT,True,0.0,-13.0
2025,Wax Kandels,Hunter Brown,10,SP,25880,curated,1.0,0.0,0.0,0.0,0.0,0.0,3.2905183616408826,0.0,3.5764972016850236,3.501483350544762,1.8145204222276563,12.183019336098326,Hunter Brown,PIT,True,54.610490818992986,44.610490818992986
2025,Wax Kandels,Ryan Pressly,5,RP,7005,curated,1.0,0.0,0.0,0.0,0.0,0.0,0.5484197269401472,0.7809861853297684,0.4861258332387411,-0.5808303195770194,-1.0349604951836546,0.19974093074798271,Ryan Pressly,PIT,True,0.0,-5.0
2025,Wax Kandels,Carlos Rodon,8,SP,16137,curated,1.0,0.0,0.0,0.0,0.0,0.0,4.935777542461325,0.0,3.524412290980873,1.5903242326012736,1.5978735695712425,11.648387635614714,Carlos Rodón,PIT,True,51.04887838747442,43.04887838747442
2025,Wax Kandels,Xavier Edwards,10,SS,22266,curated,1.0,1.8679391006344226,0.18794285946202371,1.0924710704201912,1.3168978819354071,0.9457517879170747,0.0,0.0,0.0,0.0,0.0,5.411002700369119,Xavier Edwards,HIT,True,9.496632784674919,-0.5033672153250812
2025,Wax Kandels,Jeimer Candelario,2,3B,13621,curated,1.0,0.07471756402537691,0.12529523964134914,0.2540630396326026,0.0,-0.717146376279121,0.0,0.0,0.0,0.0,0.0,-0.2630705329797923,Jeimer Candelario,HIT,True,0.0,-2.0
2025,Wax Kandels,Lane Thomas,1,RF,16939,curated,1.0,0.24905854675125635,0.2505904792826983,0.2794693435958629,0.1950959825089492,-0.694115991574162,0.0,0.0,0.0,0.0,0.0,0.2800983605646048,Lane Thomas,HIT,True,0.0,-1.0
2025,Wax Kandels,Willi Castro,4,LF,17338,curated,1.0,1.4445395711572868,0.6891238180274203,0.8384080307875886,0.487739956272373,-0.6765681502318007,0.0,0.0,0.0,0.06696305410696074,0.013189335284100137,2.8633956154039284,Willi Castro,HIT,True,0.0,-4.0
2026,NPB No Stars,Julio Rodriguez,43,,23697,curated,1.0,1.7740207766525726,1.5200120953397689,1.7455418699919227,1.0959848587387018,0.181576676477377,0.0,0.0,0.0,0.0,0.0,6.317136277200343,Julio Rodríguez,HIT,True,15.533118479292657,-27.466881520707343
2026,NPB No Stars,Freddie Freeman,26,,5361,curated,1.0,1.9054297230712818,1.266676746116474,1.950899737049796,0.3653282862462339,1.764298155918069,0.0,0.0,0.0,0.0,0.0,7.252632648401854,Freddie Freeman,HIT,True,21.765213400521418,-4.234786599478582
2026,NPB No Stars,Dansby Swanson,3,,18314,curated,1.0,2.431065508746118,1.435566978932004,2.1904839152839815,1.1690505159879485,-1.1211956320016103,0.0,0.0,0.0,0.0,0.0,6.104971286948442,Dansby Swanson,HIT,True,14.11971656891089,11.11971656891089
2026,NPB No Stars,Marcus Semien,5,,12533,curated,1.0,1.3469417007917681,1.1822316297087092,1.4032787582288007,0.5845252579939743,-1.069882014772391,0.0,0.0,0.0,0.0,0.0,3.4470953319508606,Marcus Semien,HIT,True,0.0,-5.0
2026,NPB No Stars,Jack Flaherty,2,,17479,curated,1.0,0.0,0.0,0.0,0.0,0.0,1.074766833291372,0.0,2.256874497760216,-1.5509015339580114,-1.6570797222700362,0.12366007482354058,Jack Flaherty,PIT,True,0.0,-2.0
2026,NPB No Stars,Yainer Diaz,2,,23003,curated,1.0,0.8213059151169317,0.6755609312621196,0.9583367129367419,0.0,0.03685659580092634,0.0,0.0,0.0,0.0,0.0,2.4920601551167194,Yainer Diaz,HIT,True,0.0,-2.0
2026,NPB No Stars,Alec Bohm,2,,21618,curated,1.0,1.2812372275824135,1.0977865133009443,2.1562576041076693,0.14613131449849356,-0.7710662682672419,0.0,0.0,0.0,0.0,0.0,3.9103463912222787,Alec Bohm,HIT,True,0.0,-2.0
2026,NPB No Stars,Chase DeLauter,5,,32127,curated,1.0,1.5440551204198318,1.0977865133009443,1.950899737049796,0.5114596007447275,0.8671401793179353,0.0,0.0,0.0,0.0,0.0,5.971341150833235,Chase DeLauter,HIT,True,13.229498585983727,8.229498585983727
2026,NPB No Stars,Bryan Reynolds,4,,19326,curated,1.0,2.6281789283741817,1.266676746116474,2.1562576041076693,0.5114596007447275,0.484339638356344,0.0,0.0,0.0,0.0,0.0,7.046912517699397,Bryan Reynolds,HIT,True,20.394745891279594,16.394745891279594
2026,NPB No Stars,Luis Castillo,14,,15689,curated,1.0,0.0,0.0,0.0,0.0,0.0,1.074766833291372,0.0,2.013486071531173,-3.403233757726549,-1.8479454923250318,-2.162926345229036,Luis Castillo,PIT,True,0.0,-14.0
2026,NPB No Stars,Chandler Simpson,3,,31912,curated,1.0,1.6097595936291864,0.0,0.8556577794078053,2.4111666892251438,1.6905040595021665,0.0,0.0,0.0,0.0,0.0,6.567088121764303,Chandler Simpson,HIT,True,17.198249065591074,14.198249065591074
2026,NPB No Stars,Trey Yesavage,3,,35456,curated,1.0,0.0,0.0,0.0,0.0,0.0,1.79127805548562,0.0,2.013486071531173,0.18525099753344748,0.48579450079230185,4.475809625342542,Trey Yesavage,PIT,True,3.266558363588778,0.26655836358877805
2026,NPB No Stars,Yusei Kikuchi,1,,20633,curated,1.0,0.0,0.0,0.0,0.0,0.0,0.0,0.0,0.7301652786871287,-1.4405282290034875,-1.0996040225058674,-1.8099669728222263,Yusei Kikuchi,PIT,True,0.0,-1.0
2026,NPB No Stars,Tanner Bibee,6,,30134,curated,1.0,0.0,0.0,0.0,0.0,0.0,1.433022444388496,0.0,2.5223891445555355,-0.6894854472399227,0.790039352736328,4.055965494440437,Tanner Bibee,PIT,True,0.46963840061534,-5.53036159938466
2026,Producers,Devin Williams,13,,15816,curated,1.0,0.0,0.0,0.0,0.0,0.0,1.074766833291372,3.7267146958114763,1.1063110283138313,-0.8186367735234232,-1.5856967279088134,3.5034590559844423,Devin Williams,PIT,True,0.0,-13.0
2026,Producers,Mookie Betts,22,,13611,curated,1.0,1.5112028838151546,1.1822316297087092,1.300599824699864,0.07306565724924678,-0.36488296648671403,0.0,0.0,0.0,0.0,0.0,3.702217028986261,Mookie Betts,HIT,True,0.0,-22.0
2026,Producers,Cody Bellinger,23,,15998,curated,1.0,1.708316303443218,0.9288962804854144,1.8139944923445472,0.7306565724924678,0.20396926694793419,0.0,0.0,0.0,0.0,0.0,5.385832915713581,Cody Bellinger,HIT,True,9.328956573468739,-13.671043426531261
2026,Producers,Framber Valdez,22,,17295,curated,1.0,0.0,0.0,0.0,0.0,0.0,2.5077892776798683,0.0,2.2790007183264924,-1.09301190457841,-1.839445382558094,1.8543327088698565,Framber Valdez,PIT,True,0.0,-22.0
2026,Producers,Blake Snell,7,,13543,curated,1.0,0.0,0.0,0.0,0.0,0.0,0.0,0.0,0.3318933084941494,-0.25901634268593565,-0.11591120679702661,-0.04303424098881288,Blake Snell,PIT,True,0.0,-7.0
2026,Producers,Max Muncy,4,,13301,curated,1.0,2.036838669489991,1.8577925609708288,1.9166734258734839,0.14613131449849356,0.0028701311588789774,0.0,0.0,0.0,0.0,0.0,5.9603061019916765,Max Muncy,HIT,True,13.155985236324595,9.155985236324595
2026,Producers,Agustin Ramirez,3,,26546,curated,1.0,0.4927835490701591,0.1688902328155299,0.47916835646837097,0.21919697174774036,-0.14697034509328225,0.0,0.0,0.0,0.0,0.0,1.2130687650085181,Agustín Ramírez,HIT,True,0.0,-3.0
2026,Producers,Shota Imanaga,14,,33829,curated,1.0,0.0,0.0,0.0,0.0,0.0,2.866044888776992,0.0,2.8764086736159613,0.058239536822347164,1.0972939292915445,6.8979870285068445,Shota Imanaga,PIT,True,19.402633240274458,5.402633240274458
2026,Producers,Brett Baty,1,,26123,curated,1.0,1.3797939373964454,0.6755609312621196,1.300599824699864,0.3653282862462339,-0.9415564054294924,0.0,0.0,0.0,0.0,0.0,2.77972657417517,Brett Baty,HIT,True,0.0,-1.0
2026,Producers,Victor Scott II,3,,31349,curated,1.0,0.6241924954888681,0.1688902328155299,0.3080368005868099,0.6575909152432211,-0.7625983910937012,0.0,0.0,0.0,0.0,0.0,0.9961120530407278,Victor Scott II,HIT,True,0.0,-3.0
2026,The Fighting Phils,Corbin Carroll,36,,25878,curated,1.0,2.3982132721414406,1.435566978932004,1.9166734258734839,1.1690505159879485,-0.35072547934792125,0.0,0.0,0.0,0.0,0.0,6.568778713586957,Corbin Carroll,HIT,True,17.209511459584437,-18.790488540415563
2026,The Fighting Phils,Chase Burns,9,,35333,curated,1.0,0.0,0.0,0.0,0.0,0.0,4.657322944262613,0.0,3.1640495409775578,2.960213261747734,0.7993547008288137,11.580940447816717,Chase Burns,PIT,True,50.599558337213615,41.599558337213615
2026,The Fighting Phils,Jakob Marsee,8,,31370,curated,1.0,1.8725774864666045,0.5066706984465896,0.9583367129367419,1.388247487735689,-1.3777327947368971,0.0,0.0,0.0,0.0,0.0,3.348099590848728,Jakob Marsee,HIT,True,0.0,-8.0
2026,The Fighting Phils,Jac Caglianone,13,,35041,curated,1.0,1.7411685400478953,1.7733474445630637,1.8139944923445472,0.3653282862462339,0.4801200895729566,0.0,0.0,0.0,0.0,0.0,6.173958852774697,Jac Caglianone,HIT,True,14.579298318075292,1.579298318075292
2026,The Fighting Phils,Konnor Griffin,20,,35376,curated,1.0,1.1498282811637046,0.4222255820388247,0.8556577794078053,1.4613131449849357,0.4153024702010714,0.0,0.0,0.0,0.0,0.0,4.304327257796341,Konnor Griffin,HIT,True,2.1241761750909465,-17.875823824909055
2026,The Fighting Phils,Andrew Vaughn,1,,26197,curated,1.0,0.854158151721609,0.4222255820388247,1.1636945799946152,0.0,0.7963792393512596,0.0,0.0,0.022126220566276625,-0.5449627093940584,-0.36292232733275426,2.350698736945773,Andrew Vaughn,HIT,True,0.0,-1.0
2026,The Fighting Phils,Trevor Megill,1,,17722,curated,1.0,0.0,0.0,0.0,0.0,0.0,0.716511222194248,4.891313038252562,1.172689690012661,1.1808912499765334,1.367745348599295,9.3291505490353,Trevor Megill,PIT,True,35.59857188352374,34.59857188352374
2026,The Fighting Phils,Gerrit Cole,16,,13125,curated,1.0,0.0,0.0,0.0,0.0,0.0,2.149533666582744,0.0,1.9028549686997898,0.6874098149241616,0.8827144092038234,5.622512859410519,Gerrit Cole,PIT,True,10.905672336861766,-5.094327663138234
2026,The Fighting Phils,Jose Caballero,14,,23401,curated,1.0,1.2483849909777363,1.0133413968931793,1.4032787582288007,2.04583840297891,-0.19709474991876458,0.0,0.0,0.0,0.0,0.0,5.513748799159862,José Caballero,HIT,True,10.181107316230245,-3.8188926837697554
2026,The Fighting Phils,Daylen Lile,8,,29995,curated,1.0,1.9711341962806364,1.266676746116474,2.087804981755045,0.8037222297417146,-0.18599227570096394,0.0,0.0,0.0,0.0,0.0,5.943345878192905,Daylen Lile,HIT,True,13.04299952322827,5.04299952322827
2026,The Fighting Phils,Hunter Greene,1,,22182,curated,1.0,0.0,0.0,0.0,0.0,0.0,0.716511222194248,0.0,0.708039058120852,-1.9778512754238564,-0.4118959439878592,-0.9651969390966156,Hunter Greene,PIT,True,0.0,-1.0
2026,Lisbon Long Balls,Jose Ramirez,43,,13510,curated,1.0,1.708316303443218,0.8444511640776494,1.2663735135235519,2.118904060228157,-0.43998985331256435,0.0,0.0,0.0,0.0,0.0,5.498055187960012,José Ramírez,HIT,True,10.076559529979923,-32.923440470020076
2026,Lisbon Long Balls,Trea Turner,32,,16252,curated,1.0,2.6281789283741817,1.435566978932004,1.608636625286674,1.2421161732371953,-0.06015579831853611,0.0,0.0,0.0,0.0,0.0,6.854342907511519,Trea Turner,HIT,True,19.11188459263714,-12.88811540736286
2026,Lisbon Long Balls,Carson Benge,15,,35177,curated,1.0,2.036838669489991,1.0977865133009443,1.608636625286674,1.3151818304864422,0.6752083013456397,0.0,0.0,0.0,0.0,0.0,6.733651939909691,Carson Benge,HIT,True,18.307864834373937,3.3078648343739374
2026,Lisbon Long Balls,Quinn Priester,6,,25977,curated,1.0,0.0,0.0,0.0,0.0,0.0,0.0,0.0,0.0,0.0,0.0,0.0,,,False,0.0,-6.0
2026,Lisbon Long Balls,Luke Keaschall,18,,33321,curated,1.0,1.8397252498619272,0.5066706984465896,1.1636945799946152,1.022919201489455,0.38725448020014325,0.0,0.0,0.0,0.0,0.0,4.92026420999273,Luke Keaschall,HIT,True,6.2274283840227,-11.7725716159773
2026,Lisbon Long Balls,Will Smith,8,,19197,curated,1.0,0.7556014419075773,0.5066706984465896,0.7872051570551808,0.0,-0.07435819988562165,0.0,0.0,0.0,0.0,0.0,1.9751190975237258,Will Smith,HIT,True,0.0,-8.0
2026,Lisbon Long Balls,Cam Schlittler,20,,32095,curated,1.0,0.0,0.0,0.0,0.0,0.0,3.58255611097124,0.0,4.004845922496069,4.5996834244105695,3.2321844247662623,15.41926988264414,Cam Schlittler,PIT,True,76.169762683456,56.169762683456
2026,Lisbon Long Balls,Colson Montgomery,5,,29712,curated,1.0,1.7740207766525726,2.1955730266018887,2.3273891599892305,0.07306565724924678,-1.1738948657790076,0.0,0.0,0.0,0.0,0.0,5.196153754713931,Colson Montgomery,HIT,True,8.065350885281392,3.0653508852813918
2026,Lisbon Long Balls,Ramon Laureano,3,,17128,curated,1.0,0.7556014419075773,0.5911158148543546,0.7187525347025564,0.5114596007447275,-0.6854637490267128,0.0,0.0,0.0,0.0,0.0,1.8914656431825032,Ramón Laureano,HIT,True,0.0,-3.0
2026,Lisbon Long Balls,Willson Contreras,1,,11609,curated,1.0,1.9054297230712818,1.9422376773785937,2.3958417823418547,0.21919697174774036,0.864322529105332,0.0,0.0,0.0,0.0,0.0,7.3270286836448015,Willson Contreras,HIT,True,22.26082532128349,21.26082532128349
2026,Spehr's Army,Gunnar Henderson,36,,26289,curated,1.0,2.2996565623274092,1.604457211747534,1.6770892476392982,0.6575909152432211,-1.2581246145113791,0.0,0.0,0.0,0.0,0.0,4.980669322446083,Gunnar Henderson,HIT,True,6.629835497642279,-29.37016450235772
2026,Spehr's Army,Nolan McLean,20,,33703,curated,1.0,0.0,0.0,0.0,0.0,0.0,2.866044888776992,0.0,3.495942849471707,0.9127390666430486,0.7574925139910401,8.032219318882788,Nolan McLean,PIT,True,26.95866821159875,6.958668211598749
2026,Spehr's Army,Dylan Cease,23,,18525,curated,1.0,0.0,0.0,0.0,0.0,0.0,2.5077892776798683,0.0,4.2261081281588355,3.6775394497206375,1.3398353510406467,11.751272206599987,Dylan Cease,PIT,True,51.73427539386431,28.73427539386431
2026,Spehr's Army,Logan Webb,27,,17995,curated,1.0,0.0,0.0,0.0,0.0,0.0,2.5077892776798683,0.0,2.2790007183264924,0.4821470703218771,1.2767073235082507,6.545644389836489,Logan Webb,PIT,True,17.05539509314019,-9.944604906859809
2026,Spehr's Army,Daniel Palencia,13,,27914,curated,1.0,0.0,0.0,0.0,0.0,0.0,0.716511222194248,0.6987590054646518,0.3982719701929793,0.3682306346791964,-0.24465967348628556,1.93711315904479,Daniel Palencia,PIT,True,0.0,-13.0
2026,Spehr's Army,Addison Barger,3,,24598,curated,1.0,0.06570447320935455,0.0,0.06845262235262442,0.0,-0.41482993176449084,0.0,0.0,0.0,0.0,0.0,-0.2806728362025119,Addison Barger,HIT,True,0.0,-3.0
2026,Spehr's Army,Kazuma Okamoto,11,,37123,curated,1.0,2.0039864328853136,2.0266827937863585,2.3958417823418547,0.07306565724924678,-0.8441411203427703,0.0,0.0,0.0,0.0,0.0,5.655435545920004,Kazuma Okamoto,HIT,True,11.124996872696627,0.12499687269662729
2026,Spehr's Army,Matt McLain,1,,29695,curated,1.0,1.3140894641870908,0.8444511640776494,0.9583367129367419,0.9498535442402082,-1.3167945772823944,0.0,0.0,0.0,0.0,0.0,2.7499363081592962,Matt McLain,HIT,True,0.0,-1.0
2026,Spehr's Army,Cade Horton,14,,31872,curated,1.0,0.0,0.0,0.0,0.0,0.0,0.358255611097124,0.0,0.0885048822651065,0.20305131169918525,0.23711648584071301,0.8869282909021288,Cade Horton,PIT,True,0.0,-14.0
2026,Spehr's Army,Ivan Herrera,1,,20599,curated,1.0,2.3982132721414406,1.0977865133009443,1.7113155588156106,0.5114596007447275,-0.07902035492567128,0.0,0.0,0.0,0.0,0.0,5.639754590077052,Iván Herrera,HIT,True,11.020533393973176,10.020533393973176
2026,Spehr's Army,Justin Crawford,1,,31791,curated,1.0,1.215532754373059,0.1688902328155299,1.0267893352893662,1.1690505159879485,0.287599119526999,0.0,0.0,0.0,0.0,0.0,3.867861957992903,Justin Crawford,HIT,True,0.0,-1.0
2026,Orange and Black Attack,Matt Olson,25,,14344,curated,1.0,2.8252923480022454,2.955579074271773,2.5327470270471037,0.14613131449849356,0.502676980614716,0.0,0.0,0.0,0.0,0.0,8.962426744434332,Matt Olson,HIT,True,33.15552920532282,8.155529205322821
2026,Orange and Black Attack,Austin Riley,26,,18360,curated,1.0,1.5769073570245091,1.1822316297087092,1.950899737049796,0.5114596007447275,-0.9720781673611462,0.0,0.0,0.0,0.0,0.0,4.249420157166596,Austin Riley,HIT,True,1.7583957471727238,-24.241604252827276
2026,Orange and Black Attack,William Contreras,11,,20503,curated,1.0,1.8725774864666045,0.9288962804854144,2.0193523594024203,0.07306565724924678,0.30911236861188474,0.0,0.0,0.0,0.0,0.0,5.203004152215571,William Contreras,HIT,True,8.110986901403543,-2.8890130985964575
2026,Orange and Black Attack,Josh Hader,15,,14212,curated,1.0,0.0,0.0,0.0,0.0,0.0,1.433022444388496,3.7267146958114763,0.8407963815185118,1.7026676656654287,1.145026985795715,8.848228173179628,Josh Hader,PIT,True,32.394760529102356,17.394760529102356
2026,Orange and Black Attack,Ian Happ,10,,17919,curated,1.0,2.2996565623274092,1.6889023281552988,1.7455418699919227,0.29226262899698713,-1.098763744901492,0.0,0.0,0.0,0.0,0.0,4.927599644570126,Ian Happ,HIT,True,6.276295622829921,-3.723704377170079
2026,Orange and Black Attack,Mickey Moniak,1,,19956,curated,1.0,1.3140894641870908,1.604457211747534,1.8139944923445472,0.07306565724924678,0.3878885496071624,0.0,0.0,0.0,0.0,0.0,5.193495375135582,Mickey Moniak,HIT,True,8.047641277442239,7.047641277442239
2026,Orange and Black Attack,Sal Frelick,1,,29622,curated,1.0,1.08412380795435,0.3377804656310598,1.1636945799946152,0.4383939434954807,-0.345149801109275,0.0,0.0,0.0,0.0,0.0,2.678842995966231,Sal Frelick,HIT,True,0.0,-1.0
2026,Orange and Black Attack,Kenley Jansen,1,,3096,curated,1.0,0.0,0.0,0.0,0.0,0.0,1.074766833291372,3.2608753588350416,0.7965439403859585,-0.19570597814004687,-0.15223570687628193,4.784244447496043,Kenley Jansen,PIT,True,5.321291174795887,4.321291174795887
2026,Orange and Black Attack,Max Muncy,1,,13301,curated,1.0,2.036838669489991,1.8577925609708288,1.9166734258734839,0.14613131449849356,0.0028701311588789774,0.0,0.0,0.0,0.0,0.0,5.9603061019916765,Max Muncy,HIT,True,13.155985236324595,12.155985236324595
2026,Orange and Black Attack,Carter Jensen,1,,29478,curated,1.0,1.7411685400478953,1.3511218625242392,1.8824471146971715,0.07306565724924678,-0.8455845173030057,0.0,0.0,0.0,0.0,0.0,4.202218657215547,Carter Jensen,HIT,True,1.4439485326511972,0.44394853265119716
2026,New York Polar Bears,Jose Altuve,14,,5417,curated,1.0,1.7740207766525726,1.0977865133009443,1.1979208911709274,0.14613131449849356,-0.3294545215871401,0.0,0.0,0.0,0.0,0.0,3.886404974035797,Jose Altuve,HIT,True,0.0,-14.0
2026,New York Polar Bears,Wyatt Langford,26,,33333,curated,1.0,1.3140894641870908,1.0977865133009443,1.0610156464656786,0.5845252579939743,0.08853070937731786,0.0,0.0,0.0,0.0,0.0,4.145947591325006,Wyatt Langford,HIT,True,1.0690816333834199,-24.93091836661658
2026,New York Polar Bears,C.J. Abrams,22,,25768,curated,1.0,2.463917745350795,2.4489083758251833,3.114594317044411,1.6074444594834292,1.1623635758866169,0.0,0.0,0.0,0.0,0.0,10.797228473590435,CJ Abrams,HIT,True,45.37862155473442,23.378621554734423
2026,New York Polar Bears,Willy Adames,15,,15986,curated,1.0,1.9054297230712818,1.604457211747534,1.642862936462986,0.3653282862462339,-0.8804126955500695,0.0,0.0,0.0,0.0,0.0,4.637665461977966,Willy Adames,HIT,True,4.344810475001383,-10.655189524998617
2026,New York Polar Bears,Brandon Nimmo,8,,12927,curated,1.0,1.6426118302338635,1.0977865133009443,1.608636625286674,0.4383939434954807,0.8568638166661549,0.0,0.0,0.0,0.0,0.0,5.644292728983117,Brandon Nimmo,HIT,True,11.050765592941508,3.0507655929415076
2026,New York Polar Bears,Yandy Diaz,13,,16578,curated,1.0,2.2010998525133774,1.435566978932004,2.3273891599892305,0.21919697174774036,1.7084850713676063,0.0,0.0,0.0,0.0,0.0,7.891738034549959,Yandy Díaz,HIT,True,26.02280921142553,13.022809211425528
2026,New York Polar Bears,Michael Harris II,18,,25931,curated,1.0,1.938281959675959,1.6889023281552988,2.2931628488129183,0.4383939434954807,1.2844227520042737,0.0,0.0,0.0,0.0,0.0,7.64316383214393,Michael Harris II,HIT,True,24.366856209305965,6.366856209305965
2026,New York Polar Bears,George Kirby,23,,25436,curated,1.0,0.0,0.0,0.0,0.0,0.0,2.866044888776992,0.0,2.478136703422982,0.21952426418574145,-0.8357215137170491,4.727984342668667,George Kirby,PIT,True,4.946497295999576,-18.053502704000422
2026,New York Polar Bears,Shane Baz,4,,22264,curated,1.0,0.0,0.0,0.0,0.0,0.0,1.433022444388496,0.0,2.655146467953195,-0.01896901951885496,-1.425155401747394,2.6440444910754426,Shane Baz,PIT,True,0.0,-4.0
2026,New York Polar Bears,Caleb Durbin,1,,29646,curated,1.0,1.80687301325725,0.9288962804854144,1.8482208035208594,1.022919201489455,-0.18222763481329748,0.0,0.0,0.0,0.0,0.0,5.4246816639396815,Caleb Durbin,HIT,True,9.587759380159502,8.587759380159502
2026,New York Polar Bears,Andrew Abbott,1,,29911,curated,1.0,0.0,0.0,0.0,0.0,0.0,2.149533666582744,0.0,2.190495836061386,-0.44778397319978186,-2.063420872332647,1.8288246571117015,Andrew Abbott,PIT,True,0.0,-1.0
2026,New York Polar Bears,Aaron Nola,1,,16149,curated,1.0,0.0,0.0,0.0,0.0,0.0,1.074766833291372,0.0,2.854282453049685,-4.433336832957265,-2.6463122986682444,-3.1505998452844524,Aaron Nola,PIT,True,0.0,-1.0
2026,New York Polar Bears,Edward Cabrera,1,,21690,curated,1.0,0.0,0.0,0.0,0.0,0.0,1.79127805548562,0.0,1.4382043368079807,-2.132386612819598,-1.3034049707025588,-0.20630919122855618,Edward Cabrera,PIT,True,0.0,-1.0
2026,New York Polar Bears,Jose Soriano,1,,22100,curated,1.0,0.0,0.0,0.0,0.0,0.0,3.2243004998741163,0.0,2.8764086736159613,1.3373006295809746,-0.6495990875714313,6.788410715499621,José Soriano,PIT,True,18.67265714971815,17.67265714971815
2026,All-Stars,Jeff Hoffman,9,,17432,curated,1.0,0.0,0.0,0.0,0.0,0.0,2.149533666582744,1.1645983424410864,1.7700976453021302,-0.13618950342995326,-0.8106118665800374,4.13742828431597,Jeff Hoffman,PIT,True,1.0123276666361036,-7.987672333363896
2026,All-Stars,Luis Robert,18,,20043,exact,1.0,0.5584880222795137,0.4222255820388247,0.5476209788209954,0.14613131449849356,-0.47509253649773026,0.0,0.0,0.0,0.0,0.0,1.199373361140097,Luis Robert Jr.,HIT,True,0.0,-18.0
2026,All-Stars,Christian Yelich,18,,11477,curated,1.0,1.6097595936291864,0.6755609312621196,1.3690524470524885,0.7306565724924678,-0.49559516754929617,0.0,0.0,0.0,0.0,0.0,3.8894343768869666,Christian Yelich,HIT,True,0.0,-18.0
2026,All-Stars,Trevor Story,15,,12564,curated,1.0,0.5256357856748364,0.2533353492232948,0.650299912349932,0.29226262899698713,-0.5519283768446472,0.0,0.0,0.0,0.0,0.0,1.1696052994004031,Trevor Story,HIT,True,0.0,-15.0
2026,All-Stars,Masyn Winn,8,,27479,curated,1.0,1.4783506472104773,0.3377804656310598,1.6770892476392982,0.7306565724924678,-0.22072817796386995,0.0,0.0,0.0,0.0,0.0,4.003148755009433,Masyn Winn,HIT,True,0.11778355254034156,-7.882216447459658
2026,All-Stars,Oneil Cruz,20,,21711,curated,1.0,1.4783506472104773,1.1822316297087092,1.5059576917577373,1.5343788022341824,0.24022413453647912,0.0,0.0,0.0,0.0,0.0,5.9411429054475855,Oneil Cruz,HIT,True,13.028323747158632,-6.971676252841368
2026,All-Stars,Mike Trout,4,,10155,curated,1.0,2.2339520891180547,1.6889023281552988,1.4375050694051128,0.6575909152432211,-0.5145204096264839,0.0,0.0,0.0,0.0,0.0,5.503429992295204,Mike Trout,HIT,True,10.112365431350685,6.112365431350685
2026,All-Stars,Nick Pivetta,18,,15454,curated,1.0,0.0,0.0,0.0,0.0,0.0,0.358255611097124,0.0,0.531029293590639,-0.2724351080913266,0.10861190465720753,0.7254617012536438,Nick Pivetta,PIT,True,0.0,-18.0
2026,All-Stars,Jonathan Aranda,19,,21837,curated,1.0,1.8725774864666045,1.266676746116474,2.498520715870791,0.0,1.1068591842845694,0.0,0.0,0.0,0.0,0.0,6.7446341327384385,Jonathan Aranda,HIT,True,18.38102606755338,-0.6189739324466217
2026,All-Stars,Noelvi Marte,9,,26517,curated,1.0,0.6241924954888681,0.5066706984465896,0.5133946676446831,0.5114596007447275,-0.6666713663283916,0.0,0.0,0.0,0.0,0.0,1.4890460959964766,Noelvi Marte,HIT,True,0.0,-9.0
2026,All-Stars,Gavin Williams,19,,30122,curated,1.0,0.0,0.0,0.0,0.0,0.0,3.9408117220683643,0.0,4.0712245841948995,0.6023624395793454,1.878212750847071,10.49261149668968,Gavin Williams,PIT,True,43.34932248623559,24.349322486235593
2026,All-Stars,Taj Bradley,1,,22543,curated,1.0,0.0,0.0,0.0,0.0,0.0,3.2243004998741163,0.0,3.252554423242664,-0.02805388692715386,-0.497019072506508,5.951781963683119,Taj Bradley,PIT,True,13.099199084399295,12.099199084399295
2026,McBlocks,George Springer,18,,12856,curated,1.0,1.4126461740011227,1.0133413968931793,1.2321472023472395,0.6575909152432211,-0.3843961576118132,0.0,0.0,0.0,0.0,0.0,3.93132953087295,George Springer,HIT,True,0.0,-18.0
2026,McBlocks,Corey Seager,19,,13624,curated,1.0,1.08412380795435,0.9288962804854144,0.9583367129367419,0.07306565724924678,-1.081648366898487,0.0,0.0,0.0,0.0,0.0,1.9627740917272662,Corey Seager,HIT,True,0.0,-19.0
2026,McBlocks,Sandy Alcantara,9,,18684,curated,1.0,0.0,0.0,0.0,0.0,0.0,4.657322944262613,0.0,2.832156232483408,0.7621280715657617,0.35802157386803235,8.609628822179815,Sandy Alcantara,PIT,True,30.805258047479033,21.805258047479033
2026,McBlocks,Raisel Iglesias,3,,17130,curated,1.0,0.0,0.0,0.0,0.0,0.0,0.358255611097124,5.590072043717214,1.062058587181278,0.8205225728349359,0.24866861869581605,8.079577433526369,Raisel Iglesias,PIT,True,27.27415876274879,24.27415876274879
2026,McBlocks,Ryan Helsley,4,,18138,curated,1.0,0.0,0.0,0.0,0.0,0.0,0.0,1.8633573479057381,0.46465063189180916,-0.1429596006690295,-0.36879020445618255,1.8162581746723354,Ryan Helsley,PIT,True,0.0,-4.0
2026,McBlocks,Tyler Glasnow,23,,14374,curated,1.0,0.0,0.0,0.0,0.0,0.0,1.074766833291372,0.0,1.062058587181278,0.8903518266119971,1.2782998855988674,4.305477132683515,Tyler Glasnow,PIT,True,2.131836418000491,-20.86816358199951
2026,McBlocks,Sal Stewart,14,,31505,curated,1.0,2.1025431426993455,2.1111279101941234,2.9776890723391625,0.8767878869909614,0.08613713610967316,0.0,0.0,0.0,0.0,0.0,8.154285148333265,Sal Stewart,HIT,True,27.771847032160984,13.771847032160984
2026,McBlocks,Carlos Rodon,3,,16137,curated,1.0,0.0,0.0,0.0,0.0,0.0,1.433022444388496,0.0,1.1505634694463847,0.45790530089732784,-0.2557419325265804,2.7857492822056282,Carlos Rodón,PIT,True,0.0,-3.0
2026,McBlocks,Bubba Chandler,9,,29868,curated,1.0,0.0,0.0,0.0,0.0,0.0,1.79127805548562,0.0,2.2790007183264924,-1.2169957252759764,-1.7877419167454893,1.0655411317906465,Bubba Chandler,PIT,True,0.0,-9.0
2026,McBlocks,Ezequiel Tovar,1,,24064,curated,1.0,1.3469417007917681,0.7600060476698844,1.2663735135235519,0.3653282862462339,-1.291584664738128,0.0,0.0,0.0,0.0,0.0,2.4470648834933106,Ezequiel Tovar,HIT,True,0.0,-1.0
2026,Pookie 2.0,Zack Wheeler,14,,10310,curated,1.0,0.0,0.0,0.0,0.0,0.0,3.58255611097124,0.0,2.9206611147485146,2.46678039137911,2.0391195814254095,11.009117198524276,Zack Wheeler,PIT,True,46.790183039286006,32.790183039286006
2026,Pookie 2.0,Ozzie Albies,5,,16556,curated,1.0,2.3653610355367634,1.6889023281552988,2.1904839152839815,0.14613131449849356,0.2312902647269519,0.0,0.0,0.0,0.0,0.0,6.622168858201489,Ozzie Albies,HIT,True,17.565186221495644,12.565186221495644
2026,Pookie 2.0,Daulton Varsho,4,,19918,curated,1.0,1.3469417007917681,0.6755609312621196,0.9583367129367419,0.7306565724924678,-0.4402493716968912,0.0,0.0,0.0,0.0,0.0,3.271246545786206,Daulton Varsho,HIT,True,0.0,-4.0
2026,Pookie 2.0,Matt Chapman,13,,16505,curated,1.0,1.1498282811637046,0.5911158148543546,1.4375050694051128,0.0,-0.4022531354781686,0.0,0.0,0.0,0.0,0.0,2.776196029945003,Matt Chapman,HIT,True,0.0,-13.0
2026,Pookie 2.0,Lawrence Butler,9,,22542,curated,1.0,1.4454984106058,0.6755609312621196,1.0952419576419907,0.6575909152432211,-1.1291322858841844,0.0,0.0,0.0,0.0,0.0,2.7447599288689473,Lawrence Butler,HIT,True,0.0,-9.0
2026,Pookie 2.0,Tatsuya Imai,8,,37124,curated,1.0,0.0,0.0,0.0,0.0,0.0,2.149533666582744,0.0,1.6815927630370235,-2.464399970122451,-1.411699546901569,-0.04497308740425243,Tatsuya Imai,PIT,True,0.0,-8.0
2026,Pookie 2.0,Kevin McGonigle,13,,33572,curated,1.0,2.52962221856015,1.0133413968931793,1.642862936462986,0.8037222297417146,1.2675473904899623,0.0,0.0,0.0,0.0,0.0,7.2570961721479925,Kevin McGonigle,HIT,True,21.794948527802955,8.794948527802955
2026,Pookie 2.0,JJ Wetherholt,5,,34985,curated,1.0,2.463917745350795,1.3511218625242392,1.5401840029340494,0.8767878869909614,-0.22365325999042307,0.0,0.0,0.0,0.0,0.0,6.008358237809622,JJ Wetherholt,HIT,True,13.476099221588475,8.476099221588475
2026,Pookie 2.0,Spencer Strider,4,,27498,curated,1.0,0.0,0.0,0.0,0.0,0.0,1.433022444388496,0.0,1.0178061460487249,-1.3589687722714114,-0.5788165064854621,0.5130433116803473,Spencer Strider,PIT,True,0.0,-4.0
2026,Pookie 2.0,Spencer Torkelson,1,,27465,curated,1.0,1.708316303443218,1.6889023281552988,2.0535786705787324,0.0,-0.7344922782490446,0.0,0.0,0.0,0.0,0.0,4.716305023928205,Spencer Torkelson,HIT,True,4.868691945549783,3.8686919455497826
