team,fg_id,roster_name,roster_role,il,salary,contract,rp_R,rp_HR,rp_RBI,rp_SB,rp_AVG,rp_W,rp_SV,rp_K,rp_ERA,rp_WHIP,roto_points,PA,AB,H,HR,R,RBI,SB,IP,W,SV,K,ER,BB,name,w_2026,pt_scale,AVG,ERA,WHIP,role,rp_above_repl,redraft_value,keep_value,roto_points_ft,redraft_value_ft,upside_ft,roto_points_2028,redraft_value_2028,keeper_cost,keeper_status,years_controlled,surplus_keep,surplus_redraft,surplus_y2027,surplus_y2028,surplus_y2029,extension_option,surplus_multiyear,keep_2027,cash_equiv,surplus_vs_cash,keep_naive,keep_infl
All-Stars,20778,Cristopher Sánchez,PIT,False,5,F,0.0,0.0,0.0,0.0,0.0,3.092386467600772,0.0,3.3114059118760686,1.0541483218643783,0.28714946764747334,7.745090168988692,0.0,0.0,173.60133735131097,0.0,0.0,0.0,0.0,188.1,11.705025148518198,0.0,195.62342535078105,68.14175480351096,43.107781683901884,Cristopher Sánchez,0.5,1.0,,3.26037104323019,1.1520952633450976,PIT,3.609512383991045,25.045869646176754,32.720076024398665,7.745090168988692,25.045869646176754,0.0,5.400515012134864,9.42676584494945,10.0,extension +$5,1,22.720076024398665,15.045869646176754,15.045869646176754,0.0,0.0,0.0,15.045869646176754,True,6.723406447079199,18.322463199097555,True,True
All-Stars,26668,Elly De La Cruz,HIT,False,15,F,2.53172851722462,1.6699355574881163,2.272547360743171,1.6923674619398053,0.4585206887074749,0.0,0.0,0.0,0.0,0.0,8.625099586103188,637.5,573.0634615384615,153.56142244358466,25.75983085250338,99.83474289580515,88.01176225668783,34.44461538461538,0.0,0.0,0.0,0.0,0.0,0.0,Elly De La Cruz,0.5,1.0,0.2679658235954,,,HIT,4.489521801105541,30.90832126850527,39.37280267161252,8.625099586103188,30.90832126850527,0.0,8.778567569983567,31.930695135849867,20.0,extension +$5,1,19.37280267161252,10.908321268505269,10.908321268505269,0.0,0.0,0.0,10.908321268505269,True,13.446812894158398,17.46150837434687,True,True
All-Stars,14161,Byron Buxton,HIT,True,8,1,1.8719154576232344,1.7337184231538898,1.6501248157743906,0.5428602529949498,-0.11409500312515634,0.0,0.0,0.0,0.0,0.0,5.684523946421309,469.5,422.37150478292864,105.17823973395127,26.743722610164795,73.81604985015007,63.90643182560695,11.048789959937864,0.0,0.0,0.0,0.0,0.0,0.0,Byron Buxton,0.5,1.2779552715654952,0.24901831336374364,,,HIT,1.548946161423662,11.318778140707341,17.142533840620825,7.266475012943126,21.857428541500173,10.538650400792832,4.313775531066874,2.1871187344383864,8.0,keepable x1yr,1,9.142533840620825,3.318778140707341,3.318778140707341,0.0,0.0,0.0,3.318778140707341,True,5.37872515766336,5.940052983043981,True,True
All-Stars,3096,Kenley Jansen,PIT,False,1,2,0.0,0.0,0.0,0.0,0.0,0.8262196978747494,2.0603568243148076,0.7705285235147501,-0.7735689238510851,-0.47833596146755825,2.405200160385664,0.0,0.0,41.439066379849066,0.0,0.0,0.0,0.0,45.886006825938566,3.127333030055662,13.543887333675185,45.519466085339445,23.254756241215357,19.373962265400035,Kenley Jansen,0.40273037542662116,1.8458511492369418,,4.5611466468385,1.3253066207293627,PIT,-1.7303776246119829,0.0,0.0,4.506590192131225,3.471612514370696,3.471612514370696,0.8784590410915795,0.0,1.0,keepable x2yr,2,-1.0,-1.0,-1.0,-0.85,0.0,0.0,-1.85,True,0.67234064470792,-0.67234064470792,False,False
All-Stars,19608,Otto Lopez,HIT,False,10,2,1.8400373134324015,0.7201316122743793,1.688441854482331,0.9486489162345141,0.726374459730742,0.0,0.0,0.0,0.0,0.0,5.923634156154368,593.0,542.6604094479094,150.55744891573556,11.10849364249229,72.55898523692841,65.3903833416012,19.307773157773156,0.0,0.0,0.0,0.0,0.0,0.0,Otto Lopez,0.5,1.0118043844856661,0.2774432154888715,,,HIT,1.7880563711567214,12.91168386387701,18.95016775109414,5.992935160873477,13.3733536819986,0.4616698181215888,4.216319031065725,1.5378824814769478,10.0,keepable x2yr,2,8.950167751094138,2.911683863877011,2.911683863877011,-7.192799890744594,0.0,0.0,-4.281116026867583,True,6.723406447079199,6.188277416797812,True,True
All-Stars,20178,Miguel Vargas,HIT,False,10,2,2.2740759129114894,1.4543961437463278,1.8262128510182158,0.5251378919763167,-0.4422254631654703,0.0,0.0,0.0,0.0,0.0,5.63759733648688,623.0,550.5559853717577,131.85760484915423,22.43499666046557,89.6746165895951,70.72601172164867,10.688088207675133,0.0,0.0,0.0,0.0,0.0,0.0,Miguel Vargas,0.5,1.0,0.23949899438495548,,,HIT,1.5020195514892327,11.006162190025215,16.787776377458847,5.63759733648688,11.006162190025215,0.0,4.518621067008857,3.5517598634475616,10.0,keepable x2yr,2,6.787776377458847,1.006162190025215,1.006162190025215,-5.481004116069573,0.0,0.0,-4.474841926044358,True,6.723406447079199,4.282755742946016,True,True
All-Stars,13613,Ketel Marte,HIT,False,13,F,2.0857473324563798,1.572431302388047,2.0547833854321786,0.22103638492918118,0.07922976444270874,0.0,0.0,0.0,0.0,0.0,6.013228169648495,608.0,539.4204999616761,138.27393207774577,24.255764957556416,82.24817442498299,79.5781465027461,4.498735313762634,0.0,0.0,0.0,0.0,0.0,0.0,Ketel Marte,0.5,1.0,0.25633792576954273,,,HIT,1.877650384650848,13.5085417605593,19.62748377682215,6.013228169648495,13.5085417605593,0.0,4.6705892422192115,4.564142297064558,18.0,extension +$5,1,1.6274837768221495,-4.4914582394407,-4.4914582394407,0.0,0.0,0.0,-4.4914582394407,False,12.102131604742558,1.406410155816742,False,True
All-Stars,10155,Mike Trout,HIT,False,4,2,1.7448718491095518,1.4007097114814078,1.5293036712664605,0.2890632273989953,-0.6749538104441682,0.0,0.0,0.0,0.0,0.0,4.288994648812247,511.5,441.67619047619047,100.26977672049573,21.606848886728162,68.80628442458112,59.22724140269078,5.883280028429282,0.0,0.0,0.0,0.0,0.0,0.0,Mike Trout,0.5,1.1730205278592376,0.2270210142239963,,,HIT,0.1534168638146003,2.0220333154064845,6.592561573717794,5.038759708029531,7.0168223509444,4.994789035537916,2.577491014891965,0.0,4.0,keepable x2yr,2,2.592561573717794,-1.9779666845935155,-1.9779666845935155,-3.4,0.0,0.0,-5.377966684593515,False,2.68936257883168,-0.6673292634251955,False,False
All-Stars,21390,Joe Ryan,PIT,True,14,1,0.0,0.0,0.0,0.0,0.0,2.6095065534951027,0.0,2.6450430175420427,-0.5125766588997389,0.5138594612943477,5.255832373431754,0.0,0.0,130.83121999625678,0.0,0.0,0.0,0.0,146.75,9.877271212346576,0.0,156.25761053213512,62.35489273428284,33.913982675219735,Joe Ryan,0.5,1.0221465076660987,,3.824150150654485,1.1226248904359557,PIT,1.1202545884341069,8.46291823889882,13.901695963663682,5.372244006652055,9.2384299036126,0.7755116647137807,4.082087909539799,0.6436608506029048,14.0,keepable x1yr,1,-0.09830403633631768,-5.537081761101181,-5.537081761101181,0.0,0.0,0.0,-5.537081761101181,False,9.41276902591088,-0.9498507870120605,False,False
All-Stars,29837,Bryce Miller,PIT,False,1,F,0.0,0.0,0.0,0.0,0.0,1.6384622355577514,0.0,1.896802521966295,-0.5892425936363539,0.17382432819858865,3.119846492086281,0.0,0.0,105.74018392115642,0.0,0.0,0.0,0.0,120.5,6.201760961326501,0.0,112.0548239737919,52.26135094611651,33.39437056992987,Bryce Miller,0.5,1.2448132780082988,,3.903337415062644,1.154643605735156,PIT,-1.015731292911366,0.0,0.0,3.8945633986883053,0.0,0.0,2.671130261368086,0.0,6.0,extension +$5,1,-6.0,-6.0,-6.0,0.0,0.0,0.0,-6.0,False,4.03404386824752,-4.03404386824752,False,False
All-Stars,31812,Roman Anthony,HIT,True,10,1,1.5468951881141269,0.7186126972511552,1.268169835533257,0.26975110892600235,0.11360351417506809,0.0,0.0,0.0,0.0,0.0,3.9170323439996095,430.16157205240177,372.11335479919137,96.38036798347731,11.085063400587368,60.99938533750391,49.11398723481644,5.490222073804042,0.0,0.0,0.0,0.0,0.0,0.0,Roman Anthony,0.45414847161572053,1.3948247332676864,0.2590080864888291,,,HIT,-0.2185454409980374,0.0,3.7805876460977044,5.460094567095583,9.82367325507962,9.82367325507962,6.8499982431151185,19.082941283231804,10.0,keepable x1yr,1,-6.219412353902296,-10.0,-10.0,0.0,0.0,3.4705000907470334,-6.529499909252967,False,6.723406447079199,-6.723406447079199,False,False
All-Stars,21711,Oneil Cruz,HIT,True,20,2,1.7491530125969597,1.4905039354840703,1.7174977145181534,1.4586975291685698,-0.10502548133513857,0.0,0.0,0.0,0.0,0.0,6.310826710432615,488.0,432.70683877105364,107.95670501227367,22.991982589324255,68.9751053914235,66.51566569646491,29.68875051350241,0.0,0.0,0.0,0.0,0.0,0.0,Oneil Cruz,0.5,1.2295081967213115,0.2494915618132716,,,HIT,2.1752489254349676,15.491085372357338,21.87727986302571,7.760619608618838,25.149323753352245,9.658238380994908,6.563783054412363,17.176231349550246,20.0,keepable x2yr,2,1.8772798630257093,-4.508914627642662,-4.508914627642662,-2.400203352882291,0.0,0.0,-6.909117980524953,False,13.446812894158398,2.0442724781989394,False,True
All-Stars,19853,Michael King,PIT,False,3,F,0.0,0.0,0.0,0.0,0.0,2.4007734188370358,0.0,2.359771184707562,-0.5037893676105315,-0.9537852014451733,3.302970034488893,0.0,0.0,129.02177615955262,0.0,0.0,0.0,0.0,143.7,9.087193188108783,0.0,139.40499427780225,61.06358673977484,54.57569153440887,Michael King,0.5,1.0438413361169103,,3.824441758232245,1.27764417323564,PIT,-0.8326077505087541,0.0,0.0,3.454567855209979,0.0,0.0,1.4926579094232868,0.0,8.0,extension +$5,1,-8.0,-8.0,-8.0,0.0,0.0,0.0,-8.0,False,5.37872515766336,-5.37872515766336,False,False
All-Stars,7304,Salvador Perez,HIT,False,4,F,1.2487592977244282,1.3731252777879555,1.8697739761775198,0.0,-0.4683742902780332,0.0,0.0,0.0,0.0,0.0,4.02328426141187,570.0,524.2670640428273,124.75087264929743,21.181341241885715,49.242864145533325,72.41305748244669,0.0,0.0,0.0,0.0,0.0,0.0,0.0,Salvador Perez,0.5,1.0526315789473684,0.23795290836562366,,,HIT,-0.11229352358577671,0.25192238092064656,4.583834689298542,4.236740019568985,1.6739231361020264,1.4220007551813798,3.133591924810009,0.0,9.0,extension +$5,1,-4.416165310701458,-8.748077619079353,-8.748077619079353,0.0,0.0,0.0,-8.748077619079353,False,6.051065802371279,-5.7991434214506326,False,False
All-Stars,14771,Emilio Pagán,PIT,False,10,1,0.0,0.0,0.0,0.0,0.0,0.5738686694352646,2.159525070157916,0.8453135484692585,-0.736917526037924,-0.1433588440078936,2.6984309180166215,0.0,0.0,42.88462434361995,0.0,0.0,0.0,0.0,48.946625766871165,2.1721564487694667,14.195776139015459,49.93743933775058,24.26387308836126,16.768976875751648,Emilio Pagán,0.3865030674846626,1.7610872244801306,,4.461489517895538,1.2187479787370203,PIT,-1.4371468669810255,0.0,0.0,4.795399254409954,5.3956023294465325,5.3956023294465325,1.0769516527727623,0.0,10.0,keepable x1yr,1,-10.0,-10.0,-10.0,0.0,0.0,0.0,-10.0,False,6.723406447079199,-6.723406447079199,False,False
All-Stars,9132,Nathan Eovaldi,PIT,True,5,F,0.0,0.0,0.0,0.0,0.0,1.7726154751742078,0.0,1.9639524748160637,-1.401098749853281,-0.5809914399315969,1.7544777602053934,0.0,0.0,118.64909452002448,0.0,0.0,0.0,0.0,124.25,6.70954582583734,0.0,116.0217504510032,59.1855342628525,36.260532344082755,Nathan Eovaldi,0.5,1.2072434607645874,,4.287080952641227,1.246757560274505,PIT,-2.3811000247922536,0.0,0.0,2.1616821230894243,0.0,0.0,-0.31462273323370415,0.0,10.0,extension +$5,1,-10.0,-10.0,-10.0,0.0,0.0,0.0,-10.0,False,6.723406447079199,-6.723406447079199,False,False
All-Stars,20202,Brandon Marsh,HIT,False,10,2,1.6512742882433504,1.0418782327856217,1.5834159722490158,0.564936901875609,0.14301844139358538,0.0,0.0,0.0,0.0,0.0,4.984523836547183,522.5,468.60046097969825,121.40749847815422,16.071642360758435,65.11541142568815,61.32291564539678,11.498114173961634,0.0,0.0,0.0,0.0,0.0,0.0,Brandon Marsh,0.5,1.1483253588516746,0.2590853159306092,,,HIT,0.848946051549536,6.655513521088182,11.8506479886694,5.722204769050592,11.569800454170801,4.914286933082619,3.734501509025981,0.0,10.0,keepable x2yr,2,1.8506479886693992,-3.3444864789118176,-3.3444864789118176,-8.5,0.0,0.0,-11.844486478911818,False,6.723406447079199,-0.06789292599101682,False,False
All-Stars,35111,Kaelen Culpepper,HIT,False,10,2,1.2346140797929794,0.7316460869806384,1.2300391224954985,0.37875107945538056,-0.17122197763725913,0.0,0.0,0.0,0.0,0.0,3.403828391087237,382.71638141809296,346.3563200329301,84.92149531195518,11.286111826295036,48.68506966410156,47.637251784313136,7.708689484844578,0.0,0.0,0.0,0.0,0.0,0.0,Kaelen Culpepper,0.38875305623471884,1.5677405753492917,0.24518534930698307,,,HIT,-0.7317493939104098,0.0,0.0,5.3425274174236455,9.040463764450825,9.040463764450825,4.980485521395698,6.628611050784031,10.0,keepable x2yr,2,-10.0,-10.0,-10.0,-2.865680606833574,0.0,0.0,-12.865680606833575,False,6.723406447079199,-6.723406447079199,False,False
All-Stars,20352,Ernie Clement,HIT,False,10,2,1.6838125686397167,0.6790048723681875,1.4749939308475903,0.3002816246672345,0.5294725850225027,0.0,0.0,0.0,0.0,0.0,4.667565581545231,555.0,513.0171130952381,139.5115799736968,10.47408720761647,66.39850747470842,57.12392067787873,6.111607142857143,0.0,0.0,0.0,0.0,0.0,0.0,Ernie Clement,0.5,1.0810810810810811,0.27194332589017833,,,HIT,0.5319877965475843,4.543999257593834,9.454495642913836,5.042839903821985,7.044003821935159,2.5000045643413253,3.6017164030675772,0.0,10.0,keepable x2yr,2,-0.5455043570861644,-5.456000742406166,-5.456000742406166,-8.5,0.0,0.0,-13.956000742406166,False,6.723406447079199,-2.1794071894853655,False,False
All-Stars,23793,Braxton Ashcraft,PIT,False,10,2,0.0,0.0,0.0,0.0,0.0,2.4704216357475874,0.0,2.3791050679009085,0.014553834632006012,-0.272033595990433,4.59204694229007,0.0,0.0,133.91053258017644,0.0,0.0,0.0,0.0,142.05,9.35081940010678,0.0,140.54715581168426,56.9001497697884,37.32660151170691,Braxton Ashcraft,0.5,1.0559662090813093,,3.6050781269137318,1.2054708489396926,PIT,0.4564691572924229,4.040908767188478,8.883587134478208,4.850611773139189,5.763417393356163,1.7225086261676852,3.4660893295130712,0.0,10.0,keepable x2yr,2,-1.1164128655217915,-5.959091232811522,-5.959091232811522,-8.5,0.0,0.0,-14.459091232811522,False,6.723406447079199,-2.682497679890721,False,False
All-Stars,23690,Brayan Rocchio,HIT,False,10,2,1.650116399214675,0.7067808956259334,1.5970082397353473,0.7545927696823449,-0.26980340695743693,0.0,0.0,0.0,0.0,0.0,4.438694897300864,588.0,528.2548559528747,129.26863172864907,10.902550244807548,65.06975188806663,61.84932025865207,15.358164410658299,0.0,0.0,0.0,0.0,0.0,0.0,Brayan Rocchio,0.5,1.0204081632653061,0.244708837546741,,,HIT,0.3031171123032168,3.019307262192996,7.724270863239156,4.529642774133313,3.625184333181607,0.605877070988611,4.038082232218721,0.3505035850266752,10.0,keepable x2yr,2,-2.2757291367608437,-6.980692737807004,-6.980692737807004,-8.202071952727325,0.0,0.0,-15.182764690534329,False,6.723406447079199,-3.704099184886203,False,False
All-Stars,33927,Grant Taylor,PIT,False,10,2,0.0,0.0,0.0,0.0,0.0,1.2505186352645616,1.2670108575699408,1.3841428480885487,0.2673734116381985,-0.027505788972363047,4.141539963588887,0.0,0.0,60.61442373107635,0.0,0.0,0.0,0.0,70.55,4.733351483658101,8.32877689095299,81.76912535753226,26.581075134578402,22.79679584378002,Grant Taylor,0.5,2.0,,3.3909238300666993,1.1822993561283681,PIT,0.0059621785912398195,1.0397188744518613,5.4778283736362,8.259804661601903,28.47479751168813,27.43507863723627,3.2411696780390873,0.0,10.0,keepable x2yr,2,-4.5221716263638,-8.96028112554814,-8.96028112554814,-8.5,0.0,0.0,-17.46028112554814,False,6.723406447079199,-5.683687572627338,False,False
All-Stars,27555,Garrett Mitchell,HIT,False,10,2,1.236190694009371,0.5319842714437397,1.1576486712078735,0.6366762408756661,-0.3015647773445927,0.0,0.0,0.0,0.0,0.0,3.2609351001920577,380.5,338.79107849494545,80.75735079968709,8.206199806414087,48.747240972702954,44.83369692845425,12.95821902434158,0.0,0.0,0.0,0.0,0.0,0.0,Garrett Mitchell,0.5,1.5768725361366622,0.2383691777199261,,,HIT,-0.8746426848055893,0.0,0.0,5.153500072316632,7.781200346997098,7.781200346997098,1.8932851207137058,0.0,10.0,keepable x2yr,2,-10.0,-10.0,-10.0,-8.5,0.0,0.0,-18.5,False,6.723406447079199,-6.723406447079199,False,False
All-Stars,17901,Andrew Benintendi,HIT,False,10,2,1.3727359460586677,0.9657550313271156,1.5606512042389131,0.14927936331506683,-0.09380149129251274,0.0,0.0,0.0,0.0,0.0,3.95462005364725,476.5,430.96271165887646,107.71040182759647,14.897392980457953,54.13168880715258,60.441276219726646,3.0382705705970543,0.0,0.0,0.0,0.0,0.0,0.0,Andrew Benintendi,0.5,1.2591815320041972,0.249929747780252,,,HIT,-0.18095773135039694,0.0,4.06474455705501,4.9810033469950685,6.632060704237817,6.632060704237817,3.108168094886921,0.0,10.0,keepable x2yr,2,-5.93525544294499,-10.0,-10.0,-8.5,0.0,0.0,-18.5,False,6.723406447079199,-6.723406447079199,False,False
All-Stars,30076,Landen Roupp,PIT,False,10,2,0.0,0.0,0.0,0.0,0.0,2.076548368468391,0.0,2.151092525687613,-0.40251619305044317,-1.0901302216304376,2.734994479475124,0.0,0.0,119.86560854617316,0.0,0.0,0.0,0.0,131.45,7.859965476402696,0.0,127.07716882798834,55.43798446340279,51.26618103604354,Landen Roupp,0.5,1.1411182959300115,,3.795677901640359,1.3018774407167495,PIT,-1.400583305522523,0.0,0.0,3.143335523378032,0.0,0.0,1.9735857465427924,0.0,10.0,keepable x2yr,2,-10.0,-10.0,-10.0,-8.5,0.0,0.0,-18.5,False,6.723406447079199,-6.723406447079199,False,False
All-Stars,30122,Gavin Williams,PIT,False,19,2,0.0,0.0,0.0,0.0,0.0,2.7933563349187867,0.0,3.143024982554934,0.15726676401521333,-0.34824185273466635,5.745406228754268,0.0,0.0,140.63476519565577,0.0,0.0,0.0,0.0,166.25,10.573162989671355,0.0,185.67621409546064,65.63461249287299,60.31202490948532,Gavin Williams,0.5,1.0,,3.553151954501395,1.208702496873029,PIT,1.609828443756621,11.724364067280987,17.602793894823147,5.745406228754268,11.724364067280987,0.0,3.8827222203588017,0.0,19.0,keepable x2yr,2,-1.3972061051768527,-7.2756359327190125,-7.2756359327190125,-16.15,0.0,0.0,-23.42563593271901,False,12.77447224945048,-1.0501081821694918,False,False
All-Stars,21837,Jonathan Aranda,HIT,False,19,2,1.8141618717775738,1.1853300416433363,1.9835157963749175,0.030940661871643935,0.5221825236435049,0.0,0.0,0.0,0.0,0.0,5.536130895310977,565.5,500.9985622987545,136.31853982521142,18.284478847226666,71.53862778258453,76.81807812614522,0.6297327394209354,0.0,0.0,0.0,0.0,0.0,0.0,Jonathan Aranda,0.5,1.0610079575596818,0.272093674679893,,,HIT,1.4005531103133304,10.330212488675398,16.020706748565257,5.871608838157542,12.565101311507606,2.2348888228322075,4.094544584177915,0.7266447948889714,19.0,keepable x2yr,2,-2.9792932514347434,-8.669787511324602,-8.669787511324602,-15.532351924344372,0.0,0.0,-24.202139435668975,False,12.77447224945048,-2.444259760775081,False,False
All-Stars,12564,Trevor Story,HIT,True,15,2,1.1287074117945777,0.6689955764502713,1.267442380111282,0.5481768524954547,-0.22106020448548994,0.0,0.0,0.0,0.0,0.0,3.3922620163660953,385.0,355.09278840089337,86.27402151277047,10.31968737545408,44.5088063330859,49.085814165793906,11.15699827111576,0.0,0.0,0.0,0.0,0.0,0.0,Trevor Story,0.5,1.5584415584415585,0.242961908354412,,,HIT,-0.7433157686315517,0.0,0.0,5.294864665686734,8.722943780220538,8.722943780220538,3.876482760153011,0.0,15.0,keepable x2yr,2,-15.0,-15.0,-15.0,-12.75,0.0,0.0,-27.75,False,10.085109670618799,-10.085109670618799,False,False
All-Stars,11477,Christian Yelich,HIT,False,18,2,1.690678802986114,0.8896316385703243,1.5771918837809675,0.6636840023250498,-0.3401128863389996,0.0,0.0,0.0,0.0,0.0,4.481073441323455,502.0,446.0756762763525,107.235021660979,13.723140649258294,66.66926665602315,61.081867646143955,13.50790576581153,0.0,0.0,0.0,0.0,0.0,0.0,Christian Yelich,0.5,1.1952191235059761,0.24039647836468186,,,HIT,0.3454956563258085,3.3016248821246004,8.044645695151369,5.360243361568229,9.158483939544002,5.856859057419402,3.63090199520465,0.0,18.0,keepable x2yr,2,-9.955354304848631,-14.6983751178754,-14.6983751178754,-15.299999999999999,0.0,0.0,-29.998375117875398,False,12.102131604742558,-8.800506722617957,False,False
All-Stars,15454,Nick Pivetta,PIT,True,18,2,0.0,0.0,0.0,0.0,0.0,1.5717782879628628,0.0,1.9214327597807095,-0.9160826280712786,-0.05054305411256392,2.5265853655597295,0.0,0.0,90.30138169003519,0.0,0.0,0.0,0.0,102.42056074766356,5.949354836872652,0.0,113.5098710494705,47.09517805478065,30.935979555244568,Nick Pivetta,0.34579439252336447,1.4645496851902544,,4.1383936916464785,1.1837209283004775,PIT,-1.6089924194379175,0.0,0.0,3.748147438703955,0.0,0.0,1.5092218616510877,0.0,18.0,keepable x2yr,2,-18.0,-18.0,-18.0,-15.299999999999999,0.0,0.0,-33.3,False,12.102131604742558,-12.102131604742558,False,False
Lisbon Long Balls,19569,David Bednar,PIT,False,10,1,0.0,0.0,0.0,0.0,0.0,1.72828231233661,3.6470487578045403,1.2920269187663873,0.39158307214445537,0.2546919976591942,7.313633058711188,0.0,0.0,50.781324835961485,0.0,0.0,0.0,0.0,64.75,6.541739896221421,23.974108219119575,76.32731782836636,23.467931549895923,21.73809604227088,David Bednar,0.5,1.0427916555437198,,3.261951875661209,1.1199910560344768,PIT,3.1780552737135412,22.17158627270414,29.45833113979867,7.6252309758848,24.247391007883415,2.0758047351792754,4.924036900533746,6.2525613148216035,10.0,keepable x1yr,1,19.45833113979867,12.17158627270414,12.17158627270414,0.0,0.0,0.0,12.17158627270414,True,6.723406447079199,15.44817982562494,True,True
Lisbon Long Balls,25976,Riley Greene,HIT,False,3,F,2.181558970911324,1.7330988620850323,2.451330803979891,0.17147570145672827,0.42709578314367247,0.0,0.0,0.0,0.0,0.0,6.964560121576648,647.5,582.9510418456574,155.52162855864017,26.734165481888194,86.02635610066325,94.93573056352943,3.4900308102793214,0.0,0.0,0.0,0.0,0.0,0.0,Riley Greene,0.5,1.0,0.2667833443890065,,,HIT,2.828982336579001,19.846130241420433,26.81939707212606,6.964560121576648,19.846130241420433,0.0,7.058859133901706,20.474331925445235,8.0,extension +$5,1,18.81939707212606,11.846130241420433,11.846130241420433,0.0,0.0,0.0,11.846130241420433,True,5.37872515766336,14.467405083757072,True,True
Lisbon Long Balls,10233,Aroldis Chapman,PIT,False,2,1,0.0,0.0,0.0,0.0,0.0,1.3582395956693507,3.547880511961432,1.174335909699416,0.37261928199527883,-0.42989600962290586,6.023179289702572,0.0,0.0,40.91929976235504,0.0,0.0,0.0,0.0,51.7335463258786,5.141087244945028,23.3222194137793,69.37464608126935,18.38639046155642,26.107996910105534,Aroldis Chapman,0.44089456869009586,1.0719391476623117,,3.1986501198204387,1.2956254003977223,PIT,1.887601504704925,13.574834187402066,19.702712609907202,6.4567110569583805,16.46293852225498,2.8881043348529136,3.5847115557029907,0.0,2.0,keepable x1yr,1,17.702712609907202,11.574834187402066,11.574834187402066,0.0,0.0,0.0,11.574834187402066,True,1.34468128941584,12.230152897986226,True,True
Lisbon Long Balls,31623,Jacob Misiorowski,PIT,False,10,1,0.0,0.0,0.0,0.0,0.0,2.6977633370135203,0.0,3.2674855853212055,0.16975293296222763,0.5534664319949115,6.688468287291864,0.0,0.0,108.11912716082324,0.0,0.0,0.0,0.0,145.35,10.211332909173201,0.0,193.02880392657772,57.1752477809703,54.38187515289898,Jacob Misiorowski,0.5,1.0319917440660475,,3.5402630204935175,1.1179979519347933,PIT,2.5528905022942174,18.00686012642359,24.732188154467906,6.900020400451966,19.41617916879141,1.4093190423678195,3.876225378253205,0.0,10.0,keepable x1yr,1,14.732188154467906,8.00686012642359,8.00686012642359,0.0,0.0,0.0,8.00686012642359,True,6.723406447079199,11.28345367934439,True,True
Lisbon Long Balls,29576,Ben Rice,HIT,False,10,1,2.0925529831392655,2.0633004793008434,2.2394589490599124,0.1780826598405516,-0.17263936301512592,0.0,0.0,0.0,0.0,0.0,6.400755708325447,578.5,512.9777279467172,127.11526650899953,31.8277379665036,82.51654458455658,86.73030626909247,3.6245016893944917,0.0,0.0,0.0,0.0,0.0,0.0,Ben Rice,0.5,1.0371650821089022,0.2477988021386436,,,HIT,2.2651779233278004,16.090174869967363,22.55712831578499,6.639041835340699,17.67759071431075,1.5874158443433863,5.147584335688239,7.74179085987126,10.0,keepable x1yr,1,12.55712831578499,6.090174869967363,6.090174869967363,0.0,0.0,0.0,6.090174869967363,True,6.723406447079199,9.366768422888164,True,True
Lisbon Long Balls,29712,Colson Montgomery,HIT,False,5,2,1.8543246696691218,1.8632513904227355,2.3950076153762447,0.09911288954947116,-1.0055776688545441,0.0,0.0,0.0,0.0,0.0,5.206118896163029,595.0,535.7712250712251,118.15276846552527,28.741852006060398,73.12238471947538,92.75443253183444,2.0172364672364673,0.0,0.0,0.0,0.0,0.0,0.0,Colson Montgomery,0.5,1.0084033613445378,0.2205283952116281,,,HIT,1.0705411111653822,8.131736719931382,13.52587024121204,5.250450976741707,8.42706842054187,0.29533170061048786,5.102149912674376,7.439115568303866,5.0,keepable x2yr,2,8.52587024121204,3.131736719931382,3.131736719931382,2.0732482330582864,0.0,0.0,5.204984952989669,True,3.3617032235395996,4.7700334963917825,True,True
Lisbon Long Balls,37120,Munetaka Murakami,HIT,False,10,2,1.835379285733829,1.8495614826938174,1.9028384112492016,0.2735878290725162,-0.4018519793162988,0.0,0.0,0.0,0.0,0.0,5.459515029433065,522.5,450.1933572559599,107.19650956793657,28.530676367634115,72.37530322105479,73.69358489804647,5.568310522534674,0.0,0.0,0.0,0.0,0.0,0.0,Munetaka Murakami,0.5,1.1483253588516746,0.23811215301204325,,,HIT,1.3239372444354185,9.819812487860828,15.441503387086875,6.273143561375285,15.240047560682596,5.420235072821768,5.079232176401573,7.286442065521212,10.0,keepable x2yr,2,5.441503387086875,-0.18018751213917206,-0.18018751213917206,-2.3065242443069702,0.0,0.0,-2.4867117564461423,False,6.723406447079199,3.0964060407816287,False,True
Lisbon Long Balls,9218,Paul Goldschmidt,HIT,False,2,2,1.272092892373874,1.0154476884894374,1.337652703372478,0.1180686967361433,-0.04251814820018818,0.0,0.0,0.0,0.0,0.0,3.700743832771744,416.5,376.57883877548653,94.80949435225962,15.663934202586496,50.16298785027243,51.80493649766418,2.4030424476359378,0.0,0.0,0.0,0.0,0.0,0.0,Paul Goldschmidt,0.5,1.440576230492197,0.25176532664594126,,,HIT,-0.4348339522259028,0.0,2.145482027739737,5.332023740712275,8.970490312599711,8.970490312599711,2.7437167426268436,0.0,2.0,keepable x2yr,2,0.14548202773973706,-2.0,-2.0,-1.7,0.0,0.0,-3.7,False,1.34468128941584,-1.34468128941584,False,False
Lisbon Long Balls,33253,Cole Carrigg,HIT,False,10,2,1.6447820361071992,0.6805573168364428,1.415460895316409,0.9394321835578947,0.06421470720554137,0.0,0.0,0.0,0.0,0.0,4.744447139023486,443.5,401.88294906728146,103.0842408143841,10.498034662792714,64.85939964621903,54.818310920255975,19.12018575770279,0.0,0.0,0.0,0.0,0.0,0.0,Cole Carrigg,0.5,1.3528748590755355,0.2565031461365289,,,HIT,0.6088693540258392,5.056169244187167,10.035707589249567,6.416645121723962,16.196027052392196,11.13985780820503,5.531804611805079,10.301391629188496,10.0,keepable x2yr,2,0.03570758924956685,-4.943830755812833,-4.943830755812833,0.25618288481022133,0.0,0.0,-4.6876478710026115,False,6.723406447079199,-1.6672372028920321,False,False
Lisbon Long Balls,27899,Colt Keith,HIT,False,10,2,1.7107185346653035,0.9225643442094688,1.656629160050059,0.19977777396684548,0.2138543086486832,0.0,0.0,0.0,0.0,0.0,4.70354412154036,515.0,464.59115028550514,121.63048711208495,14.231148831355872,67.45950204116865,64.15833363936653,4.066060558027543,0.0,0.0,0.0,0.0,0.0,0.0,Colt Keith,0.5,1.1650485436893203,0.2618011278031004,,,HIT,0.567966336542713,4.783681295150951,9.726487495612725,5.477190419935889,9.937562502478098,5.153881207327147,5.222657994485863,8.241916976993263,10.0,keepable x2yr,2,-0.27351250438727526,-5.216318704849049,-5.216318704849049,-1.4943705695557263,0.0,0.0,-6.710689274404775,False,6.723406447079199,-1.939725151928248,False,False
Lisbon Long Balls,27496,Owen Caissie,HIT,False,10,2,1.4531807649896271,1.0999663700103868,1.6948291241743296,0.25215140703896516,-0.07358529789752288,0.0,0.0,0.0,0.0,0.0,4.426542368315785,464.5,414.2935183863755,103.83582861649482,16.967689266722708,57.303904058761006,65.63775106264957,5.132016792731078,0.0,0.0,0.0,0.0,0.0,0.0,Owen Caissie,0.5,1.2917115177610334,0.25063348570096666,,,HIT,0.29096458331813846,2.9383494771075016,7.632399740228719,5.718977515059921,11.54830111561223,8.609951638504729,5.264851837463877,8.523004154480304,10.0,keepable x2yr,2,-2.3676002597712813,-7.061650522892498,-7.061650522892498,-1.2554464686917413,0.0,0.0,-8.31709699158424,False,6.723406447079199,-3.7850569699716976,False,False
Lisbon Long Balls,20253,Griffin Jax,PIT,False,10,2,0.0,0.0,0.0,0.0,0.0,2.085440122417458,0.0,1.7174217227759883,0.9237534392188295,0.6224463759020088,5.349061660314285,0.0,0.0,67.88512729859619,0.0,0.0,0.0,0.0,84.75,7.893621749536311,0.0,101.4577883600312,28.015353532167357,22.712462267213805,Griffin Jax,0.5,1.7699115044247788,,2.975081791026622,1.0689981069712093,PIT,1.213483875316638,9.083993620029556,14.60649405909527,9.342020023896824,35.68430582263071,26.600312202601156,3.495767422917511,0.0,10.0,keepable x2yr,2,4.6064940590952705,-0.9160063799704439,-0.9160063799704439,-8.5,0.0,0.0,-9.416006379970444,False,6.723406447079199,2.360587172950357,False,True
Lisbon Long Balls,15440,Matthew Boyd,PIT,False,10,1,0.0,0.0,0.0,0.0,0.0,1.9641489222564352,0.0,1.7529600721107956,-1.2042751624410475,-0.7787712050336725,1.734062626892511,0.0,0.0,117.60393152373423,0.0,0.0,0.0,0.0,120.6,7.434521128364528,0.0,103.55723911092056,56.388028175618636,35.963001112019185,Matthew Boyd,0.5,1.2437810945273633,,4.208061804150645,1.2733576503793815,PIT,-2.401515158105136,0.0,0.0,2.2081061519754166,0.0,0.0,-0.11093781844684214,0.0,10.0,keepable x1yr,1,-10.0,-10.0,-10.0,0.0,0.0,0.0,-10.0,False,6.723406447079199,-6.723406447079199,False,False
Lisbon Long Balls,26368,JJ Bleday,HIT,False,10,2,1.724862133248808,1.5908297766750743,1.8583961867380459,0.26645638034991,-0.6208925493754276,0.0,0.0,0.0,0.0,0.0,4.81965192763641,528.5,470.8871619248332,108.58596434798595,24.539573265878715,68.01723266615429,71.97241570905537,5.42316473480857,0.0,0.0,0.0,0.0,0.0,0.0,JJ Bleday,0.5,1.1352885525070955,0.23059869354713755,,,HIT,0.6840741426387629,5.557168922641,10.604243438381493,5.477376425924218,9.93880163820419,4.38163271556319,4.349831999789205,2.427319918023184,10.0,keepable x2yr,2,0.6042434383814932,-4.442831077359,-4.442831077359,-6.436778069680294,0.0,0.0,-10.879609147039293,False,6.723406447079199,-1.1662375244381993,False,False
Lisbon Long Balls,25977,Quinn Priester,PIT,True,6,2,0.0,0.0,0.0,0.0,0.0,2.3777375832405014,0.07699190745264106,1.9974391967665033,-0.7059484898160393,-0.5277870494541737,3.218433148189433,0.0,0.0,126.0,0.0,0.0,0.0,0.0,137.7,9.0,0.5061112268696957,118.0,60.0,44.0,Quinn Priester,0.0,1.0,,3.9215686274509807,1.234567901234568,PIT,-0.9171446368082141,0.0,0.0,3.218433148189433,0.0,0.0,2.998914550687829,0.0,6.0,keepable x2yr,2,-6.0,-6.0,-6.0,-5.1,0.0,0.0,-11.1,False,4.03404386824752,-4.03404386824752,False,False
Lisbon Long Balls,33390,Bryce Eldridge,HIT,False,10,2,1.3177853052869253,1.3053917462535551,1.7145649929319808,0.049246015384874255,-0.30539409591883065,0.0,0.0,0.0,0.0,0.0,4.081593963938505,501.0,451.12506738544477,109.12003766484432,20.136507920297333,51.96479648197523,66.4020865475917,1.0023000898472596,0.0,0.0,0.0,0.0,0.0,0.0,Bryce Eldridge,0.5,1.1976047904191616,0.24188422580297742,,,HIT,-0.05398382105914212,0.6403702810529314,5.0246464627248075,4.89214544141269,6.040106615330204,5.399736334277273,5.068652212640636,7.215960404179614,10.0,keepable x2yr,2,-4.9753535372751925,-9.359629718947069,-9.359629718947069,-2.366433656447328,0.0,0.0,-11.726063375394396,False,6.723406447079199,-6.083036166026268,False,False
Lisbon Long Balls,26438,Dominic Canzone,HIT,False,10,2,1.4900911861880335,1.2783219118262805,1.6026664100579193,0.15097892976191632,-0.1016856104416102,0.0,0.0,0.0,0.0,0.0,4.42037282739254,473.0,431.55880980582174,107.72393623745094,19.71893830036496,58.759408622322326,62.068451243484525,3.0728617063278416,0.0,0.0,0.0,0.0,0.0,0.0,Dominic Canzone,0.5,1.2684989429175475,0.24961588963024745,,,HIT,0.28479504239489284,2.8972491951206356,7.585759024228503,5.6088730560445965,10.81480661904594,7.917557423925305,3.787638561422239,0.0,10.0,keepable x2yr,2,-2.414240975771497,-7.102750804879364,-7.102750804879364,-8.5,0.0,0.0,-15.602750804879363,False,6.723406447079199,-3.8261572519585636,False,False
Lisbon Long Balls,35466,Payton Tolle,PIT,False,10,2,0.0,0.0,0.0,0.0,0.0,1.5773166735206037,0.0,2.286188385544799,-0.4576534052155122,0.11989461798355515,3.525746271833445,0.0,0.0,110.58485108411861,0.0,0.0,0.0,0.0,124.85,5.970318239382249,0.0,135.05804328411898,53.14304532355218,34.46936948644186,Payton Tolle,0.5,1.2014417300760913,,3.8308963389024404,1.1618279581142208,PIT,-0.609831513164202,0.0,0.8225292113152962,4.243323479670223,1.717780867167666,1.717780867167666,2.877931538897725,0.0,10.0,keepable x2yr,2,-9.177470788684705,-10.0,-10.0,-8.5,0.0,0.0,-18.5,False,6.723406447079199,-6.723406447079199,False,False
Lisbon Long Balls,27758,Kyle Harrison,PIT,False,10,2,0.0,0.0,0.0,0.0,0.0,1.5466831400912495,0.0,2.2954315267126884,-0.7354895987781848,-0.30984459612466,2.7967804719010934,0.0,0.0,102.88353288391694,0.0,0.0,0.0,0.0,119.4,5.854366923809213,0.0,135.60408776926607,52.78745567231543,42.221634811908864,Kyle Harrison,0.5,1.2562814070351758,,3.9789539451494043,1.215286161606581,PIT,-1.3387973130965536,0.0,0.0,3.5420677777868317,0.0,0.0,2.700901614799716,0.0,10.0,keepable x2yr,2,-10.0,-10.0,-10.0,-8.5,0.0,0.0,-18.5,False,6.723406447079199,-6.723406447079199,False,False
Lisbon Long Balls,29357,Walbert Ureña,PIT,False,10,2,0.0,0.0,0.0,0.0,0.0,1.511356718585392,0.0,1.7684422135240905,-2.321211619009093,-2.152579422144878,-1.1939921090444883,0.0,0.0,120.00406600904303,0.0,0.0,0.0,0.0,125.44999999999999,5.720652507300972,0.0,104.47185653192953,65.80987528990447,60.02339575221952,Walbert Ureña,0.5,1.195695496213631,,4.721314289431169,1.4350535014847554,PIT,-5.329569894042136,0.0,0.0,-1.3349051129379248,0.0,0.0,-0.9202794165004555,0.0,10.0,keepable x2yr,2,-10.0,-10.0,-10.0,-8.5,0.0,0.0,-18.5,False,6.723406447079199,-6.723406447079199,False,False
Lisbon Long Balls,27756,Mick Abel,PIT,True,10,2,0.0,0.0,0.0,0.0,0.0,1.7008101024987314,0.0,1.6664984124775497,-0.7510089456166661,-0.8365080789381802,1.779791490421435,0.0,0.0,91.62891855805566,0.0,0.0,0.0,0.0,99.26759156492786,6.437754540443033,0.0,98.44946118544529,44.735652414415235,37.52884260824734,Mick Abel,0.2230854605993341,1.5110671835116465,,4.055914577784385,1.3011070292949025,PIT,-2.355786294576212,0.0,0.0,2.775575019459787,0.0,0.0,2.0871956801951943,0.0,10.0,keepable x2yr,2,-10.0,-10.0,-10.0,-8.5,0.0,0.0,-18.5,False,6.723406447079199,-6.723406447079199,False,False
Lisbon Long Balls,17350,Rafael Devers,HIT,False,30,F,2.1595465280763637,1.8886572139456916,2.292712495758789,0.050304638256328575,-0.16924414958756584,0.0,0.0,0.0,0.0,0.0,6.221976726449606,665.5,586.7127081215407,145.8585752466472,29.1337531867289,85.15832994541579,88.79272246879455,1.0238461538461539,0.0,0.0,0.0,0.0,0.0,0.0,Rafael Devers,0.5,1.0,0.24860306113640857,,,HIT,2.086398941451959,14.899184055604405,21.205588578190994,6.221976726449606,14.899184055604405,0.0,5.573256137112965,10.577533630698001,35.0,extension +$5,1,-13.794411421809006,-20.100815944395595,-20.100815944395595,0.0,0.0,0.0,-20.100815944395595,False,23.531922564777197,-8.632738509172793,False,False
Lisbon Long Balls,32095,Cam Schlittler,PIT,False,20,2,0.0,0.0,0.0,0.0,0.0,2.9205277624393067,0.0,2.943054504753544,-0.3769953457556133,-0.01507085216477531,5.471516069272462,0.0,0.0,135.57664328566008,0.0,0.0,0.0,0.0,157.75,11.054520922418853,0.0,173.86283002912083,65.87310753145964,50.20278683092847,Cam Schlittler,0.5,1.0,,3.758212157103878,1.1776825997882,PIT,1.3359382842748149,9.899761081714278,15.532229277038846,5.471516069272462,9.899761081714278,0.0,3.3846641948257874,0.0,20.0,keepable x2yr,2,-4.467770722961154,-10.100238918285722,-10.100238918285722,-17.0,0.0,0.0,-27.100238918285722,False,13.446812894158398,-3.5470518124441206,False,False
Lisbon Long Balls,16252,Trea Turner,HIT,False,32,2,2.262765643829307,1.1693776339267548,1.7359541670731584,1.0870183060644167,0.46429647916110156,0.0,0.0,0.0,0.0,0.0,6.719412230054739,625.0,571.6127513862451,153.29441130512686,18.03840269019973,89.2286138692324,67.23045164215439,22.1239939377638,0.0,0.0,0.0,0.0,0.0,0.0,Trea Turner,0.5,1.0,0.26817878175979337,,,HIT,2.583834445057092,18.213002656177736,24.96611927905001,6.719412230054739,18.213002656177736,0.0,5.042796296081163,7.043713315645163,32.0,keepable x2yr,2,-7.033880720949991,-13.786997343822264,-13.786997343822264,-21.21284368170161,0.0,0.0,-34.99984102552388,False,21.51490063065344,-3.301897974475704,False,False
Lisbon Long Balls,13510,José Ramírez,HIT,False,43,2,1.981179590853627,1.287099034847352,1.897604037086785,1.517903446250391,0.14902095596567763,0.0,0.0,0.0,0.0,0.0,6.832807065003832,574.5,512.6889275956285,132.71643068304655,19.85433107248756,78.12470955618656,73.49086679311135,30.893763661202186,0.0,0.0,0.0,0.0,0.0,0.0,José Ramírez,0.5,1.0443864229765014,0.2588634619152992,,,HIT,2.6972292800061854,18.968416997413694,25.823365605567556,7.135580551569407,20.98543509175924,2.017018094345545,5.901257274743181,12.762613431015268,43.0,keepable x2yr,2,-17.176634394432444,-24.031583002586306,-24.031583002586306,-25.701778583637022,0.0,0.0,-49.733361586223324,False,28.910647722440558,-9.942230725026864,False,False
McBlocks,33677,Paul Skenes,PIT,False,15,1,0.0,0.0,0.0,0.0,0.0,3.347524297230867,0.0,3.558203859766034,2.1417524107305796,1.5407460566582298,10.58822662438571,0.0,0.0,144.18376049939113,0.0,0.0,0.0,0.0,181.25,12.670750080847114,0.0,210.20317220773643,57.88468929361359,44.83114419497786,Paul Skenes,0.5,1.0,,2.8742742269932267,1.0428408534861737,PIT,6.452648839388063,43.98629187494818,54.213720627094936,10.58822662438571,43.98629187494818,0.0,10.685734660298587,44.63587145013259,15.0,keepable x1yr,1,39.213720627094936,28.98629187494818,28.98629187494818,0.0,0.0,20.9404907326127,49.92678260756088,True,10.085109670618799,33.90118220432938,True,True
McBlocks,24262,Ceddanne Rafaela,HIT,False,1,1,2.2028312181304153,1.2569856268283688,2.1216224358229616,1.0320609971935972,0.5249310376165174,0.0,0.0,0.0,0.0,0.0,7.138431315591861,618.5,569.6804817214786,153.87957116467237,19.389812370862785,86.86519380284392,82.16670536584175,21.005452362603087,0.0,0.0,0.0,0.0,0.0,0.0,Ceddanne Rafaela,0.5,1.0,0.27011557548834075,,,HIT,3.002853530594214,21.00442632735659,28.133834739623655,7.138431315591861,21.00442632735659,0.0,6.57718858477785,17.26553638619066,1.0,keepable x1yr,1,27.133834739623655,20.00442632735659,20.00442632735659,0.0,0.0,9.575705928262062,29.58013225561865,True,0.67234064470792,20.33208568264867,True,True
McBlocks,31505,Sal Stewart,HIT,False,14,2,2.1982728301399517,1.7072124135816733,2.516025172354223,0.6847547560311179,0.2917853403109607,0.0,0.0,0.0,0.0,0.0,7.398050512417925,622.0,560.2631521274042,147.33996030912195,26.334850351535742,86.68544092256822,97.4412296642594,13.936757078302252,0.0,0.0,0.0,0.0,0.0,0.0,Sal Stewart,0.5,1.0,0.2629834922208426,,,HIT,3.2624727274202785,22.733958934645226,30.09651322381117,7.398050512417925,22.733958934645226,0.0,7.0186807778383375,20.206671529879788,14.0,keepable x2yr,2,16.09651322381117,8.733958934645226,8.733958934645226,5.27567080039782,0.0,0.8718201803381468,14.881449915381193,True,9.41276902591088,13.321189908734347,True,True
McBlocks,17722,Trevor Megill,PIT,False,1,2,0.0,0.0,0.0,0.0,0.0,1.4482672313130887,2.6553662993734575,1.1211542439358941,0.465723469944506,0.11462949594383906,5.805140740510785,0.0,0.0,44.097957021220665,0.0,0.0,0.0,0.0,54.628387585162756,5.481851813123066,17.45522016571683,66.23290511100383,18.954217055715873,18.552643687307963,Trevor Megill,0.4700984102952309,1.4322363031032745,,3.1226979422650043,1.1468506298279382,PIT,1.669562955513138,12.122303769454007,18.054376991994918,8.300091502438152,28.743180611716056,16.62087684226205,3.9352934173130616,0.0,1.0,keepable x2yr,2,17.054376991994918,11.122303769454007,11.122303769454007,-0.85,0.0,0.0,10.272303769454007,True,0.67234064470792,11.449963124746088,True,True
McBlocks,29715,Hunter Goodman,HIT,False,10,1,1.986427585950016,2.2139632308161548,2.3882986567509326,0.17065593516457256,0.02330646311537433,0.0,0.0,0.0,0.0,0.0,6.78265187179705,600.5,549.0210292102796,139.720853911263,34.15180788489313,78.33165601099081,92.49460636419504,3.473346174540573,0.0,0.0,0.0,0.0,0.0,0.0,Hunter Goodman,0.5,1.0,0.254490896482125,,,HIT,2.647074086799403,18.634292852756907,25.44420058317836,6.78265187179705,18.634292852756907,0.0,6.222313989527894,14.901430836652436,10.0,keepable x1yr,1,15.444200583178361,8.634292852756907,8.634292852756907,0.0,0.0,0.0,8.634292852756907,True,6.723406447079199,11.910886405677708,True,True
McBlocks,29490,Jackson Merrill,HIT,False,10,F,2.0629481560831255,1.5674378547427656,2.2411117168282972,0.7778603751323294,0.4636027159035959,0.0,0.0,0.0,0.0,0.0,7.112960818690113,617.0,563.4774047994339,151.20886263467966,24.17873781352293,81.34912466669566,86.79431505782416,15.831728065520272,0.0,0.0,0.0,0.0,0.0,0.0,Jackson Merrill,0.5,1.0,0.26834946946719446,,,HIT,2.9773830336924663,20.834746829638515,27.941281966709422,7.112960818690113,20.834746829638515,0.0,6.920414518240822,19.552040815942032,15.0,extension +$5,1,12.941281966709422,5.834746829638515,5.834746829638515,0.0,0.0,0.0,5.834746829638515,True,10.085109670618799,10.749637159019716,True,True
McBlocks,28806,Jackson Chourio,HIT,False,14,F,2.232916247480836,1.5156728211120105,2.2566366325707565,0.9047933208559821,0.6662240826580663,0.0,0.0,0.0,0.0,0.0,7.576243104677651,593.5,543.8800408917481,149.80358514103276,23.380228850453623,88.05154974495126,87.39556773883919,18.415183841771178,0.0,0.0,0.0,0.0,0.0,0.0,Jackson Chourio,0.5,1.0109519797809603,0.2754349744024696,,,HIT,3.4406653196800043,23.921043335406857,31.443619952224907,7.658685392773024,24.470257828108487,0.5492144927016298,8.39664779705952,29.386419871478914,19.0,extension +$5,1,12.443619952224907,4.921043335406857,4.921043335406857,0.0,0.0,0.0,4.921043335406857,True,12.77447224945048,11.146571085956378,True,True
McBlocks,22186,Brice Turang,HIT,False,9,F,2.181769341083496,1.070180857114346,2.014608070939485,1.1872004730851335,0.3053468812150603,0.0,0.0,0.0,0.0,0.0,6.759105623437521,642.5,578.3865361262903,152.19266037724475,16.508228558423774,86.03465171842355,78.0222272339999,24.16299332119004,0.0,0.0,0.0,0.0,0.0,0.0,Brice Turang,0.5,1.0,0.26313313134248617,,,HIT,2.623527838439874,18.47743232466427,25.266194813175368,6.759105623437521,18.47743232466427,0.0,5.996238714505587,13.395361313932261,14.0,extension +$5,1,11.266194813175368,4.477432324664271,4.477432324664271,0.0,0.0,0.0,4.477432324664271,True,9.41276902591088,9.064663298753391,True,True
McBlocks,17130,Raisel Iglesias,PIT,False,3,2,0.0,0.0,0.0,0.0,0.0,1.0664769064088337,3.2503757744321073,1.011046978217753,-0.06329244762663,0.03842867471192871,5.303035886143993,0.0,0.0,50.62843835486265,0.0,0.0,0.0,0.0,56.167741935483875,4.036733164051882,21.36655299775848,59.72824785997288,22.92047683543797,14.922271863170797,Raisel Iglesias,0.46236559139784955,1.1700530264578801,,3.6726470463399914,1.1670526170221898,PIT,1.1674581011463463,8.777378862044024,14.258546766343168,6.205174623400025,14.78725171219321,6.009872850149186,3.2025658049186623,0.0,3.0,keepable x2yr,2,11.258546766343168,5.777378862044024,5.777378862044024,-2.55,0.0,0.0,3.2273788620440245,True,2.01702193412376,6.760356927920265,True,True
McBlocks,21636,Jeremy Peña,HIT,False,10,1,1.789993139689976,1.0881690113098648,1.5538948357382036,0.640225406787832,0.4951018532822154,0.0,0.0,0.0,0.0,0.0,5.567384246808092,534.5,487.8832877225734,132.49828994796462,16.78570741522607,70.58557174293932,60.17961395099903,13.030454905454905,0.0,0.0,0.0,0.0,0.0,0.0,Jeremy Peña,0.5,1.1225444340505144,0.27157784101698423,,,HIT,1.431806461810445,10.5384162392537,16.256976952356204,6.245187910969988,15.053812453552533,4.515396214298834,5.0873338193726445,7.340413635660792,10.0,keepable x1yr,1,6.256976952356204,0.5384162392536993,0.5384162392536993,0.0,0.0,0.0,0.5384162392536993,True,6.723406447079199,3.8150097921745,True,True
McBlocks,10603,Chris Sale,PIT,False,9,F,0.0,0.0,0.0,0.0,0.0,2.683833965038253,0.0,2.799591094934308,0.7309699679423668,-0.0720960982389069,6.142298929676021,0.0,0.0,128.21818836634438,0.0,0.0,0.0,0.0,141.35,10.158608694078552,0.0,165.3876371991842,51.78821731874691,39.144369069954145,Chris Sale,0.5,1.0611956137247966,,3.297445743676846,1.1840294123544288,PIT,2.006721144678374,14.36838606654369,20.603237522079564,6.513961069936476,16.844326976667507,2.475940910123816,2.534164254533466,0.0,14.0,extension +$5,1,6.603237522079564,0.36838606654369066,0.36838606654369066,0.0,0.0,0.0,0.36838606654369066,True,9.41276902591088,4.955617040632811,True,True
McBlocks,20036,Isaac Paredes,HIT,False,2,F,1.623575460545589,1.435219920997262,2.068474142168072,0.0,-0.35362860371936655,0.0,0.0,0.0,0.0,0.0,4.773640919991557,599.5,525.4063358699432,127.06632266432163,22.13919108150725,64.02315160284085,80.10836543141104,0.0,0.0,0.0,0.0,0.0,0.0,0.0,Isaac Paredes,0.5,1.0008340283569641,0.24184391011183975,,,HIT,0.6380631349939101,5.250652536376645,10.256407778136229,4.777641497760336,5.2773036075751,0.026651071198455334,4.217946532246505,1.548724577881885,7.0,extension +$5,1,3.2564077781362286,-1.749347463623355,-1.749347463623355,0.0,0.0,0.0,-1.749347463623355,False,4.70638451295544,0.5442680234212052,False,True
McBlocks,16478,Kyle Schwarber,HIT,False,20,1,2.2792632675463604,2.577417673253142,2.436460622399049,0.22332553770537616,-0.9323807345326329,0.0,0.0,0.0,0.0,0.0,6.584086366371295,652.5,564.0133940566709,126.5545366787278,39.75832660220857,89.87917178291791,94.35983458502764,4.545326251431858,0.0,0.0,0.0,0.0,0.0,0.0,Kyle Schwarber,0.5,1.0,0.22438214768001036,,,HIT,2.4485085813736482,17.311488065918766,23.943077977587503,6.584086366371295,17.311488065918766,0.0,4.583289099130996,3.98256571899206,20.0,keepable x1yr,1,3.943077977587503,-2.688511934081234,-2.688511934081234,0.0,0.0,0.0,-2.688511934081234,False,13.446812894158398,3.864675171760368,False,True
McBlocks,16137,Carlos Rodón,PIT,True,3,2,0.0,0.0,0.0,0.0,0.0,1.9708526982503551,0.0,1.72381448607367,-0.8997539017421086,-0.6448681595332899,2.150045123048627,0.0,0.0,87.18240065890747,0.0,0.0,0.0,0.0,98.69999999999999,7.459895662699411,0.0,101.83544494669857,45.478414692221484,38.4683944850962,Carlos Rodón,0.5,1.5197568389057752,,4.1469679050657895,1.273057701560321,PIT,-1.9855326619490201,0.0,0.0,3.352843639556678,0.0,0.0,0.7909855110598385,0.0,3.0,keepable x2yr,2,-3.0,-3.0,-3.0,-2.55,0.0,0.0,-5.55,False,2.01702193412376,-2.01702193412376,False,False
McBlocks,24586,Kyle Bradish,PIT,False,10,1,0.0,0.0,0.0,0.0,0.0,1.8164999982230887,0.0,2.2289733265896126,-0.05862912686135909,-0.3588743382927707,3.6279698596585717,0.0,0.0,118.16119854882038,0.0,0.0,0.0,0.0,134.15,6.875653604182525,0.0,131.67802702748338,54.22008145785905,45.081184619171204,Kyle Bradish,0.5,1.1181513231457323,,3.6375753493904694,1.2168645782183496,PIT,-0.5076079253390753,0.0,1.5953227445117077,4.06192378068452,0.509331345007296,0.509331345007296,2.8972309287327844,0.0,10.0,keepable x1yr,1,-8.404677255488291,-10.0,-10.0,0.0,0.0,0.0,-10.0,False,6.723406447079199,-6.723406447079199,False,False
McBlocks,11493,Manny Machado,HIT,False,20,F,1.9217610723891683,1.6098726894414126,2.1689912442163175,0.2771123059782662,-0.263602084069367,0.0,0.0,0.0,0.0,0.0,5.714135227955798,621.5,562.4764915719223,138.0421116614421,24.83332245254656,75.78163348235388,84.00121600122638,5.640043910336498,0.0,0.0,0.0,0.0,0.0,0.0,Manny Machado,0.5,1.0,0.24541845522408118,,,HIT,1.578557442958151,11.516042740488897,17.366390265212946,5.714135227955798,11.516042740488897,0.0,4.453826710850929,3.120112461739865,25.0,extension +$5,1,-7.633609734787054,-13.483957259511103,-13.483957259511103,0.0,0.0,0.0,-13.483957259511103,False,16.808516117697998,-5.292473377209101,False,False
McBlocks,31475,Logan Henderson,PIT,False,10,2,0.0,0.0,0.0,0.0,0.0,2.4338369405666214,0.0,1.7922993932489688,-0.3260913351771275,0.3186662820570936,4.2187112806955565,0.0,0.0,82.56967082509145,0.0,0.0,0.0,0.0,97.4,9.212342278430484,0.0,105.88123470578977,41.203194835823915,27.3059680433876,Logan Henderson,0.5,1.5400410677618068,,3.807276730209602,1.1280866413601545,PIT,0.08313349569790951,1.5538191833470345,6.061230855168207,6.4978103702066505,16.736734155509616,15.182914972162582,4.307788049484033,2.1472312963765527,10.0,keepable x2yr,2,-3.9387691448317934,-8.446180816652966,-8.446180816652966,-6.67485339807993,0.0,0.0,-15.121034214732894,False,6.723406447079199,-5.169587263732165,False,False
McBlocks,25979,Nasim Nuñez,HIT,False,10,2,1.5448343050125926,0.21651499573475189,1.0528748115669468,2.1169225383646046,-0.6537888720707357,0.0,0.0,0.0,0.0,0.0,4.27735777860816,488.0,431.9325080936964,98.18162692441629,3.3398831722267763,60.91811764502418,40.77598962398811,43.08554984235807,0.0,0.0,0.0,0.0,0.0,0.0,Nasim Nuñez,0.5,1.2295081967213115,0.2273077971318574,,,HIT,0.14177999361051263,1.9445107488520583,6.504588746391981,5.269143717638931,8.551595825666718,6.607085076814659,3.751871236007741,0.0,10.0,keepable x2yr,2,-3.495411253608019,-8.055489251147941,-8.055489251147941,-8.5,0.0,0.0,-16.55548925114794,False,6.723406447079199,-4.77889569822714,False,False
McBlocks,18684,Sandy Alcantara,PIT,False,9,2,0.0,0.0,0.0,0.0,0.0,2.9615712204654114,0.0,2.4396470970963415,-1.2882971676792196,-0.3113381072041802,3.801583042678353,0.0,0.0,169.5723592871822,0.0,0.0,0.0,0.0,181.1,11.209874955108834,0.0,144.12371496633884,81.60787868792745,48.31303671216099,Sandy Alcantara,0.5,1.0,,4.05560965318248,1.2031220099356332,PIT,-0.33399474231929416,0.0,2.9078098912635006,3.801583042678353,0.0,0.0,2.0440283071592935,0.0,9.0,keepable x2yr,2,-6.092190108736499,-9.0,-9.0,-7.6499999999999995,0.0,0.0,-16.65,False,6.051065802371279,-6.051065802371279,False,False
McBlocks,16442,Ryan O'Hearn,HIT,True,10,2,1.317478588504101,0.9384241543765429,1.3974436012695635,0.0973501822528447,0.22243267393998722,0.0,0.0,0.0,0.0,0.0,3.9731292003430396,438.5,393.08955049164973,103.59899481882421,14.475796611579902,51.95270158674978,54.12053281118228,1.9813602309973468,0.0,0.0,0.0,0.0,0.0,0.0,Ryan O'Hearn,0.5,1.3683010262257698,0.263550620181202,,,HIT,-0.16244858465460732,0.0,4.204670665850559,5.430297382517566,9.625170205370226,9.625170205370226,2.883209782094769,0.0,10.0,keepable x2yr,2,-5.795329334149441,-10.0,-10.0,-8.5,0.0,0.0,-18.5,False,6.723406447079199,-6.723406447079199,False,False
McBlocks,33530,Cooper Pratt,HIT,True,10,2,1.2538224684585204,0.3491964590161732,1.0822445540504149,0.8363597501561748,-0.4575156025998026,0.0,0.0,0.0,0.0,0.0,3.064107629081481,410.0,364.0933917369673,84.46307555280707,5.386580145691498,49.44252234151944,41.91342809398322,17.022361020982046,0.0,0.0,0.0,0.0,0.0,0.0,Cooper Pratt,0.5,1.4634146341463414,0.23198189659488763,,,HIT,-1.071470155916166,0.0,0.0,4.498214718528895,3.415816737811001,3.415816737811001,3.8798244113192952,0.0,10.0,keepable x2yr,2,-10.0,-10.0,-10.0,-8.5,0.0,0.0,-18.5,False,6.723406447079199,-6.723406447079199,False,False
McBlocks,26108,Andre Pallante,PIT,False,10,2,0.0,0.0,0.0,0.0,0.0,2.581785507464766,0.0,1.7865364888383466,-1.2515599125178603,-1.5949736853323933,1.5217883984528593,0.0,0.0,145.49808296646415,0.0,0.0,0.0,0.0,148.85,9.772343984030233,0.0,105.54078743632883,68.21276704384411,54.03952317611363,Andre Pallante,0.5,1.007725898555593,,4.1243863177332685,1.3405280896377412,PIT,-2.613789386544788,0.0,0.0,1.5358773684979894,0.0,0.0,0.6767248828885561,0.0,10.0,keepable x2yr,2,-10.0,-10.0,-10.0,-8.5,0.0,0.0,-18.5,False,6.723406447079199,-6.723406447079199,False,False
McBlocks,27932,Ian Seymour,PIT,False,10,2,0.0,0.0,0.0,0.0,0.0,2.047796411832968,0.2753283991388577,2.135850740888936,-1.1288537938475203,-0.06320632561124602,3.2669154324019956,0.0,0.0,109.15106494990503,0.0,0.0,0.0,0.0,121.69999999999999,7.75113613731047,1.8098888375502447,126.17675062794731,56.33448588477584,34.95701506522909,Ian Seymour,0.5,1.0,,4.166067156639134,1.1841255547669198,PIT,-0.8686623525956514,0.0,0.0,3.2669154324019956,0.0,0.0,2.556243967276278,0.0,10.0,keepable x2yr,2,-10.0,-10.0,-10.0,-8.5,0.0,0.0,-18.5,False,6.723406447079199,-6.723406447079199,False,False
McBlocks,18345,Kyle Tucker,HIT,False,33,F,2.2129989675036024,1.543872816071764,2.2531328623503826,0.7467622368647835,0.10807330103797587,0.0,0.0,0.0,0.0,0.0,6.864840183828508,601.5,526.4012721376902,135.47733832394954,23.815231924043704,87.26614305059894,87.25987288074093,15.1987902220005,0.0,0.0,0.0,0.0,0.0,0.0,Kyle Tucker,0.5,1.0,0.2573651423253265,,,HIT,2.729262398830861,19.181815406305414,26.065530722273984,6.864840183828508,19.181815406305414,0.0,6.614757463843678,17.515812953401387,38.0,extension +$5,1,-11.934469277726016,-18.818184593694586,-18.818184593694586,0.0,0.0,0.0,-18.818184593694586,False,25.54894449890096,-6.367129092595544,False,False
McBlocks,12856,George Springer,HIT,False,18,2,1.7106444110570254,1.0778214394428827,1.5236203433754327,0.5394896659236429,-0.1924789672727373,0.0,0.0,0.0,0.0,0.0,4.6590968925262475,508.5,452.09772012578617,111.34237623202512,16.626089458813116,67.4565790929439,59.007136109479916,10.980188679245284,0.0,0.0,0.0,0.0,0.0,0.0,George Springer,0.5,1.1799410029498525,0.24627944640164645,,,HIT,0.5235191075286005,4.487582498053774,9.390473744956997,5.499656238371095,10.087225416500388,5.599642918446614,3.379364447197408,0.0,18.0,keepable x2yr,2,-8.609526255043003,-13.512417501946226,-13.512417501946226,-15.299999999999999,0.0,0.0,-28.812417501946225,False,12.102131604742558,-7.614549106688784,False,False
McBlocks,13624,Corey Seager,HIT,False,19,2,1.44310549719303,1.2288614083965663,1.4259092952078876,0.0988193509228435,-0.26089508803172523,0.0,0.0,0.0,0.0,0.0,3.935800463688602,441.0,390.85526805658975,94.63991051599513,18.95597819899101,56.90660167691545,55.22295907109183,2.0112620997766197,0.0,0.0,0.0,0.0,0.0,0.0,Corey Seager,0.5,1.3605442176870748,0.24213543541721624,,,HIT,-0.1997773213090448,0.0,3.9224715481841916,5.360922884785957,9.163010791089794,9.163010791089794,3.946396581164674,0.0,19.0,keepable x2yr,2,-15.077528451815809,-19.0,-19.0,-16.15,0.0,0.0,-35.15,False,12.77447224945048,-12.77447224945048,False,False
McBlocks,14374,Tyler Glasnow,PIT,True,23,2,0.0,0.0,0.0,0.0,0.0,1.1211763160759813,0.0,1.624971230803187,-0.2983410848184643,0.1554119297910082,2.603218391851712,0.0,0.0,64.5926305371977,0.0,0.0,0.0,0.0,82.01381381381381,4.2437764856001765,0.0,95.9962163279761,34.822902143914895,29.629331831058046,Tyler Glasnow,0.47447447447447455,1.8289601839578773,,3.8213820906649048,1.1488547841727816,PIT,-1.532359393145935,0.0,0.0,4.774325052323733,5.255210092946668,5.255210092946668,1.9750444848349065,0.0,23.0,keepable x2yr,2,-23.0,-23.0,-23.0,-19.55,0.0,0.0,-42.55,False,15.46383482828216,-15.46383482828216,False,False
NPB No Stars,27465,Spencer Torkelson,HIT,False,1,2,2.082907345027995,1.9284102425045555,2.3502357825605538,0.04897922413527158,-0.480976398009738,0.0,0.0,0.0,0.0,0.0,5.929556196218638,637.0,566.5259928776508,135.20576949456787,29.74696923986295,82.13618397544977,91.02049819293373,0.996870109546166,0.0,0.0,0.0,0.0,0.0,0.0,Spencer Torkelson,0.5,1.0,0.23865766300994323,,,HIT,1.7939784112209907,12.951135343266976,18.994937401253807,5.929556196218638,12.951135343266976,0.0,6.2156502568611165,14.857038345363867,1.0,keepable x2yr,2,17.994937401253807,11.951135343266976,11.951135343266976,11.778482593559286,0.0,6.399210204525393,30.128828141351654,True,0.67234064470792,12.278794698559057,True,True
NPB No Stars,22267,Tarik Skubal,PIT,False,38,3,0.0,0.0,0.0,0.0,0.0,3.1626106775648406,0.0,3.402679013796818,2.4971121291200693,2.2697097236031816,11.33211154408491,0.0,0.0,132.75033869835468,0.0,0.0,0.0,0.0,167.75,11.970831557993911,0.0,201.0154423113391,50.16206202790445,29.28936104803938,Tarik Skubal,0.5,1.0,,2.691258171392787,0.9659594619755235,PIT,7.196533759087263,48.94190856438742,59.83736843301327,11.33211154408491,48.94190856438742,0.0,11.157963534772552,47.78176838876736,38.0,keepable x3yr,3,21.837368433013268,10.941908564387418,10.941908564387418,8.314503130452257,7.067327660884417,2.936603511751755,29.26034286747585,True,25.54894449890096,23.39296406548646,True,True
NPB No Stars,31912,Chandler Simpson,HIT,False,3,2,1.7977190103047782,0.0,1.0418090187392024,2.342068204072373,1.0658346419348839,0.0,0.0,0.0,0.0,0.0,6.247430875051237,569.0,524.1262384889739,151.8202637947302,0.0,70.89022933210317,40.34743093062002,47.66792100891806,0.0,0.0,0.0,0.0,0.0,0.0,Chandler Simpson,0.5,1.054481546572935,0.289663544096589,,,HIT,2.1118530900535903,15.06875464412597,21.39801776064164,6.583579232692293,17.308109639959472,2.2393549958335015,5.829209763314008,12.282646919239028,3.0,keepable x2yr,2,18.39801776064164,12.06875464412597,12.06875464412597,7.890249881353173,0.0,3.094212399150197,23.053216924629343,True,2.01702193412376,13.051732710002211,True,True
NPB No Stars,35110,Nick Kurtz,HIT,True,10,1,2.05791397163807,1.7837722820000053,2.3388081918833055,0.24921818167909887,0.22692826579997846,0.0,0.0,0.0,0.0,0.0,6.656640893000459,523.0,465.31814553778497,122.04454905074327,27.515835600758557,81.15060949955084,90.57792770519532,5.072317098882563,0.0,0.0,0.0,0.0,0.0,0.0,Nick Kurtz,0.5,1.147227533460803,0.2622819467091531,,,HIT,2.521063108002812,17.794832214370164,24.49157828144166,7.634197499242492,24.307124242985957,6.512292028615793,8.50076813103115,30.080049290594488,10.0,keepable x1yr,1,14.491578281441662,7.794832214370164,7.794832214370164,0.0,0.0,12.818041897005314,20.612874111375476,True,6.723406447079199,11.071425767290965,True,True
NPB No Stars,25880,Hunter Brown,PIT,False,10,1,0.0,0.0,0.0,0.0,0.0,2.561815242238384,0.0,2.4325681465417452,1.0351816511256609,0.08175048796216708,6.111315527867957,0.0,0.0,111.1667780762242,0.0,0.0,0.0,0.0,135.25,9.696754319172225,0.0,143.70552142793497,47.31811254045512,46.68204189469858,Hunter Brown,0.5,1.1090573012939002,,3.1487098917862926,1.1670892419291887,PIT,1.9757377428703098,14.161980668303153,20.369008093597184,6.764995592176361,18.516670151120376,4.354689482817223,7.360940151111955,22.48673692359364,10.0,keepable x1yr,1,10.369008093597184,4.161980668303153,4.161980668303153,0.0,0.0,6.363726385054593,10.525707053357745,True,6.723406447079199,7.438574221223954,True,True
NPB No Stars,20373,Andrés Muñoz,PIT,False,13,2,0.0,0.0,0.0,0.0,0.0,1.3407728711181555,2.8537027910596744,1.4048013998765412,0.6839107951725875,0.3796834814186155,6.662871338645574,0.0,0.0,43.12323450060177,0.0,0.0,0.0,0.0,60.4386895475819,5.074973758718126,18.758997776397383,82.98954253715371,19.88708483403284,22.541690761678197,Andrés Muñoz,0.45397815912636513,1.332693798357131,,2.961410395329403,1.0864716914582269,PIT,2.527293553647927,17.836338231771432,24.53867942713529,8.858692651553454,32.46447284925072,14.628134617479287,5.73390207905698,11.647725658935864,13.0,keepable x2yr,2,11.538679427135289,4.836338231771432,4.836338231771432,-1.149433189904516,0.0,0.0,3.6869050418669156,True,8.740428381202959,9.095909850568473,True,True
NPB No Stars,22201,MacKenzie Gore,PIT,False,1,1,0.0,0.0,0.0,0.0,0.0,2.79537641516682,0.0,3.0689873887280443,-0.9552979696918424,-0.6164869591165143,4.292578875086508,0.0,0.0,144.06364851363756,0.0,0.0,0.0,0.0,164.35,10.580809217060134,0.0,181.30239581567736,72.49794778665252,58.79986634998681,MacKenzie Gore,0.5,1.0,,3.9700731979304695,1.2343383928422536,PIT,0.15700109008886098,2.0459107339064255,6.6196577356232025,4.292578875086508,2.0459107339064255,0.0,3.7578358896231117,0.0,1.0,keepable x1yr,1,5.6196577356232025,1.0459107339064255,1.0459107339064255,0.0,0.0,0.0,1.0459107339064255,True,0.67234064470792,1.3735700891985054,True,True
NPB No Stars,19326,Bryan Reynolds,HIT,False,4,2,1.8660788022690964,1.11793626035259,1.8682970753578925,0.3109109276229213,-0.024504566297129677,0.0,0.0,0.0,0.0,0.0,5.138718499305371,636.5,571.2521781857988,144.51389514703126,17.24488639183182,73.58589050143341,72.35585971132026,6.32794446932378,0.0,0.0,0.0,0.0,0.0,0.0,Bryan Reynolds,0.5,1.0,0.2529774076415484,,,HIT,1.0031407143077242,7.6827283818167995,13.016334311837559,5.138718499305371,7.6827283818167995,0.0,3.565844465199514,0.0,4.0,keepable x2yr,2,9.016334311837559,3.6827283818167995,3.6827283818167995,-3.4,0.0,0.0,0.2827283818167996,True,2.68936257883168,4.993365802985119,True,True
NPB No Stars,22100,José Soriano,PIT,False,1,2,0.0,0.0,0.0,0.0,0.0,2.4114209050611235,0.0,2.497642196949378,-0.7762575090448818,-1.3111091914785182,2.8216964014871007,0.0,0.0,134.59065361974717,0.0,0.0,0.0,0.0,153.25,9.127495102286456,0.0,147.54981263866676,66.77343581539908,65.83061345726239,José Soriano,0.5,1.0,,3.9214415813284944,1.3078059841892957,PIT,-1.3138813835105463,0.0,0.0,2.8216964014871007,0.0,0.0,2.0034691959389024,0.0,1.0,keepable x2yr,2,-1.0,-1.0,-1.0,-0.85,0.0,0.0,-1.85,False,0.67234064470792,-0.67234064470792,False,False
NPB No Stars,14078,Michael Wacha,PIT,False,2,1,0.0,0.0,0.0,0.0,0.0,2.559772227172186,0.0,2.1081259814068507,-1.7910080748396033,-1.1824278120375507,1.6944623217018826,0.0,0.0,159.31875554873298,0.0,0.0,0.0,0.0,161.25,9.689021280957501,0.0,124.53889270256862,76.95417587535556,48.63246661803263,Michael Wacha,0.5,1.0,,4.295116793043101,1.2896199824295542,PIT,-2.4411154632957643,0.0,0.0,1.6944623217018826,0.0,0.0,-0.7214361835561849,0.0,2.0,keepable x1yr,1,-2.0,-2.0,-2.0,0.0,0.0,0.0,-2.0,False,1.34468128941584,-1.34468128941584,False,False
NPB No Stars,30134,Tanner Bibee,PIT,False,6,2,0.0,0.0,0.0,0.0,0.0,2.779116610345873,0.0,2.5154118745529432,-0.3051653498431716,0.028716779623495704,5.01807991467914,0.0,0.0,155.11075837119856,0.0,0.0,0.0,0.0,171.7,10.51926405563442,0.0,148.59956772538735,71.0039320943977,46.3918306896247,Tanner Bibee,0.5,1.0,,3.7218135634803686,1.1735736113035717,PIT,0.8825021296814928,6.879057588751356,12.104326427584802,5.01807991467914,6.879057588751356,0.0,4.3589894551532575,2.4883251050260915,6.0,keepable x2yr,2,6.104326427584802,0.8790575887513556,0.8790575887513556,-2.984923660727822,0.0,0.0,-2.1058660719764664,False,4.03404386824752,2.845013720503836,True,True
NPB No Stars,19918,Daulton Varsho,HIT,False,4,2,1.6469886915113485,1.2421850025410024,1.7094077718010545,0.4548405326294842,-0.6338298586378157,0.0,0.0,0.0,0.0,0.0,4.419592139845075,497.5,451.9390085399045,103.57801911241245,19.161503214593605,64.94641564079905,66.20235644386712,9.257331850258316,0.0,0.0,0.0,0.0,0.0,0.0,Daulton Varsho,0.5,1.2060301507537687,0.22918583515737148,,,HIT,0.2840143548474279,2.892048406481152,7.579857154601701,5.339162924636741,9.018050167717313,6.126001761236161,4.142410495210252,1.0455181868418315,4.0,keepable x2yr,2,3.579857154601701,-1.1079515935188482,-1.1079515935188482,-2.5113095411844433,0.0,0.0,-3.6192611347032915,False,2.68936257883168,0.20268582764947185,False,True
NPB No Stars,17479,Jack Flaherty,PIT,True,2,2,0.0,0.0,0.0,0.0,0.0,2.101834338996336,0.0,2.298017723437354,-1.2755671897071237,-1.0492992383109918,2.074985634415575,0.0,0.0,111.74865657205098,0.0,0.0,0.0,0.0,121.39999999999999,7.955675674346976,0.0,135.7568689973528,57.18774443231307,46.833357259910215,Jack Flaherty,0.5,1.2355848434925867,,4.239618615245615,1.3062768849420199,PIT,-2.060592150582072,0.0,0.0,2.6219248801329043,0.0,0.0,1.6278522544476068,0.0,2.0,keepable x2yr,2,-2.0,-2.0,-2.0,-1.7,0.0,0.0,-3.7,False,1.34468128941584,-1.34468128941584,False,False
NPB No Stars,35101,Sam Antonacci,HIT,False,10,2,1.9455054257546087,0.45630213758049787,1.6502812869530536,1.0818121334105744,0.021471720305720022,0.0,0.0,0.0,0.0,0.0,5.155372704004455,542.5,468.2922684791844,119.19740911699085,7.038754177670116,76.71795481275646,63.912491679150335,22.018033135089212,0.0,0.0,0.0,0.0,0.0,0.0,Sam Antonacci,0.5,1.1059907834101383,0.25453635932127117,,,HIT,1.0197949190068076,7.793675455175254,13.14223736382198,5.701520854668877,11.432008238468399,3.6383327832931442,4.994397870706986,6.721292416692355,10.0,keepable x2yr,2,3.1422373638219803,-2.2063245448247457,-2.2063245448247457,-2.786901445811498,0.0,0.0,-4.993225990636244,False,6.723406447079199,1.070269008096055,False,True
NPB No Stars,35456,Trey Yesavage,PIT,True,3,2,0.0,0.0,0.0,0.0,0.0,1.0317991423323565,0.0,1.8104432903668748,-0.1147194682783855,-0.09153905699227784,2.635983907428568,0.0,0.0,82.61257385962035,0.0,0.0,0.0,0.0,105.6,3.905473987728921,0.0,106.95309705002471,43.118836888120676,42.97447691800512,Trey Yesavage,0.5,1.4204545454545456,,3.6749008711466487,1.1892713141820594,PIT,-1.4995938775690791,0.0,0.0,3.75377752608569,0.0,0.0,3.0671523521797885,0.0,3.0,keepable x2yr,2,-3.0,-3.0,-3.0,-2.55,0.0,0.0,-5.55,False,2.01702193412376,-2.01702193412376,False,False
NPB No Stars,16997,Gleyber Torres,HIT,False,10,2,1.7003439877356707,0.9073364285944455,1.4820275671770957,0.15683457298695153,0.08830365895133825,0.0,0.0,0.0,0.0,0.0,4.334846215445502,529.0,465.381787909836,119.63035929066898,13.996248431325325,67.05039805615063,57.39632104194858,3.192041129976581,0.0,0.0,0.0,0.0,0.0,0.0,Gleyber Torres,0.5,1.1342155009451795,0.2570585321526299,,,HIT,0.19926843044785514,2.3274875366542727,6.939191886104404,4.915684074731338,6.196916413501208,3.8694288768469356,4.5173771365308735,3.5434730404807935,10.0,keepable x2yr,2,-3.060808113895596,-7.672512463345727,-7.672512463345727,-5.488047915591325,0.0,0.0,-13.160560378937053,False,6.723406447079199,-4.3959189104249266,False,False
NPB No Stars,27464,Dillon Dingler,HIT,False,10,2,1.56062358929806,1.3297527271751284,1.9532955478823197,0.030487206376397045,-0.12986573257030162,0.0,0.0,0.0,0.0,0.0,4.7442933381616035,517.5,471.09476496472723,117.25350771971947,20.512291731311404,61.5407433043016,75.64770105431217,0.6205035971223021,0.0,0.0,0.0,0.0,0.0,0.0,Dillon Dingler,0.5,1.1594202898550725,0.24889579855233313,,,HIT,0.6087155531639565,5.055144652751298,10.034544879996334,5.50191648267414,10.102282724551356,5.047138071800059,3.1332368635055343,0.0,10.0,keepable x2yr,2,0.03454487999633393,-4.944855347248702,-4.944855347248702,-8.5,0.0,0.0,-13.444855347248701,False,6.723406447079199,-1.6682617943279014,False,False
NPB No Stars,19611,Vladimir Guerrero Jr.,HIT,False,35,1,2.1960801554833207,1.4087331257547475,2.305005666959947,0.3449441611288124,0.9164257833827983,0.0,0.0,0.0,0.0,0.0,7.171188892709626,652.5,578.0972143269895,162.99081152904367,21.73061521628143,86.59897623683688,89.26881536781481,7.0206200641745395,0.0,0.0,0.0,0.0,0.0,0.0,Vladimir Guerrero Jr.,0.5,1.0,0.2819436030647452,,,HIT,3.035611107711979,21.22265093652871,28.381476642029757,7.171188892709626,21.22265093652871,0.0,7.701322113535016,24.75429537127649,35.0,keepable x1yr,1,-6.618523357970243,-13.777349063471291,-13.777349063471291,0.0,0.0,0.0,-13.777349063471291,False,23.531922564777197,-2.3092716282484886,False,False
NPB No Stars,9777,Nolan Arenado,HIT,False,8,2,1.375914758684049,0.9825019720951148,1.7056693408003796,0.16443034534163456,-0.1399083885510569,0.0,0.0,0.0,0.0,0.0,4.088608028370121,516.5,469.5944614231346,116.69705040283802,15.155725321215733,54.257040296860005,66.05757358647627,3.3466372582939297,0.0,0.0,0.0,0.0,0.0,0.0,Nolan Arenado,0.5,1.1616650532429815,0.24850601953264206,,,HIT,-0.04696975662752578,0.6870966144381752,5.077671637730881,4.751010854160331,5.0998954381393515,4.412798823701176,2.487047773664505,0.0,8.0,keepable x2yr,2,-2.922328362269119,-7.312903385561825,-7.312903385561825,-6.8,0.0,0.0,-14.112903385561825,False,5.37872515766336,-4.6916285432251845,False,False
NPB No Stars,33575,Colt Emerson,HIT,False,10,2,1.4621244190010774,0.7183037055587614,1.4450818567512231,0.3382833986862033,-0.7253643978891162,0.0,0.0,0.0,0.0,0.0,3.238428982108149,501.0,448.4259775196546,101.09039638658007,11.080297004845209,57.65658302599916,55.96547865838525,6.885054115488082,0.0,0.0,0.0,0.0,0.0,0.0,Colt Emerson,0.5,1.1976047904191616,0.22543385409055444,,,HIT,-0.897148802889498,0.0,0.0,3.8881317100490183,0.0,0.0,4.5016307201626455,3.4385734764665057,10.0,keepable x2yr,2,-10.0,-10.0,-10.0,-5.57721254500347,0.0,0.0,-15.57721254500347,False,6.723406447079199,-6.723406447079199,False,False
NPB No Stars,20572,Kody Clemens,HIT,False,10,2,1.4753966761034598,1.2883908546980787,1.5834849810172247,0.3278067487067049,-0.5817332211306651,0.0,0.0,0.0,0.0,0.0,4.093346039394803,465.5,423.9413970932958,97.4221110933511,19.87425822518361,58.179953666432574,61.325588233614816,6.671823722456634,0.0,0.0,0.0,0.0,0.0,0.0,Kody Clemens,0.5,1.288936627282492,0.22980089173011725,,,HIT,-0.042231745602843596,0.7186603225963624,5.113490222834266,5.2876509931266185,8.674887696296278,7.956227373699916,2.842917992441349,0.0,10.0,keepable x2yr,2,-4.886509777165734,-9.281339677403638,-9.281339677403638,-8.5,0.0,0.0,-17.781339677403636,False,6.723406447079199,-6.004746124482837,False,False
NPB No Stars,27577,Casey Schmitt,HIT,True,10,2,1.2129929006415088,1.0585265889169537,1.3822949608893638,0.2994326384980137,0.07764932547268551,0.0,0.0,0.0,0.0,0.0,4.0308964144185255,421.5,383.01063344337655,98.52512646873696,16.32845397004019,47.83247237848995,53.533852613143104,6.09432779737023,0.0,0.0,0.0,0.0,0.0,0.0,Casey Schmitt,0.5,1.4234875444839858,0.25723861915521123,,,HIT,-0.10468137057912141,0.3026330640967484,4.641381315692719,5.735125554727291,11.655876215951277,11.35324315185453,3.5210490334960225,0.0,10.0,keepable x2yr,2,-5.358618684307281,-9.697366935903252,-9.697366935903252,-8.5,0.0,0.0,-18.197366935903254,False,6.723406447079199,-6.420773382982451,False,False
NPB No Stars,23986,Curtis Mead,HIT,True,10,2,1.1969997866895021,0.8855516263009435,1.1994194804297607,0.2771331917301225,-0.08406597146590598,0.0,0.0,0.0,0.0,0.0,3.4750381136844233,393.0,355.17658959537573,88.66233541073869,13.660203833844005,47.20180901603266,46.45140690185783,5.640468996321597,0.0,0.0,0.0,0.0,0.0,0.0,Curtis Mead,0.5,1.5267175572519085,0.2496288832317034,,,HIT,-0.6605396713132237,0.0,0.4391838647901705,5.3079217078415155,8.809927256163448,8.809927256163448,3.1298226007796486,0.0,10.0,keepable x2yr,2,-9.56081613520983,-10.0,-10.0,-8.5,0.0,0.0,-18.5,False,6.723406447079199,-6.723406447079199,False,False
NPB No Stars,31807,Troy Melton,PIT,False,10,2,0.0,0.0,0.0,0.0,0.0,1.5064119917601884,0.0,1.6326376727545147,-0.4098866178262537,-0.25650129045044356,2.472661756238006,0.0,0.0,101.66128030569578,0.0,0.0,0.0,0.0,110.85,5.701936168820011,0.0,96.44911629695694,47.17672751671262,32.56572377733956,Troy Melton,0.5,1.3531799729364007,,3.8303161718575875,1.2108886250161062,PIT,-1.662916028759641,0.0,0.0,3.371109912830823,0.0,0.0,1.8031344659403916,0.0,10.0,keepable x2yr,2,-10.0,-10.0,-10.0,-8.5,0.0,0.0,-18.5,False,6.723406447079199,-6.723406447079199,False,False
NPB No Stars,30146,Jack Leiter,PIT,True,10,2,0.0,0.0,0.0,0.0,0.0,2.0320002647633535,0.0,2.073965357697477,-1.0793840044392478,-0.5676423035803035,2.4589393144412792,0.0,0.0,109.52824733019384,0.0,0.0,0.0,0.0,126.5,7.6913459718066814,0.0,122.52083197549791,57.95737689993503,47.83973276850829,Jack Leiter,0.5,1.1857707509881423,,4.123449739916326,1.244015652954167,PIT,-1.6766384705563677,0.0,0.0,2.94823749717386,0.0,0.0,3.3608518600548507,0.0,10.0,keepable x2yr,2,-10.0,-10.0,-10.0,-8.5,0.0,0.0,-18.5,False,6.723406447079199,-6.723406447079199,False,False
NPB No Stars,23697,Julio Rodríguez,HIT,False,43,2,2.2884730181062274,1.7680450262044238,2.3791505002796702,1.1538630958606901,0.4783382459217663,0.0,0.0,0.0,0.0,0.0,8.067869886372778,654.5,594.009278002699,159.25232241510938,27.27323255703535,90.24234385015312,92.1403143541168,23.48448043184885,0.0,0.0,0.0,0.0,0.0,0.0,Julio Rodríguez,0.5,1.0,0.2680973653317007,,,HIT,3.932292101375131,27.196165360099638,35.160237669557375,8.067869886372778,27.196165360099638,0.0,8.430850806285173,29.614273668294995,43.0,keepable x2yr,2,-7.839762330442625,-15.803834639900362,-15.803834639900362,-11.377867381949255,0.0,0.0,-27.181702021849617,False,28.910647722440558,-1.7144823623409202,False,False
NPB No Stars,33381,Max Clark,HIT,False,20,2,1.4496007360210974,0.6787513311033724,1.2742475097174655,0.3085122400499589,-0.22920526757194376,0.0,0.0,0.0,0.0,0.0,3.481906549319951,416.40047961630694,366.59739894203324,89.04680835622065,10.470176170411184,57.162731231895464,49.34936486637403,6.279124178969201,0.0,0.0,0.0,0.0,0.0,0.0,Max Clark,0.40047961630695444,1.4409205305259765,0.24290081875431097,,,HIT,-0.6536712356776961,0.0,0.4911081100181077,5.0235919148120525,6.915777461849333,6.915777461849333,5.5101257581963266,10.156971321817721,20.0,keepable x2yr,2,-19.508891889981893,-20.0,-20.0,-8.366574376454937,0.0,0.0,-28.366574376454935,False,13.446812894158398,-13.446812894158398,False,False
NPB No Stars,5361,Freddie Freeman,HIT,False,26,2,1.9355261144106786,1.1932147074100863,1.9266031016480103,0.32094891097667444,0.876769439580585,0.0,0.0,0.0,0.0,0.0,6.253062274026034,604.5,536.9964821763602,151.77211739117192,18.406104891758297,76.32443632310789,74.61394955913751,6.532246716697937,0.0,0.0,0.0,0.0,0.0,0.0,Freddie Freeman,0.5,1.0,0.2826314928099044,,,HIT,2.117484489028387,15.106269929091926,21.440590211904226,6.253062274026034,15.106269929091926,0.0,4.226124496766042,1.6032045873369054,26.0,keepable x2yr,2,-4.559409788095774,-10.893730070908074,-10.893730070908074,-20.73727610076363,0.0,0.0,-31.631006171671704,False,17.480856762405917,-2.374586833313991,False,False
New York Polar Bears,24816,Andy Pages,HIT,False,10,1,2.03443856920063,1.6039145413135405,2.3153928915753257,0.533430259902861,0.27875499397903697,0.0,0.0,0.0,0.0,0.0,6.765931255971394,636.0,577.4946286990508,151.49262804507725,24.74141418262565,80.22489382712692,89.67109430780424,10.856862088218872,0.0,0.0,0.0,0.0,0.0,0.0,Andy Pages,0.5,1.0,0.2623273369422531,,,HIT,2.6303534709737475,18.522903361386618,25.31779547398543,6.765931255971394,18.522903361386618,0.0,6.333932304320641,15.645010346044407,10.0,keepable x1yr,1,15.31779547398543,8.522903361386618,8.522903361386618,0.0,0.0,0.5482587941377456,9.071162155524364,True,6.723406447079199,11.799496914307419,True,True
New York Polar Bears,25931,Michael Harris II,HIT,False,18,2,1.923988945765132,1.4963075386756604,2.138955615996329,0.7156401707713625,0.8467283707759468,0.0,0.0,0.0,0.0,0.0,7.121620641984431,611.5,568.0819624993313,159.18970514621336,23.081506904127927,75.86948617437064,82.83798894783578,14.565365377414006,0.0,0.0,0.0,0.0,0.0,0.0,Michael Harris II,0.5,1.0,0.2802231291517212,,,HIT,2.986042856986784,20.89243688855552,28.006748808392974,7.121620641984431,20.89243688855552,0.0,6.9392731891561885,19.677673614583284,18.0,keepable x2yr,2,10.006748808392974,2.892436888555519,2.892436888555519,1.4260225723957916,0.0,0.0,4.318459460951311,True,12.102131604742558,8.79030528381296,True,True
New York Polar Bears,25768,CJ Abrams,HIT,False,22,2,2.406127992664603,1.7179798619876594,2.1871524679374783,1.4501922686335684,0.38883208640205974,0.0,0.0,0.0,0.0,0.0,8.150284677625368,651.5,591.5006592136607,157.01776764096525,26.50094517382246,94.88188322237792,84.70456825343847,29.515643647255835,0.0,0.0,0.0,0.0,0.0,0.0,CJ Abrams,0.5,1.0,0.2654566232431663,,,HIT,4.014706892627721,27.745196674181305,35.78327995436436,8.150284677625368,27.745196674181305,0.0,7.016791602342408,20.194086210068907,22.0,keepable x2yr,2,13.78327995436436,5.7451966741813045,5.7451966741813045,-1.5350267214414293,0.0,0.0,4.210169952739875,True,14.791494183574239,12.953702490607066,True,True
New York Polar Bears,22799,Geraldo Perdomo,HIT,False,10,1,2.1895851293058985,0.8282328563395636,1.7306883031444098,1.0554763352722787,0.15104963945291344,0.0,0.0,0.0,0.0,0.0,5.955032263515064,633.5,547.0629011176312,141.48740712162626,12.776024913131845,86.3428550674015,67.02651399395438,21.482022807473534,0.0,0.0,0.0,0.0,0.0,0.0,Geraldo Perdomo,0.5,1.0,0.25863096699222743,,,HIT,1.8194544785174172,13.12085194987126,19.18753228543685,5.955032263515064,13.12085194987126,0.0,5.799431181834713,12.084267799756011,10.0,keepable x1yr,1,9.187532285436848,3.120851949871261,3.120851949871261,0.0,0.0,0.0,3.120851949871261,True,6.723406447079199,6.397445502792062,True,True
New York Polar Bears,19290,Randy Arozarena,HIT,False,11,1,2.0999931956133473,1.2645006218100248,1.7866826763382924,1.1760638265503465,-0.3127074637509265,0.0,0.0,0.0,0.0,0.0,6.014532856561084,628.0,553.2151029574087,134.82658261698987,19.505736005590375,82.80993769301452,69.19507758315969,23.93633007269821,0.0,0.0,0.0,0.0,0.0,0.0,Randy Arozarena,0.5,1.0,0.24371457304080507,,,HIT,1.8789550715634373,13.517233331079554,19.63734699557964,6.014532856561084,13.517233331079554,0.0,4.678185245892569,4.6147453965224035,11.0,keepable x1yr,1,8.637346995579641,2.517233331079554,2.517233331079554,0.0,0.0,0.0,2.517233331079554,True,7.395747091787119,6.121486239292435,True,True
New York Polar Bears,22250,Logan Gilbert,PIT,False,12,F,0.0,0.0,0.0,0.0,0.0,2.3710378131165983,0.0,2.9865067227020075,0.31162634138999334,1.0117820593397624,6.680952936548362,0.0,0.0,141.08652791880084,0.0,0.0,0.0,0.0,167.89999999999998,8.974640628326634,0.0,176.42979763755616,65.23530361741527,40.67300385606364,Logan Gilbert,0.5,1.0,,3.496829854417734,1.082546347676382,PIT,2.545375151550715,17.956794321101782,24.675373337282885,6.680952936548362,17.956794321101782,0.0,5.076272734376866,7.266726838204877,17.0,extension +$5,1,7.675373337282885,0.956794321101782,0.956794321101782,0.0,0.0,0.0,0.956794321101782,True,11.429790960034639,6.527003361067143,True,True
New York Polar Bears,21690,Edward Cabrera,PIT,True,1,2,0.0,0.0,0.0,0.0,0.0,1.9446711973751882,0.0,1.883769701361066,-0.7445439350181721,-0.3422706667408374,2.7416262969772447,0.0,0.0,94.92239922123649,0.0,0.0,0.0,0.0,112.55,7.3607957832436774,0.0,111.28490174842125,50.07311434139643,42.58968315645922,Edward Cabrera,0.5,1.332741003998223,,4.004069560840231,1.2217866048662436,PIT,-1.3939514880204023,0.0,0.0,3.692372176021342,0.0,0.0,3.107285756493544,0.0,1.0,keepable x2yr,2,-1.0,-1.0,-1.0,-0.85,0.0,0.0,-1.85,False,0.67234064470792,-0.67234064470792,False,False
New York Polar Bears,11486,Robbie Ray,PIT,False,5,1,0.0,0.0,0.0,0.0,0.0,2.2437919336594088,0.0,2.3309499241164855,-1.2921401712844613,-1.363585570148427,1.9190161163430062,0.0,0.0,138.71153583620213,0.0,0.0,0.0,0.0,148.95,8.493000886756015,0.0,137.70235984705087,68.52862969234705,57.39725062990444,Robbie Ray,0.5,1.0070493454179255,,4.140702700443931,1.3166081669426424,PIT,-2.2165616686546405,0.0,0.0,1.9345292493865707,0.0,0.0,-0.32699677203410205,0.0,5.0,keepable x1yr,1,-5.0,-5.0,-5.0,0.0,0.0,0.0,-5.0,False,3.3617032235395996,-3.3617032235395996,False,False
New York Polar Bears,33333,Wyatt Langford,HIT,False,26,2,1.9973053413632975,1.6222412378446185,1.9594004025584986,0.8034872468240208,0.35615862035317875,0.0,0.0,0.0,0.0,0.0,6.738592848943614,542.0,479.8733121843798,128.01585567291337,25.024115272861636,78.76060323324626,75.88413133851789,16.353309671632832,0.0,0.0,0.0,0.0,0.0,0.0,Wyatt Langford,0.5,1.1070110701107012,0.26677010874013,,,HIT,2.603015063945967,18.34078020961694,25.111121607332443,7.456944003130429,23.12629591815638,4.785515708539439,8.174025154003818,27.90335111156909,26.0,keepable x2yr,2,-0.8888783926675572,-7.659219790383059,-7.659219790383059,1.617848444833727,0.0,0.0,-6.041371345549332,False,17.480856762405917,0.859923447211024,False,True
New York Polar Bears,13743,Max Fried,PIT,False,17,1,0.0,0.0,0.0,0.0,0.0,2.8020241507714494,0.0,2.1953051931545926,0.2668852900889784,0.213775369014067,5.477990003029087,0.0,0.0,124.1622044799451,0.0,0.0,0.0,0.0,143.2,10.605971632317129,0.0,129.68906047883263,55.657995558789295,41.01132099885851,Max Fried,0.5,1.047486033519553,,3.498058380091506,1.1534464069748855,PIT,1.3424122180314404,9.94288916956909,15.581171152861291,5.7357388162021365,11.659961644650336,1.7170724750812454,4.3009700129825115,2.1018108629447125,17.0,keepable x1yr,1,-1.418828847138709,-7.05711083043091,-7.05711083043091,0.0,0.0,0.0,-7.05711083043091,False,11.429790960034639,-1.4869017904655486,False,False
New York Polar Bears,17277,Ranger Suarez,PIT,False,10,1,0.0,0.0,0.0,0.0,0.0,2.8063950697577074,0.0,2.3163592494999503,0.07500672288075538,-1.0255784033863993,4.172182638752013,0.0,0.0,145.2626586329225,0.0,0.0,0.0,0.0,147.5,10.62251604459946,0.0,136.8404063980857,58.67833762624019,43.942015451354806,Ranger Suarez,0.5,1.0169491525423728,,3.5803731432960113,1.2827435531137446,PIT,0.036604853754366395,1.2438544180368276,5.709481964648996,4.244614180592425,1.7263792657394847,0.48252484770265713,2.86279818629197,0.0,10.0,keepable x1yr,1,-4.290518035351004,-8.756145581963173,-8.756145581963173,0.0,0.0,0.0,-8.756145581963173,False,6.723406447079199,-5.479552029042372,False,False
New York Polar Bears,16578,Yandy Díaz,HIT,False,13,2,1.8287696396518405,1.129997637513721,1.924777716366707,0.11581443285152725,1.0511304024812183,0.0,0.0,0.0,0.0,0.0,6.050489828865015,609.0,545.9342745462498,157.14750393564992,17.430940898022666,72.11466219547162,74.54325559773537,2.3571616006997593,0.0,0.0,0.0,0.0,0.0,0.0,Yandy Díaz,0.5,1.0,0.28785059166007154,,,HIT,1.9149120438673677,13.756771688871664,19.909175800075676,6.050489828865015,13.756771688871664,0.0,4.205688497432772,1.4670639334810984,13.0,keepable x2yr,2,6.909175800075676,0.7567716888716642,0.7567716888716642,-9.802995656541066,0.0,0.0,-9.046223967669402,False,8.740428381202959,5.016343307668706,True,True
New York Polar Bears,22286,Trevor Rogers,PIT,False,10,1,0.0,0.0,0.0,0.0,0.0,2.1200701611838473,0.0,2.1072857104566776,-0.8646444637595666,-0.7250323625095806,2.637679045371377,0.0,0.0,138.14536408598727,0.0,0.0,0.0,0.0,144.45,8.024700280276756,0.0,124.48925315795523,63.805172819163204,42.84514919404699,Trevor Rogers,0.5,1.038421599169263,,3.975400175648798,1.2529630548981259,PIT,-1.4978987396262697,0.0,0.0,2.7455113988591906,0.0,0.0,1.7634699916636956,0.0,10.0,keepable x1yr,1,-10.0,-10.0,-10.0,0.0,0.0,0.0,-10.0,False,6.723406447079199,-6.723406447079199,False,False
New York Polar Bears,29805,TJ Rumfield,HIT,False,10,2,1.6800325267368614,0.9611950493238465,1.6441225295856854,0.13061190511457213,0.5634951954538175,0.0,0.0,0.0,0.0,0.0,4.979457206214782,566.5,509.1166666666666,139.11690369970972,14.827052322958954,66.24944745151106,63.673973838520524,2.658333333333333,0.0,0.0,0.0,0.0,0.0,0.0,TJ Rumfield,0.5,1.059135039717564,0.27325152132721986,,,HIT,0.8438794212171352,6.62176061500075,11.81234509557711,5.271517634341074,8.56741039713731,1.9456497821365604,4.1899734270748095,1.362373190492088,10.0,keepable x2yr,2,1.8123450955771094,-3.37823938499925,-3.37823938499925,-7.341982788081725,0.0,0.0,-10.720222173080975,False,6.723406447079199,-0.10164583207844924,False,False
New York Polar Bears,19627,Brent Rooker,HIT,True,10,F,1.2913918821579342,1.3925293894048838,1.7982595311155622,0.20672738993823778,-0.08153136167627766,0.0,0.0,0.0,0.0,0.0,4.607376830940341,427.06181015452535,383.7762070214594,95.95863887481127,21.480662153314796,50.92401324068537,69.64342880696172,4.207505518763796,0.0,0.0,0.0,0.0,0.0,0.0,Brent Rooker,0.4481236203090508,1.4049488522115798,0.2500380094419079,,,HIT,0.47179904594269395,4.14303350453797,8.999478574659479,6.474981565636853,16.58465309843995,12.441619593901981,6.282401410342224,15.301721550346782,15.0,extension +$5,1,-6.000521425340521,-10.85696649546203,-10.85696649546203,0.0,0.0,0.0,-10.85696649546203,False,10.085109670618799,-5.942076166080829,False,False
New York Polar Bears,15986,Willy Adames,HIT,False,15,2,2.003088307750242,1.5753405565461716,1.9892987326875633,0.41830346264293683,-0.7056891282527344,0.0,0.0,0.0,0.0,0.0,5.2803419313741795,639.0,572.36052500049,132.6850501242394,24.300642075529133,78.98864544175628,77.04204107833105,8.513695878006232,0.0,0.0,0.0,0.0,0.0,0.0,Willy Adames,0.5,1.0,0.23182075689815576,,,HIT,1.1447641463765326,8.626196148120822,14.086984195884716,5.2803419313741795,8.626196148120822,0.0,4.81914074292829,5.553763509513433,15.0,keepable x2yr,2,-0.9130158041152843,-6.3738038518791775,-6.3738038518791775,-8.02930101691358,0.0,0.0,-14.403104868792758,False,10.085109670618799,-1.4589135224979763,False,False
New York Polar Bears,21534,Cal Raleigh,HIT,False,16,3,1.6795254705835307,1.911871660838194,2.266510182370388,0.21591489583440604,-1.1900472761423777,0.0,0.0,0.0,0.0,0.0,4.883774933484142,565.0,496.91700755167057,105.13483915395759,29.491850972361288,66.22945248745503,87.77795295668149,4.3944980685819495,0.0,0.0,0.0,0.0,0.0,0.0,Cal Raleigh,0.5,1.0619469026548674,0.21157424188791812,,,HIT,0.7481971484864953,5.984343919123691,11.089002830049635,5.191298011920463,8.033002870972044,2.0486589518483536,5.940233396136858,13.022264772981195,16.0,keepable x3yr,3,-4.910997169950365,-10.015656080876308,-10.015656080876308,-2.531074942965984,-2.1514137015210864,0.0,-14.698144725363377,False,10.75745031532672,-4.773106396203029,False,False
New York Polar Bears,31595,Brooks Lee,HIT,False,10,2,1.4832862515041805,1.0579961178710957,1.7466911501680402,0.31122182771474105,-0.22010392065921547,0.0,0.0,0.0,0.0,0.0,4.379091426598841,563.5,516.2119056001726,127.0970403410123,16.320271112712444,58.49106669704751,67.6462761128892,6.334272193252896,0.0,0.0,0.0,0.0,0.0,0.0,Brooks Lee,0.5,1.064773735581189,0.2462109822772166,,,HIT,0.24351364160119449,2.6222405300445857,7.2736784149151825,4.663684372883644,4.518143400176619,1.8959028701320335,3.8076275889243827,0.0,10.0,keepable x2yr,2,-2.7263215850848175,-7.377759469955414,-7.377759469955414,-8.5,0.0,0.0,-15.877759469955414,False,6.723406447079199,-4.1011659170346135,False,False
New York Polar Bears,16530,Mauricio Dubón,HIT,False,10,2,1.4671464874636537,0.5302300792983966,1.3045529207791329,0.25546838245452924,0.0990611537007791,0.0,0.0,0.0,0.0,0.0,3.6564590236964913,502.5,464.03510217188716,119.47689845595795,8.179140263460946,57.85462041837963,50.52304013472067,5.1995269198156375,0.0,0.0,0.0,0.0,0.0,0.0,Mauricio Dubón,0.5,1.1940298507462686,0.25747383742469876,,,HIT,-0.4791187613011556,0.0,1.8106961451434598,4.364321790638192,2.523848087174344,2.523848087174344,2.406503669550696,0.0,10.0,keepable x2yr,2,-8.18930385485654,-10.0,-10.0,-8.5,0.0,0.0,-18.5,False,6.723406447079199,-6.723406447079199,False,False
New York Polar Bears,29844,Liam Hicks,HIT,False,10,2,1.254807382134852,0.6400285611932781,1.3639765846780285,0.1431884198000497,0.04534806677683049,0.0,0.0,0.0,0.0,0.0,3.4473490145830388,472.5,414.1399578062959,105.86802333282496,9.872852520075332,49.48136086744437,52.824414121391115,2.9143020995513464,0.0,0.0,0.0,0.0,0.0,0.0,Liam Hicks,0.5,1.2698412698412698,0.2556334430843358,,,HIT,-0.6882287704146082,0.0,0.22985882366375388,4.376442907379996,2.604596610003138,2.604596610003138,2.0978490337572704,0.0,10.0,keepable x2yr,2,-9.770141176336246,-10.0,-10.0,-8.5,0.0,0.0,-18.5,False,6.723406447079199,-6.723406447079199,False,False
New York Polar Bears,16432,Foster Griffin,PIT,False,10,2,0.0,0.0,0.0,0.0,0.0,1.650440073167967,0.0,2.120870887696212,-1.3112150007745589,-0.6617616396431624,1.798334320446458,0.0,0.0,131.16053201863494,0.0,0.0,0.0,0.0,135.2,6.247098402788407,0.0,125.29180620530713,63.0515296875348,37.920013283698445,Foster Griffin,0.5,1.1094674556213018,,4.197217212927613,1.2505957492776139,PIT,-2.337243464551189,0.0,0.0,2.018117878829139,0.0,0.0,0.3502910950316501,0.0,10.0,keepable x2yr,2,-10.0,-10.0,-10.0,-8.5,0.0,0.0,-18.5,False,6.723406447079199,-6.723406447079199,False,False
New York Polar Bears,27473,Cade Cavalli,PIT,False,10,2,0.0,0.0,0.0,0.0,0.0,2.1180503841157123,0.0,2.1775555866149325,-1.308419204795456,-1.104534655886391,1.8826521100487974,0.0,0.0,127.46138802898318,0.0,0.0,0.0,0.0,133.75,8.01705520045746,0.0,128.64049110306868,62.44155625192261,46.62049708363508,Cade Cavalli,0.5,1.1214953271028036,,4.201674813213484,1.3015468045803236,PIT,-2.2529256749488495,0.0,0.0,2.1424828333303307,0.0,0.0,0.9647727500088802,0.0,10.0,keepable x2yr,2,-10.0,-10.0,-10.0,-8.5,0.0,0.0,-18.5,False,6.723406447079199,-6.723406447079199,False,False
New York Polar Bears,13164,Eduardo Rodriguez,PIT,False,10,2,0.0,0.0,0.0,0.0,0.0,2.4934309694109684,0.0,2.070905394803123,-1.268828951143122,-1.9664957808881693,1.3290116321827994,0.0,0.0,151.99018332554567,0.0,0.0,0.0,0.0,149.9,9.437912275464456,0.0,122.34006270746798,68.75774931701505,54.500966166153276,Eduardo Rodriguez,0.5,1.0006671114076051,,4.128217103756741,1.3775260139539622,PIT,-2.8065661528148476,0.0,0.0,1.3301270080858534,0.0,0.0,-0.6049090862503477,0.0,10.0,keepable x2yr,2,-10.0,-10.0,-10.0,-8.5,0.0,0.0,-18.5,False,6.723406447079199,-6.723406447079199,False,False
New York Polar Bears,27474,Max Meyer,PIT,True,10,2,0.0,0.0,0.0,0.0,0.0,1.9268831958356976,0.0,1.8449971669100125,-0.5879839396446237,-0.7006881411618573,2.483208281939229,0.0,0.0,102.78104632620577,0.0,0.0,0.0,0.0,110.35,7.293466228046407,0.0,108.9943894401464,48.149551020140045,37.48232850317558,Max Meyer,0.5,1.359311282283643,,3.9270136763140955,1.271077252645051,PIT,-1.6523695030584178,0.0,0.0,3.424692777782844,0.0,0.0,1.5406717036766424,0.0,10.0,keepable x2yr,2,-10.0,-10.0,-10.0,-8.5,0.0,0.0,-18.5,False,6.723406447079199,-6.723406447079199,False,False
New York Polar Bears,5417,Jose Altuve,HIT,False,14,2,1.6639889578434932,1.0214981236810694,1.4028923837848617,0.3282852994798487,-0.07029942729925077,0.0,0.0,0.0,0.0,0.0,4.346365337490023,530.0,479.9304173174035,120.53944946310706,15.757266059867812,65.61679447758303,54.331554574516616,6.681563626876714,0.0,0.0,0.0,0.0,0.0,0.0,Jose Altuve,0.5,1.1320754716981132,0.25116026222482146,,,HIT,0.21078755249237613,2.404225687865348,7.026274556684647,4.920918733349141,6.231788691353526,3.8275630034881782,3.2222038099839154,0.0,14.0,keepable x2yr,2,-6.973725443315353,-11.595774312134651,-11.595774312134651,-11.9,0.0,0.0,-23.49577431213465,False,9.41276902591088,-7.0085433380455315,False,False
New York Polar Bears,25436,George Kirby,PIT,False,23,2,0.0,0.0,0.0,0.0,0.0,2.8947456374839695,0.0,2.5062357952346526,-0.09018550475815727,0.4627102283657689,5.773506156326233,0.0,0.0,152.30749008050273,0.0,0.0,0.0,0.0,161.5,10.956932725035944,0.0,148.0574849619615,65.42369977794695,30.490759959633955,George Kirby,0.5,1.0,,3.6459027740032353,1.1318777092268526,PIT,1.6379283713285862,11.911560320841247,17.81522473170642,5.773506156326233,11.911560320841247,0.0,5.152384390267067,7.773767890123034,23.0,keepable x2yr,2,-5.184775268293581,-11.088439679158753,-11.088439679158753,-12.94229729339542,0.0,0.0,-24.030736972554173,False,15.46383482828216,-3.552274507440913,False,False
Orange and Black Attack,30279,Bryan Woo,PIT,False,13,2,0.0,0.0,0.0,0.0,0.0,3.0537431744001404,0.0,2.836133112820348,0.5850069154380264,1.5388495586596005,8.013732761318115,0.0,0.0,139.48926051885394,0.0,0.0,0.0,0.0,167.2,11.558756005423064,0.0,167.54638031263318,63.078045682034606,33.268646279883555,Bryan Woo,0.5,1.0,,3.3953493489133466,1.0332410693704397,PIT,3.8781549763204684,26.83551435974379,34.750969896451444,8.013732761318115,26.83551435974379,0.0,7.573292203269537,23.90138500401757,13.0,keepable x2yr,2,21.750969896451444,13.83551435974379,13.83551435974379,9.266177253414934,0.0,4.263750665402694,27.365442278561417,True,8.740428381202959,18.09508597854083,True,True
Orange and Black Attack,29646,Caleb Durbin,HIT,False,1,2,1.8441949564202622,0.7184770419631129,1.6540394785545416,0.9617216593263439,0.09065378617327229,0.0,0.0,0.0,0.0,0.0,5.269086922437532,543.0,482.9689836544234,124.13841690144001,11.08297083045282,72.72293536662109,64.05803982985513,19.57384161982208,0.0,0.0,0.0,0.0,0.0,0.0,Caleb Durbin,0.5,1.1049723756906078,0.25703186147097223,,,HIT,1.1335091374398854,8.551217467078612,14.001898177018033,5.821416655609644,12.230730751052743,3.6795132839741314,4.778385502941149,5.282260025420697,1.0,keepable x2yr,2,13.001898177018033,7.551217467078612,7.551217467078612,3.639921021607592,0.0,0.0,11.191138488686203,True,0.67234064470792,7.8788768223706915,True,True
Orange and Black Attack,19956,Mickey Moniak,HIT,False,1,2,1.4447707644883887,1.4180454546084886,1.673117516404075,0.24555252920904708,0.30762853250185757,0.0,0.0,0.0,0.0,0.0,5.089114797211858,435.5,401.4953627544026,107.21762552053362,21.874263882865957,56.97226888062779,64.79689868073872,4.997710376463145,0.0,0.0,0.0,0.0,0.0,0.0,Mickey Moniak,0.5,1.3777267508610793,0.26704573817486243,,,HIT,0.9535370122142108,7.352278163721255,12.641338471679363,7.002652015489656,20.099891031844823,12.747612868123568,4.592902597891114,4.046608978423654,1.0,keepable x2yr,2,11.641338471679363,6.352278163721255,6.352278163721255,2.589617631660106,0.0,0.0,8.941895795381361,True,0.67234064470792,6.679937519013335,True,True
Orange and Black Attack,25385,Drew Rasmussen,PIT,False,1,1,0.0,0.0,0.0,0.0,0.0,2.479445973391065,0.0,2.3126579165781105,0.08162714192138536,0.450696085492902,5.324427117383463,0.0,0.0,132.86814136455996,0.0,0.0,0.0,0.0,149.2,9.38497751720253,0.0,136.62174778485524,59.31532933993749,35.71299608103542,Drew Rasmussen,0.5,1.0053619302949062,,3.578002440076659,1.1299003850240978,PIT,1.188849332385816,8.919883085117714,14.420260960891403,5.3526783749267,9.10808746952105,0.18820438440333653,2.9716228243609177,0.0,1.0,keepable x1yr,1,13.420260960891403,7.919883085117714,7.919883085117714,0.0,0.0,0.0,7.919883085117714,True,0.67234064470792,8.247542440409795,True,True
Orange and Black Attack,27691,Louis Varland,PIT,False,10,2,0.0,0.0,0.0,0.0,0.0,1.435340724469979,3.3495440202752156,1.6415382080087395,0.3157655775663564,0.04464536970342655,6.786833900023717,0.0,0.0,81.08067662559296,0.0,0.0,0.0,0.0,91.1,5.43292355358425,22.018441803098753,96.97492111829955,34.49024322764438,25.439167646899094,Louis Varland,0.5,1.1354118617277287,,3.407378584509324,1.1692628350438206,PIT,2.6512561150260696,18.662152711623456,25.475816029651845,7.702274383652242,24.76063920963214,6.098486498008683,5.313554807397401,8.847453870069948,10.0,keepable x2yr,2,15.475816029651845,8.662152711623456,8.662152711623456,-0.9796642104405439,0.0,0.0,7.682488501182912,True,6.723406447079199,11.938746264544257,True,True
Orange and Black Attack,20391,Luis García Jr.,HIT,False,8,2,1.6754636888545167,1.3879245718452868,1.9644859210219272,0.43895634335653677,0.46680400813346173,0.0,0.0,0.0,0.0,0.0,5.9336345332117295,528.5,488.4066158348737,132.1340762350588,21.409629878500382,66.06928249614036,76.0810845240431,8.934042255942913,0.0,0.0,0.0,0.0,0.0,0.0,Luis García Jr.,0.5,1.1352885525070955,0.27054112690343296,,,HIT,1.7980567482140826,12.97830443129782,19.025768959033297,6.731696755899101,18.29483977867349,5.316535347375671,5.238399726798382,8.34678533673921,8.0,keepable x2yr,2,11.025768959033297,4.97830443129782,4.97830443129782,0.2947675362283281,0.0,0.0,5.273071967526148,True,5.37872515766336,7.59957927363446,True,True
Orange and Black Attack,20437,Royce Lewis,HIT,False,1,2,1.33147144931985,1.0982130567057322,1.5946599685367986,0.580506787169169,-0.17238228026869568,0.0,0.0,0.0,0.0,0.0,4.432468981462853,455.0,414.0719808910664,102.05918280525975,16.940643280452864,52.504488104305985,61.75837584534254,11.815006765304975,0.0,0.0,0.0,0.0,0.0,0.0,Royce Lewis,0.5,1.3186813186813187,0.24647691105694342,,,HIT,0.29689119646520634,2.977831421485855,7.677203962143195,5.84854470998336,12.411452574343315,9.43362115285746,3.8303734955873656,0.0,1.0,keepable x2yr,2,6.677203962143195,1.9778314214858548,1.9778314214858548,-0.85,0.0,0.0,1.1278314214858547,True,0.67234064470792,2.3054907767779347,True,True
Orange and Black Attack,33266,Jacob Wilson,HIT,False,10,1,1.5487078114246116,0.6833737248654417,1.751564946333741,0.2709159837243305,0.7592708505007635,0.0,0.0,0.0,0.0,0.0,5.013833316848888,514.5,473.9462115141849,133.58217339515087,10.54147956946191,61.07086329453524,67.83502966620698,5.513930674508084,0.0,0.0,0.0,0.0,0.0,0.0,Jacob Wilson,0.5,1.1661807580174928,0.281850915040288,,,HIT,0.8782555318512415,6.850767579741039,12.072222845514114,5.837808997543783,12.339933345589355,5.489165765848316,5.362578086449657,9.174037422725691,10.0,keepable x1yr,1,2.072222845514114,-3.1492324202589614,-3.1492324202589614,0.0,0.0,0.0,-3.1492324202589614,False,6.723406447079199,0.12736113266183935,False,True
Orange and Black Attack,22715,Maikel Garcia,HIT,True,4,F,1.6724777381359475,0.51665957317674,1.4684599667804326,0.7472671648981564,0.38733737568505866,0.0,0.0,0.0,0.0,0.0,4.792201818676335,527.0,475.5476295818586,127.46192063040607,7.9698064716812445,65.95153621321161,56.87087174169094,15.209066980622712,0.0,0.0,0.0,0.0,0.0,0.0,Maikel Garcia,0.5,1.1385199240986716,0.26803187041954407,,,HIT,0.6566240336786882,5.374301634318394,10.396725123467993,5.452089705175556,9.770346421483396,4.3960447871650015,5.985880410225805,13.326356304953274,9.0,extension +$5,1,1.3967251234679932,-3.6256983656816058,-3.6256983656816058,0.0,0.0,0.0,-3.6256983656816058,False,6.051065802371279,-0.6767641680528849,False,False
Orange and Black Attack,35108,Cam Smith,HIT,False,1,?,1.6176194272354938,0.9495419147787046,1.5224684801781738,0.4832619768792206,-0.41180209148888197,0.0,0.0,0.0,0.0,0.0,4.161089707582711,538.5,485.83805979202776,116.03440808594745,14.647295221891026,63.788284771683124,58.96252647378184,9.835791161178511,0.0,0.0,0.0,0.0,0.0,0.0,Cam Smith,0.5,1.1142061281337048,0.23883350788865365,,,HIT,0.025511922585064184,1.1699554675652633,5.625621227081315,4.639487005082775,4.356945240973481,3.1869897734082175,3.9296440257205534,0.0,6.0,unknown,1,-0.3743787729186847,-4.830044532434737,-4.830044532434737,0.0,0.0,0.0,-4.830044532434737,False,4.03404386824752,-2.8640884006822565,False,False
Orange and Black Attack,19804,Bryan Baker,PIT,False,10,2,0.0,0.0,0.0,0.0,0.0,0.8128176188316663,4.24205823286319,1.1025107083301278,-0.20054298957033734,-0.10447552963541452,5.852368040819232,0.0,0.0,49.94116183441654,0.0,0.0,0.0,0.0,59.871812080536905,3.076604677087728,27.885441051161223,65.13152630305726,25.280670524100273,22.01700508407044,Bryan Baker,0.4780014914243102,1.0,,3.800219616049779,1.2018705367008442,PIT,1.7167902558215848,12.436922860939738,18.411407624994496,5.852368040819232,12.436922860939738,0.0,3.5698498849548463,0.0,10.0,keepable x2yr,2,8.411407624994496,2.436922860939738,2.436922860939738,-8.5,0.0,0.0,-6.063077139060262,False,6.723406447079199,5.713516413860539,True,True
Orange and Black Attack,26221,Ryan Pepiot,PIT,True,4,F,0.0,0.0,0.0,0.0,0.0,2.3777375832405014,0.07699190745264106,2.2005686066071646,-0.95726255337041,-0.19927893546081035,3.4987566084690864,0.0,0.0,116.0,0.0,0.0,0.0,0.0,136.0,9.0,0.5061112268696957,130.0,61.0,47.0,Ryan Pepiot,0.0,1.0,,4.036764705882353,1.1985294117647058,PIT,-0.6368211765285605,0.0,0.6184917894748005,3.4987566084690864,0.0,0.0,3.2747857905390956,0.0,9.0,extension +$5,1,-8.3815082105252,-9.0,-9.0,0.0,0.0,0.0,-9.0,False,6.051065802371279,-6.051065802371279,False,False
Orange and Black Attack,32127,Chase DeLauter,HIT,False,5,2,1.2102042947401042,0.7333799830388256,1.257219948140544,0.1969694137167054,0.16680757035002658,0.0,0.0,0.0,0.0,0.0,3.5645812099862058,387.5,348.6846818373367,91.34714511128546,11.312858289039927,47.7225080788779,48.68991735508914,4.0089022334597555,0.0,0.0,0.0,0.0,0.0,0.0,Chase DeLauter,0.5,1.5483870967741935,0.26197636394563323,,,HIT,-0.5709965750114412,0.0,1.1161149649074757,5.512318609221074,10.171579668953036,10.171579668953036,1.857697919374866,0.0,5.0,keepable x2yr,2,-3.8838850350925243,-5.0,-5.0,-4.25,0.0,0.0,-9.25,False,3.3617032235395996,-3.3617032235395996,False,False
Orange and Black Attack,19709,Fernando Tatis Jr.,HIT,False,34,F,2.5402568877012732,1.575788734550228,2.184888134058041,1.3423323381696142,0.641443097083065,0.0,0.0,0.0,0.0,0.0,8.284709191562222,670.5,595.0860423248829,162.43494854210883,24.30755550971798,100.17104580824785,84.61687458486664,27.320379377648646,0.0,0.0,0.0,0.0,0.0,0.0,Fernando Tatis Jr.,0.5,1.0,0.2729604409935541,,,HIT,4.149131406564575,28.640706647692525,36.79950719979407,8.284709191562222,28.640706647692525,0.0,7.74311350766729,25.03270151280786,39.0,extension +$5,1,-2.2004928002059287,-10.359293352307475,-10.359293352307475,0.0,0.0,0.0,-10.359293352307475,False,26.221285143608878,2.4194215040836475,False,True
Orange and Black Attack,35177,Carson Benge,HIT,False,15,2,1.985856701036145,0.9972922545648623,1.7892735163415447,0.7962747659839435,-0.03008063834255773,0.0,0.0,0.0,0.0,0.0,5.538616599583937,580.5,520.101686150141,131.43759862389507,15.383874948291478,78.30914405988244,69.29541625963805,16.206514643902498,0.0,0.0,0.0,0.0,0.0,0.0,Carson Benge,0.5,1.0335917312661498,0.2527151942090651,,,HIT,1.4030388145862904,10.346771767206105,16.039498264578842,5.72470081132027,11.58642860242546,1.239656835219355,5.087950888583848,7.344524430759063,15.0,keepable x2yr,2,1.0394982645788424,-4.653228232793895,-4.653228232793895,-6.507154233854797,0.0,0.0,-11.160382466648691,False,10.085109670618799,0.26166209658730644,False,True
Orange and Black Attack,14212,Josh Hader,PIT,False,15,2,0.0,0.0,0.0,0.0,0.0,1.486943638302504,2.5561980535303492,1.1879457472354757,0.41038688822013836,0.38369424895651777,6.025168576244985,0.0,0.0,33.64183734378687,0.0,0.0,0.0,0.0,50.24778761061948,5.628246295574887,16.803331360376557,70.17865595143452,17.554341550965297,20.024766278777157,Josh Hader,0.3805309734513274,1.487800214364145,,3.1441996050249563,1.06803913514437,PIT,1.889590791247338,13.58808642753841,19.717751289417073,8.943063076341936,33.026532213682984,19.438445786144573,4.494237983431758,3.3893245018549094,15.0,keepable x2yr,2,4.717751289417073,-1.4119135724615894,-1.4119135724615894,-9.869074173423327,0.0,0.0,-11.280987745884916,False,10.085109670618799,3.5029767569196117,False,True
Orange and Black Attack,25764,Bobby Witt Jr.,HIT,False,39,F,2.356547298757343,1.485278771448651,2.1613784972193755,1.7560010724289763,1.0198652599211668,0.0,0.0,0.0,0.0,0.0,8.779070899775512,636.0,576.5512749445676,164.43517090703077,22.911381070825275,92.92674632869029,83.70638769956403,35.73974501108647,0.0,0.0,0.0,0.0,0.0,0.0,Bobby Witt Jr.,0.5,1.0,0.2852047650451217,,,HIT,4.643493114777865,31.93404822105324,40.53680051237781,8.779070899775512,31.93404822105324,0.0,8.835476683162542,32.30981258208732,44.0,extension +$5,1,-3.463199487622191,-12.065951778946761,-12.065951778946761,0.0,0.0,0.0,-12.065951778946761,False,29.582988367148477,2.3510598539047614,False,True
Orange and Black Attack,17678,Alex Bregman,HIT,False,12,F,1.9278045413352294,1.1308713716607495,1.835420897009333,0.1147884496001021,-0.37517664542377616,0.0,0.0,0.0,0.0,0.0,4.6337086141816375,624.0,551.5924852084953,133.30837798130128,17.44441880963224,76.01994820066744,71.08262314749541,2.3362798481955545,0.0,0.0,0.0,0.0,0.0,0.0,Alex Bregman,0.5,1.0,0.24167910469431492,,,HIT,0.49813082918399054,4.318450724376263,9.198542530829894,4.6337086141816375,4.318450724376263,0.0,3.1785559836021027,0.0,17.0,extension +$5,1,-7.801457469170106,-12.681549275623738,-12.681549275623738,0.0,0.0,0.0,-12.681549275623738,False,11.429790960034639,-7.111340235658376,False,False
Orange and Black Attack,17969,Peter Lambert,PIT,False,10,2,0.0,0.0,0.0,0.0,0.0,2.113544518436001,0.0,2.3359882131676053,0.4533017013510522,-0.1138564054521167,4.788978027502542,0.0,0.0,113.0,0.0,0.0,0.0,0.0,142.2,8.0,0.0,138.0,54.0,56.0,Peter Lambert,1.0,1.0548523206751055,,3.417721518987342,1.188466947960619,PIT,0.6534002425048948,5.3528253643725305,10.372353791718758,5.0497356014871055,7.089941618937975,1.7371162545654446,0.0,0.0,10.0,keepable x2yr,2,0.3723537917187585,-4.6471746356274695,-4.6471746356274695,-8.5,0.0,0.0,-13.147174635627469,False,6.723406447079199,-1.3705810827066687,False,False
Orange and Black Attack,27490,Nick Gonzales,HIT,False,10,2,1.6697626464125606,0.6087882455103053,1.5410463371702596,0.21505815580890497,0.5132995536477248,0.0,0.0,0.0,0.0,0.0,4.547954938549756,556.5,506.9701965841207,137.68457261614296,9.39095054238305,65.84447082989792,59.68201419978967,4.377060909497619,0.0,0.0,0.0,0.0,0.0,0.0,Nick Gonzales,0.5,1.0781671159029649,0.27158316907746904,,,HIT,0.412377153552109,3.7471764117931423,8.550258828544779,4.900522172001386,6.095910765688657,2.348734353895515,3.397737727350202,0.0,10.0,keepable x2yr,2,-1.449741171455221,-6.252823588206858,-6.252823588206858,-8.5,0.0,0.0,-14.752823588206859,False,6.723406447079199,-2.976230035286057,False,False
Orange and Black Attack,31986,Parker Messick,PIT,False,10,2,0.0,0.0,0.0,0.0,0.0,2.295993028007351,0.0,2.4322997913021935,-0.20485056867621243,-0.43074764730786436,4.092694603325468,0.0,0.0,134.91271820049886,0.0,0.0,0.0,0.0,148.25,8.690587808224109,0.0,143.68966817026467,60.87554701163088,46.065472388174854,Parker Messick,0.5,1.0118043844856661,,3.6956487224598846,1.2207635115593507,PIT,-0.042883181672179305,0.7143205821717169,5.108565473151886,4.141808612008129,1.0415085579831869,0.32718797581146997,3.107357476096338,0.0,10.0,keepable x2yr,2,-4.891434526848114,-9.285679417828284,-9.285679417828284,-8.5,0.0,0.0,-17.785679417828284,False,6.723406447079199,-6.009085864907482,False,False
Orange and Black Attack,24618,Ryan Jeffers,HIT,False,10,2,1.1373127137719878,0.79280465297366,1.1930101826695423,0.0753183357371318,-0.07985435964167897,0.0,0.0,0.0,0.0,0.0,3.1185915255106424,382.5,338.69886659718605,84.55649695444161,12.22952207233569,44.84814291858887,46.203186072470935,1.532947875812512,0.0,0.0,0.0,0.0,0.0,0.0,Ryan Jeffers,0.5,1.5686274509803921,0.24965095928414932,,,HIT,-1.0169862594870045,0.0,0.0,4.8943991893201035,6.055120645656676,6.055120645656676,2.379208036581202,0.0,10.0,keepable x2yr,2,-10.0,-10.0,-10.0,-8.5,0.0,0.0,-18.5,False,6.723406447079199,-6.723406447079199,False,False
Orange and Black Attack,29878,Sean Burke,PIT,False,10,2,0.0,0.0,0.0,0.0,0.0,2.0305377229019497,0.0,2.6202956915131783,-1.747110826753127,-1.36090427433609,1.5428183133259115,0.0,0.0,137.60119095208242,0.0,0.0,0.0,0.0,150.6,7.685810088938271,0.0,154.79564639518753,72.28935212482483,60.430930328466836,Sean Burke,0.5,1.0,,4.320080804272401,1.3149543245720403,PIT,-2.5927594716717355,0.0,0.0,1.5428183133259115,0.0,0.0,0.7735038354493666,0.0,10.0,keepable x2yr,2,-10.0,-10.0,-10.0,-8.5,0.0,0.0,-18.5,False,6.723406447079199,-6.723406447079199,False,False
Orange and Black Attack,18383,Michael Soroka,PIT,False,10,2,0.0,0.0,0.0,0.0,0.0,1.9419106556079364,0.0,1.743522385820148,-0.5173104748695267,-0.4887724466266294,2.6793501199319283,0.0,0.0,93.38087212473684,0.0,0.0,0.0,0.0,106.55,7.350346827025638,0.0,102.99970174803151,46.148487556643566,39.23314889553814,Michael Soroka,0.5,1.4077897700610043,,3.8980421211618217,1.244617747726654,PIT,-1.4562276650657187,0.0,0.0,3.8156562645598164,0.0,0.0,1.7718562202079982,0.0,10.0,keepable x2yr,2,-10.0,-10.0,-10.0,-8.5,0.0,0.0,-18.5,False,6.723406447079199,-6.723406447079199,False,False
Orange and Black Attack,14344,Matt Olson,HIT,False,25,2,2.258950195884801,2.1615077151488054,2.2881106972248433,0.046547057424100945,-0.12079441136245082,0.0,0.0,0.0,0.0,0.0,6.6343212543201,666.0,590.4334365325077,147.66470450176388,33.34264779197057,89.0781576643192,88.614502905357,0.9473684210526316,0.0,0.0,0.0,0.0,0.0,0.0,Matt Olson,0.5,1.0,0.2500954305179054,,,HIT,2.498743469322453,17.646143121450567,24.322845479136106,6.6343212543201,17.646143121450567,0.0,4.5762706309240455,3.93581004851184,25.0,keepable x2yr,2,-0.677154520863894,-7.353856878549433,-7.353856878549433,-17.904561458764935,0.0,0.0,-25.258418337314367,False,16.808516117697998,0.8376270037525693,False,True
Pookie 2.0,19755,Shohei Ohtani,HIT,False,16,F,3.1204421071686683,2.7332642517545507,3.0540336401608417,0.9051343551023829,0.9366034670787506,1.6904784430380277,0.0,1.8646891605307474,0.07448599820347465,0.4008516788220602,14.779983101859505,684.5,598.1791653858961,240.39898005119196,42.16236038850409,123.04973987966856,118.27735135687671,18.422124883663344,97.25,6.398648065531026,0.0,110.15770657691247,38.526070654471816,36.575857915481635,Shohei Ohtani,0.5,1.0,0.2816703294357716,3.565394713524384,1.115532291936384,TWO,10.644405316861858,71.91095845675483,85.90271107876521,14.779983101859505,71.91095845675483,0.0,13.218623629769098,61.50948525410673,21.0,extension +$5,1,64.90271107876521,50.91095845675483,50.91095845675483,0.0,0.0,0.0,50.91095845675483,True,14.11915353886632,57.791804917888506,True,True
Pookie 2.0,27867,Cade Smith,PIT,False,10,1,0.0,0.0,0.0,0.0,0.0,2.068810143897053,3.944553495333866,1.5795416825565645,1.0528959656078185,0.6158323501828318,9.261633637578134,0.0,0.0,51.33145380663592,0.0,0.0,0.0,0.0,69.69999999999999,7.8306754396749545,25.9297746351404,93.31243666560668,21.2132206507893,21.766707215837155,Cade Smith,0.5,1.0,,2.7391533121535687,1.0487541036222825,PIT,5.126055852580487,35.14878734780306,44.18489554669979,9.261633637578134,35.14878734780306,0.0,7.461210610676631,23.154719228003547,10.0,keepable x1yr,1,34.18489554669979,25.148787347803058,25.148787347803058,0.0,0.0,6.931511343803015,32.080298691606075,True,6.723406447079199,28.42538090072386,True,True
Pookie 2.0,21479,Nico Hoerner,HIT,False,1,1,1.986185561417596,0.6167526920216838,1.7071416488533164,1.177482498271558,0.5492872025826803,0.0,0.0,0.0,0.0,0.0,6.036849603146834,655.5,598.597374345513,161.6873150075314,9.51380725625261,78.32211215318605,66.11459348782667,23.96520418124326,0.0,0.0,0.0,0.0,0.0,0.0,Nico Hoerner,0.5,1.0,0.2701102977344581,,,HIT,1.901271818149187,13.66590315742722,19.806057934124993,6.036849603146834,13.66590315742722,0.0,5.268090823274456,8.544581648141893,1.0,keepable x1yr,1,18.806057934124993,12.66590315742722,12.66590315742722,0.0,0.0,2.162894400920609,14.828797558347828,True,0.67234064470792,12.9935625127193,True,True
Pookie 2.0,23772,Wilyer Abreu,HIT,False,1,2,1.892996922652652,1.5149408407307094,2.022306546871419,0.3877915037973172,-0.16114154834772615,0.0,0.0,0.0,0.0,0.0,5.656894265704371,564.5,501.6647290776007,124.45133829210148,23.36893758192226,74.64736435593524,78.32037566653186,7.89268849591916,0.0,0.0,0.0,0.0,0.0,0.0,Wilyer Abreu,0.5,1.0628875110717448,0.24807671554053096,,,HIT,1.5213164807067239,11.134714580257558,16.93365799272104,6.013273125030235,13.508841244571046,2.374126664313488,4.470850575999006,3.233522141130449,1.0,keepable x2yr,2,15.933657992721042,10.134714580257558,10.134714580257558,1.8984938199608814,0.0,0.0,12.03320840021844,True,0.67234064470792,10.462373935549639,True,True
Pookie 2.0,34985,JJ Wetherholt,HIT,False,5,2,2.0416289674882786,0.9522569432645518,1.8472087536925108,0.7132658332927386,-0.03377769553332787,0.0,0.0,0.0,0.0,0.0,5.5205828022047525,611.5,542.6101186121994,137.08264665854358,14.689176283852694,80.50843590499267,71.53914610399673,14.517040682521362,0.0,0.0,0.0,0.0,0.0,0.0,JJ Wetherholt,0.5,1.0,0.2526356253900157,,,HIT,1.3850050172071056,10.22663411566937,15.903165718538204,5.5205828022047525,10.22663411566937,0.0,5.092501879150112,7.374842244988691,5.0,keepable x2yr,2,10.903165718538204,5.22663411566937,5.22663411566937,2.018615908240387,0.0,0.0,7.245250023909756,True,3.3617032235395996,6.86493089212977,True,True
Pookie 2.0,18314,Dansby Swanson,HIT,False,3,2,2.0375916121544337,1.266778218372126,1.8622803964911867,0.7758340429502556,-0.6285168997771811,0.0,0.0,0.0,0.0,0.0,5.313967370190821,593.5,537.9871126612252,125.38355553545139,19.54086939856886,80.3492291302571,72.12284432112915,15.790486293728584,0.0,0.0,0.0,0.0,0.0,0.0,Dansby Swanson,0.5,1.0109519797809603,0.23306051870875655,,,HIT,1.178389585193174,8.850202283178442,14.341186990183479,5.37263924002071,9.241062871462955,0.39086058828451264,3.837636507085036,0.0,3.0,keepable x2yr,2,11.341186990183479,5.850202283178442,5.850202283178442,-2.55,0.0,0.0,3.300202283178442,True,2.01702193412376,6.8331803490546825,True,True
Pookie 2.0,16556,Ozzie Albies,HIT,False,5,2,1.9956289895192532,1.2817510151774936,1.920244414966917,0.33249115286564057,-0.05851877976097082,0.0,0.0,0.0,0.0,0.0,5.4715967927683336,629.5,570.95073798627,143.8328219546209,19.771834426749543,78.69449892774334,74.36768880782884,6.767165013984236,0.0,0.0,0.0,0.0,0.0,0.0,Ozzie Albies,0.5,1.0,0.2519180944785463,,,HIT,1.3360190077706866,9.900298845947399,15.532839533408378,5.4715967927683336,9.900298845947399,0.0,4.320067844669516,2.229036904142715,5.0,keepable x2yr,2,10.532839533408378,4.900298845947399,4.900298845947399,-2.355318631478692,0.0,0.0,2.5449802144687066,True,3.3617032235395996,6.538595622407799,True,True
Pookie 2.0,31539,Drake Baldwin,HIT,False,10,1,1.7011777174114195,1.5353412869345782,2.0384417001316155,0.045796298433389636,0.33339979609561876,0.0,0.0,0.0,0.0,0.0,5.654156799006621,549.0,492.77438367450407,130.89994411351964,23.683627595660106,67.08327487815453,78.94526177330467,0.9320882852292021,0.0,0.0,0.0,0.0,0.0,0.0,Drake Baldwin,0.5,1.092896174863388,0.26563869480679814,,,HIT,1.5185790140089743,11.11647810940715,16.912963194129347,6.177135217098432,14.600458639568041,3.48398053016089,5.191990536731035,8.03761633660126,10.0,keepable x1yr,1,6.912963194129347,1.1164781094071508,1.1164781094071508,0.0,0.0,0.0,1.1164781094071508,True,6.723406447079199,4.3930716623279515,True,True
Pookie 2.0,27498,Spencer Strider,PIT,True,4,2,0.0,0.0,0.0,0.0,0.0,2.17716581694389,0.0,2.07030488294409,-0.5916067179633843,-0.15769400973406483,3.498169972190531,0.0,0.0,89.77640397563454,0.0,0.0,0.0,0.0,103.875,8.240813658583233,0.0,122.30458708474035,45.55562022119762,34.762757814974236,Spencer Strider,0.375,1.444043321299639,,3.9470573476849924,1.1989329654932253,PIT,-0.6374078128071159,0.0,0.6140569155670138,5.087027959199561,7.338376054661056,7.338376054661056,4.888864704171583,6.018250981756847,4.0,keepable x2yr,2,-3.385943084432986,-4.0,-4.0,1.7155133344933196,0.0,0.0,-2.2844866655066802,False,2.68936257883168,-2.68936257883168,False,False
Pookie 2.0,19251,Pete Alonso,HIT,False,27,1,2.0855464536901844,2.1301263950775984,2.6500365394330925,0.19281595512670516,0.34934262439087055,0.0,0.0,0.0,0.0,0.0,7.407867967718451,668.5,596.7345764520236,157.64642925507272,32.85857073083026,82.24025308592951,102.63125420798644,3.924367233310022,0.0,0.0,0.0,0.0,0.0,0.0,Pete Alonso,0.5,1.0,0.2641818246772017,,,HIT,3.2722901827208037,22.79936091289044,30.17073157331451,7.407867967718451,22.79936091289044,0.0,5.940610952359401,13.024779979121403,27.0,keepable x1yr,1,3.1707315733145087,-4.200639087109561,-4.200639087109561,0.0,0.0,0.0,-4.200639087109561,False,18.15319740711384,4.646163505776599,False,True
Pookie 2.0,13066,Teoscar Hernández,HIT,False,6,F,1.5817788631403413,1.2732365177542622,1.9054253752786727,0.19527684971770431,0.03613083029509969,0.0,0.0,0.0,0.0,0.0,4.991848436186079,502.5,459.9212631195104,117.3294644133707,19.640492823516404,62.37496834484812,73.79377346487746,3.9744536179725403,0.0,0.0,0.0,0.0,0.0,0.0,Teoscar Hernández,0.5,1.1940298507462686,0.2551077191290516,,,HIT,0.8562706511884324,6.704308579641935,11.90602075883547,5.9596973521030865,13.151929862935912,6.447621283293977,4.165089751564285,1.1966029827771487,11.0,extension +$5,1,0.9060207588354707,-4.295691420358065,-4.295691420358065,0.0,0.0,0.0,-4.295691420358065,False,7.395747091787119,-0.6914385121451847,False,False
Pookie 2.0,14107,Kevin Gausman,PIT,False,5,1,0.0,0.0,0.0,0.0,0.0,2.671427120909539,0.0,2.604320319025524,-1.0776575866799492,-1.1023455375949776,3.0957443156601365,0.0,0.0,158.57901942439733,0.0,0.0,0.0,0.0,160.55,10.111647415447353,0.0,153.85189103252378,71.79134521854854,47.30210936422059,Kevin Gausman,0.5,1.0,,4.024429193191758,1.2823489803090495,PIT,-1.0398334693375104,0.0,0.0,3.0957443156601365,0.0,0.0,0.6536216807918471,0.0,5.0,keepable x1yr,1,-5.0,-5.0,-5.0,0.0,0.0,0.0,-5.0,False,3.3617032235395996,-3.3617032235395996,False,False
Pookie 2.0,21622,Jake McCarthy,HIT,False,10,2,1.6978523557567198,0.6847608328978505,1.4379099673426758,1.175312218800813,0.7282944135906423,0.0,0.0,0.0,0.0,0.0,5.7241297883887015,501.0,453.26353963824704,127.75511698400643,10.562876603694026,66.95214445734761,55.68772399572779,23.921032662156467,0.0,0.0,0.0,0.0,0.0,0.0,Jake McCarthy,0.5,1.1976047904191616,0.2818561516904023,,,HIT,1.5885520033910545,11.58262455868859,17.441947500426615,6.844883009254083,19.04886458988738,7.46624003119879,4.274913849085002,1.928229765581595,10.0,keepable x2yr,2,7.441947500426615,1.5826245586885896,1.5826245586885896,-6.861004699255645,0.0,0.0,-5.278380140567055,False,6.723406447079199,4.85921811160939,True,True
Pookie 2.0,11579,Bryce Harper,HIT,False,16,F,1.9919037777416653,1.6349787702468634,2.083631871408582,0.4153638483637226,0.20647985666011134,0.0,0.0,0.0,0.0,0.0,6.332358124420945,598.5,527.8646142813236,137.58846257335205,25.220599908863793,78.54760104453128,80.69539762502427,8.453866151009118,0.0,0.0,0.0,0.0,0.0,0.0,Bryce Harper,0.5,1.0025062656641603,0.2606510435647894,,,HIT,2.196780339423298,15.634523465645936,22.04005381612958,6.348190250585755,15.739994011659107,0.10547054601317107,4.446992212871926,3.07458236514592,21.0,extension +$5,1,1.0400538161295785,-5.365476534354064,-5.365476534354064,0.0,0.0,0.0,-5.365476534354064,False,14.11915353886632,1.5153699267796163,False,True
Pookie 2.0,18401,Ronald Acuña Jr.,HIT,False,26,1,2.278414904649259,1.50043231301034,1.6033343947399585,1.135900799165224,0.4695943806280937,0.0,0.0,0.0,0.0,0.0,6.987676792192875,502.0,430.9253155064857,117.53378716298806,23.145134203211203,89.84571792278314,62.094321115348286,23.118895288542845,0.0,0.0,0.0,0.0,0.0,0.0,Ronald Acuña Jr.,0.5,1.1952191235059761,0.27274746442975945,,,HIT,2.8520990071952284,20.000129006116953,26.994155304950098,8.34543320207275,29.045238198160494,9.04510919204354,7.758238057187443,25.13345832079992,26.0,keepable x1yr,1,0.9941553049500982,-5.999870993883047,-5.999870993883047,0.0,0.0,0.0,-5.999870993883047,False,17.480856762405917,2.519272243711036,False,True
Pookie 2.0,12768,Sonny Gray,PIT,False,7,1,0.0,0.0,0.0,0.0,0.0,2.8401412886996193,0.0,2.4367951459844526,-0.9156357361689064,-1.087255664784264,3.2740450337309017,0.0,0.0,152.3398502441821,0.0,0.0,0.0,0.0,152.6,10.750249219453552,0.0,143.95523412759908,67.45742864471919,43.866457298762846,Sonny Gray,0.5,1.0,,3.978485306700345,1.2857556195474766,PIT,-0.8615327512667452,0.0,0.0,3.2740450337309017,0.0,0.0,0.10818853993391109,0.0,7.0,keepable x1yr,1,-7.0,-7.0,-7.0,0.0,0.0,0.0,-7.0,False,4.70638451295544,-4.70638451295544,False,False
Pookie 2.0,33572,Kevin McGonigle,HIT,False,13,2,2.0340071263168533,1.0643077863184482,1.8610619693408164,0.5031339895207566,0.24052200857929598,0.0,0.0,0.0,0.0,0.0,5.7030328800761705,554.0,490.415247610025,128.66576447043673,16.417632661109824,80.20788055375142,72.07565678060176,10.240244595642064,0.0,0.0,0.0,0.0,0.0,0.0,Kevin McGonigle,0.5,1.0830324909747293,0.2623608566362335,,,HIT,1.5674550950785235,11.44208105772419,17.28245833886195,6.175097051145138,14.58688077430082,3.14479971657663,4.833583177576581,5.64997620086379,13.0,keepable x2yr,2,4.28245833886195,-1.5579189422758102,-1.5579189422758102,-6.2475202292657785,0.0,0.0,-7.805439171541589,False,8.740428381202959,2.701652676521231,False,True
Pookie 2.0,29766,Zack Gelof,HIT,True,10,2,1.5797053225699387,1.12223524368169,1.4910993163678667,0.665091176295055,-0.19955879580443836,0.0,0.0,0.0,0.0,0.0,4.658572263110113,441.5,396.7729204708407,97.20379313777116,17.31120097678618,62.29320152493763,57.74765393244084,13.53654586157449,0.0,0.0,0.0,0.0,0.0,0.0,Zack Gelof,0.5,1.3590033975084939,0.24498595575126902,,,HIT,0.5229944781124658,4.484087518895681,9.386507632744157,6.335624772848623,15.656285242283747,11.172197723388066,4.631967836786989,4.3068540038606695,10.0,keepable x2yr,2,-0.6134923672558426,-5.515912481104319,-5.515912481104319,-4.8391740967184305,0.0,0.0,-10.35508657782275,False,6.723406447079199,-2.2393189281835184,False,False
Pookie 2.0,20348,Riley O'Brien,PIT,False,10,2,0.0,0.0,0.0,0.0,0.0,0.6245998431213955,3.8453852494907577,1.019976682903701,-0.25560471293792725,-0.6575646710055706,4.576792391572355,0.0,0.0,50.159692112614906,0.0,0.0,0.0,0.0,58.72810650887574,2.3641795577926783,25.277885829800127,60.25577588417889,25.16994299563223,28.393528133975757,Riley O'Brien,0.48224852071005925,1.0,,3.857258481957937,1.3375745433699398,PIT,0.44121460657470823,3.939285916496503,8.768265236692413,4.576792391572355,3.939285916496503,0.0,2.698815366272238,0.0,10.0,keepable x2yr,2,-1.2317347633075872,-6.0607140835034965,-6.0607140835034965,-8.5,0.0,0.0,-14.560714083503496,False,6.723406447079199,-2.784120530582696,False,False
Pookie 2.0,15194,Jake Bauers,HIT,False,10,2,1.4612643011533568,1.336613869418748,1.571611692421593,0.5099874296491049,-0.4285110822443162,0.0,0.0,0.0,0.0,0.0,4.4509662103984855,436.0,384.1013395131181,90.0226432418529,20.618129266692982,57.62266562782512,60.865756649404375,10.37973209737639,0.0,0.0,0.0,0.0,0.0,0.0,Jake Bauers,0.5,1.3761467889908257,0.23437211480690082,,,HIT,0.31538842540083856,3.1010563639391355,7.817039974629507,6.135833745447191,14.32531626634174,11.224259902402604,2.721445899677331,0.0,10.0,keepable x2yr,2,-2.182960025370493,-6.8989436360608645,-6.8989436360608645,-8.5,0.0,0.0,-15.398943636060864,False,6.723406447079199,-3.6223500831400637,False,False
Pookie 2.0,10954,Jacob deGrom,PIT,False,21,F,0.0,0.0,0.0,0.0,0.0,2.6601460097929057,0.0,2.717977167579642,-0.41898113811044113,0.454452262987228,5.413594302249335,0.0,0.0,127.37921387216687,0.0,0.0,0.0,0.0,146.45,10.068947160900622,0.0,160.56624216325994,61.600297898439216,37.92425126876429,Jacob deGrom,0.5,1.02424035506999,,3.785610659514872,1.128736532201647,PIT,1.2780165172516877,9.513897532473775,15.094350232298652,5.544748653595007,10.387622318673241,0.8737247861994657,2.375986989996542,0.0,26.0,extension +$5,1,-10.905649767701348,-16.486102467526223,-16.486102467526223,0.0,0.0,0.0,-16.486102467526223,False,17.480856762405917,-7.966959229932142,False,False
Pookie 2.0,10310,Zack Wheeler,PIT,False,14,2,0.0,0.0,0.0,0.0,0.0,2.4753748164841096,0.0,2.525854884509138,0.02712012536325429,0.07397752996685945,5.102327356323361,0.0,0.0,123.22381474520516,0.0,0.0,0.0,0.0,139.05,9.369567737578043,0.0,149.21649522777432,55.61135960559183,39.20823249575565,Zack Wheeler,0.5,1.0787486515641855,,3.5994407511709916,1.1681556795466435,PIT,0.9667495713257139,7.440297663390161,12.741223248330053,5.50334466919609,10.111797025455141,2.6714993620649805,2.1343088686955465,0.0,14.0,keepable x2yr,2,-1.2587767516699468,-6.559702336609839,-6.559702336609839,-11.9,0.0,0.0,-18.45970233660984,False,9.41276902591088,-1.9724713625207189,False,False
Pookie 2.0,27470,Emerson Hancock,PIT,False,10,2,0.0,0.0,0.0,0.0,0.0,1.9150570514637593,0.0,1.9979142058242731,-1.2057485090091749,-0.6454522646666379,2.0617704836122197,0.0,0.0,130.0778025816421,0.0,0.0,0.0,0.0,137.5,7.248702962285856,0.0,118.02806146435275,63.28008910911143,41.47559818671222,Emerson Hancock,0.5,1.0909090909090908,,4.1419694689600215,1.2476610964971224,PIT,-2.0738073013854272,0.0,0.0,2.2670712496223873,0.0,0.0,1.128927064583306,0.0,10.0,keepable x2yr,2,-10.0,-10.0,-10.0,-8.5,0.0,0.0,-18.5,False,6.723406447079199,-6.723406447079199,False,False
Pookie 2.0,23796,Ryan Weathers,PIT,False,10,2,0.0,0.0,0.0,0.0,0.0,1.6892175169865802,0.0,2.104441125345582,-1.5249405376069367,-0.8726757972956944,1.3960423074295312,0.0,0.0,117.59106342296542,0.0,0.0,0.0,0.0,127.25,6.393875320824875,0.0,124.3212074704306,61.23678222089072,45.26920355738471,Ryan Weathers,0.5,1.1787819253438114,,4.3310887228920745,1.2798449271540286,PIT,-2.7395354775681158,0.0,0.0,1.6910994681886458,0.0,0.0,1.266727251360436,0.0,10.0,keepable x2yr,2,-10.0,-10.0,-10.0,-8.5,0.0,0.0,-18.5,False,6.723406447079199,-6.723406447079199,False,False
Pookie 2.0,31204,Justin Wrobleski,PIT,False,10,2,0.0,0.0,0.0,0.0,0.0,2.018155326465027,0.0,1.9876949790297926,-1.2131431352416033,-0.3289452474285882,2.4637619228246277,0.0,0.0,124.14553589336631,0.0,0.0,0.0,0.0,134.05,7.638941347527193,0.0,117.42435409558739,61.92473361429932,38.52476339545627,Justin Wrobleski,0.5,1.1189854531891084,,4.157572566420693,1.2135046571340735,PIT,-1.6718158621730193,0.0,0.0,2.776408697229597,0.0,0.0,2.012734391083178,0.0,10.0,keepable x2yr,2,-10.0,-10.0,-10.0,-8.5,0.0,0.0,-18.5,False,6.723406447079199,-6.723406447079199,False,False
Pookie 2.0,15640,Aaron Judge,HIT,True,39,F,1.9011342223993146,1.9144241110202511,2.0065690226365174,0.3231782008101191,0.417364159784853,0.0,0.0,0.0,0.0,0.0,6.5626697166510555,450.5,382.7563618145283,104.35193717872463,29.53122415934111,74.96824600756064,77.71088903254677,6.577619268830214,0.0,0.0,0.0,0.0,0.0,0.0,Aaron Judge,0.5,1.3318534961154274,0.27263279618403913,,,HIT,2.4270919316534085,17.16881450986871,23.781171623499763,8.730934632356488,31.61337376742205,14.44455925755334,7.03394244812808,20.30834180977624,44.0,extension +$5,1,-20.218828376500237,-26.83118549013129,-26.83118549013129,0.0,0.0,0.0,-26.83118549013129,False,29.582988367148477,-12.414173857279767,False,False
Producers,31347,Zach Neto,HIT,False,1,1,2.4006396244993162,1.7357110312881074,2.2351815965334407,1.0619312357512867,-0.19225514091431276,0.0,0.0,0.0,0.0,0.0,7.241208347157839,655.5,586.0495269133726,145.28072255927466,26.774459873206236,94.66545803264249,86.56465192887894,21.613398864592096,0.0,0.0,0.0,0.0,0.0,0.0,Zach Neto,0.5,1.0,0.2478983701675259,,,HIT,3.105630562160192,21.689106927045767,28.910812216594856,7.241208347157839,21.689106927045767,0.0,7.575595865141602,23.916731551470967,1.0,keepable x1yr,1,27.910812216594856,20.689106927045767,20.689106927045767,0.0,0.0,15.229221818750322,35.91832874579609,True,0.67234064470792,21.016766282337848,True,True
Producers,27769,Pete Crow-Armstrong,HIT,False,17,1,2.591076755027476,1.939367071859508,2.542692058290598,1.6879055345335254,0.384806212783126,0.0,0.0,0.0,0.0,0.0,9.145847632494233,659.0,597.5798431742858,158.4941404197555,29.915985385185266,102.17504756198731,98.47399125405127,34.3538021440871,0.0,0.0,0.0,0.0,0.0,0.0,Pete Crow-Armstrong,0.5,1.0,0.2652267177852755,,,HIT,5.010269847496586,34.37744349608296,43.309572366725355,9.145847632494233,34.37744349608296,0.0,8.319617309159824,28.873257739376893,17.0,keepable x1yr,1,26.309572366725355,17.37744349608296,17.37744349608296,0.0,0.0,5.842269078470359,23.21971257455332,True,11.429790960034639,22.947652536048324,True,True
Producers,20599,Iván Herrera,HIT,False,1,2,1.923521891168289,1.1043515520270664,1.8545422030096554,0.4268833907894566,0.3834494038248983,0.0,0.0,0.0,0.0,0.0,5.692748440819367,584.5,514.1998775399129,137.23670501955414,17.035333521916016,75.85106860894966,71.82315769775772,8.68832244799226,0.0,0.0,0.0,0.0,0.0,0.0,Iván Herrera,0.5,1.0265183917878529,0.26689369448342903,,,HIT,1.5571706558217198,11.373568123165509,17.20470966735371,5.842982973880089,12.374401369881781,1.0008332467162724,4.844573006486644,5.723188304132143,1.0,keepable x2yr,2,16.20470966735371,10.373568123165509,10.373568123165509,4.014710058512321,0.0,0.0,14.38827818167783,True,0.67234064470792,10.70122747845759,True,True
Producers,27463,Garrett Crochet,PIT,True,15,1,0.0,0.0,0.0,0.0,0.0,2.5646206542977596,0.0,2.472429942949679,0.9146780121360678,0.28630588177229904,6.238034491155806,0.0,0.0,105.51968789976391,0.0,0.0,0.0,0.0,120.96296296296296,9.707373114413695,0.0,146.06038258403456,42.45392804281493,32.46762998803547,Garrett Crochet,0.35185185185185186,1.2400489895897122,,3.15869703441642,1.1407402274864002,PIT,2.1024567061581587,15.00615776170576,21.326982641797617,7.705152129879711,24.77981019543272,9.77365243372696,8.612642767160143,30.825336362887825,15.0,keepable x1yr,1,6.326982641797617,0.006157761705759768,0.006157761705759768,0.0,0.0,9.20153590845465,9.20769367016041,True,10.085109670618799,4.921048091086961,True,True
Producers,27615,Alec Burleson,HIT,False,7,1,1.7067815823842256,1.3309086087431459,2.0718480782100657,0.22695470552635724,0.6713239900366522,0.0,0.0,0.0,0.0,0.0,6.007816964900446,598.0,543.9730134932535,149.9176546889346,20.530121948498014,67.30425450333021,80.2390320401369,4.619190404797601,0.0,0.0,0.0,0.0,0.0,0.0,Alec Burleson,0.5,1.0033444816053512,0.2755975957818244,,,HIT,1.8722391799027989,13.472493366716003,19.586575957745715,6.027747238691457,13.605264975345687,0.1327716086296835,4.680117435266228,4.6276172664228366,7.0,keepable x1yr,1,12.586575957745715,6.472493366716003,6.472493366716003,0.0,0.0,0.0,6.472493366716003,True,4.70638451295544,8.766108853760564,True,True
Producers,27467,Tyler Soderstrom,HIT,False,10,1,1.7651998448620279,1.6556316184111515,2.3506868413235398,0.17275722036439986,0.006688298331318744,0.0,0.0,0.0,0.0,0.0,5.950963823292438,591.0,533.9581921065826,135.60350571704592,25.53918338530329,69.6078870512957,91.0379669054884,3.516113458921281,0.0,0.0,0.0,0.0,0.0,0.0,Tyler Soderstrom,0.5,1.015228426395939,0.25395903222696187,,,HIT,1.8153860382947906,13.09374879220087,19.15677554561648,6.041563230985791,13.697304429543328,0.603555637342458,6.214260852464907,14.847782403440727,10.0,keepable x1yr,1,9.15677554561648,3.09374879220087,3.09374879220087,0.0,0.0,0.0,3.09374879220087,True,6.723406447079199,6.370342345121671,True,True
Producers,22266,Xavier Edwards,HIT,False,10,1,1.8050037308414433,0.3633287055952643,1.3708225038060138,1.2112772792554651,0.7809520896517906,0.0,0.0,0.0,0.0,0.0,5.531384309149978,614.0,551.6790927638774,153.8289051328927,5.604579145599522,71.1774908599083,53.08954452840877,24.653026571579076,0.0,0.0,0.0,0.0,0.0,0.0,Xavier Edwards,0.5,1.0,0.27883765607686817,,,HIT,1.3958065241523308,10.298591654626467,15.984823336839822,5.531384309149978,10.298591654626467,0.0,4.634195523441515,4.321694419187912,10.0,keepable x1yr,1,5.984823336839822,0.29859165462646686,0.29859165462646686,0.0,0.0,0.0,0.29859165462646686,True,6.723406447079199,3.5751852075472677,True,True
Producers,20503,William Contreras,HIT,False,11,?,2.1016825735938935,1.1585088130181145,2.0573766967279186,0.19518466350621108,0.42853147408604414,0.0,0.0,0.0,0.0,0.0,5.9412842209321814,638.0,566.1267633666943,151.2610349390134,17.87074413180969,82.87655566377805,79.67858088803591,3.9725773596125444,0.0,0.0,0.0,0.0,0.0,0.0,William Contreras,0.5,1.0,0.2671858048884326,,,HIT,1.8057064359345345,13.029265163438753,19.083599341698502,5.9412842209321814,13.029265163438753,0.0,5.96479781006915,13.185908122141152,16.0,unknown,1,3.083599341698502,-2.970734836561247,-2.970734836561247,0.0,0.0,0.0,-2.970734836561247,False,10.75745031532672,2.271814848112033,False,True
Producers,29779,Max Muncy,HIT,False,4,2,1.0251784609048897,0.619434983811003,1.2346977190974975,0.18282178219392436,-0.15830123201942176,0.0,0.0,0.0,0.0,0.0,2.9038317139878926,339.10810810810807,306.63766243523673,75.07933671771784,9.555183333598883,40.42630454664834,47.81767103702823,3.7209566558209044,0.0,0.0,0.0,0.0,0.0,0.0,Max Muncy,0.4802494802494803,1.769347254323743,0.2448470814754366,,,HIT,-1.2317460710097543,0.0,0.0,5.145591392518756,7.72851425999639,7.72851425999639,4.427063521253012,2.941821296639095,4.0,keepable x2yr,2,-4.0,-4.0,-4.0,-0.8994518978567692,0.0,0.0,-4.899451897856769,False,2.68936257883168,-2.68936257883168,False,False
Producers,31838,Kodai Senga,PIT,False,1,F,0.0,0.0,0.0,0.0,0.0,1.3737419743491954,0.3966729833724333,1.6198423468730263,-1.0021387264420323,-1.2173809902017874,1.1707375879508357,0.0,0.0,82.30451554423742,0.0,0.0,0.0,0.0,91.57787356321839,5.199765464569438,2.607555221361098,95.6932242245175,43.25448602940159,43.34558720936386,Kodai Senga,0.4971264367816093,1.6379502402013235,,4.250921746898588,1.372057439910548,PIT,-2.9648401970468115,0.0,0.0,2.0678440480502642,0.0,0.0,1.1265152477464044,0.0,6.0,extension +$5,1,-6.0,-6.0,-6.0,0.0,0.0,0.0,-6.0,False,4.03404386824752,-4.03404386824752,False,False
Producers,26151,Kyle Stowers,HIT,True,10,1,1.416975937248366,1.3061277754158482,1.728513867110203,0.10008737395156107,-0.18429805515230754,0.0,0.0,0.0,0.0,0.0,4.36740689857367,476.5,425.3000981127083,104.69633936465341,20.14786164388155,55.87622346641294,66.94230191081328,2.037070067907223,0.0,0.0,0.0,0.0,0.0,0.0,Kyle Stowers,0.5,1.2591815320041972,0.24617050367316856,,,HIT,0.23182911357602265,2.544400476352979,7.18534530229002,5.5023874089649825,10.10541994393112,7.561019467578141,4.178243868246727,1.2842331503475601,10.0,keepable x1yr,1,-2.8146546977099796,-7.455599523647021,-7.455599523647021,0.0,0.0,0.0,-7.455599523647021,False,6.723406447079199,-4.17900597072622,False,False
Producers,13543,Blake Snell,PIT,False,7,2,0.0,0.0,0.0,0.0,0.0,1.4511652109470454,0.0,1.6484102303229424,-0.19383698115785555,-0.43163159281386,2.4741068672982722,0.0,0.0,62.18527148538031,0.0,0.0,0.0,0.0,77.2566371681416,5.492820986882798,0.0,97.38089023835519,32.23361357771985,34.997345488429524,Blake Snell,0.3805309734513274,1.9415807560137457,,3.7550498291570547,1.2579193262360266,PIT,-1.6614709176993747,0.0,0.0,4.866662640898081,5.87034515333564,5.87034515333564,2.4505033381611634,0.0,7.0,keepable x2yr,2,-7.0,-7.0,-7.0,-5.95,0.0,0.0,-12.95,False,4.70638451295544,-4.70638451295544,False,False
Producers,26288,Adley Rutschman,HIT,False,14,1,1.408029481341198,0.9418174938800511,1.5893936189387539,0.021706909642368058,-0.03890449473181142,0.0,0.0,0.0,0.0,0.0,3.9220430090705594,501.0,444.16028097062576,112.01654901271881,14.528141057593718,55.52343401081211,61.55441938802491,0.44179894179894175,0.0,0.0,0.0,0.0,0.0,0.0,Adley Rutschman,0.5,1.1976047904191616,0.25219848287183283,,,HIT,-0.21353477592708758,0.0,3.818467451006013,4.697364947467067,4.742516838991598,4.742516838991598,4.323665896580079,2.253006426343355,14.0,keepable x1yr,1,-10.181532548993987,-14.0,-14.0,0.0,0.0,0.0,-14.0,False,9.41276902591088,-9.41276902591088,False,False
Producers,12916,Francisco Lindor,HIT,False,21,F,1.9577898437994905,1.3282821518527361,1.7288363927080181,0.6148138939886677,5.6877455288896086e-05,0.0,0.0,0.0,0.0,0.0,5.629779159804201,542.0,483.27920401565075,122.62513125237075,20.48960716040636,77.20237156944718,66.95479275994892,12.513256481121466,0.0,0.0,0.0,0.0,0.0,0.0,Francisco Lindor,0.5,1.1070110701107012,0.2537355843857076,,,HIT,1.4942013748065541,10.954079017179966,16.728672245914407,6.232106166441942,14.966664415202219,4.012585398022253,5.6541820030798515,11.116646014042175,26.0,extension +$5,1,-9.271327754085593,-15.045920982820034,-15.045920982820034,0.0,0.0,0.0,-15.045920982820034,False,17.480856762405917,-6.526777745225951,False,False
Producers,15816,Devin Williams,PIT,True,13,2,0.0,0.0,0.0,0.0,0.0,1.4467563798270726,2.0603568243148076,1.1752774683500364,0.1534242206678916,0.022116276063688503,4.857931169223496,0.0,0.0,38.48018567250399,0.0,0.0,0.0,0.0,52.52530120481928,5.4761330729769755,13.543887333675185,69.43026926166607,20.087778408742327,23.022191378946506,Devin Williams,0.39759036144578314,1.8458511492369418,,3.4419603796977976,1.1709095548376895,PIT,0.7223533842258494,5.812177786841055,10.893628217213257,8.957119389908817,33.12017264146876,27.307994854627708,4.450940224927922,3.100883253787016,13.0,keepable x2yr,2,-2.106371782786743,-7.187822213158945,-7.187822213158945,-8.414249234281037,0.0,0.0,-15.602071447439982,False,8.740428381202959,-2.928250594361904,False,False
Producers,23733,Ezequiel Duran,HIT,False,10,2,1.4456879673415912,0.8050003091393021,1.410987829797489,0.5717939609986892,-0.05931939025989034,0.0,0.0,0.0,0.0,0.0,4.174150677017181,482.0,442.6665951934245,111.28077329749131,12.417647918601746,57.00843733645146,54.64507696007086,11.637675332797285,0.0,0.0,0.0,0.0,0.0,0.0,Ezequiel Duran,0.5,1.2448132780082988,0.2513873296648166,,,HIT,0.038572892019534066,1.25696510628181,5.724360010673035,5.1967987736804,8.06964787621452,6.812682769932709,2.9375143148028786,0.0,10.0,keepable x2yr,2,-4.275639989326965,-8.74303489371819,-8.74303489371819,-8.5,0.0,0.0,-17.24303489371819,False,6.723406447079199,-5.466441340797389,False,False
Producers,26202,Jake Mangum,HIT,False,10,2,1.1569355554426042,0.24738368461493962,1.0086442017488448,0.998155632615982,0.680884982205155,0.0,0.0,0.0,0.0,0.0,4.092004056627525,433.0,400.184983974359,113.37217700275106,3.816052567283116,45.62193890016539,39.06301589986468,20.315379273504274,0.0,0.0,0.0,0.0,0.0,0.0,Jake Mangum,0.5,1.3856812933025404,0.2832994278716243,,,HIT,-0.043573728370121856,0.7097202943442059,5.103345053541365,5.650907406832927,11.094831290577961,10.385110996233754,3.1672937618115506,0.0,10.0,keepable x2yr,2,-4.896654946458635,-9.290279705655793,-9.290279705655793,-8.5,0.0,0.0,-17.79027970565579,False,6.723406447079199,-6.013686152734993,False,False
Producers,4949,Giancarlo Stanton,HIT,True,10,2,0.6034170302851177,0.8080010374535902,1.0077884272228093,0.032547853069741124,-0.4623108995708055,0.0,0.0,0.0,0.0,0.0,1.9894434484604528,252.39107611548556,226.62285202488832,49.63960765597835,12.463936084311955,23.794804090410384,39.02987325763339,0.6624437693319831,0.0,0.0,0.0,0.0,0.0,0.0,Giancarlo Stanton,0.3438320209973753,2.0,0.21904060959627672,,,HIT,-2.146134336537194,0.0,0.0,4.00525556096098,0.1318186841291321,0.1318186841291321,1.832137889132773,0.0,10.0,keepable x2yr,2,-10.0,-10.0,-10.0,-8.5,0.0,0.0,-18.5,False,6.723406447079199,-6.723406447079199,False,False
Producers,17982,Ty France,HIT,False,10,2,1.2867584458090164,0.9646185639011827,1.4324968607738922,0.04914677142040425,0.027189711166851017,0.0,0.0,0.0,0.0,0.0,3.7602103530713467,478.0,430.44483845547677,109.69059872344724,14.879862238909192,50.741300946112254,55.47808389905403,1.0002801856229753,0.0,0.0,0.0,0.0,0.0,0.0,Ty France,0.5,1.2552301255230125,0.25483079113467666,,,HIT,-0.3753674319263003,0.0,2.5950391535162405,4.71915351809348,4.887668059799971,4.887668059799971,2.506164769084946,0.0,10.0,keepable x2yr,2,-7.4049608464837595,-10.0,-10.0,-8.5,0.0,0.0,-18.5,False,6.723406447079199,-6.723406447079199,False,False
Producers,20492,Casey Mize,PIT,False,10,2,0.0,0.0,0.0,0.0,0.0,1.948931539067564,0.0,1.9675650688828819,-1.061550311139988,-0.7411072010186538,2.1138390957918043,0.0,0.0,124.23690732043832,0.0,0.0,0.0,0.0,128.0,7.376921648226274,0.0,116.23516675953195,58.44820504656531,37.52466767491841,Casey Mize,0.5,1.171875,,4.1096394173366235,1.2637623046512245,PIT,-2.0217386892058427,0.0,0.0,2.510052669997436,0.0,0.0,1.26055475943277,0.0,10.0,keepable x2yr,2,-10.0,-10.0,-10.0,-8.5,0.0,0.0,-18.5,False,6.723406447079199,-6.723406447079199,False,False
Producers,35418,Gage Jump,PIT,False,10,2,0.0,0.0,0.0,0.0,0.0,2.079549924953246,0.0,1.8141270559633293,-0.756234219001526,-0.4068779639864708,2.730564797928579,0.0,0.0,99.94695595573533,0.0,0.0,0.0,0.0,108.45,7.871326700010424,0.0,107.17071786225534,48.489487262822905,33.6913389162962,Gage Jump,0.5,1.3831258644536653,,4.024023839238415,1.2322572141266162,PIT,-1.405012987069068,0.0,0.0,3.824129977004344,0.0,0.0,3.704350835908044,0.0,10.0,keepable x2yr,2,-10.0,-10.0,-10.0,-8.5,0.0,0.0,-18.5,False,6.723406447079199,-6.723406447079199,False,False
Producers,21306,Jacob Latz,PIT,False,10,2,0.0,0.0,0.0,0.0,0.0,0.5773907037925652,3.151207528588999,1.2087285393890064,-0.8681869865528861,-0.6782064756282425,3.390933309589442,0.0,0.0,61.32466789914044,0.0,0.0,0.0,0.0,72.0,2.1854877387482814,20.714664192418205,71.40641271023176,34.44193557735461,33.22807753149478,Jacob Latz,0.5,1.2068745004879333,,4.305241947169327,1.313232575425489,PIT,-0.7446444754082049,0.0,0.0,4.113104874825736,0.8502898422067453,0.8502898422067453,1.3089318873544502,0.0,10.0,keepable x2yr,2,-10.0,-10.0,-10.0,-8.5,0.0,0.0,-18.5,False,6.723406447079199,-6.723406447079199,False,False
Producers,33891,Zac Thornton,PIT,False,10,2,0.0,0.0,0.0,0.0,0.0,1.2119479818230379,0.0,1.0056026123558233,-0.8523159819333802,-0.47803954267607734,0.8871950695694033,0.0,0.0,77.24907759920455,0.0,0.0,0.0,0.0,79.69999999999999,4.587357290093386,0.0,59.40661845931444,37.462869719517904,23.494829137793342,Zac Thornton,0.5,1.8820577164366377,,4.230436982128748,1.2640389803889325,PIT,-3.2483827154282436,0.0,0.0,1.7945177129925702,0.0,0.0,1.4607874511806007,0.0,10.0,keepable x2yr,2,-10.0,-10.0,-10.0,-8.5,0.0,0.0,-18.5,False,6.723406447079199,-6.723406447079199,False,False
Producers,30184,Noah Cameron,PIT,False,10,2,0.0,0.0,0.0,0.0,0.0,2.323334057536989,0.0,2.2660370910022394,-1.1579681695275243,-0.7426115723151953,2.688791406696509,0.0,0.0,145.2194624675609,0.0,0.0,0.0,0.0,152.55,8.794076632012388,0.0,133.86759265119292,69.08422270591231,45.629228987499694,Noah Cameron,0.5,1.0,,4.075765351381257,1.251056646706395,PIT,-1.4467863783011379,0.0,0.0,2.688791406696509,0.0,0.0,2.358578024833831,0.0,10.0,keepable x2yr,2,-10.0,-10.0,-10.0,-8.5,0.0,0.0,-18.5,False,6.723406447079199,-6.723406447079199,False,False
Producers,12730,Nick Martinez,PIT,False,10,2,0.0,0.0,0.0,0.0,0.0,2.752495831997156,0.0,1.7088235556634914,-1.1431572599730895,-1.315427597570044,2.0027345301175146,0.0,0.0,156.49079182853902,0.0,0.0,0.0,0.0,153.0,10.418501462307391,0.0,100.94984613034178,69.16667685189228,43.699374154262514,Nick Martinez,0.5,1.0,,4.06862805011131,1.3084324574039317,PIT,-2.1328432548801324,0.0,0.0,2.0027345301175146,0.0,0.0,-0.3524803493513122,0.0,10.0,keepable x2yr,2,-10.0,-10.0,-10.0,-8.5,0.0,0.0,-18.5,False,6.723406447079199,-6.723406447079199,False,False
Producers,15998,Cody Bellinger,HIT,True,23,2,1.8765945498082153,1.1885210466677594,2.060172514376171,0.5429748585862539,0.29316371785008594,0.0,0.0,0.0,0.0,0.0,5.961426687288486,562.5,507.5728236377561,133.9574353031351,18.333702153665072,74.00056251100418,79.78685798818427,11.051122518086244,0.0,0.0,0.0,0.0,0.0,0.0,Cody Bellinger,0.5,1.0666666666666667,0.2639176667164073,,,HIT,1.825848902290839,13.163450357678386,19.235873078846204,6.35740613622086,15.801388449766224,2.637938092087838,5.785199160036598,11.989456837899542,23.0,keepable x2yr,2,-3.764126921153796,-9.836549642321614,-9.836549642321614,-9.358961687785389,0.0,0.0,-19.195511330107003,False,15.46383482828216,-2.300384470603774,False,False
Producers,33829,Shota Imanaga,PIT,False,14,2,0.0,0.0,0.0,0.0,0.0,2.3175826032025846,0.0,2.3730882041356494,-1.1010434340790027,0.06521142115238043,3.654838794411612,0.0,0.0,142.31700105001738,0.0,0.0,0.0,0.0,151.2,8.772306740593548,0.0,140.19170573067558,68.14822528900065,34.52653172303753,Shota Imanaga,0.5,1.0,,4.056441981488134,1.1696000844778764,PIT,-0.4807389905860351,0.0,1.798447477880946,3.654838794411612,0.0,0.0,1.5357245072795644,0.0,14.0,keepable x2yr,2,-12.201552522119053,-14.0,-14.0,-11.9,0.0,0.0,-25.9,False,9.41276902591088,-9.41276902591088,False,False
Producers,13611,Mookie Betts,HIT,False,22,2,1.9453496769630565,1.2153050853472145,1.7680015235188786,0.2410773241819743,0.18455473662239238,0.0,0.0,0.0,0.0,0.0,5.354288346633517,548.5,485.01554343260597,126.30872277400486,18.746863190230748,76.71181310346371,68.47158939143927,4.906626897613856,0.0,0.0,0.0,0.0,0.0,0.0,Mookie Betts,0.5,1.0938924339106655,0.26042201014853816,,,HIT,1.21871056163587,9.11881278797898,14.646006949157968,5.8557140040177025,12.459213017158117,3.340400229179137,4.914875193282634,6.191527802573864,22.0,keepable x2yr,2,-7.353993050842032,-12.88118721202102,-12.88118721202102,-13.437201367812214,0.0,0.0,-26.318388579833233,False,14.791494183574239,-5.672681395595259,False,False
Spehr's Army,28163,Junior Caminero,HIT,False,11,1,2.2595089157154185,2.614252360570468,3.033404276828625,0.22538683151784672,0.6765218125676272,0.0,0.0,0.0,0.0,0.0,8.809074197199985,664.5,604.5998296014421,165.48956241399526,40.326525363259215,89.1001899044512,117.47841239856687,4.5872795944037525,0.0,0.0,0.0,0.0,0.0,0.0,Junior Caminero,0.5,1.0,0.27371751414995854,,,HIT,4.673496412202338,32.133924354467865,40.76362051270754,8.809074197199985,32.133924354467865,0.0,8.68321421780914,31.295469644760942,11.0,keepable x1yr,1,29.76362051270754,21.133924354467865,21.133924354467865,0.0,0.0,13.0011491980468,34.13507355251467,True,7.395747091787119,24.738177262680747,True,True
Spehr's Army,31757,Mason Miller,PIT,False,15,1,0.0,0.0,0.0,0.0,0.0,0.8726219298197276,3.8453852494907577,1.8653183402123885,1.5749709185625647,1.164898969382561,9.323195407467999,0.0,0.0,35.82385538852297,0.0,0.0,0.0,0.0,64.13865791393143,3.3029706153167115,25.277885829800127,110.19487576962374,15.680917692784432,22.856497504482974,Mason Miller,0.4894237782640408,1.0,,2.200361900687755,0.9148983592976009,PIT,5.187617622470352,35.55889988835704,44.65029241522292,9.323195407467999,35.55889988835704,0.0,7.31714917760611,22.195009973086147,15.0,keepable x1yr,1,29.65029241522292,20.55889988835704,20.55889988835704,0.0,0.0,1.8657584771232252,22.424658365480266,True,10.085109670618799,25.47379021773824,True,True
Spehr's Army,25816,Shea Langeliers,HIT,True,2,1,1.6064022131789597,1.7172689209812686,2.0068720248655327,0.14330957256039095,0.12398026665062181,0.0,0.0,0.0,0.0,0.0,5.597832998236774,485.0,441.1074831643988,114.08871459979035,26.489978451191387,63.34595153029398,77.72262377594707,2.916767911691197,0.0,0.0,0.0,0.0,0.0,0.0,Shea Langeliers,0.5,1.2371134020618557,0.25864153058874767,,,HIT,1.4622552132391267,10.741259900627528,16.48716451178959,6.922804733198553,19.567963963222216,8.826704062594688,6.234612457690708,14.983360840162685,2.0,keepable x1yr,1,14.48716451178959,8.741259900627528,8.741259900627528,0.0,0.0,6.785856714138283,15.52711661476581,True,1.34468128941584,9.396578611211687,True,True
Spehr's Army,29518,James Wood,HIT,True,10,F,2.4979298358952136,2.0288040462265435,2.4457120390890097,0.8344955867621499,0.3473167887432676,0.0,0.0,0.0,0.0,0.0,8.154258296716185,653.5,576.9415683175272,152.57152967398875,31.295608282202902,98.50194491301134,94.71812568175888,16.98441985715958,0.0,0.0,0.0,0.0,0.0,0.0,James Wood,0.5,1.0,0.2644488420533066,,,HIT,4.018680511718538,27.771668151909186,35.81331986200311,8.154258296716185,27.771668151909186,0.0,7.86241711290641,25.827478932778043,15.0,extension +$5,1,20.813319862003112,12.771668151909186,12.771668151909186,0.0,0.0,0.0,12.771668151909186,True,10.085109670618799,17.686558481290387,True,True
Spehr's Army,24617,Jarren Duran,HIT,False,1,?,2.053442640774368,1.2467596674496277,1.9631259897929179,1.056359608763624,-0.3532539375024909,0.0,0.0,0.0,0.0,0.0,5.966433969278047,625.0,565.5,137.21515971183118,19.23207036535859,80.97428958051421,76.02841677943167,21.5,0.0,0.0,0.0,0.0,0.0,0.0,Jarren Duran,0.5,1.0,0.24264396058679255,,,HIT,1.8308561842803996,13.196807896645876,19.2737273082149,5.966433969278047,13.196807896645876,0.0,5.572959319051272,10.575556286486142,6.0,unknown,1,13.273727308214902,7.1968078966458755,7.1968078966458755,0.0,0.0,0.0,7.1968078966458755,True,4.03404386824752,9.162764028398357,True,True
Spehr's Army,18882,Brandon Lowe,HIT,False,1,1,1.7809391447593619,1.4840499454464318,1.7918786916145297,0.15117236759537195,-0.3726896619652043,0.0,0.0,0.0,0.0,0.0,4.835350487450491,557.0,503.18364159270095,121.10898508821435,22.89242563878936,70.22854165463085,69.39631011589985,3.0767987305994944,0.0,0.0,0.0,0.0,0.0,0.0,Brandon Lowe,0.5,1.0771992818671454,0.24068545770859004,,,HIT,0.6997727024528437,5.661749675597084,10.72292197200499,5.210572788589582,8.161407685234614,2.49965800963753,3.159215213236585,0.0,1.0,keepable x1yr,1,9.72292197200499,4.661749675597084,4.661749675597084,0.0,0.0,0.0,4.661749675597084,True,0.67234064470792,4.989409030889164,True,True
Spehr's Army,18839,Josh Naylor,HIT,False,9,F,1.6735946451833619,1.1883557134239766,2.131835514444233,1.0646555266176074,0.5290986729702087,0.0,0.0,0.0,0.0,0.0,6.587540072639388,608.0,549.3343755682758,148.76556175097278,18.331151781960582,65.995579690685,82.56223993777263,21.668846131924145,0.0,0.0,0.0,0.0,0.0,0.0,Josh Naylor,0.5,1.0,0.27081058161903243,,,HIT,2.4519622876417406,17.33449598551673,23.969187429684876,6.587540072639388,17.33449598551673,0.0,5.783975282829304,11.981303605922825,14.0,extension +$5,1,9.969187429684876,3.3344959855167318,3.3344959855167318,0.0,0.0,0.0,3.3344959855167318,True,9.41276902591088,7.921726959605852,True,True
Spehr's Army,29995,Daylen Lile,HIT,False,8,2,1.9293461350173842,0.883604269701903,1.8703416399610304,0.7136545939287251,0.0539355292989051,0.0,0.0,0.0,0.0,0.0,5.450882167907948,612.0,557.4448994907531,142.40254428570748,13.630164604859477,76.0807385294332,72.43504210235785,14.524953095684804,0.0,0.0,0.0,0.0,0.0,0.0,Daylen Lile,0.5,1.0,0.2554558206843359,,,HIT,1.315304382910301,9.762302043007626,15.376240371949864,5.450882167907948,9.762302043007626,0.0,5.224953749667679,8.257210851613646,8.0,keepable x2yr,2,7.376240371949864,1.762302043007626,1.762302043007626,0.21862922387159908,0.0,0.0,1.980931266879225,True,5.37872515766336,4.383576885344266,True,True
Spehr's Army,26319,Michael Busch,HIT,False,10,F,2.128002063893948,1.653179434714415,2.3071384184881834,0.14884389804665016,0.001814269447484137,0.0,0.0,0.0,0.0,0.0,6.238978084590681,644.5,572.8040205616655,145.37554786267108,25.50135687339752,83.91442347992724,89.35141308335565,3.029407581901456,0.0,0.0,0.0,0.0,0.0,0.0,Michael Busch,0.5,1.0,0.253796311904589,,,HIT,2.1034002995930337,15.012443797690738,21.33411605317509,6.238978084590681,15.012443797690738,0.0,5.745491572822711,11.724932612870129,15.0,extension +$5,1,6.334116053175091,0.012443797690737668,0.012443797690737668,0.0,0.0,0.0,0.012443797690737668,True,10.085109670618799,4.927334127071939,True,True
Spehr's Army,19959,Jesús Luzardo,PIT,False,10,1,0.0,0.0,0.0,0.0,0.0,2.958217588165267,0.0,3.3475620920522067,-0.8352343569451515,-0.10513823140176783,5.365407091870554,0.0,0.0,154.25309611962106,0.0,0.0,0.0,0.0,173.6,11.197181085560722,0.0,197.7593748543709,75.42564883607795,51.57126773989038,Jesús Luzardo,0.5,1.0,,3.9103158958796174,1.1856242157805958,PIT,1.2298293068729071,9.192883706750347,14.730062836837629,5.365407091870554,9.192883706750347,0.0,3.787561212168673,0.0,10.0,keepable x1yr,1,4.730062836837629,-0.8071162932496527,-0.8071162932496527,0.0,0.0,0.0,-0.8071162932496527,False,6.723406447079199,2.469477259671148,False,True
Spehr's Army,17995,Logan Webb,PIT,False,27,2,0.0,0.0,0.0,0.0,0.0,3.583462786230387,0.0,2.7578993050563945,1.2855899157673742,0.5430034283916956,8.169955435445852,0.0,0.0,172.21634462959727,0.0,0.0,0.0,0.0,187.15,13.563803383264844,0.0,162.9246680066512,66.15377878014189,39.34961965337565,Logan Webb,0.5,1.0,,3.181319845157772,1.1304620052523264,PIT,4.034377650448205,27.87623943787723,35.931987652461856,8.169955435445852,27.87623943787723,0.0,7.310653499415761,22.15173702804199,27.0,keepable x2yr,2,8.931987652461856,0.8762394378772314,0.8762394378772314,-4.12102352616431,0.0,0.0,-3.244784088287078,False,18.15319740711384,9.723042030763391,True,True
Spehr's Army,26294,Bryson Stott,HIT,False,10,2,1.7292099092240454,0.756913072497654,1.6311204781465238,1.223552000128792,0.14506428638474608,0.0,0.0,0.0,0.0,0.0,5.485859746381761,570.0,511.8588094673317,132.43569193003668,11.675871341356807,68.18868039196819,63.17042725468234,24.90285295322709,0.0,0.0,0.0,0.0,0.0,0.0,Bryson Stott,0.5,1.0526315789473684,0.25873481022600064,,,HIT,1.3502819613841144,9.995315869542905,15.6406651199608,5.773995439328225,11.914819829061294,1.919503959518389,4.774256225228166,5.254751580219168,10.0,keepable x2yr,2,5.640665119960801,-0.004684130457095037,-0.004684130457095037,-4.033461156813707,0.0,0.0,-4.038145287270802,False,6.723406447079199,3.2719094224637058,False,True
Spehr's Army,30116,Seiya Suzuki,HIT,False,16,F,1.8835175257123373,1.641782143779637,2.2094570612691595,0.22310551229171346,0.14245799937238945,0.0,0.0,0.0,0.0,0.0,6.100320242425237,593.0,527.3188513021308,136.31815410610903,25.3255463246969,74.27355920664496,85.56838592318246,4.540848092332908,0.0,0.0,0.0,0.0,0.0,0.0,Seiya Suzuki,0.5,1.0118043844856661,0.258511816464541,,,HIT,1.9647424574275902,14.088732214675241,20.285885541683644,6.172200807183418,14.567586560191478,0.4788543455162362,4.988385147179429,6.68123682170302,21.0,extension +$5,1,-0.7141144583163559,-6.911267785324759,-6.911267785324759,0.0,0.0,0.0,-6.911267785324759,False,14.11915353886632,-0.030421324191078014,False,False
Spehr's Army,27475,Jordan Walker,HIT,False,10,2,1.676746750023724,1.3399118160147394,1.9094587037399136,0.6407604183012827,-0.15358736371291723,0.0,0.0,0.0,0.0,0.0,5.413290324366742,598.5,543.9144500862776,135.29141713711604,20.669002215707323,66.1198780007831,73.94997718224147,13.041343950666176,0.0,0.0,0.0,0.0,0.0,0.0,Jordan Walker,0.5,1.0025062656641603,0.24873657450294923,,,HIT,1.2777125393690953,9.511872490927288,15.092052209436218,5.426881863152583,9.602416679495473,0.09054418856818458,3.872761670233513,0.0,10.0,keepable x2yr,2,5.092052209436218,-0.4881275090727115,-0.4881275090727115,-8.5,0.0,0.0,-8.988127509072712,False,6.723406447079199,2.7884660438480893,False,True
Spehr's Army,27768,Eury Pérez,PIT,False,10,1,0.0,0.0,0.0,0.0,0.0,2.118013412035559,0.0,2.3309571461102108,-0.6213076446176778,0.15681965362562425,3.9844825671537163,0.0,0.0,109.66696541780384,0.0,0.0,0.0,0.0,132.75,8.016915257040774,0.0,137.7027864909562,57.42875256289852,44.10648144096162,Eury Pérez,0.5,1.1299435028248588,,3.893474750027018,1.1583687145669714,PIT,-0.15109521784393065,0.0,4.290500254089107,4.508719850013606,3.4857998810792363,3.4857998810792363,3.4168331533492187,0.0,10.0,keepable x1yr,1,-5.709499745910893,-10.0,-10.0,0.0,0.0,0.0,-10.0,False,6.723406447079199,-6.723406447079199,False,False
Spehr's Army,27863,Jared Jones,PIT,False,10,1,0.0,0.0,0.0,0.0,0.0,1.4787157334958638,0.0,1.6237347636169985,-0.6860237584718806,-0.5322705623729825,1.8841561762679992,0.0,0.0,90.95468768858562,0.0,0.0,0.0,0.0,99.15,5.59710276494236,0.0,95.92317123693832,44.262930824973715,33.56247125466403,Jared Jones,0.5,1.51285930408472,,4.01781520347719,1.2558462828366077,PIT,-2.2514216087296477,0.0,0.0,2.9169273956275856,0.0,0.0,2.382237616280984,0.0,10.0,keepable x1yr,1,-10.0,-10.0,-10.0,0.0,0.0,0.0,-10.0,False,6.723406447079199,-6.723406447079199,False,False
Spehr's Army,21846,Cole Ragans,PIT,True,11,1,0.0,0.0,0.0,0.0,0.0,1.5482438694026033,0.0,1.9270217498826716,-0.26071879607076043,-0.17355658999324564,3.040990233221269,0.0,0.0,77.06531006339604,0.0,0.0,0.0,0.0,93.17802093244529,5.8602744570463505,0.0,113.8400442197473,39.07586842770057,35.111221820407785,Cole Ragans,0.33396764985727884,1.6098216993549481,,3.7743108549630775,1.2038947678995304,PIT,-1.0945875517763781,0.0,0.0,4.923912217214434,6.2517306987925405,6.2517306987925405,3.8152855861891672,0.0,11.0,keepable x1yr,1,-11.0,-11.0,-11.0,0.0,0.0,0.0,-11.0,False,7.395747091787119,-7.395747091787119,False,False
Spehr's Army,37123,Kazuma Okamoto,HIT,False,11,2,1.612333079796453,1.565445210642914,2.2091685879303724,0.0500084933085102,-0.31881067920352707,0.0,0.0,0.0,0.0,0.0,5.118144692474723,555.5,495.00712040451486,119.9892701761834,24.147999995688433,63.57982595240455,85.55721385814685,1.017818740146053,0.0,0.0,0.0,0.0,0.0,0.0,Kazuma Okamoto,0.5,1.08010801080108,0.24239907918522335,,,HIT,0.982566907477076,7.545669681209605,12.860799711553758,5.529832309103988,10.288252532100595,2.7425828508909893,3.8760174669782934,0.0,11.0,keepable x2yr,2,1.8607997115537582,-3.4543303187903946,-3.4543303187903946,-9.35,0.0,0.0,-12.804330318790395,False,7.395747091787119,0.14992258942248604,False,True
Spehr's Army,11609,Willson Contreras,HIT,False,11,2,1.5835589288200362,1.3276734883091013,1.8599248218816367,0.17289471796377504,0.04372632494800948,0.0,0.0,0.0,0.0,0.0,4.987778281922559,528.5,464.08869675943015,118.52054299525372,20.48021813347067,62.44516244277803,72.03161705955701,3.518911936222042,0.0,0.0,0.0,0.0,0.0,0.0,Willson Contreras,0.5,1.1352885525070955,0.25538338645789355,,,HIT,0.8522004969249117,6.677194003364395,11.875251061147482,5.662008778526074,11.168786470178155,4.49159246681376,2.9438480386296413,0.0,11.0,keepable x2yr,2,0.8752510611474822,-4.322805996635605,-4.322805996635605,-9.35,0.0,0.0,-13.672805996635605,False,7.395747091787119,-0.7185530884227243,False,False
Spehr's Army,27770,Zac Veen,HIT,False,10,2,1.00087872351954,0.5308261826052104,1.0196660494839727,0.5566143502461403,-0.12264392886040391,0.0,0.0,0.0,0.0,0.0,2.9853413769944597,349.2857142857143,314.3015772010363,77.63422214328612,8.18833554065909,39.46808251857662,39.48987267708768,11.328725967001501,0.0,0.0,0.0,0.0,0.0,0.0,Zac Veen,0.2857142857142857,1.7177914110429449,0.2470055124592297,,,HIT,-1.1502364080031873,0.0,0.0,5.133551594483875,7.6483074665810085,7.6483074665810085,4.240458961953871,1.698698007135916,10.0,keepable x2yr,2,-10.0,-10.0,-10.0,-7.056106693934471,0.0,0.0,-17.05610669393447,False,6.723406447079199,-6.723406447079199,False,False
Spehr's Army,21626,Griffin Conine,HIT,False,10,2,1.030884827420174,0.925458090099749,1.1682556092586969,0.10629572492345724,-0.3843878721060128,0.0,0.0,0.0,0.0,0.0,2.8465063795960637,355.5,317.33472568578554,73.90326031372837,14.27578672431497,40.651326159371315,45.24448498335983,2.1634281232402865,0.0,0.0,0.0,0.0,0.0,0.0,Griffin Conine,0.5,1.6877637130801688,0.23288740352641063,,,HIT,-1.2890714054015833,0.0,0.0,4.821843932474035,5.571771632642246,5.571771632642246,2.4738437547194785,0.0,10.0,keepable x2yr,2,-10.0,-10.0,-10.0,-8.5,0.0,0.0,-18.5,False,6.723406447079199,-6.723406447079199,False,False
Spehr's Army,30107,Christian Scott,PIT,False,10,2,0.0,0.0,0.0,0.0,0.0,1.1901997757363216,0.0,1.7296305113768082,-1.2010447944331153,-0.4552954300618271,1.2634900626181875,0.0,0.0,92.49255691856213,0.0,0.0,0.0,0.0,98.9,4.505037922237118,0.0,102.17903036691126,47.530053816094735,30.590542141382205,Christian Scott,0.5,1.5166835187057632,,4.3252829559641315,1.244520718502976,PIT,-2.8720877223794594,0.0,0.0,2.0072134073545858,0.0,0.0,0.8698886341705383,0.0,10.0,keepable x2yr,2,-10.0,-10.0,-10.0,-8.5,0.0,0.0,-18.5,False,6.723406447079199,-6.723406447079199,False,False
Spehr's Army,22872,Yoendrys Gómez,PIT,False,10,2,0.0,0.0,0.0,0.0,0.0,1.129761187424485,2.2586933160010245,1.3225290889394958,-0.8615869103068965,-0.66801615067909,3.181380531379019,0.0,0.0,70.44517463049961,0.0,0.0,0.0,0.0,80.21440984793628,4.27627117411464,14.847664944355735,78.12925306937562,37.73129006937537,33.67808657338909,Yoendrys Gómez,0.49312092686459086,1.683766443659117,,4.233424035259107,1.2980617996352126,PIT,-0.9541972536186281,0.0,0.0,5.457878501947053,9.808910259965565,9.808910259965565,2.724875302549156,0.0,10.0,keepable x2yr,2,-10.0,-10.0,-10.0,-8.5,0.0,0.0,-18.5,False,6.723406447079199,-6.723406447079199,False,False
Spehr's Army,23590,Ben Brown,PIT,True,10,2,0.0,0.0,0.0,0.0,0.0,1.5827056678885936,0.17616015329574938,1.5088967065873387,-0.0985884985598888,0.046831325482759804,3.216005354694553,0.0,0.0,73.61409354112074,0.0,0.0,0.0,0.0,87.15,5.990716179699031,1.1580000322099702,89.13903945889155,35.59705902889919,28.230993532535603,Ben Brown,0.5,1.0,,3.6761162508329623,1.1686183255726488,PIT,-0.9195724303030941,0.0,0.0,3.216005354694553,0.0,0.0,3.1388743266346224,0.0,10.0,keepable x2yr,2,-10.0,-10.0,-10.0,-8.5,0.0,0.0,-18.5,False,6.723406447079199,-6.723406447079199,False,False
Spehr's Army,26289,Gunnar Henderson,HIT,False,36,2,2.486296870156657,1.70511579465964,2.2203673053297854,0.8448881967351638,0.12764301733338734,0.0,0.0,0.0,0.0,0.0,7.384311184214633,681.5,608.636085219276,156.7164456078611,26.30250865514419,98.0432171561752,85.99092048638391,17.195939790869765,0.0,0.0,0.0,0.0,0.0,0.0,Gunnar Henderson,0.5,1.0,0.2574879298380742,,,HIT,3.2487333992169862,22.642430201715072,29.992646159351146,7.384311184214633,22.642430201715072,0.0,7.893934662986435,26.037442722943283,36.0,keepable x2yr,2,-6.007353840648854,-13.357569798284928,-13.357569798284928,-8.46817368549821,0.0,0.0,-21.825743483783135,False,24.204263209485116,-1.5618330077700442,False,False
Spehr's Army,18525,Dylan Cease,PIT,False,23,2,0.0,0.0,0.0,0.0,0.0,2.7784530699829117,0.0,3.5691677914132347,0.17569981377760358,-0.17754022094228428,6.345780454231465,0.0,0.0,136.22984022015768,0.0,0.0,0.0,0.0,167.05,10.516752481897795,0.0,210.8508734926937,65.82861939507283,63.009654603813466,Dylan Cease,0.5,1.0,,3.546588294257141,1.1926937732653164,PIT,2.2102026692338184,15.723940416922579,22.1415244248089,6.345780454231465,15.723940416922579,0.0,4.656774649199643,4.4721121645633275,23.0,keepable x2yr,2,-0.8584755751911004,-7.276059583077421,-7.276059583077421,-15.748704660121172,0.0,0.0,-23.024764243198593,False,15.46383482828216,0.2601055886404193,False,True
Spehr's Army,28824,Samuel Basallo,HIT,True,20,2,1.4302428607094768,1.4891683301120224,1.8325285877358395,0.02226635702229153,-0.27176845685818607,0.0,0.0,0.0,0.0,0.0,4.502437678721445,469.5,425.65189748622055,103.25992001718399,22.971380016778642,56.39938378306897,70.97060909641385,0.4531853281853282,0.0,0.0,0.0,0.0,0.0,0.0,Samuel Basallo,0.5,1.2779552715654952,0.2425924109043277,,,HIT,0.3668598937237979,3.4439492774752005,8.206155820691894,5.758931327431129,11.814465644762176,8.370516367286976,5.758616523644396,11.812368483147363,20.0,keepable x2yr,2,-11.793844179308106,-16.556050722524798,-16.556050722524798,-6.959486789324741,0.0,0.0,-23.515537511849537,False,13.446812894158398,-10.002863616683198,False,False
Spehr's Army,27914,Daniel Palencia,PIT,True,13,2,0.0,0.0,0.0,0.0,0.0,1.1400738057902506,0.9695061200406159,0.9430754445357478,0.06738343617024725,-0.016351309745212383,3.103687496791649,0.0,0.0,39.210768520263194,0.0,0.0,0.0,0.0,49.83073852295409,4.315305576374203,6.373110474932165,55.712785968837174,19.55049986742926,19.672460310857872,Daniel Palencia,0.3013972055888223,2.0,,3.5310433684584352,1.1816647831538163,PIT,-1.031890288205998,0.0,0.0,6.204420128557552,14.782225414261308,14.782225414261308,3.3820966057569812,0.0,13.0,keepable x2yr,2,-13.0,-13.0,-13.0,-11.049999999999999,0.0,0.0,-24.049999999999997,False,8.740428381202959,-8.740428381202959,False,False
Spehr's Army,31872,Cade Horton,PIT,True,14,2,0.0,0.0,0.0,0.0,0.0,1.9720938647455968,0.0,1.6167870703527456,-0.21727319163025777,0.42153033103688164,3.793138074504966,0.0,0.0,93.1458803161381,0.0,0.0,0.0,0.0,111.69143968871595,7.464593615297676,0.0,95.51273180703778,46.24468157887654,31.94921087438328,Cade Horton,0.09208819714656291,1.3429856434660528,,3.7263566068254135,1.1200060769129794,PIT,-0.34243971049268085,0.0,2.843967319003103,5.086972550362368,7.338006931761719,7.338006931761719,4.146034016308749,1.0696573798201052,14.0,keepable x2yr,2,-11.156032680996898,-14.0,-14.0,-10.99079122715291,0.0,0.0,-24.99079122715291,False,9.41276902591088,-9.41276902591088,False,False
Spehr's Army,33703,Nolan McLean,PIT,False,20,2,0.0,0.0,0.0,0.0,0.0,2.9430878505809486,0.0,2.841803019331109,-0.6104245636877709,-0.529713584441159,4.644752721783128,0.0,0.0,137.4938824671892,0.0,0.0,0.0,0.0,159.1,11.139913353739244,0.0,167.8813336715904,68.01140997635689,57.821275757359324,Nolan McLean,0.5,1.0,,3.8472827767895157,1.2276251302611474,PIT,0.509174936785481,4.392024421732623,9.282034170244444,4.644752721783128,4.392024421732623,0.0,3.490428539205371,0.0,20.0,keepable x2yr,2,-10.717965829755556,-15.607975578267377,-15.607975578267377,-17.0,0.0,0.0,-32.60797557826738,False,13.446812894158398,-9.054788472425775,False,False
The Fighting Phils,21029,Jhoan Duran,PIT,False,4,1,0.0,0.0,0.0,0.0,0.0,2.1279200195274317,3.3495440202752156,1.335352501141541,1.1613598927358546,0.4978132363026255,8.47198966998267,0.0,0.0,47.889846642788314,0.0,0.0,0.0,0.0,62.03442622950819,8.054412863191803,22.018441803098753,78.88680435919254,17.48412074613606,17.944553772718,Jhoan Duran,0.453551912568306,1.1354118617277287,,2.5366090456459127,1.0612558931703404,PIT,4.336411884985022,29.88833277895194,38.2153168548498,9.607481431193337,37.452758100077844,7.564425321125903,7.017985123208331,20.202037214002086,4.0,keepable x1yr,1,34.2153168548498,25.88833277895194,25.88833277895194,0.0,0.0,9.521731631901773,35.410064410853714,True,2.68936257883168,27.19897020012026,True,True
The Fighting Phils,22182,Hunter Greene,PIT,True,1,2,0.0,0.0,0.0,0.0,0.0,1.6640212156489382,0.0,2.1350296776023896,-0.5635702042419072,0.727906471745082,3.9633871607545026,0.0,0.0,86.26860402962224,0.0,0.0,0.0,0.0,111.0991769547325,6.298504530693473,0.0,126.12824578836606,48.291333897494894,33.560253565342734,Hunter Greene,0.27983539094650206,1.350145015575747,,3.912018225432411,1.0785755653598532,PIT,-0.17219062424314435,0.0,4.1310224467424215,5.345319054844209,9.059061110123329,9.059061110123329,6.020234787763249,13.555218488029512,1.0,keepable x2yr,2,3.1310224467424215,-1.0,-1.0,10.671935714825084,0.0,5.458645357601322,15.130581072426406,True,0.67234064470792,-0.67234064470792,False,False
The Fighting Phils,20220,Jo Adell,HIT,False,1,1,1.6755632608853943,1.7434603992449804,2.3542224577753186,0.27726114164969623,-0.5811190184230043,0.0,0.0,0.0,0.0,0.0,5.469388241132385,574.5,523.601935612816,122.59106249342115,26.893998861934115,66.07320896299281,91.17489511211687,5.64307315048275,0.0,0.0,0.0,0.0,0.0,0.0,Jo Adell,0.5,1.0443864229765014,0.23413026987752134,,,HIT,1.3338104561347377,9.885585904393183,15.516143245806818,5.713934211752719,11.514703609630825,1.6291177052376415,5.034928859096294,6.991301980245202,1.0,keepable x1yr,1,14.516143245806818,8.885585904393183,8.885585904393183,0.0,0.0,0.8426066832084219,9.728192587601605,True,0.67234064470792,9.213245259685264,True,True
The Fighting Phils,21483,Shane McClanahan,PIT,True,1,1,0.0,0.0,0.0,0.0,0.0,2.343748959544453,0.0,2.142921952735427,0.5057216025601671,0.34872978628825585,5.341122301128303,0.0,0.0,109.35468695542973,0.0,0.0,0.0,0.0,128.0,8.871349296314044,0.0,126.59448699721285,47.97983651447798,35.94226620253111,Shane McClanahan,0.5,1.171875,,3.373582254924233,1.135132446546569,PIT,1.2055445161306562,9.03110315291078,14.546473807730722,6.243720975035748,15.044040011598744,6.012936858687963,5.025401430933283,6.927832106395437,1.0,keepable x1yr,1,13.546473807730722,8.03110315291078,8.03110315291078,0.0,0.0,0.7886572904361213,8.819760443346903,True,0.67234064470792,8.358762508202862,True,True
The Fighting Phils,35041,Jac Caglianone,HIT,False,13,2,1.9287974065481577,1.7464524471935978,2.0481476892052592,0.21931666446578021,0.30765507873331416,0.0,0.0,0.0,0.0,0.0,6.2503692861461095,572.0,515.3692725999284,136.1969606911621,26.94015312741661,76.05910028296557,79.32115765894034,4.46373398499506,0.0,0.0,0.0,0.0,0.0,0.0,Jac Caglianone,0.5,1.048951048951049,0.2642706267761704,,,HIT,2.1147915011484626,15.088329767477134,21.42023166586941,6.555219091428722,17.119179893383293,2.0308501259061593,6.587402436488919,17.333579080245133,13.0,keepable x2yr,2,8.420231665869409,2.088329767477134,2.088329767477134,3.6835422182083635,0.0,0.0,5.771871985685498,True,8.740428381202959,6.3479013862741756,True,True
The Fighting Phils,35376,Konnor Griffin,HIT,True,20,2,1.9143978581272485,0.7663336442628801,1.6219407589372647,1.449919551468057,0.23425961720671323,0.0,0.0,0.0,0.0,0.0,5.9868514300021625,469.5,423.464111739846,111.52903895441986,11.821189724523109,75.49127667761586,62.81491287527497,29.510093057276958,0.0,0.0,0.0,0.0,0.0,0.0,Konnor Griffin,0.5,1.2779552715654952,0.26337306010700956,,,HIT,1.8512736450045155,13.332825049892259,19.428079957613985,7.6460395258824,24.386013521823926,11.053188471931668,8.497009570326885,30.05501049002053,20.0,keepable x2yr,2,-0.5719200423860151,-6.667174950107741,-6.667174950107741,8.54675891651745,0.0,3.6522450790398313,5.531829045449539,True,13.446812894158398,-0.1139878442661395,False,False
The Fighting Phils,12552,Eugenio Suárez,HIT,False,1,1,1.5360246117265433,1.8192596261009872,2.0429103438802754,0.07259407239954203,-0.7906963369286649,0.0,0.0,0.0,0.0,0.0,4.680092317178683,524.0,467.8473001402525,104.8408904564394,28.06325072546009,60.57072120886609,79.11832448610475,1.4775011687704536,0.0,0.0,0.0,0.0,0.0,0.0,Eugenio Suárez,0.5,1.1450381679389312,0.22409211386922595,,,HIT,0.5445145321810356,4.6274499346077285,9.549195706720564,5.366700403978369,9.201499500532982,4.574049565925254,3.9544376701302455,0.0,1.0,keepable x1yr,1,8.549195706720564,3.6274499346077285,3.6274499346077285,0.0,0.0,0.0,3.6274499346077285,True,0.67234064470792,3.9551092898998084,True,True
The Fighting Phils,18568,Luis Arraez,HIT,False,11,1,1.823899360645811,0.41730342657492214,1.6521705176766588,0.46341835497436085,1.7349757746152261,0.0,0.0,0.0,0.0,0.0,6.091767434486979,649.0,597.1664919997813,182.4690791735415,6.4371739583229735,71.92261038221844,63.98565826223954,9.431915561037165,0.0,0.0,0.0,0.0,0.0,0.0,Luis Arraez,0.5,1.0,0.3055581343194459,,,HIT,1.9561896494893318,14.031755071251578,20.221227718514065,6.091767434486979,14.031755071251578,0.0,5.318238927382286,8.87865856659991,11.0,keepable x1yr,1,9.221227718514065,3.0317550712515775,3.0317550712515775,0.0,0.0,0.0,3.0317550712515775,True,7.395747091787119,6.636007979464458,True,True
The Fighting Phils,33825,Yoshinobu Yamamoto,PIT,False,32,1,0.0,0.0,0.0,0.0,0.0,3.6376131931994617,0.0,2.955381340343465,0.8213878902077459,1.8090515592427536,9.223433982993427,0.0,0.0,133.6136330020178,0.0,0.0,0.0,0.0,174.05,13.768768668818971,0.0,174.59104573749653,64.17797222007043,42.86809192094695,Yoshinobu Yamamoto,0.5,1.0,,3.3185966675129777,1.0139714158170914,PIT,5.08785619799578,34.89430867673747,43.896112432533435,9.223433982993427,34.89430867673747,0.0,7.753920325978347,25.104694435051357,32.0,keepable x1yr,1,11.896112432533435,2.8943086767374666,2.8943086767374666,0.0,0.0,0.0,2.8943086767374666,True,21.51490063065344,13.379408046084027,True,True
The Fighting Phils,33656,A.J. Ewing,HIT,False,10,2,1.7696329156921706,0.41142451626900556,1.4046313137185578,1.5190036015944721,-0.050727608458726814,0.0,0.0,0.0,0.0,0.0,5.053964738815479,541.5,488.75957057430384,123.12282701453607,6.3464879828083,69.78269824592228,54.398900272366205,30.916155032191302,0.0,0.0,0.0,0.0,0.0,0.0,A.J. Ewing,0.5,1.10803324099723,0.2519087797500597,,,HIT,0.9183869538178318,7.118115309479909,12.375609803784563,5.600223850269294,10.75718729197608,3.639071982496172,6.055767629048806,13.791931367447887,10.0,keepable x2yr,2,2.375609803784563,-2.881884690520091,-2.881884690520091,3.223141662330704,0.0,0.0,0.3412569718106129,True,6.723406447079199,0.39470886240070957,False,True
The Fighting Phils,22664,Gabriel Moreno,HIT,False,1,2,1.3480225345055092,0.6593818304073839,1.4371545172943292,0.19352397313820768,0.6597366793164031,0.0,0.0,0.0,0.0,0.0,4.297819534661833,447.5,400.61196985181397,113.1135787082084,10.171389154715422,53.15715418714818,55.658466744063674,3.9387774655084313,0.0,0.0,0.0,0.0,0.0,0.0,Gabriel Moreno,0.5,1.3407821229050279,0.2823519695381269,,,HIT,0.1622417496641857,2.080822988970892,6.659276261206779,5.746369497948354,11.730781179347956,9.649958190377063,3.4103076491416147,0.0,1.0,keepable x2yr,2,5.659276261206779,1.0808229889708918,1.0808229889708918,-0.85,0.0,0.0,0.23082298897089182,True,0.67234064470792,1.4084823442629717,True,True
The Fighting Phils,16162,Brandon Woodruff,PIT,True,1,1,0.0,0.0,0.0,0.0,0.0,1.4041805715219413,0.0,1.4035677008580034,-0.26036786234325265,0.1829406568619313,2.730321066898623,0.0,0.0,69.07486050063683,0.0,0.0,0.0,0.0,79.70469157254561,5.314978924829155,0.0,82.91666097739304,33.64770767890511,22.03430175376451,Brandon Woodruff,0.39183318853171156,1.8819469348736266,,3.7993920199103557,1.1430840576238301,PIT,-1.4052567180990239,0.0,0.0,5.146191416331663,7.73251150196563,7.73251150196563,2.200735190383338,0.0,1.0,keepable x1yr,1,-1.0,-1.0,-1.0,0.0,0.0,0.0,-1.0,False,0.67234064470792,-0.67234064470792,False,False
The Fighting Phils,22543,Taj Bradley,PIT,False,1,2,0.0,0.0,0.0,0.0,0.0,2.0988174452532378,0.0,2.7002312195758025,-1.0952628977263321,-0.6309107040109775,3.0728750630917308,0.0,0.0,143.5374167004231,0.0,0.0,0.0,0.0,158.75,7.944256397518757,0.0,159.51788891784304,71.17960725431497,52.92668667197847,Taj Bradley,0.5,1.0,,4.0353793089060455,1.2375691551017423,PIT,-1.0627027219059162,0.0,0.0,3.0728750630917308,0.0,0.0,2.451848634732166,0.0,1.0,keepable x2yr,2,-1.0,-1.0,-1.0,-0.85,0.0,0.0,-1.85,False,0.67234064470792,-0.67234064470792,False,False
The Fighting Phils,19612,Bo Bichette,HIT,False,17,1,1.9058309138539093,1.0722831501856394,2.1136187373982525,0.17817197549003158,0.8766749452389113,0.0,0.0,0.0,0.0,0.0,6.146579722166744,641.0,587.7640612576909,164.75628204126392,16.540657782219906,75.15345266800637,81.85673620299914,3.6263195234425645,0.0,0.0,0.0,0.0,0.0,0.0,Bo Bichette,0.5,1.0,0.2803102348393338,,,HIT,2.0110019371690973,14.396903873733052,20.635599610166768,6.146579722166744,14.396903873733052,0.0,5.873307940917859,12.576420403712762,17.0,keepable x1yr,1,3.635599610166768,-2.603096126266948,-2.603096126266948,0.0,0.0,0.0,-2.603096126266948,False,11.429790960034639,2.967112913698413,False,True
The Fighting Phils,20454,Jazz Chisholm Jr.,HIT,False,15,F,1.8534917335666596,1.6084863436591375,2.110157100435383,1.6105963403085655,-0.5941298149803884,0.0,0.0,0.0,0.0,0.0,6.588601702989357,562.5,501.2576398032563,116.72130416390446,24.81193717651339,73.08953919078927,81.7226730918588,32.78033448965639,0.0,0.0,0.0,0.0,0.0,0.0,Jazz Chisholm Jr.,0.5,1.0666666666666667,0.23285690809564036,,,HIT,2.45302391799171,17.34156836047824,23.97721318075228,7.030517625010329,20.28552630410963,2.943957943631389,6.059665351202437,13.817897234538107,20.0,extension +$5,1,3.9772131807522797,-2.6584316395217584,-2.6584316395217584,0.0,0.0,0.0,-2.6584316395217584,False,13.446812894158398,3.894755466319843,False,True
The Fighting Phils,35333,Chase Burns,PIT,False,9,2,0.0,0.0,0.0,0.0,0.0,2.470171314271265,0.0,2.6043718107974025,-0.05839461993218117,0.451727925231223,5.46787643036771,0.0,0.0,115.27702514623125,0.0,0.0,0.0,0.0,135.0,9.349871905604955,0.0,153.85493294193031,54.55999232803624,36.66062637038273,Chase Burns,0.5,1.1111111111111112,,3.6373328218690824,1.1254640853082518,PIT,1.332298645370063,9.87551451504478,15.50471420474874,6.070877521501331,13.89259053290542,4.01707601786064,4.101710576208453,0.7743832403964883,9.0,keepable x2yr,2,6.5047142047487405,0.8755145150447792,0.8755145150447792,-6.9917742456629846,0.0,0.0,-6.116259730618205,False,6.051065802371279,3.8244487126735,True,True
The Fighting Phils,19556,Yordan Alvarez,HIT,False,31,1,2.0245150736010986,2.1108620354140175,2.2909126650126694,0.08073353345561352,1.117741492054472,0.0,0.0,0.0,0.0,0.0,7.624764799537871,578.0,504.8104111758664,147.78580882900587,32.56140558323494,79.83357634380808,88.72301818959399,1.6431629483895713,0.0,0.0,0.0,0.0,0.0,0.0,Yordan Alvarez,0.5,1.0380622837370241,0.29275507310708,,,HIT,3.4891870145402244,24.2442854317064,31.81043599542478,7.91203717801724,26.15803815811322,1.9137527264068233,5.319629217059859,8.887920406095358,31.0,keepable x1yr,1,0.8104359954247791,-6.755714568293602,-6.755714568293602,0.0,0.0,0.0,-6.755714568293602,False,20.842559985945517,3.4017254457608814,False,True
The Fighting Phils,18679,Freddy Peralta,PIT,False,8,1,0.0,0.0,0.0,0.0,0.0,2.9637584254093694,0.0,2.7338197543363116,-1.1477989095516823,-0.760783594508324,3.7889956756856757,0.0,0.0,138.17939971154172,0.0,0.0,0.0,0.0,157.55,11.218153767974632,0.0,161.50215312381047,71.04989322634758,58.86906210265487,Freddy Peralta,0.5,1.0,,4.058705420737088,1.2507042958692263,PIT,-0.3465821093119712,0.0,2.812651464340045,3.7889956756856757,0.0,0.0,3.675930227115659,0.0,8.0,keepable x1yr,1,-5.187348535659956,-8.0,-8.0,0.0,0.0,0.0,-8.0,False,5.37872515766336,-5.37872515766336,False,False
The Fighting Phils,20123,Juan Soto,HIT,True,36,1,2.19011022058702,2.0101796174937343,2.1541103448519574,0.7161261550449989,0.5038928602653792,0.0,0.0,0.0,0.0,0.0,7.574419198243091,560.5,471.4383386133386,128.46050628253144,31.008314481115562,86.36356121843268,83.4249049418197,14.575256575256576,0.0,0.0,0.0,0.0,0.0,0.0,Juan Soto,0.5,1.0704727921498662,0.2724863375778426,,,HIT,3.438841413245444,23.908892825391497,31.42983151916585,8.105792142257602,27.448796054965737,3.5399032295742394,8.704118604242337,31.434730602400375,36.0,keepable x1yr,1,-4.570168480834148,-12.091107174608503,-12.091107174608503,0.0,0.0,0.0,-12.091107174608503,False,24.204263209485116,-0.29537038409361926,False,False
The Fighting Phils,25878,Corbin Carroll,HIT,False,36,2,2.791783208009647,1.6855739374109329,2.285502033918006,1.3528965163871132,0.019365864134176736,0.0,0.0,0.0,0.0,0.0,8.135121559859876,665.0,587.4166666666666,149.3965715070223,26.00106292868295,110.08959171420547,88.51347396367896,27.535391225689732,0.0,0.0,0.0,0.0,0.0,0.0,Corbin Carroll,0.5,1.0,0.2543281115171326,,,HIT,3.9995437748622287,27.64418293203824,35.66864927467902,8.135121559859876,27.64418293203824,0.0,8.699945887395417,31.406932774135132,36.0,keepable x2yr,2,-0.33135072532098064,-8.355817067961759,-8.355817067961759,-3.9041071419851376,0.0,0.0,-12.259924209946897,False,24.204263209485116,3.4399197225531246,False,True
The Fighting Phils,34967,Travis Bazzana,HIT,False,10,2,1.694644874440023,0.7912453407295195,1.435416488307699,0.6409602936396035,-0.5852802252901909,0.0,0.0,0.0,0.0,0.0,3.9769867718266543,486.5,429.0208800305655,98.64247546909263,12.205468677295874,66.82566246276687,55.59115593830933,13.045411996943454,0.0,0.0,0.0,0.0,0.0,0.0,Travis Bazzana,0.5,1.2332990750256938,0.22992464949972802,,,HIT,-0.15859101317099267,0.0,4.233833272640295,4.913942546649999,6.185314692056844,6.185314692056844,4.061813018045676,0.5085934658446923,10.0,keepable x2yr,2,-5.766166727359705,-10.0,-10.0,-8.067695554032012,0.0,0.0,-18.067695554032014,False,6.723406447079199,-6.723406447079199,False,False
The Fighting Phils,30203,Jackson Jobe,PIT,False,10,2,0.0,0.0,0.0,0.0,0.0,0.8704807052802984,0.0,0.9389414487937716,-1.1587533898500282,-1.0326532423653423,-0.38198447814130043,0.0,0.0,69.5562542585756,0.0,0.0,0.0,0.0,73.89,3.2948658433727025,0.0,55.46856752236688,37.074136784161226,32.37996301483243,Jackson Jobe,0.3,2.0,,4.515729206353377,1.3795671575775887,PIT,-4.517562263138947,0.0,0.0,-0.5345186533271613,0.0,0.0,0.18385491155666744,0.0,10.0,keepable x2yr,2,-10.0,-10.0,-10.0,-8.5,0.0,0.0,-18.5,False,6.723406447079199,-6.723406447079199,False,False
The Fighting Phils,13649,Clay Holmes,PIT,False,10,2,0.0,0.0,0.0,0.0,0.0,2.097118025218618,0.0,1.4911113846301347,-0.49658918691060316,-1.1613782035317008,1.9302620194064484,0.0,0.0,107.75463687956197,0.0,0.0,0.0,0.0,109.1,7.937823904539135,0.0,88.08836017195884,47.04200711640508,37.89506947385015,Clay Holmes,0.5,1.3748854262144823,,3.8806422002533987,1.335011057318168,PIT,-2.2053157655911986,0.0,0.0,2.7199063047766785,0.0,0.0,0.3434998192835905,0.0,10.0,keepable x2yr,2,-10.0,-10.0,-10.0,-8.5,0.0,0.0,-18.5,False,6.723406447079199,-6.723406447079199,False,False
The Fighting Phils,27468,Reid Detmers,PIT,False,10,2,0.0,0.0,0.0,0.0,0.0,2.256166398276118,0.0,2.786407293621866,-0.9547943679350268,-0.21432929457876726,3.87345002938419,0.0,0.0,125.18495271912248,0.0,0.0,0.0,0.0,145.15,8.539839605349428,0.0,164.60879569182492,64.69863491791381,48.82397010638913,Reid Detmers,0.5,1.0334137099552188,,4.011627380373573,1.198821376682822,PIT,-0.26212775561345714,0.0,3.4511125062293577,4.00703284996906,0.14365863791386668,0.14365863791386668,3.132587357944689,0.0,10.0,keepable x2yr,2,-6.548887493770643,-10.0,-10.0,-8.5,0.0,0.0,-18.5,False,6.723406447079199,-6.723406447079199,False,False
The Fighting Phils,33666,Connelly Early,PIT,True,10,2,0.0,0.0,0.0,0.0,0.0,2.071290764051834,0.0,1.8022281651435774,-0.4354769844827017,-0.43243146412608585,3.005610480586624,0.0,0.0,94.36622851930655,0.0,0.0,0.0,0.0,105.95,7.840064861598716,0.0,106.46778326529557,45.36816004570798,36.70138514089201,Connelly Early,0.5,1.4157621519584709,,3.8538314338024713,1.2370704451174945,PIT,-1.1299673044110228,0.0,0.0,4.293702126416778,2.0533936158567307,2.0533936158567307,3.1366941187944994,0.0,10.0,keepable x2yr,2,-10.0,-10.0,-10.0,-8.5,0.0,0.0,-18.5,False,6.723406447079199,-6.723406447079199,False,False
The Fighting Phils,31893,Robby Snelling,PIT,True,10,2,0.0,0.0,0.0,0.0,0.0,1.9513743810599642,0.0,1.7417406025068511,-0.5074213763934473,-0.8454005016261089,2.340293105547259,0.0,0.0,109.65460270344988,0.0,0.0,0.0,0.0,116.06666666666666,7.386168075622875,0.0,102.89444175748493,49.92717599584831,39.54160152487377,Robby Snelling,0.06666666666666667,1.2923607122343481,,3.8714352437906503,1.2854354183945176,PIT,-1.795284679450388,0.0,0.0,3.0665514588152085,0.0,0.0,3.7073543754620895,0.0,10.0,keepable x2yr,2,-10.0,-10.0,-10.0,-8.5,0.0,0.0,-18.5,False,6.723406447079199,-6.723406447079199,False,False
The Fighting Phils,23401,José Caballero,HIT,False,14,2,1.2438985211465754,0.6358309063903235,1.1239650639799612,1.7789084812526141,-0.5808423462466583,0.0,0.0,0.0,0.0,0.0,4.201760626522816,411.0,362.81100857346985,82.00589062551846,9.808100992858343,49.05118704563011,43.52919006426235,36.20597761371755,0.0,0.0,0.0,0.0,0.0,0.0,José Caballero,0.5,1.4598540145985401,0.22602922372161738,,,HIT,0.06618284152516907,1.4408972212385511,5.933086693856323,6.151827229601285,14.431861747904073,12.990964526665522,3.4285600794905364,0.0,14.0,keepable x2yr,2,-8.066913306143677,-12.55910277876145,-12.55910277876145,-11.9,0.0,0.0,-24.459102778761448,False,9.41276902591088,-7.971871804672329,False,False
The Fighting Phils,13125,Gerrit Cole,PIT,False,16,2,0.0,0.0,0.0,0.0,0.0,1.8303230050568415,0.0,1.9077079144136058,-0.9030068624666415,-0.28651519874259423,2.5485088582612114,0.0,0.0,106.47106094057878,0.0,0.0,0.0,0.0,115.6,6.927975215440495,0.0,112.69906701801865,52.35748166085036,33.8038197659236,Gerrit Cole,0.5,1.2975778546712804,,4.076274523768626,1.2134505251427543,PIT,-1.5870689267364355,0.0,0.0,3.3445477685888316,0.0,0.0,0.23231905024181876,0.0,16.0,keepable x2yr,2,-16.0,-16.0,-16.0,-13.6,0.0,0.0,-29.6,False,10.75745031532672,-10.75745031532672,False,False
The Fighting Phils,33433,George Lombard Jr.,HIT,False,20,2,1.3793335264907562,0.5939658275930245,1.251731549436798,0.6466751109807891,-0.8586385472953906,0.0,0.0,0.0,0.0,0.0,3.0130674672059774,425.34883720930225,374.17749560236376,80.06314201193871,9.162305205344657,54.3918540427577,48.47736132645437,13.161725202992006,0.0,0.0,0.0,0.0,0.0,0.0,George Lombard Jr.,0.4186046511627907,1.4106068890103884,0.2139710243210921,,,HIT,-1.1225103177916695,0.0,0.0,4.273985722643399,1.9220467676982964,1.9220467676982964,4.773359797095235,5.248779750304628,20.0,keepable x2yr,2,-20.0,-20.0,-20.0,-12.538537212241065,0.0,0.0,-32.53853721224107,False,13.446812894158398,-13.446812894158398,False,False
The Fighting Phils,18360,Austin Riley,HIT,False,26,2,1.8553781051301494,1.4946335263456427,1.9419307340517482,0.23453038919299216,-0.06936207118656382,0.0,0.0,0.0,0.0,0.0,5.457110683533968,586.5,529.7822041719157,133.1991043013926,23.05568418643508,73.16392529449892,75.20756180343174,4.773377669703805,0.0,0.0,0.0,0.0,0.0,0.0,Austin Riley,0.5,1.0230179028132993,0.2514223831085295,,,HIT,1.3215328985363213,9.80379520299697,15.42332692701615,5.582808178486845,10.641167472972628,0.8373722699756581,4.855100878584192,5.793322940941275,26.0,keepable x2yr,2,-10.57667307298385,-16.19620479700303,-16.19620479700303,-17.17567550019992,0.0,0.0,-33.37188029720295,False,17.480856762405917,-7.677061559408948,False,False
