team,fg_id,roster_name,roster_role,il,salary,contract,rp_R,rp_HR,rp_RBI,rp_SB,rp_AVG,rp_W,rp_SV,rp_K,rp_ERA,rp_WHIP,roto_points,PA,AB,H,HR,R,RBI,SB,IP,W,SV,K,ER,BB,name,w_2026,pt_scale,pt_scale_kind,AVG,ERA,WHIP,role,pt_extrapolated,reliever,SV_2026,rp_above_repl,redraft_value,production_value,market_price,keep_value,roto_points_ft,redraft_value_ft,upside_ft,upside_kind,roto_points_2028,redraft_value_2028,keeper_cost,keeper_status,years_controlled,surplus_keep,surplus_redraft,extension_used,keepable,surplus_y2027,surplus_y2028,surplus_y2029,extension_option,extension_years,surplus_multiyear,keep_2027,market_price_lo,market_price_hi,market_price_2028,surplus_market,surplus_multiyear_market,keep_2027_market,value_lo,value_hi,surplus_lo,surplus_hi,p_surplus_positive
All-Stars,14161,Byron Buxton,HIT,True,8,1,1.985920976546159,1.8026625514573875,1.723245458766249,0.5878437017537671,-0.09018818264276011,0.0,0.0,0.0,0.0,0.0,6.0094845058808035,433.49999999999994,390.50244503993986,97.48645505415844,25.359646986275944,68.00399129542292,58.863222047437866,10.210794019253088,0.0,0.0,0.0,0.0,0.0,0.0,Byron Buxton,0.5,1.384083044982699,health,0.24964364831105657,,,HIT,,,,1.4108658279858686,10.872622796775863,10.872622796775863,7.792123364990321,28.979517938764662,8.319628745373482,27.038003111653186,16.165380314877325,health,4.95658420353064,3.5048863887334236,8.0,keepable x1yr,1,20.979517938764662,2.872622796775863,False,True,2.872622796775863,0.0,0.0,0.0,0,2.872622796775863,True,1.9705099712222451,13.791871766166398,6.362327685807599,-0.20787663500967923,-0.20787663500967923,False,8.678900834866619,12.808449362704762,0.6789008348666189,4.808449362704762,0.946
All-Stars,18882,Brandon Lowe,HIT,False,1,1,1.8357856694776296,1.477627207173061,1.8195768578523608,0.14240013160287868,-0.318626707406434,0.0,0.0,0.0,0.0,0.0,4.956763158699495,496.5999999999999,449.14433029656897,108.28902691877123,20.78708758937207,62.86290046874741,62.15374372309389,2.4734779121960857,0.0,0.0,0.0,0.0,0.0,0.0,Brandon Lowe,0.5,1.208215867901732,health,0.24110073224628759,,,HIT,,,,0.35814448080455996,3.5061386388372924,3.5061386388372924,4.329601117701502,17.55031621483459,5.993280705733962,10.759235681182822,7.25309704234553,health,3.639483950667333,0.0,1.0,keepable x1yr,1,16.55031621483459,2.5061386388372924,False,True,2.5061386388372924,0.0,0.0,0.0,0,2.5061386388372924,True,1.0,8.874168992527034,2.807605363182584,3.329601117701502,3.329601117701502,True,1.577323412422403,5.399775348595132,0.5773234124224029,4.399775348595132,0.946
All-Stars,21711,Oneil Cruz,HIT,False,20,2,2.0997534582355932,1.6772937411192794,2.0273824098943836,1.799118391884066,-0.10145311008195312,0.0,0.0,0.0,0.0,0.0,7.502094891051369,505.0,448.979597946323,112.11361349102003,23.595973152427536,71.90196265750987,69.25203856572038,31.250530134067787,0.0,0.0,0.0,0.0,0.0,0.0,Oneil Cruz,0.5,1.188118811881188,health,0.2497075902865938,,,HIT,,,,2.9034762131564342,21.317258298633753,21.317258298633753,14.037939468297074,45.18451390756898,8.914493426802082,31.200606314859858,9.883348016226105,health,7.503903391696096,21.329913396190836,20.0,keepable x2yr,2,25.184513907568977,1.317258298633753,False,True,1.317258298633753,1.1304263867622106,0.0,0.0,0,2.4476846853959637,True,4.380152555449499,17.90001276717119,18.46247063549337,-5.962060531702926,-5.962060531702926,False,18.29231319636711,23.4107648366959,-1.707686803632889,6.321728178389777,0.722
All-Stars,19608,Otto Lopez,HIT,False,10,2,1.922592590167926,0.7045842148071815,1.7298383295101782,1.0546943856996995,0.6801700767007209,0.0,0.0,0.0,0.0,0.0,6.091879596885706,536.5,490.52517976588626,136.63791231527048,9.912008736835912,65.83543419426958,59.088423635845245,18.31994983277592,0.0,0.0,0.0,0.0,0.0,0.0,Otto Lopez,0.5,1.1183597390493942,health,0.2785543290162676,,,HIT,,,,1.4932609189907708,11.449187653377924,11.449187653377924,14.114105102211292,29.874066262191427,6.807054041848128,16.453666030380795,5.0044783770028705,health,4.77451312165991,2.230832486615233,10.0,keepable x2yr,2,19.874066262191427,1.4491876533779244,False,True,1.4491876533779244,0.0,0.0,0.0,0,1.4491876533779244,True,3.6061065256513865,23.62518468992056,10.1967598248475,4.114105102211292,4.281350953331668,True,9.2054326374978,13.39800050036665,-0.7945673625021994,3.398000500366649,0.785
All-Stars,31812,Roman Anthony,HIT,False,10,1,2.0349313159464884,0.9129142301013196,1.6376234466172364,0.3680065584424432,0.12790192319117602,0.0,0.0,0.0,0.0,0.0,5.081377474298663,489.9,424.50176393728213,109.97755936044469,12.842771147267944,69.68225479801312,55.938515362364626,6.3922419425087105,0.0,0.0,0.0,0.0,0.0,0.0,Roman Anthony,0.4419642857142857,1.224739742804654,health,0.2590744460998124,,,HIT,,,,0.4827587964037283,4.378135187754554,4.378135187754554,4.640706932883445,18.903230881651055,6.22116891187782,12.353897806003058,7.975762618248504,health,7.719780194511293,22.840524967108937,10.0,keepable x1yr,1,8.903230881651055,-5.621864812245446,False,True,-5.621864812245446,0.0,0.0,6.664446222042597,1,1.0425814097971502,True,1.0,11.499803756181732,8.843559152921939,-5.359293067116555,-5.359293067116555,False,2.607535109380509,6.487892939031218,-7.392464890619491,18.2623503487205,0.549
All-Stars,20178,Miguel Vargas,HIT,False,10,2,2.3779592871400275,1.46581661419547,1.8851656970381294,0.5636530170677562,-0.4003850072772195,0.0,0.0,0.0,0.0,0.0,5.892209608164164,564.8,500.8154830814416,119.89793831101554,20.620937541839243,81.42857876690637,64.39415026830521,9.79060392828734,0.0,0.0,0.0,0.0,0.0,0.0,Miguel Vargas,0.5,1.0623229461756374,health,0.23940541449178396,,,HIT,,,,1.2935909302692288,10.05198428833617,10.05198428833617,11.406036357560582,27.706285979760896,6.2610853911930535,12.633215892696809,2.5812316043606387,health,5.178058997340633,5.054670255425584,10.0,keepable x2yr,2,17.706285979760896,0.05198428833617008,False,True,0.05198428833617008,0.0,0.0,0.0,0,0.05198428833617008,True,2.6543256591314943,20.7088451897552,9.870208186394489,1.4060363575605823,1.4060363575605823,True,7.332113564346156,13.286325168006663,-2.667886435653844,3.2863251680066625,0.532
All-Stars,7304,Salvador Perez,HIT,False,4,F,1.331145856886405,1.3610043069120639,1.9552132457666151,0.0,-0.45174808895804786,0.0,0.0,0.0,0.0,0.0,4.195615320607036,527.3,484.51541895555386,114.85798521683972,19.146450200669726,45.58249413432152,66.78685897599888,0.0,0.0,0.0,0.0,0.0,0.0,0.0,Salvador Perez,0.5,1.1378721790252229,health,0.23705744074034518,,,HIT,,,,-0.4030033572878988,0.0,0.0,2.0901250577939985,9.286674362615452,4.778372211344675,2.257836710575354,2.257836710575354,health,3.5864440197901097,0.0,9.0,free agent after 2026 (not extendable),1,0.0,0.0,False,False,0.0,0.0,0.0,0.0,0,0.0,False,1.0,6.905081526664195,2.9294457815911636,0.0,0.0,False,0.0,0.0,,,
All-Stars,19853,Michael King,PIT,False,3,F,0.0,0.0,0.0,0.0,0.0,2.268711574225836,0.0,2.381624564524647,-0.44737863358141944,-0.7780523720459371,3.4249051331231257,0.0,0.0,113.17938989877294,0.0,0.0,0.0,0.0,128.01999999999998,8.031557772482904,0.0,123.03110062231899,54.35400532934041,49.16401658174687,Michael King,0.5,1.17169192313701,health,,3.8211689420720494,1.2681097209851573,PIT,,,,-1.1737135447718092,0.0,0.0,4.978314245075037,0.9192158447209885,4.035313762472187,0.0,0.0,health,1.8502539955727466,0.0,8.0,free agent after 2026 (not extendable),1,0.0,0.0,False,False,0.0,0.0,0.0,0.0,0,0.0,False,1.0,10.807254289244636,5.989450544194376,0.0,0.0,False,0.0,0.0,,,
All-Stars,9132,Nathan Eovaldi,PIT,True,5,F,0.0,0.0,0.0,0.0,0.0,1.7248666059955926,0.0,2.053804724468479,-1.2934794873669595,-0.48851818836443966,1.996673654732672,0.0,0.0,108.20456321483121,0.0,0.0,0.0,0.0,113.06,6.106270163763485,0.0,106.09642656465832,53.9069809160878,32.0948714189654,Nathan Eovaldi,0.5,1.3267291703520254,health,,4.291197844019018,1.240929016750368,PIT,,,,-2.601945023162263,0.0,0.0,5.8962491419059155,0.0,2.7108683278098678,0.0,0.0,health,-0.036069641651485185,0.0,10.0,free agent after 2026 (not extendable),1,0.0,0.0,False,False,0.0,0.0,0.0,0.0,0,0.0,False,1.2457575210829548,12.990312382174338,3.689269586206785,0.0,0.0,False,0.0,0.0,,,
All-Stars,3096,Kenley Jansen,PIT,False,1,2,0.0,0.0,0.0,0.0,0.0,0.862311850881893,1.7628520867854818,0.8368542053295442,-0.7494489200674722,-0.47413865334540106,2.238430569584046,0.0,0.0,38.94439841020113,0.0,0.0,0.0,0.0,43.980000000000004,3.0527051243249734,11.588220917654356,43.23061471389373,22.33109336441562,19.557992321141377,Kenley Jansen,0.35304990757855825,2.0,health,,4.569800824914519,1.3302044277249319,PIT,,,,-2.360188108310889,0.0,0.0,2.3806046597350754,0.0,4.556994244825242,0.7087303989682887,0.7087303989682887,role,0.8317211500622899,0.0,1.0,keepable x2yr,2,-1.0,-1.0,False,True,-1.0,0.0,0.0,0.0,0,-1.0,False,1.0,5.476884366307653,1.423495789338678,1.3806046597350754,1.7405760806729516,True,0.0,0.0,-1.0,-1.0,0.0
All-Stars,19959,Jesus Luzardo,PIT,False,10,1,0.0,0.0,0.0,0.0,0.0,2.9307204293182445,0.0,3.5337772019342406,-0.7725784397931149,-0.0554006600036567,5.636518531455713,0.0,0.0,140.89456744489428,0.0,0.0,0.0,0.0,159.68,10.3751621451032,0.0,182.54955251303593,69.35361389785646,47.777672068380994,Jesús Luzardo,0.5,1.0,health,,3.9089586991527314,1.1815646262103912,PIT,,,,1.037899853560778,8.26276981962391,8.26276981962391,12.182946907666,24.930295065798312,5.636518531455713,8.26276981962391,0.0,health,4.359250130489859,0.0,10.0,keepable x1yr,1,14.930295065798312,-1.7372301803760895,False,True,-1.7372301803760895,0.0,0.0,0.0,0,-1.7372301803760895,False,4.287735799754333,21.837144294391102,10.94763972060622,2.1829469076660004,2.1829469076660004,True,0.0,15.462061237768628,-10.0,5.462061237768627,0.321
All-Stars,10155,Mike Trout,HIT,False,4,2,1.7633099743008587,1.3440665279203188,1.5140851248643663,0.3107874872759126,-0.5752099065450512,0.0,0.0,0.0,0.0,0.0,4.357039207816404,450.0,390.6387362637363,88.95251773083857,18.908171496973935,60.38111161504259,51.718650091451174,5.398351648351649,0.0,0.0,0.0,0.0,0.0,0.0,Mike Trout,0.5,1.3333333333333333,health,0.22771043799092944,,,HIT,,,,-0.24157947007853053,0.0,0.0,3.801535151283712,11.03922376699174,5.82201145397044,9.560768267905708,9.560768267905708,health,3.0156299362390753,0.0,4.0,keepable x2yr,2,7.039223766991739,-4.0,False,True,-4.0,0.0,0.0,0.0,0,-4.0,False,1.0,8.057587296348233,2.986445107422866,-0.1984648487162879,-0.1984648487162879,False,0.0,0.9430999699349208,-4.0,-3.0569000300650795,0.0
All-Stars,21390,Joe Ryan,PIT,False,14,1,0.0,0.0,0.0,0.0,0.0,2.729723212848108,0.0,2.9745304882767454,-0.499830079188713,0.5125042573169514,5.716927879253093,0.0,0.0,129.04820696590218,0.0,0.0,0.0,0.0,144.38500000000002,9.663603754637009,0.0,153.65971835295312,61.313486507202505,32.949974405587675,Joe Ryan,0.5,1.0388890812757556,health,,3.8218747000368634,1.1219876120891357,PIT,,,,1.1183092013581577,8.825439312634156,8.825439312634156,13.63481150871876,25.803284541053653,5.939230452955266,10.38101562143679,1.5555763088026335,health,4.584455656731576,0.9008933643192629,14.0,keepable x1yr,1,11.803284541053653,-5.174560687365844,False,True,-5.174560687365844,0.0,0.0,0.0,0,-5.174560687365844,False,3.8631354134045703,19.66271428525982,10.742879448185413,-0.36518849128123954,-0.36518849128123954,False,0.0,15.37824297179559,-14.0,1.3782429717955895,0.149
All-Stars,20202,Brandon Marsh,HIT,False,10,2,1.7297336986603715,1.047417212908527,1.6299819287268427,0.589124174194657,0.13440676258800302,0.0,0.0,0.0,0.0,0.0,5.130663777078401,474.5,425.4205357142857,110.32644056191722,14.734943456408274,59.23135752947999,55.67749371737869,10.233035714285714,0.0,0.0,0.0,0.0,0.0,0.0,Brandon Marsh,0.5,1.2644889357218125,health,0.25933501394491437,,,HIT,,,,0.532045099183466,4.723019206305543,4.723019206305543,4.425170097579804,19.438323190935538,6.484889778037565,14.19930123387618,9.476282027570637,health,4.258290640891108,0.0,10.0,keepable x2yr,2,9.438323190935538,-5.276980793694457,False,True,-5.276980793694457,0.0,0.0,0.0,0,-5.276980793694457,False,1.0,8.96498605435121,7.688524362901264,-5.574829902420196,-5.574829902420196,False,3.3256377222518467,5.732918034649203,-6.674362277748153,-4.267081965350797,0.0
All-Stars,37123,Kazuma Okamoto,HIT,False,11,2,1.6784705896103018,1.5515699392324287,2.2554439657402474,0.056370293136671565,-0.2974277058449936,0.0,0.0,0.0,0.0,0.0,5.2444270818746554,500.9,446.80665175682367,108.07481565918859,21.827305338784104,57.47595232313581,77.04224508212137,0.9791470935323003,0.0,0.0,0.0,0.0,0.0,0.0,Kazuma Okamoto,0.5,1.1978438810141745,health,0.24188273660260712,,,HIT,,,,0.6458084039797205,5.519085121355342,5.519085121355342,6.419966612688727,20.67343043254199,6.285875883536798,12.806688929608866,7.2876038082535235,health,4.418809529840906,0.0,11.0,keepable x2yr,2,9.673430432541991,-5.480914878644658,False,True,-5.480914878644658,0.0,0.0,0.0,0,-5.480914878644658,False,1.2876147604449024,11.655139908944088,8.245527239628231,-4.580033387311273,-4.580033387311273,False,3.1650983670963506,7.9880182240232696,-7.83490163290365,-3.0119817759767304,0.002
All-Stars,29189,Hector Rodriguez,HIT,False,10,2,1.7855532523289597,0.9467863142214055,1.5891273266080626,0.399560435635821,-0.12731287391572832,0.0,0.0,0.0,0.0,0.0,4.593714454878521,469.4049079754601,439.98612256097636,109.37359959011542,13.319279684753434,61.1427892967172,54.28196790650598,6.940330047508678,0.0,0.0,0.0,0.0,0.0,0.0,Héctor Rodríguez,0.2331288343558282,1.2782141596852823,health,0.24858420295962325,,,HIT,,,,-0.004904223016414022,0.9656823895001823,0.9656823895001823,2.7459321201868843,13.608763321762483,5.874020848958148,9.924707296278937,8.959024906778755,health,6.4195678454598,13.74220688237619,10.0,keepable x2yr,2,3.608763321762483,-9.034317610499818,False,True,-9.034317610499818,3.1808758500197607,0.0,0.0,0,-5.853441760480057,False,1.0,8.616199109894184,5.063205756674237,-7.254067879813116,-7.254067879813116,False,0.0,2.3459721606865793,-10.0,12.2228068783268,0.304
All-Stars,30122,Gavin Williams,PIT,False,19,2,0.0,0.0,0.0,0.0,0.0,2.7243700022205197,0.0,3.3021316328022023,0.14750110749503847,-0.09430273804725069,6.07970000447051,0.0,0.0,127.05168642815677,0.0,0.0,0.0,0.0,151.86,9.64465263678131,0.0,170.5830949323104,59.93467683788467,53.01847188299867,Gavin Williams,0.5,1.0,health,,3.5520353716644406,1.1857642454310249,PIT,,,,1.4810813265755751,11.363960185713363,11.363960185713363,27.996909517828932,29.741834671180907,6.07970000447051,11.363960185713363,0.0,health,4.364377913610332,0.0,19.0,keepable x2yr,2,10.741834671180907,-7.636039814286637,False,True,-7.636039814286637,0.0,0.0,0.0,0,-7.636039814286637,False,9.385290330621931,29.034977840754575,19.182732747993217,8.996909517828932,9.152232353623166,True,0.2590126145967429,18.108773132188723,-18.740987385403255,-0.8912268678112751,0.08
All-Stars,23793,Braxton Ashcraft,PIT,False,10,2,0.0,0.0,0.0,0.0,0.0,2.338001215970304,0.0,2.4171483617965532,0.002253460309985455,-0.19688960505306397,4.560513433023779,0.0,0.0,118.35014187927571,0.0,0.0,0.0,0.0,125.83999999999999,8.276852840850172,0.0,124.86620592890162,50.47553523025449,32.64527314481535,Braxton Ashcraft,0.5,1.191989828353465,health,,3.609979474509619,1.1998999922448434,PIT,,,,-0.038105244871156074,0.7333561407970609,0.7333561407970609,10.1165820485296,13.248305944096042,5.440179416919345,6.88887445720115,6.155518316404089,health,3.837106102024404,0.0,10.0,keepable x2yr,2,3.2483059440960425,-9.266643859202938,False,True,-9.266643859202938,0.0,0.0,0.0,0,-9.266643859202938,False,1.9525911008244403,19.61617450969824,9.905713028460454,0.11658204852959919,0.11658204852959919,True,0.0,6.517787824338641,-10.0,-3.482212175661359,0.022
All-Stars,14771,Emilio Pagan,PIT,False,10,1,0.0,0.0,0.0,0.0,0.0,0.6092879988539277,1.86202033262859,0.9672077911637144,-0.7569041879317231,-0.11350127665398767,2.568110658060521,0.0,0.0,43.12648190105538,0.0,0.0,0.0,0.0,49.315,2.156965133192686,12.24010972299463,49.964482584644735,24.53903615174334,16.535194196274787,Emilio Pagán,0.32756964457252646,2.0,health,,4.478380317665823,1.2098078900401534,PIT,,,,-2.030508019834414,0.0,0.0,4.516509700842209,0.0,5.199794804109697,5.206767936975442,5.206767936975442,role,1.0313758105383473,0.0,10.0,keepable x1yr,1,-10.0,-10.0,False,True,-10.0,0.0,0.0,0.0,0,-10.0,False,1.1541586135319224,11.222338269127892,3.698237496637136,-5.483490299157791,-5.483490299157791,False,0.0,0.0,-10.0,-10.0,0.0
All-Stars,30076,Landen Roupp,PIT,False,10,2,0.0,0.0,0.0,0.0,0.0,1.9522947391737788,0.0,2.178932761764218,-0.37659405299211995,-0.9931351953831472,2.76149825256273,0.0,0.0,105.07301996264951,0.0,0.0,0.0,0.0,116.5,6.911397713452933,0.0,112.56035055020807,49.23555210469224,46.85018924961102,Landen Roupp,0.5,1.2875536480686696,health,,3.8036048836242933,1.304061881650305,PIT,,,,-1.837120425332205,0.0,0.0,5.788399920380165,0.0,3.5974486008061075,0.0,0.0,health,2.314168641676046,0.0,10.0,keepable x2yr,2,-10.0,-10.0,False,True,-10.0,0.0,0.0,0.0,0,-10.0,False,1.0,13.782059081588017,6.335340716283751,-4.211600079619835,-4.211600079619835,False,0.0,0.0,-10.0,-10.0,0.0
All-Stars,33927,Grant Taylor,PIT,False,10,2,0.0,0.0,0.0,0.0,0.0,1.2213912213558917,0.8703378741975073,1.4345505177950333,0.26895010449534784,0.03880566164058912,3.834035379484369,0.0,0.0,53.54290119574466,0.0,0.0,0.0,0.0,63.44,4.32389655369511,5.721221669591889,74.10669663539828,23.72569742458694,20.55043776070652,Grant Taylor,0.5,2.0,health,,3.365877629591464,1.1679277893513742,PIT,,,,-0.764583298410566,0.0,0.0,12.164131386778914,5.361067555569319,7.6408288235972215,22.28805775948246,22.28805775948246,role,3.216119479845059,0.0,10.0,keepable x2yr,2,-4.638932444430681,-10.0,False,True,-10.0,0.0,0.0,0.0,0,-10.0,False,2.614089206793378,20.542713865396337,11.580105329679816,2.164131386778914,3.507220917006757,True,0.0,0.6768858832759339,-10.0,-9.323114116724067,0.0
All-Stars,21837,Jonathan Aranda,HIT,False,19,2,1.80280096312244,1.1254859429107513,1.9525648066541987,0.03138186238451721,0.4493653584779136,0.0,0.0,0.0,0.0,0.0,5.36159893354982,489.49999999999994,434.96010922293067,118.34711944396241,15.833205264711058,61.73340351979957,66.6963926650272,0.5451002227171491,0.0,0.0,0.0,0.0,0.0,0.0,Jonathan Aranda,0.5,1.2257405515832485,health,0.2720872947530593,,,HIT,,,,0.7629802556548855,6.339002558607398,6.339002558607398,13.202793344601655,21.945543639657593,6.5646501448044985,14.757429441110867,8.418426882503468,health,4.600850326929825,1.0156161051598436,19.0,keepable x2yr,2,2.9455436396575934,-12.660997441392603,False,True,-12.660997441392603,0.0,0.0,0.0,0,-12.660997441392603,False,3.6520497695196363,18.49156656202908,10.79374948429842,-5.797206655398345,-5.797206655398345,False,4.424540286779852,8.290822851636806,-14.575459713220148,-10.709177148363194,0.0
All-Stars,11477,Christian Yelich,HIT,False,18,2,1.8705307321152431,0.9306723348137006,1.7045074839510044,0.7513273190980233,-0.34102848595898805,0.0,0.0,0.0,0.0,0.0,4.916009384018984,481.29999999999995,428.48186321951397,102.66307048866403,13.092590097734975,64.05267738589167,58.223163739633755,13.050490246744216,0.0,0.0,0.0,0.0,0.0,0.0,Christian Yelich,0.5,1.246623727404945,health,0.23959723689884416,,,HIT,,,,0.3173907061240486,3.2209615249087005,3.2209615249087005,6.401582084279315,17.107859991179296,6.133976284190343,11.7437618832647,8.522800358356,health,4.192194673199439,0.0,18.0,keepable x2yr,2,-0.8921400088207037,-14.7790384750913,False,True,-14.7790384750913,0.0,0.0,0.0,0,-14.7790384750913,False,1.4750572612124713,11.487033529116523,5.9206008459561845,-11.598417915720685,-11.598417915720685,False,1.5806784181380356,4.790873880489857,-16.419321581861965,-13.209126119510142,0.0
All-Stars,12564,Trevor Story,HIT,False,15,2,1.427325676412951,0.7895307004009526,1.5702488058770543,0.6944978874957928,-0.26861274397566204,0.0,0.0,0.0,0.0,0.0,4.212990326211088,422.7,390.38064279604055,94.30359222886133,11.107026010391191,48.87598450333599,53.63710878207684,12.063367957961628,0.0,0.0,0.0,0.0,0.0,0.0,Trevor Story,0.4897959183673469,1.4194464158978,health,0.24156831023543213,,,HIT,,,,-0.385628351683847,0.0,0.0,3.7046685733318423,9.475311597468563,5.987738714268043,10.720455245651204,10.720455245651204,health,4.459863124403938,0.029049245221219988,15.0,keepable x2yr,2,-5.524688402531437,-15.0,False,True,-15.0,0.0,0.0,0.0,0,-15.0,False,1.0,8.853234402218275,4.0458333169809215,-11.295331426668158,-11.295331426668158,False,0.0,0.0,-15.0,-15.0,0.0
All-Stars,15454,Nick Pivetta,PIT,True,18,2,0.0,0.0,0.0,0.0,0.0,2.012379745501471,0.0,2.590130604152543,-1.0760190584332554,-0.053711075159798935,3.4727802160609595,0.0,0.0,106.11186742787156,0.0,0.0,0.0,0.0,120.95,7.124107079007932,0.0,133.80220532283712,55.678215442055254,36.97108777890818,Nick Pivetta,0.3,1.2401818933443571,health,,4.143066878697787,1.1829926019576662,PIT,,,,-1.1258384618339754,0.0,0.0,10.99363502469515,1.4389868001703667,4.335755716352231,0.0,0.0,health,1.9105661532707932,0.0,18.0,keepable x2yr,2,-16.561013199829635,-18.0,False,True,-18.0,0.0,0.0,0.0,0,-18.0,False,2.7287690614907394,16.159192911367313,5.822565335487056,-7.00636497530485,-7.00636497530485,False,0.0,0.0,-18.0,-18.0,0.0
All-Stars,35111,Kaelen Culpepper,HIT,False,20,2,1.5330782560667404,0.8733119919642437,1.4987824003925445,0.5093493510697322,-0.15013860488516137,0.0,0.0,0.0,0.0,0.0,4.264383394608099,411.92581602373895,372.9858173067853,91.9882463451918,12.285651469926925,52.497275376023275,51.19593426827384,8.847353968575431,0.0,0.0,0.0,0.0,0.0,0.0,Kaelen Culpepper,0.258160237388724,1.4565729475071854,health,0.24662665998779887,,,HIT,,,,-0.33423528328683627,0.0,0.0,2.9225124691250084,10.033276672931223,6.215710530508331,12.315702437405292,12.315702437405292,health,5.675317492838044,8.534268003956052,20.0,keepable x2yr,2,-9.966723327068777,-20.0,False,True,-20.0,0.0,0.0,0.0,0,-20.0,False,1.0,8.913620936657157,6.415996458131503,-17.07748753087499,-17.07748753087499,False,0.0,0.0,-20.0,-20.0,0.0
Lisbon Long Balls,31623,Jacob Misiorowski,PIT,False,10,1,0.0,0.0,0.0,0.0,0.0,2.574268064230184,0.0,3.360529994083778,0.18920852587853676,0.9383554625422024,7.062362046734702,0.0,0.0,93.37000066393782,0.0,0.0,0.0,0.0,129.82,9.113270683946512,0.0,173.59986540488322,50.82296222773853,45.14079900983725,Jacob Misiorowski,0.5,1.1554460021568327,health,,3.5233913114284916,1.0669449982573955,PIT,,,,2.4637433688397667,18.240199929809677,18.240199929809677,34.0,40.41041542862254,8.141753561060034,25.793310267869003,7.5531103380593265,health,4.325016738267196,0.0,10.0,keepable x1yr,1,30.410415428622542,8.240199929809677,False,True,8.240199929809677,0.0,0.0,0.0,0,8.240199929809677,True,15.66037190392453,34.0,28.203721380293928,24.0,36.900351870512196,True,6.557131751767047,25.026864774815426,-3.442868248232953,15.026864774815426,0.802
Lisbon Long Balls,10233,Aroldis Chapman,PIT,False,2,1,0.0,0.0,0.0,0.0,0.0,1.3589009651507624,3.151207528588997,1.2538393247888957,0.3527470978996397,-0.3676832795147226,5.749011636913571,0.0,0.0,38.30594420985702,0.0,0.0,0.0,0.0,48.58,4.81070036962076,20.71466419241819,64.7714314128736,17.251151320922585,24.112175824892454,Aroldis Chapman,0.39759036144578314,1.2068745004879342,health,,3.195972867194386,1.284852203267795,PIT,,,,1.1503929590186361,9.049947434527832,9.049947434527832,3.828059553308979,26.15161198719609,6.938634895957392,17.37441137280139,8.324463938273558,role,3.5523699899305865,0.0,2.0,keepable x1yr,1,24.15161198719609,7.049947434527832,False,True,7.049947434527832,0.0,0.0,0.0,0,7.049947434527832,True,1.0,8.215953964968865,2.485849507804187,1.8280595533089792,1.8280595533089792,True,0.0,17.60763652473275,-2.0,15.60763652473275,0.796
Lisbon Long Balls,19569,David Bednar,PIT,False,10,1,0.0,0.0,0.0,0.0,0.0,1.702728734275436,3.151207528588997,1.359380053730654,0.3559111936408741,0.278525091515181,6.847752601751142,0.0,0.0,46.458748829949556,0.0,0.0,0.0,0.0,59.66,6.027898987056757,20.71466419241819,70.22350485702621,21.66060415553068,19.74719081876977,David Bednar,0.46236559139784955,1.2068745004879342,health,,3.2676070633552823,1.1097207450338473,PIT,,,,2.249133923856207,16.738456775414328,16.738456775414328,10.30101527954731,38.080440221845116,8.257487715039213,26.603167324632206,9.864710549217879,role,4.855052086969609,2.794408986359641,10.0,keepable x1yr,1,28.080440221845116,6.738456775414328,False,True,6.738456775414328,0.0,0.0,0.0,0,6.738456775414328,True,3.001113228129365,16.526614863488142,8.076615562631703,0.30101527954730933,0.30101527954730933,True,6.070756910968816,25.27374019039277,-3.9292430890311842,15.273740190392768,0.777
Lisbon Long Balls,29712,Colson Montgomery,HIT,False,5,2,1.9448207440617602,1.8761509192605652,2.467526545262263,0.08631374756742974,-0.9032999909570172,0.0,0.0,0.0,0.0,0.0,5.471511965195001,542.7,489.3526229508197,107.9989688917614,26.393472792209234,66.59659397945829,84.28663612768696,1.4992622950819674,0.0,0.0,0.0,0.0,0.0,0.0,Colson Montgomery,0.5,1.1055831951354338,health,0.22069763975213302,,,HIT,,,,0.8728932873000659,7.1081259439487745,7.1081259439487745,7.564329999764971,23.138849174997063,6.055792265758879,11.196664273131255,4.08853832918248,health,5.8678109249471255,9.881252960550224,5.0,keepable x2yr,2,18.138849174997063,2.1081259439487745,False,True,2.1081259439487745,4.1490650164676905,0.0,0.0,0,6.257190960416465,True,1.6058723095023604,11.677741013296721,8.191452231215578,2.564329999764971,5.277064396298213,True,3.8728389084365333,10.757724415299174,-0.8009582996087398,14.219208075807424,0.874
Lisbon Long Balls,29576,Ben Rice,HIT,False,10,1,2.174729654210849,2.0590097817322954,2.287755474105857,0.17252441793762227,-0.15003558737854014,0.0,0.0,0.0,0.0,0.0,6.543983740608084,521.0999999999999,463.3990450725744,114.9029510477856,28.96590998898021,74.46937628508162,78.14595290385805,2.9967341482047356,0.0,0.0,0.0,0.0,0.0,0.0,Ben Rice,0.5,1.1514104778353484,health,0.24795681447679785,,,HIT,,,,1.9453650627131491,14.612814971648396,14.612814971648396,13.25941719676314,34.7824776596263,7.536217755562856,21.556035199587065,6.943220227938669,health,5.857328509190797,9.807901593816117,10.0,keepable x1yr,1,24.782477659626302,4.612814971648396,False,True,4.612814971648396,0.0,0.0,0.0,0,4.612814971648396,True,3.30702640157142,22.59471033113125,11.772562994259365,3.25941719676314,3.25941719676314,True,11.694378273404897,17.697690473758264,1.6943782734048964,7.697690473758263,0.97
Lisbon Long Balls,17350,Rafael Devers,HIT,False,30,F,2.3468833565533296,1.979815389060785,2.464491499668172,0.055763974103711006,-0.15078982444492003,0.0,0.0,0.0,0.0,0.0,6.6961643949410785,629.5999999999999,556.2065810203542,138.40899883370668,27.851812489246637,80.3644441220373,84.18296397708285,0.9686153846153844,0.0,0.0,0.0,0.0,0.0,0.0,Rafael Devers,0.5,1.0,health,0.24884459040343798,,,HIT,,,,2.0975457170461436,15.67770871802329,15.67770871802329,13.668110500559335,36.43467498754076,6.6961643949410785,15.67770871802329,0.0,health,6.334190525634118,13.14477369112656,35.0,free agent after 2026 (not extendable),1,0.0,0.0,False,False,0.0,0.0,0.0,0.0,0,0.0,False,4.919894889626626,22.624131493712277,15.036366153228876,0.0,0.0,False,12.351220915007234,19.409234272692007,,,
Lisbon Long Balls,25976,Riley Greene,HIT,False,3,F,2.374131060553263,1.7767148070985763,2.6066926386865212,0.17705583631455638,0.40618463636946855,0.0,0.0,0.0,0.0,0.0,7.340778979022386,612.1999999999999,552.0551219975846,147.40683421690161,24.99461713834484,81.29748861248542,89.04032029788722,3.0754444916580934,0.0,0.0,0.0,0.0,0.0,0.0,Riley Greene,0.5,1.0,health,0.26701470259621385,,,HIT,,,,2.742160301127451,20.18844000919115,20.18844000919115,7.81011579050801,43.43313676983391,7.340778979022386,20.18844000919115,0.0,health,7.924516545995168,24.273180525769657,8.0,free agent after 2026 (not extendable),1,0.0,0.0,False,False,0.0,0.0,0.0,0.0,0,0.0,False,2.090317193037233,13.32788368257784,12.949089371333963,0.0,0.0,False,16.903757086948094,23.81503226558623,,,
Lisbon Long Balls,37120,Munetaka Murakami,HIT,False,10,2,1.9795745932479172,1.9384804885172682,2.015909844529663,0.2847500304756927,-0.3833389658160173,0.0,0.0,0.0,0.0,0.0,5.835375990954524,487.69999999999993,422.8058997407397,100.47653108660887,27.270317918813056,67.78667177482365,68.86015465905929,4.946083286235881,0.0,0.0,0.0,0.0,0.0,0.0,Munetaka Murakami,0.5,1.230264506868977,health,0.23764221631774785,,,HIT,,,,1.2367573130595888,9.654287460078491,9.654287460078491,5.869034293294726,27.089253868149573,7.18477541090053,19.096795181974,9.442507721895508,health,5.801275597312855,9.415667800456864,10.0,keepable x2yr,2,17.089253868149573,-0.3457125399215091,False,True,-0.3457125399215091,0.0,0.0,0.0,0,-0.3457125399215091,True,1.0526182650333318,14.135610443069167,8.744422539810401,-4.130965706705274,-4.130965706705274,False,7.125825419228694,12.1971812117321,-2.8741745807713057,3.808534932714346,0.446
Lisbon Long Balls,20253,Griffin Jax,PIT,False,10,2,0.0,0.0,0.0,0.0,0.0,2.102510713970307,0.0,1.8513842988440148,0.8677732852408497,0.5021452925926002,5.323813590647772,0.0,0.0,64.54130076132158,0.0,0.0,0.0,0.0,79.86,7.443183372606121,0.0,95.6396954224068,26.434810801765792,22.094090968088473,Griffin Jax,0.5,1.8782870022539444,health,,2.9791296921599315,1.0848408681368653,PIT,,,,0.725194912752837,6.074597233650805,6.074597233650805,5.176083020207105,21.535315132948114,9.873035915260854,37.90806795686875,31.833470723217943,health,3.7670291469213555,0.0,10.0,keepable x2yr,2,11.535315132948114,-3.925402766349195,False,True,-3.925402766349195,0.0,0.0,0.0,0,-3.925402766349195,False,1.0,13.553495634711783,7.446680737241648,-4.823916979792895,-4.823916979792895,False,0.0,11.346840747121187,-10.0,1.3468407471211858,0.179
Lisbon Long Balls,26368,J.J. Bleday,HIT,False,10,2,1.8405425449139927,1.6237482015575906,1.950348846172382,0.3038813654019285,-0.59475864753484,0.0,0.0,0.0,0.0,0.0,5.123762310511054,492.7,440.71634681452485,101.24594872556116,22.842700733318207,63.02579039215738,66.62069911062032,5.2783929115025,0.0,0.0,0.0,0.0,0.0,0.0,JJ Bleday,0.5,1.217779581895677,health,0.22973041380779652,,,HIT,,,,0.5251436326161194,4.6747257578340875,4.6747257578340875,5.122604492107843,19.363395239868183,6.248399652664911,12.544446635618923,7.869720877784836,health,4.9971399372103935,3.788677698243202,10.0,keepable x2yr,2,9.363395239868183,-5.3252742421659125,False,True,-5.3252742421659125,0.0,0.0,0.0,0,-5.3252742421659125,False,1.0,13.193804431300503,6.421573830573787,-4.877395507892157,-4.877395507892157,False,2.421842158794946,6.8387926195382995,-7.578157841205054,-3.1612073804617005,0.001
Lisbon Long Balls,25977,Quinn Priester,PIT,True,6,2,0.0,0.0,0.0,0.0,0.0,2.5422719659676067,0.07699190745264124,2.284232988182555,-0.7059484898160393,-0.5277870494541737,3.66976132233259,0.0,0.0,126.0,0.0,0.0,0.0,0.0,137.7,9.0,0.5061112268696969,118.0,60.0,44.0,Quinn Priester,0.0,1.0,health,,3.9215686274509807,1.234567901234568,PIT,,,,-0.9288573555623452,0.0,0.0,14.283033343916298,3.5775743812139043,3.66976132233259,0.0,0.0,health,3.4271002150312806,0.0,6.0,keepable x2yr,2,-2.4224256187860957,-6.0,False,True,-6.0,0.0,0.0,0.0,0,-6.0,False,3.909130249874899,16.248618602863296,5.8343531420875046,8.283033343916298,8.283033343916298,True,0.0,0.3379369530692691,-6.0,-5.66206304693073,0.007
Lisbon Long Balls,26438,Dominic Canzone,HIT,False,10,2,1.5737343763978011,1.3028217372171025,1.6731207862582753,0.14297754859565534,-0.0940357705738985,0.0,0.0,0.0,0.0,0.0,4.598618677894935,434.09999999999997,395.9838676267508,98.80832640618225,18.32794458128703,53.889464937315644,57.15104592483003,2.483507595186427,0.0,0.0,0.0,0.0,0.0,0.0,Dominic Canzone,0.5,1.3821700069108502,health,0.2495261410480431,,,HIT,,,,0.0,1.0,1.0,5.358117909055115,13.662007567548718,6.358199114236777,13.31277530719476,12.31277530719476,health,4.315761962866784,0.0,10.0,keepable x2yr,2,3.6620075675487183,-9.0,False,True,-9.0,0.0,0.0,0.0,0,-9.0,False,1.0,13.533222068884866,5.847326875951103,-4.641882090944885,-4.641882090944885,False,0.0,2.225078571158554,-10.0,-7.774921428841446,0.0
Lisbon Long Balls,31580,Chase Meidroth,HIT,False,10,2,2.0117225485232453,0.6449939832936248,1.413306422553993,0.4313963638462043,0.026174829610504883,0.0,0.0,0.0,0.0,0.0,4.527594147827572,552.5,487.4352983435587,124.1471805749336,9.073700294808027,68.88751581470643,48.27621587433433,7.493317354165433,0.0,0.0,0.0,0.0,0.0,0.0,Chase Meidroth,0.5,1.085972850678733,health,0.2546946866524037,,,HIT,,,,-0.07102453006736287,0.5030013621675422,0.5030013621675422,8.17197493695723,12.89090732942709,4.916593654043032,3.225049991327316,2.722048629159774,health,4.3656277246316355,0.0,10.0,keepable x2yr,2,2.8909073294270904,-9.496998637832458,False,True,-9.496998637832458,0.0,0.0,0.0,0,-9.496998637832458,False,1.6607556725494557,16.74074939060244,7.7430503120050655,-1.8280250630427695,-1.8280250630427695,False,0.0,2.7573084780704336,-10.0,-7.242691521929566,0.0
Lisbon Long Balls,33390,Bryce Eldridge,HIT,False,10,2,1.4690948932519177,1.3966740328561489,1.859701837169971,0.0625404385790052,-0.2822743217604932,0.0,0.0,0.0,0.0,0.0,4.50573688009655,483.3,434.8209437453738,105.31074936241286,19.648247754131905,50.306289884003135,63.52434682273143,1.086321983715766,0.0,0.0,0.0,0.0,0.0,0.0,Bryce Eldridge,0.5,1.2414649286157666,health,0.24219336919539375,,,HIT,,,,-0.0928817977983849,0.35005374986015636,0.35005374986015636,5.783780410796052,12.653607000426758,5.598222513371346,7.994791012804836,7.6447372629446795,health,5.742995603450801,9.007849860164223,10.0,keepable x2yr,2,2.6536070004267582,-9.649946250139843,False,True,-9.649946250139843,0.0,0.0,0.0,0,-9.649946250139843,False,1.0483569737464917,13.172781768946866,8.857860647584513,-4.216219589203948,-4.216219589203948,False,0.0,1.8347111833708107,-10.0,23.465069594601065,0.36
Lisbon Long Balls,24759,Mickey Gasper,HIT,False,10,2,0.8917307242075415,0.3309993346078577,0.856784982517023,0.0918594731531961,-0.1491738800659132,0.0,0.0,0.0,0.0,0.0,2.022200634419705,265.2,233.39029649595687,56.628101822612585,4.656460118706762,30.535579775352325,29.266361571564563,1.5955910666153252,0.0,0.0,0.0,0.0,0.0,0.0,Mickey Gasper,0.3622448979591837,2.0,health,0.24263263157383913,,,HIT,,,,-2.57641804347523,0.0,0.0,2.0392912581466645,0.0,4.052404598054501,0.0,0.0,health,2.402584405699835,0.0,10.0,keepable x2yr,2,-10.0,-10.0,False,True,-10.0,0.0,0.0,0.0,0,-10.0,False,1.0,7.672119391946302,2.5732571430455726,-7.9607087418533355,-7.9607087418533355,False,0.0,0.0,-10.0,-10.0,0.0
Lisbon Long Balls,26540,Angel Martinez,HIT,False,10,2,1.5759238884252815,0.9910360205334031,1.6139626684179413,0.6181748488803268,-0.3759117119377673,0.0,0.0,0.0,0.0,0.0,4.423185714319185,469.5,426.51281151433227,101.54576364021328,13.941779403522997,53.964440507147714,55.130302212070056,10.737643409240581,0.0,0.0,0.0,0.0,0.0,0.0,Angel Martínez,0.5,1.2779552715654952,health,0.2380837360539661,,,HIT,,,,-0.17543296357574967,0.0,0.0,6.899017055249121,11.75736420194896,5.659713457380842,8.425077779683347,8.425077779683347,health,4.640865730252143,1.2956264188450763,10.0,keepable x2yr,2,1.7573642019489597,-10.0,False,True,-10.0,0.0,0.0,0.0,0,-10.0,False,1.345698674207746,14.918442317057057,7.774491057266834,-3.1009829447508794,-3.1009829447508794,False,0.0,0.5568139378920408,-10.0,-9.443186062107959,0.0
Lisbon Long Balls,21547,Lazaro Montes,HIT,False,10,2,1.2849322709373419,0.5686711814034152,1.2295675763357703,0.2878540594616595,-0.632206968374277,0.0,0.0,0.0,0.0,0.0,2.738818119763909,413.0,375.0,84.0,8.0,44.0,42.0,5.0,0.0,0.0,0.0,0.0,0.0,0.0,Coco Montes,0.0,1.4527845036319613,health,0.224,,,HIT,,,,-1.8598005581310257,0.0,0.0,4.161128033493963,0.0,3.998642874284889,0.0,0.0,health,2.466819515565773,0.0,10.0,keepable x2yr,2,-10.0,-10.0,False,True,-10.0,0.0,0.0,0.0,0,-10.0,False,1.0,10.43028705091032,2.9366742779084825,-5.838871966506037,-5.838871966506037,False,0.0,0.0,-10.0,-10.0,0.0
Lisbon Long Balls,22872,Yoendrys Gomez,PIT,False,10,2,0.0,0.0,0.0,0.0,0.0,1.2899181701626734,1.9611885784716983,1.6418302176490471,-0.896116531122141,-0.7618740166470326,3.2349464185142445,0.0,0.0,75.83810498366647,0.0,0.0,0.0,0.0,87.215,4.566491581889231,12.891998528334904,84.81445048945429,40.7945475749055,37.943931513527936,Yoendrys Gómez,0.46195234435049964,1.939187314135455,health,,4.209722274541644,1.3046154502917435,PIT,,,,-1.3636722593806905,0.0,0.0,5.678778770782436,0.0,6.457080303646322,14.004702679289819,14.004702679289819,role,2.838653856513806,0.0,10.0,keepable x2yr,2,-10.0,-10.0,False,True,-10.0,0.0,0.0,0.0,0,-10.0,False,1.0,12.588814682874327,6.159199348425948,-4.321221229217564,-4.321221229217564,False,0.0,0.0,-10.0,-10.0,0.0
Lisbon Long Balls,25098,Jacob Lopez,PIT,False,10,2,0.0,0.0,0.0,0.0,0.0,1.9441086683375655,0.0,2.01547264678716,-0.9065298887898536,-1.0530056020489715,2.0000458242859,0.0,0.0,93.11284625793691,0.0,0.0,0.0,0.0,103.39999999999999,6.8824178723847185,0.0,104.11624976579574,47.43000083272613,44.15450150931612,Jacob Lopez,0.5,1.4506769825918764,health,,4.12833662954096,1.3275372124492557,PIT,,,,-2.598572853609035,0.0,0.0,3.836569906000989,0.0,2.995159682907684,0.0,0.0,health,2.649654146539944,0.0,10.0,keepable x2yr,2,-10.0,-10.0,False,True,-10.0,0.0,0.0,0.0,0,-10.0,False,1.0,10.33975663562183,4.7271883423357846,-6.163430093999011,-6.163430093999011,False,0.0,0.0,-10.0,-10.0,0.0
Lisbon Long Balls,35466,Payton Tolle,PIT,False,10,2,0.0,0.0,0.0,0.0,0.0,1.5495743750235536,0.0,2.4018449642499857,-0.40229697739138787,0.14708460083988956,3.696206962722041,0.0,0.0,100.80265541537817,0.0,0.0,0.0,0.0,114.42,5.485711034029348,0.0,124.07565570051544,48.566763164781506,31.594205831344286,Payton Tolle,0.5,1.3109596224436286,health,,3.820143930108666,1.1571129282181651,PIT,,,,-0.9024117151728941,0.0,0.0,11.394564963755704,3.8646898268528083,4.854201031819514,2.788453674160934,2.788453674160934,health,3.2391201297015177,0.0,10.0,keepable x2yr,2,-6.135310173147191,-10.0,False,True,-10.0,0.0,0.0,0.0,0,-10.0,False,2.3060554830667406,20.379800507018786,11.594603063636882,1.3945649637557036,2.7499775678470533,True,0.0,0.06452163378708485,-10.0,-9.935478366212916,0.0
Lisbon Long Balls,29357,Walbert Urena,PIT,False,10,2,0.0,0.0,0.0,0.0,0.0,1.503753581398297,0.0,1.8819131551533335,-2.0913506684382486,-1.9025940739173186,-0.6082780058039368,0.0,0.0,108.45021696200985,0.0,0.0,0.0,0.0,116.30000000000001,5.3234989858504855,0.0,97.21676968021526,60.51238909450488,56.86010897391624,Walbert Ureña,0.5,1.289767841788478,health,,4.6828160090330515,1.4214129487181948,PIT,,,,-5.206896683698872,0.0,0.0,7.133322326969399,0.0,-0.6619145719715367,0.0,0.0,health,-0.6174217663236554,0.0,10.0,keepable x2yr,2,-10.0,-10.0,False,True,-10.0,0.0,0.0,0.0,0,-10.0,False,1.2028958871617834,16.018335621996755,4.757349571799926,-2.866677673030601,-2.866677673030601,False,0.0,0.0,-10.0,-10.0,0.0
Lisbon Long Balls,27756,Mick Abel,PIT,True,10,2,0.0,0.0,0.0,0.0,0.0,1.9549330841576502,0.0,2.048753549723064,-0.8026368874386707,-1.006434156994751,2.1946155894472925,0.0,0.0,99.22911604511098,0.0,0.0,0.0,0.0,106.715,6.920737825436509,0.0,105.83549056424043,48.09188046314007,41.281098066856565,Mick Abel,0.2230854605993341,1.4056130815724124,health,,4.055914577784384,1.3166866336688146,PIT,,,,-2.4040030884476424,0.0,0.0,6.286783873074919,0.0,3.162691303837472,0.0,0.0,health,2.494669290598399,0.0,10.0,keepable x2yr,2,-10.0,-10.0,False,True,-10.0,0.0,0.0,0.0,0,-10.0,False,1.0886366157118517,13.459862605740199,6.497547522208719,-3.713216126925081,-3.713216126925081,False,0.0,0.0,-10.0,-10.0,0.0
Lisbon Long Balls,32095,Cam Schlittler,PIT,False,20,2,0.0,0.0,0.0,0.0,0.0,2.820035685662352,0.0,3.066477680704352,-0.30173659413409687,0.2922580612481187,5.877034833480726,0.0,0.0,120.8465210633747,0.0,0.0,0.0,0.0,143.06,9.983322599122962,0.0,158.40957038756986,59.44096550487523,42.96424908702252,Cam Schlittler,0.5,1.0485111142178107,health,,3.7394707783019507,1.1450494208751378,PIT,,,,1.2784161555857914,9.945797843456777,9.945797843456777,34.0,27.541536246665263,6.162220694170519,11.941403927122156,1.995606083665379,health,3.8578664717040687,0.0,20.0,keepable x2yr,2,7.541536246665263,-10.054202156543223,False,True,-10.054202156543223,0.0,0.0,0.0,0,-10.054202156543223,False,17.09709263758397,34.0,26.60515125917756,14.0,19.614378570300925,True,0.0,16.55754719748788,-20.0,-3.44245280251212,0.034
Lisbon Long Balls,16252,Trea Turner,HIT,False,32,2,2.385984260873799,1.171733173537723,1.7930220608799252,1.1675576356445798,0.39132260683707487,0.0,0.0,0.0,0.0,0.0,6.909619737773102,572.8,523.4651209845392,139.8570723940011,16.48380592307871,81.7033783437186,61.24667566574807,20.280374677156356,0.0,0.0,0.0,0.0,0.0,0.0,Trea Turner,0.5,1.047486033519553,health,0.2671755324040622,,,HIT,,,,2.3110010598781674,17.171375969675058,17.171375969675058,16.334189714086225,38.75212031987872,7.236355984480417,19.457733505444875,2.2863575357698167,health,5.707759137534495,8.761280463002084,32.0,keepable x2yr,2,6.7521203198787205,-14.828624030324942,False,True,-14.828624030324942,0.0,0.0,0.0,0,-14.828624030324942,False,5.476148977112832,20.980216334221574,14.485835314648797,-15.665810285913775,-15.665810285913775,False,14.57366384248568,19.833448175653515,-17.42633615751432,-12.166551824346483,0.0
Lisbon Long Balls,13510,Jose Ramirez,HIT,False,43,2,2.2005162865283623,1.3586837271975332,2.0568668539944523,1.780714631022335,0.11061692472560565,0.0,0.0,0.0,0.0,0.0,7.507398423468289,555.6,497.8397256637168,128.30114541438215,19.113804555306743,75.3523892248554,70.25917853593111,30.930858407079647,0.0,0.0,0.0,0.0,0.0,0.0,José Ramírez,0.5,1.079913606911447,health,0.2577157643322494,,,HIT,,,,2.908779745573354,21.3543701018996,21.3543701018996,14.326710407152653,45.242093381951896,8.106635558331075,25.54756982434709,4.193199722447488,health,6.687954682728268,15.62026073796776,43.0,keepable x2yr,2,2.2420933819518964,-21.6456298981004,False,True,-21.6456298981004,0.0,0.0,0.0,0,-21.6456298981004,False,4.513078147662615,20.678877313493985,15.775162772300257,-28.673289592847347,-28.673289592847347,False,18.40038327622889,23.53037629583096,-24.59961672377111,-19.46962370416904,0.0
McBlocks,33677,Paul Skenes,PIT,False,15,1,0.0,0.0,0.0,0.0,0.0,3.5513193299758776,0.0,4.0546780575892,2.0983624543570536,1.4281379318660354,11.132497773788167,0.0,0.0,144.29284159683232,0.0,0.0,0.0,0.0,180.48499999999999,12.572169460090784,0.0,209.45849800383314,57.886117525293415,45.600462065398354,Paul Skenes,0.5,1.0,health,,2.8865282861602948,1.0521278979540165,PIT,,,,6.533879095893232,46.72123190876439,46.72123190876439,24.33478552589483,84.59912917782424,11.132497773788167,46.72123190876439,0.0,health,11.398496376738048,48.582573943777405,15.0,keepable x1yr,1,69.59912917782424,31.721231908764388,False,True,31.721231908764388,0.0,0.0,37.08359752658997,2,68.80482943535435,True,6.937310770032111,32.531790161084004,31.855280166694847,9.33478552589483,20.114713588022475,True,31.885829485802514,55.16460176050823,29.711358377472838,91.05435294131917,0.999
McBlocks,24262,Ceddanne Rafaela,HIT,True,1,1,2.3217783576039186,1.266434671153954,2.2052026709299195,1.1170617373401455,0.5014925572825254,0.0,0.0,0.0,0.0,0.0,7.411969994310463,568.3,522.6469359372065,141.62898978393815,17.81605557051143,79.50477238776895,75.32608533405597,19.40326531140916,0.0,0.0,0.0,0.0,0.0,0.0,Ceddanne Rafaela,0.5,1.0557803976772833,health,0.27098406217568294,,,HIT,,,,2.8133513164155284,20.686603637877273,20.686603637877273,7.362662262463861,44.20604450732533,7.823349727591623,23.565259320339397,2.8786556824621243,health,7.444882914163587,20.916913874616284,1.0,keepable x1yr,1,43.20604450732533,19.686603637877273,False,True,19.686603637877273,0.0,0.0,15.594347067834107,2,35.280950705711376,True,1.6792578451358717,11.38345790323968,7.49105005412848,6.362662262463861,7.630054808473068,True,17.88593844866754,23.2521742201973,28.02720792560013,41.92579678016162,1.0
McBlocks,31505,Sal Stewart,HIT,False,14,2,2.319515185262317,1.7251959902907956,2.626162317508628,0.7399255570063843,0.2610005048959318,0.0,0.0,0.0,0.0,0.0,7.671799554964057,570.6999999999999,514.6956530640508,135.28346248130615,24.269856419074515,79.42727446411743,89.7053724074796,12.852442629959473,0.0,0.0,0.0,0.0,0.0,0.0,Sal Stewart,0.5,1.051340459085334,health,0.2628416651198547,,,HIT,,,,3.073180877069122,22.50477740954411,22.50477740954411,18.503238705665737,47.02696617904915,8.064674905103809,25.253947501513952,2.749170091969841,health,7.891614488735314,24.04294630071356,14.0,keepable x2yr,2,33.02696617904915,8.504777409544111,False,True,8.504777409544111,8.536504355606525,0.0,0.0,0,17.041281765150636,True,5.914990230144671,20.726169312375774,24.016346477786232,4.503238705665737,13.017133211784035,True,19.138707328651147,25.625318682976555,10.618496009288489,22.995574920052768,0.999
McBlocks,29715,Hunter Goodman,HIT,False,10,1,2.1924510716931738,2.3456441714881744,2.5802472437083934,0.18535742747711254,0.01282162599901107,0.0,0.0,0.0,0.0,0.0,7.316521540365865,572.6999999999999,523.3453613573594,133.02241005533486,32.99824922654802,75.07621166999532,88.13698923218737,3.2196424087915476,0.0,0.0,0.0,0.0,0.0,0.0,Hunter Goodman,0.5,1.0476689366160294,health,0.25417710727448733,,,HIT,,,,2.71790286247093,20.01869704914395,20.01869704914395,14.48434769864322,43.169778227277924,7.665195891434693,22.458567856651822,2.439870807507873,health,7.010643629375366,17.87829703578051,10.0,keepable x1yr,1,33.169778227277924,10.018697049143949,False,True,10.018697049143949,0.0,0.0,2.4465524804134327,1,12.465249529557381,True,3.7741656256772753,23.809978832248046,13.736528192853187,4.484347698643219,4.484347698643219,True,16.593386238337406,23.65339283697339,6.593386238337406,18.859108171717033,0.999
McBlocks,31532,Spencer Jones,HIT,False,10,2,1.771702984605748,1.406954270827475,1.9602288726324457,0.8035958815458117,-0.3975972310487727,0.0,0.0,0.0,0.0,0.0,5.544884778562708,438.7,397.2753312795235,93.76829087157003,19.792868945534018,60.668513886561335,66.95818451549681,13.958390634627234,0.0,0.0,0.0,0.0,0.0,0.0,Spencer Jones,0.4444444444444444,1.367677228174151,health,0.23602847569106805,,,HIT,,,,0.9462661006677733,7.621556842584775,7.621556842584775,2.6920203323419405,23.93544429228727,7.593511401239312,21.956951106114676,14.335394263529901,health,7.712267499035135,22.787954405718956,10.0,keepable x2yr,2,13.935444292287269,-2.3784431574152247,False,True,-2.3784431574152247,10.869761244861113,0.0,0.0,0,8.491318087445888,True,1.0,8.851530345052174,6.7368119928416474,-7.30797966765806,-7.30797966765806,False,5.556459314703902,9.223950448224237,1.1778904757550415,14.166105588792654,0.929
McBlocks,17722,Trevor Megill,PIT,False,1,2,0.0,0.0,0.0,0.0,0.0,1.4036769010882972,2.457029807687239,1.165912677593653,0.42068759144599877,0.19122407700883765,5.638531054824026,0.0,0.0,39.506879200519265,0.0,0.0,0.0,0.0,49.64,4.9692134747615135,16.151442555036272,60.22927462645325,17.246587802281308,16.19211187322148,Trevor Megill,0.42669942669942673,1.5478493586447242,health,,3.12689948067147,1.1220586437095235,PIT,,,,1.0399123769290908,8.276852579083336,8.276852579083336,4.444261151911194,24.95214466124174,8.708871222676555,29.761751946354085,21.48489936727075,role,4.038374508944867,0.0,1.0,keepable x2yr,2,23.95214466124174,7.276852579083336,False,True,7.276852579083336,0.0,0.0,0.0,0,7.276852579083336,True,1.0,7.735225485413595,3.4095928552878987,3.444261151911194,5.492415078905908,True,0.0,15.322279021146645,-1.0,14.322279021146645,0.82
McBlocks,21636,Jeremy Pena,HIT,False,10,1,2.0692425436075648,1.197762159022919,1.7405714605103602,0.7535926010295226,0.48660732200357554,0.0,0.0,0.0,0.0,0.0,6.247776086173941,528.0,481.7365874184726,130.9328430665667,16.849978661721234,70.85717588236417,59.45504968445255,13.089837997054492,0.0,0.0,0.0,0.0,0.0,0.0,Jeremy Peña,0.5,1.1363636363636365,health,0.2717934375053573,,,HIT,,,,1.649157408279006,12.540083189689524,12.540083189689524,8.081643274947165,31.5666057256482,7.09488252356817,18.467764021716608,5.927680832027084,health,5.754531741830455,9.088574717549367,10.0,keepable x1yr,1,21.5666057256482,2.5400831896895237,False,True,2.5400831896895237,0.0,0.0,0.0,0,2.5400831896895237,True,1.6678813903537786,17.237786165958408,8.497563977624672,-1.9183567250528348,-1.9183567250528348,False,10.426468192908894,14.406037941153409,0.42646819290889415,4.406037941153409,0.94
McBlocks,17130,Raisel Iglesias,PIT,False,3,2,0.0,0.0,0.0,0.0,0.0,1.0779402471499415,2.853702791059672,1.0689841047498736,-0.06617693485323735,0.03288004340820095,4.9673302515144515,0.0,0.0,47.241106054061994,0.0,0.0,0.0,0.0,52.475,3.816059947251564,18.75899777639737,55.22209206025353,21.455070206406702,14.04832007906596,Raisel Iglesias,0.42244224422442245,1.3326937983571319,health,,3.679764304100244,1.1679738186398847,PIT,,,,0.36871157361951656,3.580082538640663,3.580082538640663,3.8638426690864334,17.665041194755446,6.62076878615678,15.15012318062085,11.570040641980187,role,3.1337674012543877,0.0,3.0,keepable x2yr,2,14.665041194755446,0.5800825386406632,False,True,0.5800825386406632,0.0,0.0,0.0,0,0.5800825386406632,True,1.0,7.544049865675275,2.980045704863593,0.8638426690864334,0.8638426690864334,True,0.0,11.40941929525844,-3.0,8.40941929525844,0.476
McBlocks,22186,Brice Turang,HIT,False,9,F,2.361768202278258,1.120091179998782,2.1548116834947595,1.3021891467209246,0.28508710336025883,0.0,0.0,0.0,0.0,0.0,7.223947315852983,602.8,543.3834073742516,143.0153340167795,15.757312367889302,80.8741466384346,73.60481233287302,22.618912325854637,0.0,0.0,0.0,0.0,0.0,0.0,Brice Turang,0.5,1.0,health,0.26319414997940604,,,HIT,,,,2.625328637958048,19.370903062507768,19.370903062507768,16.096815490535224,42.164716926652574,7.223947315852983,19.370903062507768,0.0,health,6.826205360050439,16.587678589847464,14.0,free agent after 2026 (not extendable),1,0.0,0.0,False,False,0.0,0.0,0.0,0.0,0,0.0,False,6.820022233037617,23.375234835517563,16.034952926423856,0.0,0.0,False,16.499953050380473,22.04618604882233,,,
McBlocks,11493,Manny Machado,HIT,False,20,F,2.0526807454806617,1.637806997061694,2.2845822549436914,0.2878547857370402,-0.26211123681648335,0.0,0.0,0.0,0.0,0.0,6.0008135464066035,576.6,522.1367520905421,127.77407808572536,23.040478232355987,70.29004940101886,78.03756097211232,5.000012615340254,0.0,0.0,0.0,0.0,0.0,0.0,Manny Machado,0.5,1.0405827263267429,health,0.2447138179301511,,,HIT,,,,1.4021948685116685,10.81194720985835,10.81194720985835,7.9971394584090625,28.88537892920054,6.245047787947875,12.52099175042665,1.7090445405683,health,5.068463609545789,4.287769603001742,25.0,free agent after 2026 (not extendable),1,0.0,0.0,False,False,0.0,0.0,0.0,0.0,0,0.0,False,2.306146539585022,16.210272901308393,8.54087831468954,0.0,0.0,False,8.169254594101627,13.583540047420538,,,
McBlocks,20036,Isaac Paredes,HIT,False,2,F,1.715719741464119,1.4453805180780273,2.1535583613391536,0.0,-0.29374386569837085,0.0,0.0,0.0,0.0,0.0,5.020914755182929,550.3,483.4411804695537,117.41213717833926,20.333444919941172,58.75147689251436,73.5620009156329,0.0,0.0,0.0,0.0,0.0,0.0,0.0,Isaac Paredes,0.5,1.0903143739778303,health,0.24286747162146996,,,HIT,,,,0.422296077287994,3.9550434895530198,3.9550434895530198,4.159083167634375,18.246798279233207,5.476093364566443,7.140184575590742,3.185141086037722,health,4.833482648061958,2.6434754744343145,7.0,free agent after 2026 (not extendable),1,0.0,0.0,False,False,0.0,0.0,0.0,0.0,0,0.0,False,1.0,9.07033852512098,6.613478416344619,0.0,0.0,False,1.7480388250346137,6.288219786960017,,,
McBlocks,28806,Jackson Chourio,HIT,False,14,F,2.5276243097262476,1.661267581384169,2.488045393668085,1.0281548166234409,0.6480467209255877,0.0,0.0,0.0,0.0,0.0,8.35313882232753,580.8,531.46297432085,146.51394879457595,23.370519002342988,86.55356561854005,84.98752613945251,17.858959824056004,0.0,0.0,0.0,0.0,0.0,0.0,Jackson Chourio,0.5,1.0330578512396695,health,0.27568044412088033,,,HIT,,,,3.754520144432595,27.272491992945703,27.272491992945703,19.95950170367173,54.42414108196359,8.627713664468814,29.193846803711118,1.9213548107654148,health,9.423205981971487,34.76035456983132,19.0,free agent after 2026 (not extendable),1,0.0,0.0,False,False,0.0,0.0,0.0,0.0,0,0.0,False,8.563635968137554,24.436965319992673,28.26142634454937,0.0,0.0,False,23.80160069322786,30.408418924764018,,,
McBlocks,29490,Jackson Merrill,HIT,False,10,F,2.206644743365624,1.6057361919414603,2.3470645723038013,0.8923475843311444,0.4023662737213868,0.0,0.0,0.0,0.0,0.0,7.454159365663417,573.0,522.5,139.8097712158021,22.589309878213804,75.56224627875507,80.17185385656292,15.5,0.0,0.0,0.0,0.0,0.0,0.0,Jackson Merrill,0.5,1.0471204188481675,health,0.2675785095039275,,,HIT,,,,2.8555406877684817,20.98182643024969,20.98182643024969,15.215733306948366,44.664086739573946,7.804004602738344,23.429890586584175,2.4480641563344854,health,7.7271490819866875,22.892089222925033,15.0,free agent after 2026 (not extendable),1,0.0,0.0,False,False,0.0,0.0,0.0,0.0,0,0.0,False,4.04721576982401,23.552098888788137,21.876385118759075,0.0,0.0,False,18.161954252159685,23.391386943653842,,,
McBlocks,18345,Kyle Tucker,HIT,False,33,F,2.3713444557474963,1.5377859843764246,2.3627020136077657,0.7790997372534652,0.0733170154086435,0.0,0.0,0.0,0.0,0.0,7.124249206393795,561.0,493.1168128654971,126.43347791896338,21.63339426599878,81.20206676479201,80.70600305454661,13.532894736842104,0.0,0.0,0.0,0.0,0.0,0.0,Kyle Tucker,0.5,1.0695187165775402,health,0.25639660749804827,,,HIT,,,,2.5256305284988603,18.673259240736723,18.673259240736723,12.785014672593489,41.08231291959555,7.619090817721502,22.135944689544793,3.4626854488080703,health,7.48769671749728,21.216506169237462,38.0,free agent after 2026 (not extendable),1,0.0,0.0,False,False,0.0,0.0,0.0,0.0,0,0.0,False,4.505730995097599,21.702138936792878,18.040444090152345,0.0,0.0,False,15.620211274431977,21.691377290651992,,,
McBlocks,10603,Chris Sale,PIT,False,9,F,0.0,0.0,0.0,0.0,0.0,2.578166212433594,0.0,2.8705059795341654,0.6877361944642265,0.10590862702715156,6.242317013459137,0.0,0.0,113.38946793350482,0.0,0.0,0.0,0.0,126.62,9.127070676355011,0.0,148.2859705368904,46.21461251919539,33.95479421021423,Chris Sale,0.5,1.18464697520139,health,,3.2848800558581464,1.1636728964122496,PIT,,,,1.6436983355642019,12.501882983359222,12.501882983359222,13.611431204786832,31.507337578906274,7.379577938085441,20.45993817729401,7.958055193934788,health,2.958651055952876,0.0,14.0,free agent after 2026 (not extendable),1,0.0,0.0,False,False,0.0,0.0,0.0,0.0,0,0.0,False,3.829946678099577,23.789646786968973,9.272727734077133,0.0,0.0,False,1.6177694857894371,18.64909091246695,,,
McBlocks,22275,Jake Burger,HIT,False,4,1,1.586634765120426,1.5472285615896935,2.1073957950284194,0.08257971822848356,-0.3733295969289427,0.0,0.0,0.0,0.0,0.0,4.95050924303808,485.79999999999995,445.5759826067314,106.41270703210397,21.766231343340603,54.3312135933607,71.98516380446839,1.434402529929975,0.0,0.0,0.0,0.0,0.0,0.0,Jake Burger,0.5,1.2350761630300537,health,0.23882056301500568,,,HIT,,,,0.35189056514314476,3.462376468754724,3.462376468754724,4.242667342276424,17.482418604654896,6.120256548343261,11.647757164599842,8.185380695845119,health,4.158682784734905,0.0,4.0,keepable x1yr,1,13.482418604654896,-0.5376235312452762,False,True,-0.5376235312452762,0.0,0.0,0.0,0,-0.5376235312452762,False,1.0,9.808855812503134,4.409207444097747,0.24266734227642406,0.24266734227642406,True,1.2848897781054767,5.601151483561108,-2.7151102218945233,1.601151483561108,0.389
McBlocks,16478,Kyle Schwarber,HIT,False,20,1,2.447452779381846,2.646395091809462,2.5625031130648805,0.26030627705261944,-0.8359634684867124,0.0,0.0,0.0,0.0,0.0,7.080693792822096,608.3,528.5889394520023,119.08457647715144,37.22917817327704,83.8082478964002,87.53087900175298,4.521497413297566,0.0,0.0,0.0,0.0,0.0,0.0,Kyle Schwarber,0.5,1.0,health,0.2252876812000807,,,HIT,,,,2.482075114927161,18.368477481606,18.368477481606,15.896397133567236,40.6094398186434,7.080693792822096,18.368477481606,0.0,health,5.357981787771194,6.313691352421116,20.0,keepable x1yr,1,20.609439818643402,-1.631522518394,False,True,-1.631522518394,0.0,0.0,0.0,0,-1.631522518394,False,5.525990990677852,22.49346795647017,11.793139346776423,-4.103602866432764,-4.103602866432764,False,14.076919882111598,22.923139274871748,-5.923080117888402,2.923139274871746,0.37
McBlocks,16137,Carlos Rodon,PIT,False,3,2,0.0,0.0,0.0,0.0,0.0,2.3732423910442457,0.0,2.2337525047274505,-1.0137214468884648,-0.7802417110242136,2.813031737859018,0.0,0.0,96.269350801929,0.0,0.0,0.0,0.0,111.17,8.401611552707642,0.0,115.39225504643386,51.29043454235284,46.15179954739441,Carlos Rodón,0.48186528497409326,1.3492848790141225,health,,4.152324465963619,1.2811113641209264,PIT,,,,-1.785586940035917,0.0,0.0,6.000125933527221,0.0,3.8621143393582873,0.0,0.0,health,1.1692936511495458,0.0,3.0,keepable x2yr,2,-3.0,-3.0,False,True,-3.0,0.0,0.0,0.0,0,-3.0,False,1.1386319463653816,9.773182514934536,3.0888981201725625,3.0001259335272206,3.0756893356738986,True,0.0,0.0,-3.0,-3.0,0.002
McBlocks,31475,Logan Henderson,PIT,False,10,2,0.0,0.0,0.0,0.0,0.0,2.6972105764195695,0.0,2.1476017131510945,-0.308231910037426,0.5273603940624362,5.063940773595673,0.0,0.0,84.73217920010757,0.0,0.0,0.0,0.0,101.50999999999999,9.548504452998966,0.0,110.94183625876965,42.74260843968224,26.869021897927208,Logan Henderson,0.5,1.4776869273963158,health,,3.789611624048274,1.099410906295289,PIT,,,,0.46532209570073846,4.256120772601662,4.256120772601662,13.385289942782533,18.713923834474837,7.472199332840071,21.108062240677942,16.85194146807628,health,4.760384630691773,2.1319674781578346,10.0,keepable x2yr,2,8.713923834474837,-5.743879227398338,False,True,-5.743879227398338,0.0,0.0,0.0,0,-5.743879227398338,False,2.9677868320244554,22.16263635284851,13.339504352053018,3.385289942782533,6.223868642027599,True,0.0,10.014598104996793,-10.0,0.014598104996793534,0.101
McBlocks,18684,Sandy Alcantara,PIT,False,9,2,0.0,0.0,0.0,0.0,0.0,2.8559347466162324,0.0,2.5040988977428196,-1.1571962851228674,-0.25292848795821654,3.9499088712779677,0.0,0.0,152.35347088163357,0.0,0.0,0.0,0.0,163.07999999999998,10.110410319441646,0.0,129.3579382936561,73.36471540045302,43.377811096572756,Sandy Alcantara,0.5,1.0,health,,4.048825353225885,1.2002163476711205,PIT,,,,-0.6487098066169672,0.0,0.0,8.658159811183301,6.619084708647063,3.9499088712779677,0.0,0.0,health,2.452770324627081,0.0,9.0,keepable x2yr,2,-2.3809152913529372,-9.0,False,True,-9.0,0.0,0.0,0.0,0,-9.0,False,1.762004451583331,13.601677964091946,7.594684959797004,-0.34184018881669864,-0.34184018881669864,False,0.0,2.740826505759657,-9.0,-6.2591734942403425,0.008
McBlocks,16442,Ryan O'Hearn,HIT,True,10,2,1.5291985664764427,1.0380866544925629,1.5971533276423389,0.11493493687845494,0.21208209774643133,0.0,0.0,0.0,0.0,0.0,4.49145558323623,441.29999999999995,395.5036724581321,104.09799641085357,14.603682246470575,52.3644229713992,54.556122861408234,1.9964098663990462,0.0,0.0,0.0,0.0,0.0,0.0,Ryan O'Hearn,0.5,1.3596193065941538,health,0.26320361518734914,,,HIT,,,,-0.10716309465870477,0.2501194725150184,0.2501194725150184,5.997938842370028,12.498557591451666,6.100943311772558,11.512611571117258,11.26249209860224,health,3.2779702857482755,0.0,10.0,keepable x2yr,2,2.4985575914516662,-9.749880527484981,False,True,-9.749880527484981,0.0,0.0,0.0,0,-9.749880527484981,False,1.0781165188013087,15.071494613291561,4.5476310996963925,-4.002061157629972,-4.002061157629972,False,0.0,1.237978346764685,-10.0,-8.762021653235314,0.0
McBlocks,26108,Andre Pallante,PIT,False,10,2,0.0,0.0,0.0,0.0,0.0,2.5030377756227153,0.0,1.850331462905272,-1.1239405415047155,-1.3158788534139627,1.9135498436093092,0.0,0.0,130.99996447769067,0.0,0.0,0.0,0.0,134.82,8.861105452984207,0.0,95.58530752002802,61.63960543108981,47.56132989716045,Andre Pallante,0.5,1.1125945705384959,health,,4.114793419965943,1.3244421775319026,PIT,,,,-2.6850688342856257,0.0,0.0,6.814397011537013,0.0,2.1581442114343643,0.0,0.0,health,1.0088543616485601,0.0,10.0,keepable x2yr,2,-10.0,-10.0,False,True,-10.0,0.0,0.0,0.0,0,-10.0,False,1.1125011328358485,15.585372527596498,6.523698226465267,-3.1856029884629873,-3.1856029884629873,False,0.0,0.0,-10.0,-10.0,0.0
McBlocks,12856,George Springer,HIT,False,18,2,1.7956490949392476,1.0855103462186004,1.5764766524304572,0.583800255329611,-0.18034690487285546,0.0,0.0,0.0,0.0,0.0,4.861089444045061,468.0,417.07002659237685,102.62470220462832,15.270833222667418,61.488501740010896,53.849841746313274,10.140559706217552,0.0,0.0,0.0,0.0,0.0,0.0,George Springer,0.5,1.2820512820512822,health,0.24606108245924974,,,HIT,,,,0.262470766150126,2.836655774050624,2.836655774050624,5.276537957250665,16.511604320760192,6.235385455818676,12.453378970701923,9.6167231966513,health,3.8901770829175204,0.0,18.0,keepable x2yr,2,-1.488395679239808,-15.163344225949377,False,True,-15.163344225949377,0.0,0.0,0.0,0,-15.163344225949377,False,1.0291534945716565,11.503630933859483,4.503429145937989,-12.723462042749336,-12.723462042749336,False,1.4171321848357645,4.093318434360803,-16.582867815164235,-13.906681565639197,0.0
McBlocks,13624,Corey Seager,HIT,False,19,2,1.6156425361607458,1.2994301946989026,1.5594936681444773,0.09021923820984803,-0.3033464659571417,0.0,0.0,0.0,0.0,0.0,4.261439171256832,428.99999999999994,381.1154477262072,91.34529874257268,18.280232755836973,55.32452814747568,53.269731019795245,1.5671003281762772,0.0,0.0,0.0,0.0,0.0,0.0,Corey Seager,0.5,1.3986013986013988,health,0.23967881461523705,,,HIT,,,,-0.3371795066381029,0.0,0.0,4.344902648139996,10.001311782419569,5.967985873937236,10.58223349707473,10.58223349707473,health,4.47070721200794,0.10493143356675572,19.0,keepable x2yr,2,-8.998688217580431,-19.0,False,True,-19.0,0.0,0.0,0.0,0,-19.0,False,1.0,9.709489517515964,5.411537782980114,-14.655097351860004,-14.655097351860004,False,0.0,0.0,-19.0,-19.0,0.0
McBlocks,14374,Tyler Glasnow,PIT,False,23,2,0.0,0.0,0.0,0.0,0.0,1.369413645199298,0.0,2.1026722883534172,-0.33368969853264313,0.30361265529483233,3.4420088903149044,0.0,0.0,71.55172523249804,0.0,0.0,0.0,0.0,92.88,4.847916734236105,0.0,108.62085054778744,39.430989659908704,33.24635807663823,Tyler Glasnow,0.45397815912636513,1.6149870801033592,health,,3.820832331386503,1.1283170037590038,PIT,,,,-1.1566097875800305,0.0,0.0,10.434502753756126,1.1049081855340326,5.56120912206682,7.735787467938545,7.735787467938545,health,2.3410939873576155,0.0,23.0,keepable x2yr,2,-21.895091814465967,-23.0,False,True,-23.0,0.0,0.0,0.0,0,-23.0,False,2.4266769387773066,16.38530565038148,7.8877837912034074,-12.565497246243874,-12.565497246243874,False,0.0,0.0,-23.0,-23.0,0.0
NPB No Stars,35110,Nick Kurtz,HIT,True,10,1,2.531154112702198,2.0890709095750837,2.832205323910736,0.3118946983049975,0.2371163985955228,0.0,0.0,0.0,0.0,0.0,8.001441443088538,558.5999999999999,496.9918089816571,130.35197915821257,29.388806437062577,86.67443683833478,96.74346159870382,5.417583807716634,0.0,0.0,0.0,0.0,0.0,0.0,Nick Kurtz,0.5,1.0741138560687435,health,0.2622819467091531,,,HIT,,,,3.402822765193603,24.811467354764464,24.811467354764464,16.4935599207976,50.60582742862824,8.593157659154832,28.952038972618233,4.1405716178537695,health,9.531907870649603,35.52100290571752,10.0,keepable x1yr,1,40.60582742862824,14.811467354764464,False,True,14.811467354764464,0.0,0.0,24.406777069240803,2,39.21824442400526,True,4.59273299834256,24.77795846396754,20.53047543890632,6.493559920797601,11.19446404386797,True,20.83083864080247,29.040320940480946,26.276231544729175,52.96729802926903,1.0
NPB No Stars,27465,Spencer Torkelson,HIT,False,1,2,2.274434493861501,1.9971430532340566,2.534872683780081,0.054813899773544165,-0.4555059288883006,0.0,0.0,0.0,0.0,0.0,6.405758201760881,608.4,541.9010465024785,129.2926729043689,28.095576052302654,77.88357409445598,86.58706911907868,0.952112676056338,0.0,0.0,0.0,0.0,0.0,0.0,Spencer Torkelson,0.5,1.0,health,0.238590926773155,,,HIT,,,,1.8071395238659465,13.645573027836011,13.645573027836011,4.129750841356552,33.28178844959594,6.405758201760881,13.645573027836011,0.0,health,7.074493167937559,18.325088217102568,1.0,keepable x2yr,2,32.28178844959594,12.645573027836011,False,True,12.645573027836011,14.726324984537182,0.0,0.0,0,27.371898012373194,True,1.0,7.3135897844394835,5.209527114689871,3.129750841356552,6.707848888842943,True,10.25296411831093,17.498783453803842,20.10665005629432,35.62352085431268,1.0
NPB No Stars,27867,Cade Smith,PIT,False,10,1,0.0,0.0,0.0,0.0,0.0,2.1306449088013286,3.448712266118322,1.7462846093891753,1.0376151477279105,0.5719371303282277,8.935194062364964,0.0,0.0,49.77500626614937,0.0,0.0,0.0,0.0,67.22,7.5427823757296215,22.670330608439013,90.21040540696994,20.32769811604251,21.057847214377336,Cade Smith,0.46605644546147984,1.102762920920693,health,,2.721649554364513,1.0537467045600521,PIT,,,,4.336575384470029,31.345460320472576,31.345460320472576,12.575578044640658,60.74340759125442,9.844346386325855,37.707311164993804,6.3618508445212285,role,7.477398110463234,21.14444101565407,10.0,keepable x1yr,1,50.74340759125442,21.345460320472576,False,True,21.345460320472576,0.0,0.0,5.222774863305959,1,26.568235183778533,True,2.9274668270150883,20.00636904218251,13.846367874963562,2.5755780446406575,2.5755780446406575,True,18.887640719776442,40.49441392590801,8.887640719776442,41.99878141489225,0.997
NPB No Stars,31791,Justin Crawford,HIT,False,1,2,2.1023368524401675,0.37912002038901504,1.481142346257396,1.4705057206884915,0.6161676983674641,0.0,0.0,0.0,0.0,0.0,6.049272638142535,510.79999999999995,463.8865746604168,128.69367761472125,5.333416326157275,71.99042595442617,50.59337911967099,25.54255658993676,0.0,0.0,0.0,0.0,0.0,0.0,Justin Crawford,0.5,1.1746280344557558,health,0.2774248806595235,,,HIT,,,,1.4506539602475996,11.151042766851312,11.151042766851312,2.1288945586805967,29.41149036057916,7.09784397627433,18.488486974189094,7.337444207337782,health,7.319963698296164,20.042783766802486,1.0,keepable x2yr,2,28.41149036057916,10.151042766851312,False,True,10.151042766851312,16.186366201782114,0.0,0.0,0,26.337408968633426,True,1.0,5.279156902294099,4.160771113196111,1.1288945586805967,3.8155500048972906,True,8.26240548290026,13.735675459856255,19.03556265818635,32.870797843080574,1.0
NPB No Stars,31912,Chandler Simpson,HIT,False,3,2,1.9508646787318695,0.0,1.1039892957877562,2.584642315839341,1.0133369429454746,0.0,0.0,0.0,0.0,0.0,6.652833233304441,537.6999999999999,494.59381563283864,143.64370588516186,0.0,66.80355673656207,37.710453101947856,44.89501243569575,0.0,0.0,0.0,0.0,0.0,0.0,Chandler Simpson,0.5,1.115863864608518,health,0.2904276223134089,,,HIT,,,,2.054214555409506,15.37449617598068,15.37449617598068,7.592961839107179,35.964236548533734,7.4151278734431205,20.708701096683146,5.334204920702467,health,6.612136107036793,15.089715462901228,3.0,keepable x2yr,2,32.964236548533734,12.37449617598068,False,True,12.37449617598068,10.276258143466045,0.0,0.0,0,22.650754319446726,True,1.5986251410942993,11.535411433290621,8.126423131627938,4.592961839107179,8.950421500990927,True,10.655510188527828,18.669163673238543,13.9949282718279,28.69401632887702,1.0
NPB No Stars,25880,Hunter Brown,PIT,False,10,1,0.0,0.0,0.0,0.0,0.0,3.028914760886357,0.0,3.105507704649653,1.1434328515721983,-0.16839829636756248,7.1094570207406464,0.0,0.0,122.53798354188102,0.0,0.0,0.0,0.0,151.13500000000002,10.722783877137935,0.0,160.42580202828788,52.88171264132335,57.816884917147554,Hunter Brown,0.5,1.0,health,,3.149074759466107,1.1933362123864661,PIT,,,,2.5108383428457115,18.569749986776053,18.569749986776053,11.950759933315151,40.92171688511755,7.1094570207406464,18.569749986776053,0.0,health,7.986205456610928,24.704852576486815,10.0,keepable x1yr,1,30.921716885117547,8.569749986776053,False,True,8.569749986776053,0.0,0.0,8.249124690013792,1,16.818874676789846,True,3.333014309235987,16.826008366786475,10.842261172522164,1.950759933315151,1.950759933315151,True,6.875818996227721,25.28370294138258,-3.1241810037722786,36.72784085268928,0.81
NPB No Stars,19326,Bryan Reynolds,HIT,False,4,2,1.99157874969461,1.1200386716804458,1.9499648015757802,0.341644757636683,-0.009823711227262139,0.0,0.0,0.0,0.0,0.0,5.393403269360257,585.4,526.7013458655288,133.46691174516982,15.756573686977683,68.19773070423257,66.60758078075565,5.934339753200322,0.0,0.0,0.0,0.0,0.0,0.0,Bryan Reynolds,0.5,1.0249402118209772,health,0.2534015012356643,,,HIT,,,,0.794784591465322,6.561555408446197,6.561555408446197,6.380374893269719,22.2908374542519,5.52790530626202,7.50274191207341,0.9411865036272129,health,4.0908532959577,0.0,4.0,keepable x2yr,2,18.2908374542519,2.561555408446197,False,True,2.561555408446197,0.0,0.0,0.0,0,2.561555408446197,True,1.276043360609362,10.812367210998353,4.94449457177987,2.3803748932697193,3.183195279282609,True,4.601563114832447,8.606875462927476,0.6015631148324468,4.6068754629274755,0.948
NPB No Stars,26197,Andrew Vaughn,HIT,False,1,2,1.3897652882366514,1.0531681922619573,2.0093165479357453,0.0,0.2026961992755014,0.0,0.0,0.0,0.0,0.0,4.654946227709856,479.6,434.33833659491194,113.80575433627176,14.815847564673264,47.58980225300494,68.63493852431884,0.0,0.0,0.0,0.0,0.0,0.0,0.0,Andrew Vaughn,0.5,1.2510425354462051,health,0.2620209747738969,,,HIT,,,,0.05632754981492116,1.3941555896801328,1.3941555896801328,1.8394902337232066,14.273545398688164,5.819668343558462,9.544372204715433,8.150216615035301,health,4.8359624091335744,2.6608277592516085,1.0,keepable x2yr,2,13.273545398688164,0.39415558968013276,False,True,0.39415558968013276,1.4117035953638672,0.0,0.0,0,1.805859185044,True,1.0,4.828819829766081,2.8320436684332435,0.8394902337232066,2.396727351891464,True,0.0,3.1868885028845337,-1.0,6.506897674279413,0.668
NPB No Stars,22201,MacKenzie Gore,PIT,False,1,1,0.0,0.0,0.0,0.0,0.0,2.7458330924067167,0.0,3.247971133061353,-0.9041978720818229,-0.5883010244344367,4.50130532895181,0.0,0.0,133.42212828430186,0.0,0.0,0.0,0.0,152.22,9.720634992037407,0.0,167.78524593770973,67.2254838593056,54.66420618889849,MacKenzie Gore,0.5,1.0,health,,3.9747034209285923,1.2356216953961394,PIT,,,,-0.09731334894312482,0.3190436906548131,0.3190436906548131,3.552597293013078,12.605494466071146,4.50130532895181,0.3190436906548131,0.0,health,4.327094352084839,0.0,1.0,keepable x1yr,1,11.605494466071146,-0.6809563093451869,False,True,-0.6809563093451869,0.0,0.0,0.0,0,-0.6809563093451869,False,1.0,7.364292709389231,4.399080761382935,2.552597293013078,2.552597293013078,True,0.0,7.129747400072662,-1.0,6.129747400072662,0.379
NPB No Stars,22100,Jose Soriano,PIT,False,1,2,0.0,0.0,0.0,0.0,0.0,2.3692091104705706,0.0,2.641113829373675,-0.7038576864094366,-1.1892902859624057,3.117174967472403,0.0,0.0,123.01351174249555,0.0,0.0,0.0,0.0,141.66000000000003,8.387333172719583,0.0,136.4359211509586,61.58908023890673,61.75685147159675,José Soriano,0.5,1.0588733587462937,health,,3.9129021752799695,1.3043227672885236,PIT,,,,-1.481443710422532,0.0,0.0,4.686960976371054,0.0,3.312525583285816,0.0,0.0,health,2.4462375954391034,0.0,1.0,keepable x2yr,2,-1.0,-1.0,False,True,-1.0,0.0,0.0,0.0,0,-1.0,False,1.0,8.503443014077085,3.7574895152025793,3.6869609763710542,6.030827064293247,True,0.0,0.0,-1.0,-1.0,0.025
NPB No Stars,30134,Tanner Bibee,PIT,False,6,2,0.0,0.0,0.0,0.0,0.0,2.7209770749121787,0.0,2.633938326744419,-0.279457126460566,0.0764001499925838,5.151858425188616,0.0,0.0,142.77128594539215,0.0,0.0,0.0,0.0,159.01999999999998,9.632641197335078,0.0,136.06524560488575,65.71929333707911,43.08908747206052,Tanner Bibee,0.5,1.0,health,,3.719492139565539,1.168786149021838,PIT,,,,0.5532397472936808,4.871330095939369,4.871330095939369,7.271541802793452,19.668429580786906,5.151858425188616,4.871330095939369,0.0,health,4.8674865211285345,2.8814197252317184,6.0,keepable x2yr,2,13.668429580786906,-1.1286699040606312,False,True,-1.1286699040606312,0.0,0.0,0.0,0,-1.1286699040606312,False,1.3994353806175317,11.41933897820534,8.05324814643935,1.2715418027934522,3.0168027272668994,True,0.0,11.057571991713983,-6.0,5.517096722989218,0.349
NPB No Stars,12161,Xander Bogaerts,HIT,False,2,1,1.5800893390688695,0.6909500497094324,1.4182144218528636,0.846051138736728,-0.16014631478862318,0.0,0.0,0.0,0.0,0.0,4.375158634579271,505.0999999999999,454.7351868371493,112.52718674899401,9.720204888937708,54.107078241807585,48.44386503369723,14.695834762917722,0.0,0.0,0.0,0.0,0.0,0.0,Xander Bogaerts,0.5,1.1878835874084341,health,0.2474565197640896,,,HIT,,,,-0.22346004331566416,0.0,0.0,2.3817915870532254,11.235943045221699,5.199080118611584,5.201766880034921,5.201766880034921,health,3.6329780782951357,0.0,2.0,keepable x1yr,1,9.235943045221699,-2.0,False,True,-2.0,0.0,0.0,0.0,0,-2.0,False,1.0,6.209297565879085,2.3729342530511115,0.38179158705322536,0.38179158705322536,False,0.0,0.17086605429976107,-2.0,-1.8291339457002391,0.0
NPB No Stars,14078,Michael Wacha,PIT,False,2,1,0.0,0.0,0.0,0.0,0.0,2.449390857217111,0.0,2.1566349491441055,-1.5959052183411044,-0.9206752689284253,2.089445319091687,0.0,0.0,141.10310772917452,0.0,0.0,0.0,0.0,144.45999999999998,8.671187823354572,0.0,111.40847948329613,68.75116398093708,42.889746897288084,Michael Wacha,0.5,1.038349716184411,health,,4.283265096417235,1.2736595225423137,PIT,,,,-2.509173358803248,0.0,0.0,3.139534081385376,0.0,2.179811076575759,0.0,0.0,health,-0.41487967045534435,0.0,2.0,keepable x1yr,1,-2.0,-2.0,False,True,-2.0,0.0,0.0,0.0,0,-2.0,False,1.0,8.868305755773697,2.2505269420775385,1.139534081385376,1.139534081385376,False,0.0,0.0,-2.0,-2.0,0.0
NPB No Stars,17479,Jack Flaherty,PIT,True,2,2,0.0,0.0,0.0,0.0,0.0,2.340914178416607,0.0,2.7707935510448474,-1.3542959544543687,-1.2489542880844036,2.5084574869226817,0.0,0.0,117.16129240527833,0.0,0.0,0.0,0.0,127.20999999999998,8.287165137240047,0.0,143.13497822454264,60.08128059243771,51.3329423960048,Jack Flaherty,0.5,1.1791525823441555,health,,4.250699829667003,1.3245360805069033,PIT,,,,-2.0901611909722533,0.0,0.0,2.5848440443394027,0.0,3.0073149761226365,0.0,0.0,health,2.090064300823471,0.0,2.0,keepable x2yr,2,-2.0,-2.0,False,True,-2.0,0.0,0.0,0.0,0,-2.0,False,1.0,5.64129035215773,2.7575695518234724,0.5848440443394027,1.2287781633893542,False,0.0,0.0,-2.0,-2.0,0.002
NPB No Stars,35101,Sam Antonacci,HIT,False,10,2,2.1205788775634224,0.4937198989644975,1.7562225398655764,1.1799190705450944,0.03339747730621752,0.0,0.0,0.0,0.0,0.0,5.583837864244808,512.2,444.40934497994425,113.35414035139911,6.94559408122006,72.61508853281849,59.98966473576842,20.495091727241263,0.0,0.0,0.0,0.0,0.0,0.0,Sam Antonacci,0.5,1.1714174150722374,health,0.25506695939644264,,,HIT,,,,0.9852191863498732,7.894133521445066,7.894133521445066,5.329623372420495,24.358350767227,6.540425770954757,14.587917854138773,6.693784332693707,health,5.7531617267068,9.078987950137874,10.0,keepable x2yr,2,14.358350767227002,-2.105866478554934,False,True,-2.105866478554934,0.0,0.0,0.0,0,-2.105866478554934,False,1.0,13.39488241602201,8.051854819634297,-4.670376627579505,-4.670376627579505,False,5.520094333350565,10.307068998871092,-4.479905666649435,1.8830439921508224,0.234
NPB No Stars,35456,Trey Yesavage,PIT,True,3,2,0.0,0.0,0.0,0.0,0.0,1.1574180111358165,0.0,2.1584284766224133,-0.10756048100471066,-0.0954640703993679,3.1128219363541514,0.0,0.0,84.86823847213519,0.0,0.0,0.0,0.0,110.63,4.097422399990025,0.0,111.50113038341675,45.09375228147996,46.696879155691384,Trey Yesavage,0.5,1.3558709210883124,health,,3.6684784464731055,1.189235448140889,PIT,,,,-1.4857967415407836,0.0,0.0,6.973832249436236,0.0,4.2284887135610765,0.0,0.0,health,3.431933447637915,0.0,3.0,keepable x2yr,2,-3.0,-3.0,False,True,-3.0,0.0,0.0,0.0,0,-3.0,False,1.266746956907756,10.525639755345873,6.906512186607093,3.973832249436236,7.294367608052265,True,0.0,0.0,-3.0,-3.0,0.0
NPB No Stars,19918,Daulton Varsho,HIT,False,4,2,1.7249532038010855,1.215397647501606,1.7561607650776099,0.48534692839356874,-0.5867010997929023,0.0,0.0,0.0,0.0,0.0,4.595157444980968,455.29999999999995,413.4959254764043,94.51872944806469,17.09807266128231,59.06765880498992,59.98755461092085,8.430433972361856,0.0,0.0,0.0,0.0,0.0,0.0,Daulton Varsho,0.5,1.3178124313639359,health,0.22858442761960976,,,HIT,,,,-0.0034612329139669384,0.9757798039377256,0.9757798039377256,3.06984684075127,13.624429599463284,6.068384805767769,11.284781367680605,10.309001563742878,health,4.77138867293869,2.2089689592261568,4.0,keepable x2yr,2,9.624429599463284,-3.0242201960622745,False,True,-3.0242201960622745,0.0,0.0,0.0,0,-3.0242201960622745,False,1.0,7.204035290384291,3.7650338248348065,-0.93015315924873,-0.93015315924873,False,0.0,2.4998966639162448,-4.0,-0.08973014210855991,0.095
NPB No Stars,32127,Chase DeLauter,HIT,False,5,2,1.050853507891536,0.5965734822576162,1.0735903443168775,0.17897612305335212,0.1432279585276784,0.0,0.0,0.0,0.0,0.0,3.0432214160470603,292.5,263.60898379970547,69.36506215652881,8.392526321243729,35.98442921314278,36.67207506860563,3.10879970544919,0.0,0.0,0.0,0.0,0.0,0.0,Chase DeLauter,0.5,2.0,health,0.2631361843465606,,,HIT,,,,-1.5553972618478746,0.0,0.0,4.975126491529457,0.0,6.075508274231353,11.334628288451302,11.334628288451302,health,2.108261071597258,0.0,5.0,keepable x2yr,2,-5.0,-5.0,False,True,-5.0,0.0,0.0,0.0,0,-5.0,False,1.0,9.481137694205993,4.155880013833614,-0.02487350847054337,-0.02487350847054337,False,0.0,0.0,-5.0,-5.0,0.0
NPB No Stars,14107,Kevin Gausman,PIT,False,5,1,0.0,0.0,0.0,0.0,0.0,2.586463405710953,0.0,2.7088964646586278,-1.0369140583840106,-0.9928212886554831,3.2656245233300862,0.0,0.0,144.50968197869827,0.0,0.0,0.0,0.0,146.24,9.156443906479826,0.0,139.93746893746012,65.69688505992866,42.69809780378369,Kevin Gausman,0.5,1.0257111597374178,health,,4.043161689957317,1.2801407260837114,PIT,,,,-1.3329941545648487,0.0,0.0,4.068189818151847,0.0,3.3551262552033867,0.0,0.0,health,1.051373467757219,0.0,5.0,keepable x1yr,1,-5.0,-5.0,False,True,-5.0,0.0,0.0,0.0,0,-5.0,False,1.0,9.180805761107798,3.1989613420205423,-0.931810181848153,-0.931810181848153,False,0.0,0.0,-5.0,-5.0,0.006
NPB No Stars,16997,Gleyber Torres,HIT,False,10,2,1.9761804527448268,0.9862970156136946,1.6878229994847098,0.15028813255303167,0.08036369750772532,0.0,0.0,0.0,0.0,0.0,4.880952297903988,530.8,469.1466218137022,120.47211432671777,13.875111633821524,67.67044605187014,57.65324927452345,2.6104918032786886,0.0,0.0,0.0,0.0,0.0,0.0,Gleyber Torres,0.5,1.1303692539562924,health,0.25678990048138334,,,HIT,,,,0.2823336200090534,2.975647349242874,2.975647349242874,5.236458770075762,16.727251665781235,5.516410912528363,7.422309165486852,4.446661816243978,health,5.134089130544986,4.746988333667213,10.0,keepable x2yr,2,6.727251665781235,-7.024352650757126,False,True,-7.024352650757126,0.0,0.0,0.0,0,-7.024352650757126,False,1.2650074443757737,12.145267727783793,5.381282344165566,-4.763541229924238,-4.763541229924238,False,1.2173640456205352,5.057482046079306,-8.782635954379465,-4.942517953920694,0.0
NPB No Stars,27464,Dillon Dingler,HIT,False,10,2,1.571890651152848,1.308135284096082,1.9406912631126132,0.031166932337395502,-0.10248833328790075,0.0,0.0,0.0,0.0,0.0,4.749395797411038,451.5,411.1010034078001,102.49162336365309,18.402694940408328,53.82633016156692,66.29081200533484,0.5413669064748201,0.0,0.0,0.0,0.0,0.0,0.0,Dillon Dingler,0.5,1.3289036544850499,health,0.2493100783361125,,,HIT,,,,0.1507771195161034,2.0550724227915675,2.0550724227915675,10.740190469459558,15.298966976528826,6.313512607018089,13.000078648785138,10.94500622599357,health,3.588043561108961,0.0,10.0,keepable x2yr,2,5.298966976528826,-7.944927577208432,False,True,-7.944927577208432,0.0,0.0,0.0,0,-7.944927577208432,False,2.4449881384290375,20.139224508223084,7.411296348216199,0.7401904694595576,0.7401904694595576,False,0.24208925735883705,3.7393595247522087,-9.757910742641162,-6.260640475247791,0.0
NPB No Stars,9777,Nolan Arenado,HIT,False,8,2,1.4154915858483224,0.9643368220259254,1.7104279783914944,0.16383742207898916,-0.1323351682827802,0.0,0.0,0.0,0.0,0.0,4.121758640061952,457.5,416.35902636916836,103.29564174917512,13.566178186080085,48.470749148429846,58.42539806272937,2.845841784989858,0.0,0.0,0.0,0.0,0.0,0.0,Nolan Arenado,0.5,1.3114754098360655,health,0.24809271615883532,,,HIT,,,,-0.47686003783298325,0.0,0.0,4.446880779273164,8.484825988523111,5.408158555059938,6.66480645265043,6.66480645265043,health,2.851351175511087,0.0,8.0,keepable x2yr,2,0.4848259885231112,-8.0,False,True,-8.0,0.0,0.0,0.0,0,-8.0,False,1.0,9.51409806760809,3.7504886043599486,-3.5531192207268356,-3.5531192207268356,False,0.0,0.0,-8.0,-8.0,0.0
NPB No Stars,27577,Casey Schmitt,HIT,True,10,2,1.4134219970947421,1.174458717647959,1.58581699334204,0.35501738498863233,0.07714979625884273,0.0,0.0,0.0,0.0,0.0,4.605864889332216,426.49999999999994,387.55405732763955,99.69387055496158,16.522148560432125,48.39988011726207,54.16889238316852,6.166621128299888,0.0,0.0,0.0,0.0,0.0,0.0,Casey Schmitt,0.5,1.406799531066823,health,0.25723861915521123,,,HIT,,,,0.007246211437281325,1.0507058224863874,1.0507058224863874,8.384757299413145,13.740678350156752,6.47685617441323,14.143085584798413,13.092379762312026,health,3.996240419159153,0.0,10.0,keepable x2yr,2,3.7406783501567524,-8.949294177513613,False,True,-8.949294177513613,0.0,0.0,0.0,0,-8.949294177513613,False,1.731140340606001,17.212261686762385,7.389790321999728,-1.6152427005868546,-1.6152427005868546,False,0.0,1.8850819515290362,-10.0,-8.114918048470964,0.0
NPB No Stars,33571,Walker Jenkins,HIT,False,10,2,0.23362404926133487,0.0710838976754269,0.23420334787348007,0.11514162378466379,-0.08642842676810661,0.0,0.0,0.0,0.0,0.0,0.5676244918267991,69.0,61.0,14.0,1.0,8.0,8.0,2.0,0.0,0.0,0.0,0.0,0.0,0.0,Walker Jenkins,1.0,2.0,health,0.22950819672131148,,,HIT,,,,-4.030994186068136,0.0,0.0,6.077040322064573,0.0,1.1355197847295422,0.0,0.0,health,0.0,0.0,10.0,keepable x2yr,2,-10.0,-10.0,False,True,-10.0,0.0,0.0,0.0,0,-10.0,False,1.1135611506892873,14.421200316964583,2.8882382893164262,-3.9229596779354274,-3.9229596779354274,False,0.0,0.0,-10.0,-10.0,0.0
NPB No Stars,23986,Curtis Mead,HIT,True,10,2,1.4307715983718579,0.9984622422054058,1.410918741983495,0.3457556347215478,-0.0943522559981153,0.0,0.0,0.0,0.0,0.0,4.091555961284191,407.3,367.8620392749245,91.67232033922537,14.046250625766763,48.99398338127008,48.19465664498333,6.005745330953036,0.0,0.0,0.0,0.0,0.0,0.0,Curtis Mead,0.5,1.4731156395777067,health,0.24920299066442506,,,HIT,,,,-0.5070627166107435,0.0,0.0,6.929544040580324,8.156921069259958,6.029948501039792,11.015820896206877,11.015820896206877,health,3.5794314258617232,0.0,10.0,keepable x2yr,2,-1.8430789307400417,-10.0,False,True,-10.0,0.0,0.0,0.0,0,-10.0,False,1.3399283796909531,15.197161185640855,6.777865869854079,-3.070455959419676,-3.070455959419676,False,0.0,0.0,-10.0,-10.0,0.0
NPB No Stars,31807,Troy Melton,PIT,False,10,2,0.0,0.0,0.0,0.0,0.0,1.4996571268057302,0.0,1.7021691928704974,-0.294309324548346,-0.003169178135474911,2.904347816992406,0.0,0.0,90.11871900872865,0.0,0.0,0.0,0.0,101.995,5.308996960958326,0.0,87.93147012491457,42.84677313539649,29.91564752426658,Troy Melton,0.5,1.4706603264865925,health,,3.780782962091949,1.1768652045001737,PIT,,,,-1.6942708609025288,0.0,0.0,16.482161945007388,0.0,4.286464658915393,0.0,0.0,health,2.108422571976649,0.0,10.0,keepable x2yr,2,-10.0,-10.0,False,True,-10.0,0.0,0.0,0.0,0,-10.0,False,3.831546580678797,26.460258634834428,10.31194617575942,6.4821619450073875,6.747316194402894,True,0.0,0.0,-10.0,-10.0,0.0
NPB No Stars,30146,Jack Leiter,PIT,True,10,2,0.0,0.0,0.0,0.0,0.0,2.2799170530791066,0.0,2.5549523226072566,-1.1861406083475627,-0.839517240672725,2.8092115266660755,0.0,0.0,119.13117134641405,0.0,0.0,0.0,0.0,135.14999999999998,8.071226742219213,0.0,131.98494883288225,62.191447902571035,52.58940389603066,Jack Leiter,0.5,1.109877913429523,health,,4.141494865875985,1.2705924916200129,PIT,,,,-1.7894071512288594,0.0,0.0,5.0804634582029475,0.0,3.141504511147325,0.0,0.0,health,3.836484592792589,0.0,10.0,keepable x2yr,2,-10.0,-10.0,False,True,-10.0,0.0,0.0,0.0,0,-10.0,False,1.0,12.043221952567276,5.901486640218759,-4.9195365417970525,-4.9195365417970525,False,0.0,0.0,-10.0,-10.0,0.0
NPB No Stars,25436,George Kirby,PIT,False,23,2,0.0,0.0,0.0,0.0,0.0,2.837396308358564,0.0,2.6217827636408293,-0.08244893133762206,0.28766245862396334,5.664392599285735,0.0,0.0,141.9657325254235,0.0,0.0,0.0,0.0,148.8,10.04478164298511,0.0,135.4373077134166,60.2671484757916,28.646726398494962,George Kirby,0.5,1.0080645161290323,health,,3.645190432003524,1.146589105671495,PIT,,,,1.0657739213908002,8.457820370880377,8.457820370880377,13.192005085627619,25.2329186850009,5.709904078587261,8.776289823577148,0.31846945269677107,health,5.663311912101801,8.450258194012347,23.0,keepable x2yr,2,2.2329186850009,-14.542179629119623,False,True,-14.542179629119623,0.0,0.0,0.0,0,-14.542179629119623,False,3.457685903532404,17.56287790737995,14.771477536633718,-9.807994914372381,-9.807994914372381,False,0.0,14.59905629376542,-23.0,-8.40094370623458,0.001
NPB No Stars,14710,Edwin Diaz,PIT,True,16,1,0.0,0.0,0.0,0.0,0.0,1.3142591900218832,0.6720013825112908,1.372254794358508,0.20047805113754258,0.00192787146170259,3.5609212894909272,0.0,0.0,39.28062048346838,0.0,0.0,0.0,0.0,50.595,4.652662212594946,4.417444058911341,70.888594364947,19.017378806973795,20.240559296905868,Edwin Díaz,0.18604651162790697,1.284711928056132,health,,3.382872008355849,1.1764241482433888,PIT,,,,-1.0376973884040077,0.0,0.0,9.267549893659426,2.3959181962061056,4.57217137216079,0.8149333066795108,0.8149333066795108,health,3.5137527989656103,0.0,16.0,keepable x1yr,1,-13.604081803793894,-16.0,False,True,-16.0,0.0,0.0,0.0,0,-16.0,False,2.4883204004523147,14.65442011706811,6.215625722582487,-6.732450106340574,-6.732450106340574,False,0.0,0.0,-16.0,-16.0,0.0
NPB No Stars,33381,Max Clark,HIT,False,20,2,1.7790437982101606,0.7438725097423005,1.5426241924274016,0.37070032639342515,-0.21952225065360806,0.0,0.0,0.0,0.0,0.0,4.21671857611968,441.99999999999994,389.7943382050664,95.02231717118701,10.464711897747424,60.919885733856084,52.69349755873682,6.439032457744449,0.0,0.0,0.0,0.0,0.0,0.0,Max Clark,0.31129476584022037,1.3574660633484166,health,0.24377551918467538,,,HIT,,,,-0.3819001017752548,0.0,0.0,2.7904822857450293,9.515788519872213,5.729052314264561,8.91028081288024,8.91028081288024,health,6.299385445966055,12.901222946499722,20.0,keepable x2yr,2,-10.484211480127787,-20.0,False,True,-20.0,0.0,0.0,0.0,0,-20.0,False,1.0,8.846455948397129,6.434945138206931,-17.20951771425497,-17.20951771425497,False,0.0,0.0,-20.0,-20.0,0.0
New York Polar Bears,24816,Andy Pages,HIT,True,10,1,2.1298043445832477,1.576919913504244,2.383275164056914,0.5689882454628411,0.27007388386220876,0.0,0.0,0.0,0.0,0.0,6.929061551469456,575.4,523.1389748743718,137.5944248905711,22.183925826697763,72.93099666124941,81.40874793453057,9.883276381909548,0.0,0.0,0.0,0.0,0.0,0.0,Andy Pages,0.5,1.0427528675703859,health,0.26301696394082175,,,HIT,,,,2.330442873574521,17.307421289720338,17.307421289720338,15.102415140605446,38.96319650942275,7.224434107706363,19.374309419266602,2.066888129546264,health,7.136281271778814,18.757454378684045,10.0,keepable x1yr,1,28.96319650942275,7.307421289720338,False,True,7.307421289720338,0.0,0.0,3.1938362218814382,1,10.501257511601777,True,3.9878373467748127,24.23831264163849,13.501568164777632,5.102415140605446,5.102415140605446,True,14.561520816660472,19.88903158744839,5.225795488546228,15.461082974182023,0.998
New York Polar Bears,25768,C.J. Abrams,HIT,False,22,2,2.6054021201126796,1.8143098471745185,2.3496487465124427,1.5818644141878728,0.3672695768606938,0.0,0.0,0.0,0.0,0.0,8.718494704848208,612.9,556.8766716529543,147.93239115863787,25.52349978695259,89.21691506847374,80.26012498443895,27.476847419596112,0.0,0.0,0.0,0.0,0.0,0.0,CJ Abrams,0.5,1.0,health,0.26564659410051455,,,HIT,,,,4.119876026953273,29.829092871045603,29.829092871045603,35.67213839003267,58.390742589127804,8.718494704848208,29.829092871045603,0.0,health,7.97213109634415,24.60636635103319,22.0,keepable x2yr,2,36.390742589127804,7.829092871045603,False,True,7.829092871045603,2.2154113983782127,0.0,0.0,0,10.044504269423815,True,21.993252963231846,35.67213839003267,30.354040258299502,13.672138390032671,20.77307260958725,True,26.131330640289114,32.94563221401921,4.1313306402891135,15.346282794135888,0.993
New York Polar Bears,22542,Lawrence Butler,HIT,False,9,2,2.1089843765118665,1.2143835895655748,2.007527820138061,0.8481441406382915,-0.399233865562787,0.0,0.0,0.0,0.0,0.0,5.779806061291007,535.9,484.7122478438383,115.84700952419034,17.083807012250777,72.2180574535879,68.57383853359964,14.732190024078147,0.0,0.0,0.0,0.0,0.0,0.0,Lawrence Butler,0.5,1.1196118678857996,health,0.23900161392561559,,,HIT,,,,1.1811873833960718,9.265433365288716,9.265433365288716,5.717578282686749,26.485941379417874,6.474369719611914,14.125686460184511,4.8602530948957945,health,7.209722301730187,19.27136262717547,9.0,keepable x2yr,2,17.485941379417874,0.2654333652887164,False,True,0.2654333652887164,8.730658233099149,0.0,0.0,0,8.996091598387865,True,1.1156524483676191,10.566497804690563,8.411326206015064,-3.282421717313251,-3.282421717313251,False,6.907347680949574,11.61572181310188,2.469070241354521,15.501530733168263,0.953
New York Polar Bears,25931,Michael Harris II,HIT,False,18,2,2.1095150417850306,1.5822404649131354,2.312140844844006,0.7793294058265768,0.7911326080442102,0.0,0.0,0.0,0.0,0.0,7.574358365412959,582.0,539.5757983067775,151.16270704622798,22.258774724730696,72.23622905106998,78.97891693992545,13.536884060000187,0.0,0.0,0.0,0.0,0.0,0.0,Michael Harris II,0.5,1.0309278350515463,health,0.28015101403840936,,,HIT,,,,2.9757396875180238,21.82292652746522,21.82292652746522,20.61841552452709,45.96906513564283,7.806819210187423,23.449585980089754,1.6266594526245335,health,7.774618282299258,23.224257952122787,18.0,keepable x2yr,2,27.96906513564283,3.8229265274652207,False,True,3.8229265274652207,4.440619259304369,0.0,0.0,0,8.26354578676959,True,7.022654738989179,23.106047117748766,21.789002872122786,2.618415524527091,5.839067965831459,True,19.067655597494408,24.160522428455266,3.015907285642367,12.715688084892875,0.966
New York Polar Bears,19290,Randy Arozarena,HIT,False,11,1,2.2944600418341365,1.3075256479738735,1.9048449784748476,1.3011383908125607,-0.2634088396753935,0.0,0.0,0.0,0.0,0.0,6.544560219420025,592.1,523.2511422282486,128.0328730579869,18.39411865038844,78.56930993495533,65.06636205743298,22.600660787030954,0.0,0.0,0.0,0.0,0.0,0.0,Randy Arozarena,0.5,1.0133423408208073,health,0.2446872309017099,,,HIT,,,,1.94594154152509,14.616848918567893,14.616848918567893,12.23924002478999,34.78873638388309,6.632107346172101,15.229465470914803,0.6126165523469105,health,5.427624460036289,6.801020352950041,11.0,keepable x1yr,1,23.78873638388309,3.616848918567893,False,True,3.616848918567893,0.0,0.0,0.0,0,3.616848918567893,True,3.7431305671796724,18.022405043083314,9.518132696162132,1.2392400247899893,1.2392400247899893,True,11.894711276832437,17.196175743479984,0.8947112768324361,6.196175743479984,0.952
New York Polar Bears,22799,Geraldo Perdomo,HIT,False,10,1,2.347023874653378,0.8383972056559151,1.8194936718781016,1.1608763831705449,0.12030172596988371,0.0,0.0,0.0,0.0,0.0,6.286092861327823,592.0999999999999,514.3678261512242,132.67373676384761,11.794474319403308,80.36925589036312,62.15090222744442,20.164321902244478,0.0,0.0,0.0,0.0,0.0,0.0,Geraldo Perdomo,0.5,1.0133423408208075,health,0.2579355278820288,,,HIT,,,,1.6874741834328884,12.808207245414364,12.808207245414364,8.99009944290965,31.982603894410296,6.369840287646018,13.394235153837558,0.5860279084231941,health,6.592976206623914,14.95564284887372,10.0,keepable x1yr,1,21.982603894410296,2.808207245414364,False,True,2.808207245414364,0.0,0.0,0.0,0,2.808207245414364,True,1.8998530927667234,18.2592384127651,9.555018309554603,-1.0099005570903508,-1.0099005570903508,False,10.24772101912812,15.698518263331326,0.24772101912811897,8.529482384123297,0.919
New York Polar Bears,33333,Wyatt Langford,HIT,False,26,2,2.3232024820224857,1.8009678092456138,2.221417678483524,0.9360288765607322,0.3372263471182571,0.0,0.0,0.0,0.0,0.0,7.618843193430612,548.4,486.24656223372875,129.41009477079874,25.335805550068944,79.5535387514398,75.87996324232103,16.258740250376874,0.0,0.0,0.0,0.0,0.0,0.0,Wyatt Langford,0.5,1.0940919037199126,health,0.2661408939866067,,,HIT,,,,3.020224515535677,22.13421192291966,22.13421192291966,13.217108970813202,46.45202871800907,8.333416010013883,27.13448036731705,5.000268444397388,health,9.20706974862409,33.247927617368376,26.0,keepable x2yr,2,20.452028718009068,-3.865788077080339,False,True,-3.865788077080339,6.160738474763119,0.0,0.0,0,2.29495039768278,True,3.937312394542044,17.769940236685883,22.947785099900823,-12.782891029186798,-12.782891029186798,False,19.221737396887352,24.65454793390559,-4.336142219711497,8.033226000240383,0.691
New York Polar Bears,19627,Brent Rooker,HIT,True,10,F,1.696550242161852,1.7419490198518612,2.325946921933598,0.276339897083193,-0.09091056129280733,0.0,0.0,0.0,0.0,0.0,5.949875519737697,487.19999999999993,437.81898454746135,109.47138739212467,24.505536089280007,58.09505476943665,79.45050975753283,4.799999999999999,0.0,0.0,0.0,0.0,0.0,0.0,Brent Rooker,0.4481236203090508,1.2315270935960594,health,0.2500380094419079,,,HIT,,,,1.351256841842762,10.455505149005443,10.455505149005443,3.398966732815986,28.33235415794776,7.328648786839516,20.103558222774335,9.648053073768892,health,7.074149190458035,18.32268121295053,15.0,free agent after 2026 (not extendable),1,0.0,0.0,False,False,0.0,0.0,0.0,0.0,0,0.0,False,1.0,10.682411637440376,6.408266951637234,0.0,0.0,False,7.892028582293448,12.89495099555618,,,
New York Polar Bears,22250,Logan Gilbert,PIT,False,12,F,0.0,0.0,0.0,0.0,0.0,2.3209968114205535,0.0,3.140140724329394,0.29547275303257287,1.0321266957009372,6.788736984483457,0.0,0.0,128.85067517003017,0.0,0.0,0.0,0.0,154.66,8.216654859282333,0.0,162.21489112005386,60.04957950105039,37.172331575913546,Logan Gilbert,0.5,1.0,health,,3.4944149457484386,1.0734708828782085,PIT,,,,2.1901183065885217,16.325491263850044,16.325491263850044,15.808417491331161,37.43971853759256,6.788736984483457,16.325491263850044,0.0,health,5.577372074504059,7.848888749102111,17.0,free agent after 2026 (not extendable),1,0.0,0.0,False,False,0.0,0.0,0.0,0.0,0,0.0,False,5.032049725179877,23.581136324910208,15.632453907224441,0.0,0.0,False,5.0399290909394505,22.896631708052507,,,
New York Polar Bears,21690,Edward Cabrera,PIT,True,1,2,0.0,0.0,0.0,0.0,0.0,2.1326366684661022,0.0,2.1920830222366,-0.7980489548304665,-0.5122063364160433,3.0144643994561924,0.0,0.0,100.1229908450007,0.0,0.0,0.0,0.0,116.265,7.549833484825315,0.0,113.2396729940082,51.93217091950694,44.31684369091512,Edward Cabrera,0.5,1.2901561088891755,health,,4.02003645358072,1.24233289928969,PIT,,,,-1.5841542784387426,0.0,0.0,2.8463949648657154,0.0,3.9295548168640386,0.0,0.0,health,3.522050734475122,0.0,1.0,keepable x2yr,2,-1.0,-1.0,False,True,-1.0,0.0,0.0,0.0,0,-1.0,False,1.0,5.966374183720084,2.848757612261435,1.8463949648657154,3.417838935287935,True,0.0,0.0,-1.0,-1.0,0.006
New York Polar Bears,16578,Yandy Diaz,HIT,False,13,2,1.9126613299260902,1.1261770055985818,1.9820838577540838,0.11127782867540643,0.9415368268434738,0.0,0.0,0.0,0.0,0.0,6.073736848797637,551.1999999999999,495.3663460187278,142.55556243624125,15.842927054179972,65.49535755324787,67.70471475326077,1.9328862146935957,0.0,0.0,0.0,0.0,0.0,0.0,Yandy Díaz,0.5,1.088534107402032,health,0.2877780527118243,,,HIT,,,,1.475118170902702,11.322232627026386,11.322232627026386,9.962848180186231,29.67709378863022,6.605535028061901,15.043523995592198,3.7212913685658116,health,4.668382800425133,1.4881788564345277,13.0,keepable x2yr,2,16.67709378863022,-1.677767372973614,False,True,-1.677767372973614,0.0,0.0,0.0,0,-1.677767372973614,False,2.467029534585492,15.849369696975694,6.9265111181475,-3.0371518198137686,-3.0371518198137686,False,8.931919802245819,13.643481145776787,-4.068080197754182,0.6434811457767882,0.175
New York Polar Bears,13743,Max Fried,PIT,True,17,1,0.0,0.0,0.0,0.0,0.0,3.135078909807609,0.0,2.645192667674258,0.2936820643397654,0.4019702341091201,6.475923875930752,0.0,0.0,127.53482037491868,0.0,0.0,0.0,0.0,150.72,11.09861988252283,0.0,136.64662773034817,58.485525538876814,43.57429705188092,Max Fried,0.5,1.0,health,,3.492368165139937,1.1352781145620994,PIT,,,,1.8773051980358169,14.13656176724685,14.13656176724685,16.504184560872993,34.04356424746516,6.475923875930752,14.13656176724685,0.0,health,4.8180268536007445,2.535322575899737,17.0,keepable x1yr,1,17.043564247465163,-2.8634382327531505,False,True,-2.8634382327531505,0.0,0.0,0.0,0,-2.8634382327531505,False,5.294372781290095,22.080210528561985,11.348262739063628,-0.4958154391270071,-0.4958154391270071,False,3.0960485290087263,20.491636143077155,-13.903951470991274,3.491636143077157,0.254
New York Polar Bears,11486,Robbie Ray,PIT,False,5,1,0.0,0.0,0.0,0.0,0.0,2.175963832715037,0.0,2.3968308992236835,-1.1531581035153828,-1.3344219820648695,2.0852146463584678,0.0,0.0,124.93028673118141,0.0,0.0,0.0,0.0,135.5,7.703217734606788,0.0,123.81663673171296,62.11246198428586,54.72191153773958,Robbie Ray,0.5,1.1070110701107012,health,,4.1255509805060715,1.3258464816894537,PIT,,,,-2.513404031536467,0.0,0.0,5.026454447049237,0.0,2.3365903361643765,0.0,0.0,health,0.007456804315652654,0.0,5.0,keepable x1yr,1,-5.0,-5.0,False,True,-5.0,0.0,0.0,0.0,0,-5.0,False,1.0,10.976424819895774,3.0639684065984296,0.02645444704923694,0.02645444704923694,True,0.0,0.0,-5.0,-5.0,0.0
New York Polar Bears,29805,TJ Rumfield,HIT,False,10,2,1.7798506055022032,0.9764421774597704,1.7235274660317386,0.11675137075796393,0.5240457848845053,0.0,0.0,0.0,0.0,0.0,5.120617404636181,522.2,469.5877644685412,128.50425751362556,13.736474917544061,60.94751327629766,58.872854950401894,2.0279611650485436,0.0,0.0,0.0,0.0,0.0,0.0,TJ Rumfield,0.5,1.1489850631941785,health,0.2736533343432852,,,HIT,,,,0.5219987267412458,4.652719080219452,4.652719080219452,5.835761734754353,19.329251576169383,5.877877762771104,9.951696294438563,5.298977214219111,health,4.701116892411511,1.7172377338742268,10.0,keepable x2yr,2,9.329251576169383,-5.347280919780548,False,True,-5.347280919780548,0.0,0.0,0.0,0,-5.347280919780548,False,1.030051878868482,14.161942151114156,7.4525412951308185,-4.164238265245647,-4.164238265245647,False,2.9064108162968285,6.324158208915195,-7.0935891837031715,-3.675841791084805,0.0
New York Polar Bears,21534,Cal Raleigh,HIT,False,16,3,1.9040421547722504,2.057286521761982,2.5464931190313576,0.26998314419138747,-1.217786301431321,0.0,0.0,0.0,0.0,0.0,5.560018638325657,563.7,497.5919627008202,104.43804821998346,28.94166736826487,65.20021070749833,86.98400401712478,4.689583754634311,0.0,0.0,0.0,0.0,0.0,0.0,Cal Raleigh,0.5,1.06439595529537,health,0.20988692754022112,,,HIT,,,,0.9613999604307217,7.727456982722261,7.727456982722261,2.0183662459256633,24.09974981962889,5.9233891447854665,10.27016506636226,2.542708083639999,health,6.850333552452126,16.75651714105821,16.0,keepable x3yr,3,8.09974981962889,-8.272543017277739,False,True,-8.272543017277739,0.6430395698994793,0.5465836344145574,0.0,0,-7.082919812963702,False,1.0,5.9796989380959245,6.954527796234595,-13.981633754074338,-13.981633754074338,False,4.134816300000543,11.720137652323826,-11.865183699999456,10.524282613844365,0.326
New York Polar Bears,15986,Willy Adames,HIT,True,15,2,2.099894056486552,1.5682516666458541,2.036273367309654,0.4153646050553731,-0.6487360565202864,0.0,0.0,0.0,0.0,0.0,5.471047638977146,582.5,522.9646951571872,121.03382626341636,22.061981938674492,71.90677717044733,69.55573900368589,7.214847097035595,0.0,0.0,0.0,0.0,0.0,0.0,Willy Adames,0.5,1.0300429184549356,health,0.23143785304099218,,,HIT,,,,0.8724289610822114,7.10487679189434,7.10487679189434,7.900987580922029,23.13380807079244,5.636743700406021,8.264345453584166,1.159468661689826,health,5.554253738613157,7.687116732647597,15.0,keepable x2yr,2,8.13380807079244,-7.89512320810566,False,True,-7.89512320810566,0.0,0.0,0.0,0,-7.89512320810566,False,1.8988453351916807,12.727188174155257,8.065103265091235,-7.099012419077971,-7.099012419077971,False,4.6159504656506485,9.887014309308329,-10.384049534349352,-5.112985690691671,0.0
New York Polar Bears,17277,Ranger Suarez,PIT,False,10,1,0.0,0.0,0.0,0.0,0.0,2.888032745139153,0.0,2.587186489082966,0.07993249752397932,-0.8991800649296786,4.65597166681642,0.0,0.0,139.5423548104439,0.0,0.0,0.0,0.0,143.25,10.224041744628815,0.0,133.65011681872772,56.94036897129801,42.687382943594265,Ranger Suarez,0.5,1.0471204188481675,health,,3.5774053803956862,1.2721098621573343,PIT,,,,0.05735298892148499,1.4013311646351374,1.4013311646351374,7.483733310187577,14.284678402151906,4.879480768965231,2.9653502324946217,1.5640190678594843,health,3.3275470467970014,0.0,10.0,keepable x1yr,1,4.284678402151906,-8.598668835364862,False,True,-8.598668835364862,0.0,0.0,0.0,0,-8.598668835364862,False,2.049041296087508,14.797231955433737,7.2577727818413695,-2.516266689812423,-2.516266689812423,False,0.0,7.787821362593162,-10.0,-2.212178637406838,0.045
New York Polar Bears,31595,Brooks Lee,HIT,False,10,2,1.5769714886382935,1.0926398365272363,1.8402083819400599,0.3416478878565262,-0.20556770309108754,0.0,0.0,0.0,0.0,0.0,4.645899891871028,520.8,477.10403916768655,117.38385397980156,15.371130062623909,54.00031353362163,62.85848255027221,5.9343941248470005,0.0,0.0,0.0,0.0,0.0,0.0,Brooks Lee,0.5,1.1520737327188941,health,0.24603408133911217,,,HIT,,,,0.04728121397609275,1.3308532829276847,1.3308532829276847,8.773416479551301,14.175330997088706,5.354478259956217,6.289175195116025,4.958321912188341,health,4.33158809338155,0.0,10.0,keepable x2yr,2,4.175330997088706,-8.669146717072316,False,True,-8.669146717072316,0.0,0.0,0.0,0,-8.669146717072316,False,1.840228150828497,17.44954124715398,8.082205695199688,-1.226583520448699,-1.226583520448699,False,0.0,2.5870196024751047,-10.0,-7.412980397524895,0.0
New York Polar Bears,29868,Bubba Chandler,PIT,False,9,2,0.0,0.0,0.0,0.0,0.0,2.219277764325149,0.0,2.302270179673711,-0.5165330982126926,-0.8546523115120976,3.1503625342740698,0.0,0.0,112.4354927262706,0.0,0.0,0.0,0.0,129.24,7.8565551389873765,0.0,118.93177386324756,55.308723402814124,52.51097694920234,Bubba Chandler,0.5,1.160631383472609,health,,3.8515824096667215,1.2762803286557793,PIT,,,,-1.4482561436208652,0.0,0.0,6.963709709516771,0.0,3.6798243297927185,0.0,0.0,health,4.170085808769196,0.0,9.0,keepable x2yr,2,-9.0,-9.0,False,True,-9.0,0.0,0.0,0.0,0,-9.0,False,1.3355303890679662,11.125291342755515,8.02224501811315,-2.0362902904832287,-2.0362902904832287,False,0.0,0.0,-9.0,-9.0,0.0
New York Polar Bears,20572,Kody Clemens,HIT,False,10,2,1.5013308307019173,1.249217549883106,1.5874210056484992,0.3437799910142104,-0.506688315948942,0.0,0.0,0.0,0.0,0.0,4.175061061298791,410.4,373.78730158730156,85.90653238767274,17.573847112142104,51.410146701892295,54.2236827974311,5.971428571428571,0.0,0.0,0.0,0.0,0.0,0.0,Kody Clemens,0.5,1.4619883040935673,health,0.229827316291558,,,HIT,,,,-0.42355761659614366,0.0,0.0,5.649440905420778,9.06352055600851,6.119970420627878,11.645754967828436,11.645754967828436,health,3.3020781728959303,0.0,10.0,keepable x2yr,2,-0.9364794439914892,-10.0,False,True,-10.0,0.0,0.0,0.0,0,-10.0,False,1.0,14.12524093234467,5.186913287092751,-4.350559094579222,-4.350559094579222,False,0.0,0.0,-10.0,-10.0,0.0
New York Polar Bears,16530,Mauricio Dubon,HIT,False,10,2,1.4415347101631357,0.49165215108809796,1.267892692486461,0.25806204583014347,0.0851232252506858,0.0,0.0,0.0,0.0,0.0,3.5442648248185242,428.59999999999997,395.6264249286254,101.88484556707081,6.91650524473221,49.362545156491706,43.3091227430752,4.482515311973842,0.0,0.0,0.0,0.0,0.0,0.0,Mauricio Dubón,0.5,1.3999066728884741,health,0.2575279080143642,,,HIT,,,,-1.0543538530764107,0.0,0.0,4.774547256978982,2.215082027871408,4.958752440508703,3.520058764018037,3.520058764018037,health,2.7343288253761937,0.0,10.0,keepable x2yr,2,-7.784917972128592,-10.0,False,True,-10.0,0.0,0.0,0.0,0,-10.0,False,1.0,13.058736972006747,3.8973838826186835,-5.225452743021018,-5.225452743021018,False,0.0,0.0,-10.0,-10.0,0.0
New York Polar Bears,29844,Liam Hicks,HIT,False,10,2,1.297637275176712,0.6285574499135409,1.3907870822854118,0.13640364757550233,0.05316036419655134,0.0,0.0,0.0,0.0,0.0,3.506545819147718,422.19999999999993,371.2255949904302,95.12445550626599,8.842473056043856,44.43505809541579,47.50699236073208,2.3693195057002576,0.0,0.0,0.0,0.0,0.0,0.0,Liam Hicks,0.5,1.421127427759356,health,0.2562443344153525,,,HIT,,,,-1.0920728587472168,0.0,0.0,8.40585045898974,1.805573732260245,4.981243215349781,3.6774393823651153,3.6774393823651153,health,2.4081616467030806,0.0,10.0,keepable x2yr,2,-8.194426267739756,-10.0,False,True,-10.0,0.0,0.0,0.0,0,-10.0,False,1.7313308400127583,17.263443942726603,5.826758741158396,-1.5941495410102604,-1.5941495410102604,False,0.0,0.0,-10.0,-10.0,0.0
New York Polar Bears,37238,Kade Anderson,PIT,False,10,2,0.0,0.0,0.0,0.0,0.0,0.0,0.07699190745264124,0.25165278683367137,-0.29546072116869715,-0.19168878160352376,-0.1585048084859083,0.0,0.0,12.0,0.0,0.0,0.0,0.0,13.0,0.0,0.5061112268696969,13.0,7.0,6.0,Kade Anderson,1.0,2.0,health,,4.846153846153846,1.3846153846153846,PIT,,,,-4.757123486380843,0.0,0.0,12.287678982125094,0.0,-0.30641590732196905,0.0,0.0,health,0.0,0.0,10.0,keepable x2yr,2,-10.0,-10.0,False,True,-10.0,0.0,0.0,0.0,0,-10.0,False,2.0880821407899246,22.798488467906168,5.8509564281238,2.287678982125094,2.287678982125094,True,0.0,0.0,-10.0,-10.0,0.0
New York Polar Bears,27473,Cade Cavalli,PIT,False,10,2,0.0,0.0,0.0,0.0,0.0,2.016541775374641,0.0,2.22386031888019,-1.1446157526233292,-0.9340726325441513,2.161713709087351,0.0,0.0,113.12909031807347,0.0,0.0,0.0,0.0,118.46,7.138841249608077,0.0,114.88123977959566,55.12079664145952,40.23366188148248,Cade Cavalli,0.5,1.266250211041702,health,,4.187803222802091,1.2946374489241597,PIT,,,,-2.436904968807584,0.0,0.0,7.222574629007442,0.0,2.796005057374192,0.0,0.0,health,1.2883424541259272,0.0,10.0,keepable x2yr,2,-10.0,-10.0,False,True,-10.0,0.0,0.0,0.0,0,-10.0,False,1.2220357932428516,16.049203717777615,6.5905512083296145,-2.7774253709925576,-2.7774253709925576,False,0.0,0.0,-10.0,-10.0,0.0
New York Polar Bears,16432,Foster Griffin,PIT,False,10,2,0.0,0.0,0.0,0.0,0.0,1.5494302105666202,0.0,2.087037300380482,-1.1316660602892825,-0.4486766247030126,2.056124825954807,0.0,0.0,112.39380907529201,0.0,0.0,0.0,0.0,117.02,5.485200671593791,0.0,107.81317086259284,54.448983953745945,31.985754849227135,Foster Griffin,0.5,1.2818321654418048,health,,4.187667540452175,1.2338024604727325,PIT,,,,-2.542493851940128,0.0,0.0,8.291987925127252,0.0,2.6829235318740126,0.0,0.0,health,0.6372976029871185,0.0,10.0,keepable x2yr,2,-10.0,-10.0,False,True,-10.0,0.0,0.0,0.0,0,-10.0,False,1.4293982131364842,18.4671731302521,6.040787541716359,-1.708012074872748,-1.708012074872748,False,0.0,0.0,-10.0,-10.0,0.0
New York Polar Bears,13164,Eduardo Rodriguez,PIT,False,10,2,0.0,0.0,0.0,0.0,0.0,2.361863774455353,0.0,2.084619307154227,-1.0838177060620406,-1.602490939360067,1.7601744361874725,0.0,0.0,133.17258354258456,0.0,0.0,0.0,0.0,133.06,8.361329651057886,0.0,107.68826101225176,60.6545945824375,47.63981584326246,Eduardo Rodriguez,0.5,1.1273109875244252,health,,4.102595454997275,1.358878696722133,PIT,,,,-2.8384442417074625,0.0,0.0,6.175759755586051,0.0,2.0205307280913045,0.0,0.0,health,-0.2862002938522161,0.0,10.0,keepable x2yr,2,-10.0,-10.0,False,True,-10.0,0.0,0.0,0.0,0,-10.0,False,1.0,15.76056001963003,4.818821948147415,-3.824240244413949,-3.824240244413949,False,0.0,0.0,-10.0,-10.0,0.0
New York Polar Bears,22286,Trevor Rogers,PIT,False,10,1,0.0,0.0,0.0,0.0,0.0,2.049418362933356,0.0,2.19112141278372,-0.7976467997848818,-0.6435607335447214,2.7993322423874734,0.0,0.0,125.84550469100033,0.0,0.0,0.0,0.0,131.5,7.255228989389417,0.0,113.1899977130597,58.10398858347639,38.582243164032356,Trevor Rogers,0.5,1.1406844106463878,health,,3.9766988384128323,1.250401124372872,PIT,,,,-1.7992864355074616,0.0,0.0,8.29922529770097,0.0,3.2147036916534524,0.0,0.0,health,2.1490694993317776,0.0,10.0,keepable x1yr,1,-10.0,-10.0,False,True,-10.0,0.0,0.0,0.0,0,-10.0,False,1.5338236443548423,17.401661837184726,5.786486859984083,-1.7007747022990305,-1.7007747022990305,False,0.0,0.0,-10.0,-10.0,0.0
New York Polar Bears,27474,Max Meyer,PIT,True,10,2,0.0,0.0,0.0,0.0,0.0,1.8758924012539033,0.0,1.9233802186573408,-0.509731639685475,-0.552869201265211,2.7366717789605586,0.0,0.0,91.30692346313234,0.0,0.0,0.0,0.0,100.02000000000001,6.640922701147487,0.0,99.3588950758239,43.46114224581006,34.54319150804706,Max Meyer,0.5,1.4997000599880022,health,,3.9107206579913063,1.2582494998118314,PIT,,,,-1.8619468989343764,0.0,0.0,11.228036334195455,0.0,4.16071673119853,0.0,0.0,health,1.8715327753720632,0.0,10.0,keepable x2yr,2,-10.0,-10.0,False,True,-10.0,0.0,0.0,0.0,0,-10.0,False,2.21425349460038,21.13795801480045,9.057092839645694,1.2280363341954548,1.2280363341954548,True,0.0,0.0,-10.0,-10.0,0.0
New York Polar Bears,5417,Jose Altuve,HIT,False,14,2,1.7776780894881599,1.029206274322197,1.464811077636819,0.3449073349495493,-0.0923659218858686,0.0,0.0,0.0,0.0,0.0,4.524236854510856,491.9,445.6008609993293,111.41868061667894,14.478754091701767,60.87311970180352,50.03552992515309,5.9910104376257545,0.0,0.0,0.0,0.0,0.0,0.0,Jose Altuve,0.5,1.2197601138442773,health,0.25004143925306876,,,HIT,,,,-0.07438182338407895,0.4795084900059192,0.4795084900059192,4.484690773468711,12.854457814400261,5.519670907061598,7.445121183261873,6.965612693255953,health,3.694516114905354,0.0,14.0,keepable x2yr,2,-1.145542185599739,-13.52049150999408,False,True,-13.52049150999408,0.0,0.0,0.0,0,-13.52049150999408,False,1.0,9.830072173060163,4.1894502014272526,-9.51530922653129,-9.51530922653129,False,0.0,1.7952274817438032,-14.0,-12.204772518256197,0.0
Orange and Black Attack,30279,Bryan Woo,PIT,False,13,2,0.0,0.0,0.0,0.0,0.0,3.0729150542512635,0.0,3.045491140010388,0.5153127825698164,1.3571771802509305,7.990896157082399,0.0,0.0,131.67932731556795,0.0,0.0,0.0,0.0,156.52,10.878551098578162,0.0,157.3254376328555,59.29529300403946,31.4990024587023,Bryan Woo,0.5,1.0,health,,3.4095172312570603,1.0425398017778573,PIT,,,,3.392277479187464,24.737676049483962,24.737676049483962,15.975554085951938,50.49133920121325,7.990896157082399,24.737676049483962,0.0,health,8.143819072795846,25.807763816778827,13.0,keepable x2yr,2,37.49133920121325,11.737676049483962,False,True,11.737676049483962,10.886599244262003,0.0,0.0,0,22.624275293745967,True,3.8273308431031774,25.49058278603678,16.759906158636163,2.975554085951938,6.171474320792676,True,12.550006339061605,31.57990568769141,-0.36082413181996487,35.533980680699,0.894
Orange and Black Attack,29478,Carter Jensen,HIT,False,1,2,2.0574662600315436,1.399025770244059,2.163706491439774,0.28425790159173087,-0.29613004387157543,0.0,0.0,0.0,0.0,0.0,5.608326379435533,580.6999999999999,521.4138546570738,126.97967916394924,19.68133172201797,70.45392001505925,73.9086442985824,4.937535050284612,0.0,0.0,0.0,0.0,0.0,0.0,Carter Jensen,0.5,1.0332357499569487,health,0.2435295457338047,,,HIT,,,,1.0097077015405977,8.065493454144182,8.065493454144182,3.5878598966064144,24.624218065143694,5.795374826586398,9.37437678437511,1.3088833302309286,health,6.842956498607966,16.704895740560566,1.0,keepable x2yr,2,23.624218065143694,7.065493454144182,False,True,7.065493454144182,13.349161379476481,0.0,0.0,0,20.414654833620663,True,1.0,6.832129821621216,5.343252243008965,2.5878598966064144,6.279624303164034,True,5.595914299782076,10.712739874078414,13.597424397716553,27.72233267558697,0.999
Orange and Black Attack,29646,Caleb Durbin,HIT,False,1,2,1.9514065083578316,0.7300666195642537,1.7271827726395679,1.039968475429746,0.08623677427147868,0.0,0.0,0.0,0.0,0.0,5.534861150262878,499.0,444.35090937064746,114.27941453888158,10.270492241404362,66.82211063553524,58.99771419399577,18.06416205098306,0.0,0.0,0.0,0.0,0.0,0.0,Caleb Durbin,0.5,1.2024048096192386,health,0.2571828078415328,,,HIT,,,,0.936242472367943,7.551415870072467,7.551415870072467,4.519862258537609,23.8266196064849,6.65370660327938,15.380607637576508,7.829191767504041,health,5.434315070398983,6.847838321803521,1.0,keepable x2yr,2,22.8266196064849,6.551415870072467,False,True,6.551415870072467,4.970662573532993,0.0,0.0,0,11.522078443605459,True,1.0,8.065760796448469,4.568824720842167,3.519862258537609,6.553363271253451,True,5.6029509522057666,9.320578038748721,8.071728711234442,14.654918126393449,0.999
Orange and Black Attack,27691,Louie Varland,PIT,False,10,2,0.0,0.0,0.0,0.0,0.0,1.69241250029151,2.9528710369027804,2.0543995546718192,0.3635222086329244,0.1594425319171898,7.222647832416223,0.0,0.0,86.17769389654522,0.0,0.0,0.0,0.0,98.63,5.991378069114763,19.410886581737643,106.12715458774409,37.18963869770852,27.494857298864176,Louis Varland,0.4934876989869755,1.2879370498986258,health,,3.393559244442631,1.1525149670020218,PIT,,,,2.6240291545212884,19.361809845032866,19.361809845032866,11.23538303389429,42.15060867438297,9.288821241844133,33.81998885779608,14.458179012763217,role,5.397981481148691,6.593591734774612,10.0,keepable x2yr,2,32.15060867438297,9.361809845032866,False,True,9.361809845032866,0.0,0.0,0.0,0,9.361809845032866,True,2.3770049081994973,19.779256158098924,10.418902674312893,1.2353830338942906,1.5914503070602495,True,8.475226858154928,27.79039068852067,-1.524773141845072,17.79039068852067,0.854
Orange and Black Attack,19956,Mickey Moniak,HIT,False,1,2,1.5858383830438227,1.4858239924904906,1.8126063078056518,0.2570710499570145,0.26930162306224953,0.0,0.0,0.0,0.0,0.0,5.410641356359228,415.0,382.5804005614879,101.82175632056001,20.902399011304176,54.303943042092676,61.91564123275803,4.465301799769389,0.0,0.0,0.0,0.0,0.0,0.0,Mickey Moniak,0.5,1.4457831325301205,health,0.2661447271504838,,,HIT,,,,0.8120226784642934,6.682180011653013,6.682180011653013,4.049040735547356,22.47798818903411,7.813512488578901,23.496422618643265,16.814242606990252,health,5.1726913175279225,5.017109576703629,1.0,keepable x2yr,2,21.47798818903411,5.682180011653013,False,True,5.682180011653013,3.414543140198085,0.0,0.0,0,9.096723151851098,True,1.0,7.6760330571151085,3.8910002068791645,3.049040735547356,5.506390911394646,True,4.864979711130116,8.20394242489377,6.119792185221263,11.589668838975518,0.999
Orange and Black Attack,20391,Luis Garcia,HIT,False,8,2,1.8792308377763673,1.4997844928471702,2.1834401092478615,0.49206721244307394,0.4721995237971137,0.0,0.0,0.0,0.0,0.0,6.526722176111587,514.6,474.8511170141142,128.9202771972364,21.098793705647246,64.35059553904865,74.58271212851787,8.547164722348036,0.0,0.0,0.0,0.0,0.0,0.0,Luis García Jr.,0.5,1.165954139137194,health,0.2714962070804278,,,HIT,,,,1.928103498216652,14.492026083168888,14.492026083168888,16.74724436566901,34.5950720339787,7.604051616814985,22.03070693073754,7.538680847568653,health,5.904253621403596,10.136263032149843,8.0,keepable x2yr,2,26.595072033978703,6.492026083168888,False,True,6.492026083168888,1.8158235773273668,0.0,0.0,0,8.307849660496254,True,7.435466206639334,24.502282450892388,11.790490902951541,8.747244365669012,11.969161633177823,True,12.165142207116988,16.56458417040473,4.59758289195324,11.612588447028932,0.998
Orange and Black Attack,25385,Drew Rasmussen,PIT,False,1,1,0.0,0.0,0.0,0.0,0.0,2.4258022093937575,0.0,2.434004070515383,0.08622005435565758,0.6650319678742265,5.611058302139025,0.0,0.0,119.41389393299129,0.0,0.0,0.0,0.0,136.62,8.58768069537923,0.0,125.7369461901236,54.23892416721073,31.17834729674033,Drew Rasmussen,0.5,1.0979358805445762,health,,3.5730516579190206,1.1022708331849775,PIT,,,,1.0124396242440898,8.084610255916912,8.084610255916912,9.898205316165265,24.65387804663452,6.152872362665198,11.875988386607572,3.79137813069066,health,3.3450700527317085,0.0,1.0,keepable x1yr,1,23.65387804663452,7.084610255916912,False,True,7.084610255916912,0.0,0.0,0.0,0,7.084610255916912,True,2.1016278499626084,15.29631020249112,5.276567959661148,8.898205316165265,8.898205316165265,True,0.0,13.895688431550807,-1.0,12.895688431550807,0.794
Orange and Black Attack,25764,Bobby Witt,HIT,False,39,F,2.6172830692453255,1.5731494620931883,2.351797862304156,2.0047463860786032,0.9736664030986144,0.0,0.0,0.0,0.0,0.0,9.520643182819887,616.1,558.8326602795785,159.3817375745775,22.130883555039112,89.62375500366741,80.33353523450502,34.82227052534627,0.0,0.0,0.0,0.0,0.0,0.0,Bobby Witt Jr.,0.5,1.0,health,0.2852047650451217,,,HIT,,,,4.922024504924952,35.442177540711,35.442177540711,33.7291323462803,67.09952083498474,9.520643182819887,35.442177540711,0.0,health,9.894899655406903,38.06106086030934,44.0,free agent after 2026 (not extendable),1,0.0,0.0,False,False,0.0,0.0,0.0,0.0,0,0.0,False,18.689385018291386,37.41671869043256,38.78575654833067,0.0,0.0,False,31.57516378725958,38.638423479364256,,,
Orange and Black Attack,17678,Alex Bregman,HIT,False,12,F,1.9924822636040422,1.1253558939282537,1.8610822361535078,0.1089397073293713,-0.3264434534935926,0.0,0.0,0.0,0.0,0.0,4.761416647521583,559.5,496.00031493044145,120.00496685728879,15.831375750759932,68.22866977620873,63.57149897477607,1.8922732500821557,0.0,0.0,0.0,0.0,0.0,0.0,Alex Bregman,0.5,1.0723860589812333,health,0.24194534407527174,,,HIT,,,,0.16279796962664772,2.1391890811469603,2.1391890811469603,5.97076711031056,15.429475131582773,5.107629696948706,4.561836774864965,2.4226476937180044,health,3.6874515593448036,0.0,17.0,free agent after 2026 (not extendable),1,0.0,0.0,False,False,0.0,0.0,0.0,0.0,0,0.0,False,1.454091638284923,13.258566737375602,6.196788239573701,0.0,0.0,False,0.12112045901203064,4.495450416872706,,,
Orange and Black Attack,19709,Fernando Tatis Jr.,HIT,False,34,F,2.748082962860563,1.6093016976926773,2.32687127000793,1.4928012695693846,0.6061471229481122,0.0,0.0,0.0,0.0,0.0,8.783204323078667,631.9,561.889706742836,153.52462176138866,22.63946899818071,94.10274230069601,79.4820839628625,25.929828336643926,0.0,0.0,0.0,0.0,0.0,0.0,Fernando Tatis Jr.,0.5,1.0,health,0.27322910514118626,,,HIT,,,,4.184585645183732,30.28190251420261,30.28190251420261,27.553976404423796,59.093282992829764,8.783204323078667,30.28190251420261,0.0,health,8.732599737400166,29.927793727753233,39.0,free agent after 2026 (not extendable),1,0.0,0.0,False,False,0.0,0.0,0.0,0.0,0,0.0,False,13.706754514831346,33.277231894760945,32.91774496357448,0.0,0.0,False,26.579871631654914,33.73827457586374,,,
Orange and Black Attack,22715,Maikel Garcia,HIT,True,4,F,1.9596405405094375,0.5391354236046948,1.6945911710164656,0.8524983380363407,0.3884058472825501,0.0,0.0,0.0,0.0,0.0,5.434271320449489,539.9,488.0483089094449,130.78456233619346,7.584494396556836,67.10406901020222,57.8844388486507,14.80782205452775,0.0,0.0,0.0,0.0,0.0,0.0,Maikel Garcia,0.5,1.1113169105389888,health,0.2679746245375474,,,HIT,,,,0.8356526425545541,6.847532178766977,6.847532178766977,4.608557013949947,22.734534355823584,6.036030226233775,11.058378152611308,4.2108459738443305,health,6.770686233168349,16.199179990731416,9.0,free agent after 2026 (not extendable),1,0.0,0.0,False,False,0.0,0.0,0.0,0.0,0,0.0,False,1.028722239200002,9.932024174894144,7.78133150606729,0.0,0.0,False,4.8280992676298515,8.851198138991643,,,
Orange and Black Attack,26221,Ryan Pepiot,PIT,True,4,F,0.0,0.0,0.0,0.0,0.0,2.5422719659676067,0.07699190745264124,2.5165278683367136,-0.95726255337041,-0.19927893546081032,3.9792502529257407,0.0,0.0,116.0,0.0,0.0,0.0,0.0,136.0,9.0,0.5061112268696969,130.0,61.0,47.0,Ryan Pepiot,0.0,1.0,health,,4.036764705882353,1.1985294117647058,PIT,,,,-0.6193684249691942,0.0,0.0,9.734200003187222,6.937638683646356,3.9792502529257407,0.0,0.0,health,3.73097487640117,0.0,9.0,free agent after 2026 (not extendable),1,0.0,0.0,False,False,0.0,0.0,0.0,0.0,0,0.0,False,2.8919088659624097,14.258660248236872,5.909808133193405,0.0,0.0,False,0.0,2.669355944821211,,,
Orange and Black Attack,20437,Royce Lewis,HIT,False,1,2,1.3852508883908894,1.0907773131357874,1.6276930444975757,0.626832407025717,-0.17060263397007833,0.0,0.0,0.0,0.0,0.0,4.55995101907989,411.5,374.2861723744425,91.95704816505753,15.344928300307028,47.435215433367645,55.599309208060625,10.888024441934395,0.0,0.0,0.0,0.0,0.0,0.0,Royce Lewis,0.5,1.4580801944106927,health,0.2456864692106821,,,HIT,,,,-0.038667658815044526,0.7294206136806487,0.7294206136806487,3.421115945726475,13.242199919520534,6.653797819120319,15.381245926188239,14.65182531250759,health,4.360266350301542,0.0,1.0,keepable x2yr,2,12.242199919520534,-0.2705793863193513,False,True,-0.2705793863193513,0.0,0.0,0.0,0,-0.2705793863193513,False,1.0,7.103820205650263,3.5272434365456133,2.421115945726475,4.5692728667902465,True,0.0,1.3593904231987755,-1.0,0.3593904231987755,0.224
Orange and Black Attack,19804,Bryan Baker,PIT,False,10,2,0.0,0.0,0.0,0.0,0.0,0.7939233831729623,3.845385249490755,1.1723455356149113,-0.17823111023977511,0.009206302459853469,5.642629360498708,0.0,0.0,45.187459750801175,0.0,0.0,0.0,0.0,55.715,2.8106003386766316,25.27788582980011,60.56158628224123,23.46654773882879,20.249699885181425,Bryan Baker,0.43593875906526997,1.0,health,,3.7907014206131042,1.1744980640039953,PIT,,,,1.0440106826037727,8.305530732051137,8.305530732051137,7.059759950466381,24.996639210922606,5.642629360498708,8.305530732051137,0.0,role,3.5022135300854442,0.0,10.0,keepable x2yr,2,14.996639210922606,-1.6944692679488629,False,True,-1.6944692679488629,0.0,0.0,0.0,0,-1.6944692679488629,False,1.2841797453586068,14.732520360327225,6.479896020191592,-2.940240049533619,-2.940240049533619,False,0.0,18.16742834823082,-10.0,8.16742834823082,0.371
Orange and Black Attack,14212,Josh Hader,PIT,False,15,2,0.0,0.0,0.0,0.0,0.0,1.6350231066169743,2.0603568243148063,1.3820207751741163,0.4271570026925529,0.4493809206503666,5.953938629448816,0.0,0.0,33.76556863494474,0.0,0.0,0.0,0.0,51.595000000000006,5.788211551139871,13.543887333675178,71.39309007191018,17.986673746234324,20.54151174605792,Josh Hader,0.3269230769230769,1.8458511492369427,health,,3.137514559862562,1.052564790793733,PIT,,,,1.3553199515538807,10.483937015993858,10.483937015993858,15.53574589534242,28.37646659153636,10.938942564844835,45.36681710166921,34.88288008567535,role,4.437405449164913,0.0,15.0,keepable x2yr,2,13.37646659153636,-4.516062984006142,False,True,-4.516062984006142,0.0,0.0,0.0,0,-4.516062984006142,False,4.529676047120809,18.564457303222913,10.035497103150533,0.5357458953424192,0.5357458953424192,True,0.9568313193731858,17.12479394658511,-14.043168680626815,2.1247939465851124,0.2
Orange and Black Attack,35177,Carson Benge,HIT,False,15,2,2.1362764728323973,1.023189152297619,1.8943236967632657,0.8895402028399161,-0.00792338700613323,0.0,0.0,0.0,0.0,0.0,5.935406137727065,543.5,487.57417007899517,123.57231410439292,14.394105919311833,73.15262207248983,64.70697243103821,15.45123602744254,0.0,0.0,0.0,0.0,0.0,0.0,Carson Benge,0.5,1.1039558417663293,health,0.25344311017208343,,,HIT,,,,1.3367874598321299,10.354254733934184,10.354254733934184,8.861771131581154,28.175262743146575,6.552368140348656,14.67148533871953,4.317230604785346,health,5.810603765895386,9.480942249644945,15.0,keepable x2yr,2,13.175262743146575,-4.645745266065816,False,True,-4.645745266065816,0.0,0.0,0.0,0,-4.645745266065816,False,2.046241156025628,14.358273827534342,11.215768802199891,-6.138228868418846,-6.138228868418846,False,8.173607014320137,12.564968541601727,-6.826392985679863,-2.4350314583982735,0.0
Orange and Black Attack,14344,Matt Olson,HIT,False,25,2,2.4414265143289935,2.2468448015880917,2.4205166935428384,0.059169472453970196,-0.117264767689955,0.0,0.0,0.0,0.0,0.0,7.050692714223938,621.8,552.4721880460917,138.06757075400955,31.60835118872226,83.60189020088363,82.68085714472144,1.0277685950413222,0.0,0.0,0.0,0.0,0.0,0.0,Matt Olson,0.5,1.0,health,0.2499086356587616,,,HIT,,,,2.4520740363290034,18.15854303807435,18.15854303807435,22.801465716621014,40.28372363538947,7.050692714223938,18.15854303807435,0.0,health,5.2319089284914275,5.431488551920229,25.0,keepable x2yr,2,15.283723635389471,-6.841456961925651,False,True,-6.841456961925651,0.0,0.0,0.0,0,-6.841456961925651,False,8.824603194766151,24.589800621577115,15.753272882979156,-2.1985342833789865,-2.1985342833789865,False,14.618077175114893,21.988710008606063,-10.381922824885107,-3.011289991393939,0.007
Orange and Black Attack,13145,Josh Bell,HIT,False,10,2,1.547521496420671,1.182059676436822,1.8183463642513993,0.02689872203583672,-0.07140203783552038,0.0,0.0,0.0,0.0,0.0,4.503424221309208,498.99999999999994,444.6605573095614,111.55325941379223,16.62907796410058,52.99185597762133,62.11171209162033,0.46722846441947563,0.0,0.0,0.0,0.0,0.0,0.0,Josh Bell,0.5,1.2024048096192386,health,0.25087284576970403,,,HIT,,,,-0.09519445658572678,0.33387077383778707,0.33387077383778707,4.712480530165069,12.628498890032757,5.415717417493278,6.7177000702409995,6.383829296403213,health,3.30456383263528,0.0,10.0,keepable x2yr,2,2.6284988900327573,-9.666129226162212,False,True,-9.666129226162212,0.0,0.0,0.0,0,-9.666129226162212,False,1.0,13.24562821698316,4.085984884330799,-5.287519469834931,-5.287519469834931,False,0.0,1.793741969658646,-10.0,-8.206258030341353,0.0
Orange and Black Attack,24618,Ryan Jeffers,HIT,False,10,2,1.2878187227280578,0.8652280010719359,1.3251849321839915,0.06275856362402539,-0.059661599161571,0.0,0.0,0.0,0.0,0.0,3.481328620446439,370.99999999999994,329.74446016030174,82.61535513546374,12.17192682684081,44.098840912991356,45.266131136601,1.090110796793965,0.0,0.0,0.0,0.0,0.0,0.0,Ryan Jeffers,0.5,1.6172506738544477,health,0.25054357272689637,,,HIT,,,,-1.1172900574484959,0.0,0.0,5.000211424557946,1.531795251714522,5.63204542373063,8.231468965621278,8.231468965621278,health,2.7523746787083616,0.0,10.0,keepable x2yr,2,-8.468204748285478,-10.0,False,True,-10.0,0.0,0.0,0.0,0,-10.0,False,1.0,12.918226560408424,4.546910306692075,-4.999788575442054,-4.999788575442054,False,0.0,0.0,-10.0,-10.0,0.0
Orange and Black Attack,15362,Jeff McNeil,HIT,False,10,2,1.313572316410274,0.5227596302482421,1.3413818407371423,0.29678807797570284,0.2771638674450198,0.0,0.0,0.0,0.0,0.0,3.751665732816381,441.4,397.40575597055596,105.73241949211524,7.354121641376393,44.98072250912474,45.81939081286833,5.155183125274516,0.0,0.0,0.0,0.0,0.0,0.0,Jeff McNeil,0.5,1.359311282283643,health,0.26605658801768595,,,HIT,,,,-0.846952945078554,0.0,0.0,3.2875039857875463,4.466795476620834,5.092297524203315,4.4545489270996335,4.4545489270996335,health,3.2479803779501566,0.0,10.0,keepable x2yr,2,-5.533204523379166,-10.0,False,True,-10.0,0.0,0.0,0.0,0,-10.0,False,1.0,10.809804551222113,3.2614206439577265,-6.712496014212453,-6.712496014212453,False,0.0,0.0,-10.0,-10.0,0.0
Orange and Black Attack,29878,Sean Burke,PIT,False,10,2,0.0,0.0,0.0,0.0,0.0,1.9217351568694556,0.0,2.6454657134809425,-1.5320435844287663,-0.9353709468295194,2.0997863390921117,0.0,0.0,119.58053846424848,0.0,0.0,0.0,0.0,132.68,6.803212497858099,0.0,136.66073286119754,63.50396306292703,50.66620556337532,Sean Burke,0.5,1.1305396442568585,health,,4.307624868603733,1.2831379561925218,PIT,,,,-2.4988323388028233,0.0,0.0,11.2915111707399,0.0,2.4080558736162043,0.0,0.0,health,1.1456826567555753,0.0,10.0,keepable x2yr,2,-10.0,-10.0,False,True,-10.0,0.0,0.0,0.0,0,-10.0,False,2.2210559804182513,21.29772090699336,8.01120201808953,1.2915111707399003,1.2915111707399003,True,0.0,0.0,-10.0,-10.0,0.0
Orange and Black Attack,31986,Parker Messick,PIT,False,10,2,0.0,0.0,0.0,0.0,0.0,2.2259424687970597,0.0,2.5183157429162537,-0.1544290330139684,-0.22506265872022155,4.364766519979123,0.0,0.0,119.86729072562981,0.0,0.0,0.0,0.0,133.85999999999999,7.880149129343309,0.0,130.09235887997292,54.74614226059299,41.00293612362107,Parker Messick,0.5,1.120573733751681,health,,3.6808253424872026,1.2017796716662998,PIT,,,,-0.2338521579158117,0.0,0.0,16.57634985890387,11.123117771542862,4.895971186041208,3.080742968163218,3.080742968163218,health,3.50510926306171,0.0,10.0,keepable x2yr,2,1.1231177715428622,-10.0,False,True,-10.0,0.0,0.0,0.0,0,-10.0,False,3.7874279753247677,26.927732311413386,12.498314837759194,6.576349858903871,8.699917470999186,True,0.0,5.177004133993668,-10.0,-4.822995866006332,0.011
Orange and Black Attack,30091,Andrew Painter,PIT,False,10,2,0.0,0.0,0.0,0.0,0.0,1.5875838029334857,0.0,1.9673755959734252,-1.888286570493755,-1.3048696758915432,0.36180315252161255,0.0,0.0,106.03221637007998,0.0,0.0,0.0,0.0,108.86999999999999,5.620269749921567,0.0,101.6316293153502,56.117400214353495,41.4822371348635,Andrew Painter,0.5,1.3777900248002206,health,,4.63907965398348,1.3549596170197804,PIT,,,,-4.236815525373323,0.0,0.0,2.414952649551963,0.0,0.6263618887003464,0.0,0.0,health,1.9903401006737915,0.0,10.0,keepable x2yr,2,-10.0,-10.0,False,True,-10.0,0.0,0.0,0.0,0,-10.0,False,1.0,7.712067051418552,3.492586675406602,-7.585047350448037,-7.585047350448037,False,0.0,0.0,-10.0,-10.0,0.0
Orange and Black Attack,27782,Brandon Pfaadt,PIT,False,10,2,0.0,0.0,0.0,0.0,0.0,2.69739884585705,0.0,2.23917566539635,-0.9504983575848359,-0.19863165060124932,3.7874445030673147,0.0,0.0,139.71607908584406,0.0,0.0,0.0,0.0,145.235,9.549170953263298,0.0,115.6724072735669,64.70409904033913,34.15290976149021,Brandon Pfaadt,0.5,1.03280889592729,health,,4.009618145509362,1.1971562560493976,PIT,,,,-0.8111741748276202,0.0,0.0,6.381551684362132,4.855238993727211,3.9157182428111232,0.0,0.0,health,3.6730158999367677,0.0,10.0,keepable x2yr,2,-5.144761006272789,-10.0,False,True,-10.0,0.0,0.0,0.0,0,-10.0,False,1.0522948528002642,14.641854653849945,7.14640142732389,-3.6184483156378677,-3.6184483156378677,False,0.0,1.1895003247227607,-10.0,-8.810499675277239,0.001
Orange and Black Attack,18383,Mike Soroka,PIT,True,10,2,0.0,0.0,0.0,0.0,0.0,1.823338667207579,0.0,1.7462503332375305,-0.43566854412332473,-0.26758566500220277,2.866334791319582,0.0,0.0,81.58774269717323,0.0,0.0,0.0,0.0,93.24000000000001,6.45487509776415,0.0,90.20863475313777,40.240287023128204,32.04695348288663,Michael Soroka,0.5,1.6087516087516085,health,,3.8841975891050384,1.218733335264477,PIT,,,,-1.732283886575353,0.0,0.0,8.795200296148794,0.0,4.656949848009506,1.4081760493539255,1.4081760493539255,health,2.088134556746671,0.0,10.0,keepable x2yr,2,-10.0,-10.0,False,True,-10.0,0.0,0.0,0.0,0,-10.0,False,1.6010867912900961,18.356312543406055,7.334186771740771,-1.2047997038512062,-1.2047997038512062,False,0.0,0.0,-10.0,-10.0,0.0
Orange and Black Attack,23697,Julio Rodriguez,HIT,False,43,2,2.5095807484992014,1.8559370859584547,2.5668709527939306,1.2778771976331869,0.42408384984890646,0.0,0.0,0.0,0.0,0.0,8.634349834733682,627.5999999999999,570.6177724272488,152.45895197438978,26.109106937731077,85.93569904926875,87.68007720130765,22.196615882768068,0.0,0.0,0.0,0.0,0.0,0.0,Julio Rodríguez,0.5,1.0,health,0.2671822704117187,,,HIT,,,,4.035731156838747,29.24028382453949,29.24028382453949,27.91390821607119,57.47719723626893,8.634349834733682,29.24028382453949,0.0,health,9.496727339086954,35.274824912730104,43.0,keepable x2yr,2,14.477197236268928,-13.759716175460511,False,True,-13.759716175460511,0.0,0.0,0.0,0,-13.759716175460511,False,11.856710123300058,28.24895075644441,32.4752987369216,-15.086091783928811,-15.086091783928811,False,25.580816299248347,32.34907426393848,-17.419183700751653,-10.650925736061515,0.0
Orange and Black Attack,20043,Luis Robert,HIT,True,18,2,1.3592612907653407,1.019290535430692,1.542535854519492,0.7503580671739336,-0.41895597381889493,0.0,0.0,0.0,0.0,0.0,4.252489774070563,384.29999999999995,348.9009030704394,81.16181297903135,14.339260630935437,46.54525234240259,52.69048008153296,13.033654425045151,0.0,0.0,0.0,0.0,0.0,0.0,Luis Robert Jr.,0.4481236203090508,1.5612802498048401,health,0.23262138981235495,,,HIT,,,,-0.346128903824372,0.0,0.0,4.987445145669616,9.90414982591198,6.655324074771128,15.391925996562753,15.391925996562753,health,5.456929527417204,7.006084414001757,18.0,keepable x2yr,2,-8.09585017408802,-18.0,False,True,-18.0,0.0,0.0,0.0,0,-18.0,False,1.0319517188607918,9.79950463347819,6.715656119145945,-13.012554854330384,-13.012554854330384,False,0.0,0.0,-18.0,-18.0,0.0
Pookie 2.0,22267,Tarik Skubal,PIT,False,38,3,0.0,0.0,0.0,0.0,0.0,3.5037381416694466,0.0,4.042841540140374,2.5771769096448858,2.3913634386748783,12.515120030129584,0.0,0.0,137.62516539432644,0.0,0.0,0.0,0.0,174.485,12.403725367369614,0.0,208.84704152536216,52.23289494002445,30.26941013600604,Tarik Skubal,0.5,1.0,health,,2.6941917898972405,0.9622292777621713,PIT,,,,7.916501352234649,56.39621852799001,56.39621852799001,33.51276455257581,99.61000429499788,12.515120030129584,56.39621852799001,0.0,health,11.88773844222822,52.00607621670109,38.0,keepable x3yr,3,61.61000429499788,18.39621852799001,False,True,18.39621852799001,11.905164784195925,10.119390066566536,0.0,0,40.42077337875247,True,15.354168194747169,34.0,34.0,-4.48723544742419,-4.48723544742419,False,40.17265725689482,65.4160864652863,2.172657256894826,62.52025558768042,0.938
Pookie 2.0,21479,Nico Hoerner,HIT,False,1,1,2.1223634276927097,0.612573498162647,1.8066577870881553,1.2761744759987643,0.5017922894263412,0.0,0.0,0.0,0.0,0.0,6.319561478368618,610.4,557.492237582229,150.5181400494343,8.617612682969245,72.67619697212274,61.712449578274594,22.167039755934788,0.0,0.0,0.0,0.0,0.0,0.0,Nico Hoerner,0.5,1.0,health,0.26999145441416694,,,HIT,,,,1.7209428004736829,13.04240600834366,13.04240600834366,4.364031463776191,32.34596650371276,6.319561478368618,13.04240600834366,0.0,health,5.947429696265307,10.438390344683565,1.0,keepable x1yr,1,31.34596650371276,12.04240600834366,False,True,12.04240600834366,0.0,0.0,3.7726317929810302,1,15.81503780132469,True,1.0,8.706538701866089,4.301929966892387,3.3640314637761914,3.3640314637761914,True,10.543575908505739,15.452601549190769,11.616276003692954,19.86486774470003,1.0
Pookie 2.0,23772,Wilyer Abreu,HIT,False,1,2,1.9194660009468136,1.459398125468417,2.01276913374535,0.4094894987041865,-0.14390947954003738,0.0,0.0,0.0,0.0,0.0,5.657213279324728,497.7,443.6832061369001,110.01546786805162,20.530642989388557,65.72837024324235,68.7528731598722,7.112797010228167,0.0,0.0,0.0,0.0,0.0,0.0,Wilyer Abreu,0.5,1.2055455093429777,health,0.2479595043182814,,,HIT,,,,1.0585946014297933,8.4075826257267,8.4075826257267,5.318151185764827,25.15497413082739,6.82185463706152,16.557234130770745,8.149651505044044,health,5.096855118040045,4.486440978007963,1.0,keepable x2yr,2,24.15497413082739,7.4075826257267,False,True,7.4075826257267,2.963474831306768,0.0,0.0,0,10.37105745703347,True,1.0591329183821543,9.521932663975608,4.642087986140421,4.318151185764827,7.413925973984185,True,6.33628862724429,10.38108010127099,7.360274917899731,13.239685350875027,0.999
Pookie 2.0,34985,JJ Wetherholt,HIT,True,5,2,2.1068052588602195,0.9533406106427857,1.8512274469259946,0.7457464090147629,-0.036382386008883626,0.0,0.0,0.0,0.0,0.0,5.620737339434879,545.0,485.6351776832986,122.57119631111318,13.411484764043086,72.14343781888722,63.23487563212986,12.953550323546715,0.0,0.0,0.0,0.0,0.0,0.0,JJ Wetherholt,0.5,1.1009174311926606,health,0.25239357020188224,,,HIT,,,,1.0221186615399445,8.15233993110106,8.15233993110106,5.029637586536582,24.758961571390586,6.188110360856009,12.1225685059574,3.970228574856339,health,5.790822693741417,9.34252294710167,5.0,keepable x2yr,2,19.758961571390586,3.1523399311010607,False,True,3.1523399311010607,3.6911445050364198,0.0,0.0,0,6.84348443613748,True,1.0,9.573473359821332,6.656723661046264,0.029637586536582106,1.4378526984259068,True,6.08601718797465,10.38715417261427,2.7643693369649127,11.255217572563948,0.979
Pookie 2.0,18314,Dansby Swanson,HIT,True,3,2,2.1419799789044407,1.277854042199293,1.918503012264697,0.8615233326063149,-0.5997649762867531,0.0,0.0,0.0,0.0,0.0,5.600095389687993,534.5999999999999,485.3899666697104,112.43129925564537,17.976701953430393,73.3479275160887,65.53289796014698,14.964585425988492,0.0,0.0,0.0,0.0,0.0,0.0,Dansby Swanson,0.5,1.1223344556677892,health,0.23163086791233703,,,HIT,,,,1.0014767117930576,8.007896583194658,8.007896583194658,5.689490464315634,24.53485572584648,6.290230057562253,12.837157537531846,4.8292609543371885,health,4.446406651096139,0.0,3.0,keepable x2yr,2,21.53485572584648,5.007896583194658,False,True,5.007896583194658,0.0,0.0,0.0,0,5.007896583194658,True,1.1541762568158662,9.452026916558047,4.637023349704469,2.689490464315634,4.080960311564433,True,5.554365845360099,10.533519667784446,2.5543658453600986,7.533519667784447,0.991
Pookie 2.0,16556,Ozzie Albies,HIT,False,5,2,2.114869499421465,1.3059268475837158,2.0083653586777386,0.3459510007247346,-0.0631313080740687,0.0,0.0,0.0,0.0,0.0,5.711981398333585,579.8,526.5768083572426,132.47661785273183,18.371626912562554,72.41958201163597,68.6024474684345,6.009138821452218,0.0,0.0,0.0,0.0,0.0,0.0,Ozzie Albies,0.5,1.0348395998620215,health,0.2515808059721013,,,HIT,,,,1.1133627204386505,8.790825999786783,8.790825999786783,7.603615205548311,25.74958150899869,5.911101303009721,10.18418011695599,1.3933541171692063,health,4.9388872399420185,3.3810507675899477,5.0,keepable x2yr,2,20.74958150899869,3.790825999786783,False,True,3.790825999786783,0.0,0.0,0.0,0,3.790825999786783,True,1.648375485082819,11.938261171725772,6.5244119722179175,2.6036152055483113,3.899365381933541,True,6.556556557204084,11.275958722692728,1.5565565572040838,6.275958722692727,0.981
Pookie 2.0,17995,Logan Webb,PIT,False,27,2,0.0,0.0,0.0,0.0,0.0,3.762702132496403,0.0,3.074221466986361,1.2537975747890027,0.5573735807243546,8.648094754996121,0.0,0.0,168.0103516803789,0.0,0.0,0.0,0.0,184.155,13.320494284559611,0.0,158.80960260232396,65.19069972555232,39.825711721439866,Logan Webb,0.5,1.0,health,,3.1859916783686075,1.128593105817484,PIT,,,,4.049476077101186,29.336464772742442,29.336464772742442,19.006021124016225,57.626423303337276,8.648094754996121,29.336464772742442,0.0,health,7.944478579557689,24.412866117205873,27.0,keepable x2yr,2,30.626423303337276,2.336464772742442,False,True,2.336464772742442,0.0,0.0,0.0,0,2.336464772742442,True,5.790454223064994,22.95226152528198,20.559880771338104,-7.993978875983775,-7.993978875983775,False,16.49222126976533,36.311927111833,-10.50777873023467,12.046906151406631,0.534
Pookie 2.0,21622,Jake McCarthy,HIT,False,10,2,1.8109018497682137,0.7212911161700308,1.524405931193595,1.2818623354307732,0.6797980239640877,0.0,0.0,0.0,0.0,0.0,6.0182592565267,463.59999999999997,419.45906543080724,118.48345508673178,10.147039480917138,62.010802586253114,52.07119180950736,22.26583738002677,0.0,0.0,0.0,0.0,0.0,0.0,Jake McCarthy,0.5,1.2942191544434858,health,0.28246726522656707,,,HIT,,,,1.419640578631765,10.93402466897683,10.93402466897683,9.501213522708543,29.074783789958484,7.774527745657689,23.223624416251578,12.289599747274748,health,4.82535841123083,2.5866256137640766,10.0,keepable x2yr,2,19.074783789958484,0.9340246689768303,False,True,0.9340246689768303,0.0,0.0,0.0,0,0.9340246689768303,True,2.060131812584857,18.752858774387104,9.274753375902472,-0.498786477291457,-0.498786477291457,False,8.575660055952778,12.652585768071086,-1.4243399440472218,2.6525857680710865,0.654
Pookie 2.0,20373,Andres Munoz,PIT,False,13,2,0.0,0.0,0.0,0.0,0.0,1.427756241847527,2.3578615618441314,1.6075522076662316,0.6791361148540034,0.32922884483647735,6.401534971048371,0.0,0.0,43.411838955394984,0.0,0.0,0.0,0.0,60.335,5.05445772468211,15.499553749696,83.04370065837402,19.876142362865618,22.856886479341807,Andrés Muñoz,0.412751677852349,1.6129496631791955,health,,2.964867510827721,1.0983463236054827,PIT,,,,1.8029162931534364,13.61602070402086,13.61602070402086,8.81471270012895,33.23593761179427,10.281772497630351,40.768228023781774,27.15220731976091,role,5.69408273580634,8.665578977573094,13.0,keepable x2yr,2,20.23593761179427,0.6160207040208601,True,True,0.6160207040208601,0.0,0.0,0.0,0,0.6160207040208601,True,2.3650479841890233,13.33851385133658,11.960271139781149,-4.1852872998710495,-4.1852872998710495,False,3.788502361063975,20.728972914472596,-9.211497638936024,7.8925478969267,0.481
Pookie 2.0,11579,Bryce Harper,HIT,False,16,F,2.060464213011737,1.6191447922370759,2.1284606901329823,0.4201106986191963,0.19288420018669802,0.0,0.0,0.0,0.0,0.0,6.42106459418769,538.5,476.5935839924448,124.37379904116601,22.777940506726043,70.55657906885692,72.70470587065414,7.297286329831188,0.0,0.0,0.0,0.0,0.0,0.0,Bryce Harper,0.5,1.1142061281337048,health,0.2609640650200982,,,HIT,,,,1.8224459162927547,13.752680476192765,13.752680476192765,8.298040838199068,33.44796713228347,7.1527418266710825,18.87263815183488,5.119957675642116,health,5.0297716336655665,4.017020056481988,21.0,free agent after 2026 (not extendable),1,0.0,0.0,True,False,0.0,0.0,0.0,0.0,0,0.0,False,2.604939354081811,17.230900509456166,9.322786767497545,0.0,0.0,False,11.335792527013508,16.042959222037528,,,
Pookie 2.0,15640,Aaron Judge,HIT,False,39,F,2.4121775466903705,2.290565991254516,2.5028724988924145,0.3896985566999236,0.43457054088349584,0.0,0.0,0.0,0.0,0.0,8.02988513442072,497.29999999999995,424.74436876015784,115.48133433950308,32.22341579682884,82.60031633959319,85.49399559376073,6.769030067332249,0.0,0.0,0.0,0.0,0.0,0.0,Aaron Judge,0.5,1.2065151819827067,health,0.27188432109552557,,,HIT,,,,3.431266456525785,25.010503882476982,25.010503882476982,12.028564901757617,50.91463534525227,9.681955363139846,36.570969717283866,11.560465834806884,health,7.894351312836204,24.062097400324348,44.0,free agent after 2026 (not extendable),1,0.0,0.0,False,False,0.0,0.0,0.0,0.0,0,0.0,False,4.273400172357892,22.23667303265986,15.893249042539475,0.0,0.0,False,21.53131645085927,28.494750838554314,,,
Pookie 2.0,10954,Jacob deGrom,PIT,False,21,F,0.0,0.0,0.0,0.0,0.0,2.5802952444327008,0.0,2.843344125394613,-0.39363827409122903,0.42582106713319856,5.455822162869283,0.0,0.0,115.87380789011674,0.0,0.0,0.0,0.0,133.29999999999998,9.134607748803775,0.0,146.88283048723315,56.12473637385745,34.466079626452775,Jacob deGrom,0.5,1.1252813203300827,health,,3.789367046997128,1.1278311141528097,PIT,,,,0.857203484974348,6.998335560593242,6.998335560593242,9.550510294731417,22.96850788167252,6.139000555066765,11.778919536251841,4.780583975658599,health,2.7737387769619133,0.0,26.0,free agent after 2026 (not extendable),1,0.0,0.0,False,False,0.0,0.0,0.0,0.0,0,0.0,False,3.1912563925111246,22.169445814120152,7.347488125177113,0.0,0.0,False,0.0,13.246491961391829,,,
Pookie 2.0,19755,Shohei Ohtani,HIT,False,16,F,3.4416068955376447,2.8606491815986583,3.312876251471261,0.9787710627019734,0.8977637175531569,,,,,,11.491667108862694,659.4,578.5269441401971,163.05023610246297,40.24327977428227,117.85111700338072,113.1623875252517,17.001168309602043,,,,,,,Shohei Ohtani,0.5,1.0,health,0.2818368923936415,,,HIT,False,,,6.8930484309677595,49.234542030125645,49.234542030125645,45.0,88.49856447911068,11.491667108862694,49.234542030125645,0.0,health,11.426836662155123,48.7808868820638,21.0,free agent after 2026 (not extendable),1,0.0,0.0,True,False,0.0,0.0,0.0,0.0,0,0.0,False,45.0,45.0,43.46688267128968,0.0,0.0,False,43.42887125283572,55.08833474557236,,,
Pookie 2.0,19755,Shohei Ohtani,HIT,False,16,F,,,,,,1.751638830546632,0.0,2.051636087935397,0.1099765774823471,0.5436895763651499,4.456941072329526,,,68.35031172910601,,,,,93.785,6.2010476007115605,0.0,105.98439810161292,36.904978470906556,33.97088350436621,Shohei Ohtani,0.5,1.0,health,,3.5415557523928025,1.0910187688166788,PIT,False,False,0.0,-0.14167760556540898,0.008602001159471406,0.008602001159471406,34.0,12.123839905131614,4.456941072329526,0.008602001159471406,0.0,health,3.4585520556430405,0.0,21.0,free agent after 2026 (not extendable),1,0.0,0.0,True,False,0.0,0.0,0.0,0.0,0,0.0,False,11.501727850243858,34.0,17.745458170027543,0.0,0.0,False,0.0,5.227438639076771,,,
Pookie 2.0,31539,Drake Baldwin,HIT,False,10,1,1.8205856824262254,1.5536443756604215,2.1349816393022354,0.05805152244888813,0.3118831104279601,0.0,0.0,0.0,0.0,0.0,5.879146330265731,507.19999999999993,456.1010268448249,121.28453515247689,21.856488269037378,62.34240655215063,72.92745073671901,1.0083499005964212,0.0,0.0,0.0,0.0,0.0,0.0,Drake Baldwin,0.5,1.1829652996845428,health,0.26591594408696745,,,HIT,,,,1.2805276523707958,9.960573175654533,9.960573175654533,11.456839458366307,27.56446037825988,6.95062500487329,17.458312917704426,7.497739742049893,health,5.8218285489817445,9.559488378687883,10.0,keepable x1yr,1,17.56446037825988,-0.03942682434546718,False,True,-0.03942682434546718,0.0,0.0,0.0,0,-0.03942682434546718,False,2.7058454688138376,20.36202657403939,11.077384144383084,1.4568394583663071,1.4568394583663071,True,7.731894287444128,12.218944541399607,-2.2681057125558723,2.218944541399607,0.521
Pookie 2.0,27498,Spencer Strider,PIT,True,4,2,0.0,0.0,0.0,0.0,0.0,2.8314333947012167,0.0,2.875894886837492,-0.7437542525420401,-0.3906783524454734,4.572895676551196,0.0,0.0,108.55249702274233,0.0,0.0,0.0,0.0,125.85,10.02367209072849,0.0,148.5643532872851,55.45472835631819,45.377836861983496,Spencer Strider,0.36363636363636365,1.1918951132300357,health,,3.9657731840036847,1.2231254182338167,PIT,,,,-0.025723001343738616,0.8200016724267606,0.8200016724267606,4.341542475139904,13.382737680897622,5.473578608148525,7.1225874086260275,6.3025857361992665,health,5.481265676433016,7.176378154762517,4.0,keepable x2yr,2,9.382737680897622,-3.1799983275732395,False,True,-3.1799983275732395,2.6999214315481397,0.0,0.0,0,-0.48007689602509984,False,1.0,7.948762554528146,5.393745641526777,0.3415424751399039,1.526226270437664,True,0.0,7.453407459421341,-4.0,55.49866010778809,0.424
Pookie 2.0,19251,Pete Alonso,HIT,False,27,1,2.2615289717395397,2.1938463459910365,2.812896864568888,0.20804739980458073,0.323586777600619,0.0,0.0,0.0,0.0,0.0,7.799906359704664,627.2,560.9920381756448,148.19118886564914,30.86277508315966,77.44164965516077,96.08391648059461,3.613765256492613,0.0,0.0,0.0,0.0,0.0,0.0,Pete Alonso,0.5,1.0,health,0.26415916587260185,,,HIT,,,,3.2012876818097293,23.401212871950747,23.401212871950747,17.81981397634612,48.417798157054385,7.799906359704664,23.401212871950747,0.0,health,6.6769505802657,15.543258835536614,27.0,keepable x1yr,1,21.417798157054385,-3.5987871280492527,False,True,-3.5987871280492527,0.0,0.0,0.0,0,-3.5987871280492527,False,6.570657461962525,24.31866821469667,16.73066016117486,-9.180186023653881,-9.180186023653881,False,19.735370706929878,27.30153519249524,-7.264629293070124,0.3015351924952396,0.127
Pookie 2.0,18401,Ronald Acuna Jr.,HIT,False,26,1,2.5286848800619626,1.560734627253626,1.7571575078378874,1.3141293138194639,0.41038724126701515,0.0,0.0,0.0,0.0,0.0,7.571093570239955,489.4,423.0839387408052,114.62920856201104,21.956233103311646,86.58988278157419,60.021601699293505,22.826311990824962,0.0,0.0,0.0,0.0,0.0,0.0,Ronald Acuña Jr.,0.5,1.2259910093992645,health,0.2709372728805869,,,HIT,,,,2.97247489234502,21.800080916910023,21.800080916910023,9.74265104408333,45.93361985592139,9.275577663399634,33.72731608064852,11.927235163738498,health,8.72006518433768,29.84008240052606,26.0,keepable x1yr,1,19.933619855921393,-4.199919083089977,False,True,-4.199919083089977,0.0,0.0,0.0,0,-4.199919083089977,False,2.834261735729131,16.435921764454257,17.269751390646498,-16.25734895591667,-16.25734895591667,False,18.659797860990672,24.752013778188214,-7.340202139009329,1.2006138157272381,0.165
Pookie 2.0,29766,Zack Gelof,HIT,False,10,2,1.7861286664374887,1.2234148767826551,1.6386442075204093,0.7452247298817344,-0.16748152050017578,0.0,0.0,0.0,0.0,0.0,5.225930960122112,429.29999999999995,385.938052580331,94.96445860531946,17.210858109790724,61.16249323080612,55.97338287087605,12.944488802336902,0.0,0.0,0.0,0.0,0.0,0.0,Zack Gelof,0.5,1.3976240391334733,health,0.24606140278316588,,,HIT,,,,0.6273122822271766,5.389657340453744,5.389657340453744,5.668293422208664,20.472621446207466,7.30810810362487,19.959823493827248,14.570166153373503,health,5.313586270484337,6.003030914449782,10.0,keepable x2yr,2,10.472621446207466,-4.610342659546256,False,True,-4.610342659546256,0.0,0.0,0.0,0,-4.610342659546256,False,1.4013423736063217,11.742425520019077,8.060990421253706,-4.331706577791336,-4.331706577791336,False,3.7947497721913868,6.531766322111608,-6.205250227808613,-3.4682336778883918,0.0
Pookie 2.0,33572,Kevin McGonigle,HIT,False,13,2,2.0131697954107923,0.9839521876339408,1.805852122324446,0.5017233461177032,0.2154961335280499,0.0,0.0,0.0,0.0,0.0,5.520193585014932,476.6,423.56962104640854,111.29493043356172,13.842124866685309,68.9370739622387,61.68492939904489,8.714890925214307,0.0,0.0,0.0,0.0,0.0,0.0,Kevin McGonigle,0.5,1.258917331095258,health,0.26275475129357223,,,HIT,,,,0.9215749071199975,7.448778655273105,7.448778655273105,9.054901020722387,23.66737655278742,6.945312911629885,17.421141209514207,9.972362554241101,health,5.473533508977376,7.122271824325681,13.0,keepable x2yr,2,10.66737655278742,-5.551221344726895,False,True,-5.551221344726895,0.0,0.0,0.0,0,-5.551221344726895,False,2.0920672407291345,14.397054222213711,10.084958407968669,-3.9450989792776134,-3.9450989792776134,False,5.628084638176836,9.401324727660539,-7.371915361823164,-3.5986752723394617,0.0
Pookie 2.0,12768,Sonny Gray,PIT,False,7,1,0.0,0.0,0.0,0.0,0.0,2.7614242970151377,0.0,2.499652641358614,-0.7953042292156961,-0.850335503224978,3.6154372059330773,0.0,0.0,135.91962710882206,0.0,0.0,0.0,0.0,137.68,9.775830047229853,0.0,129.12825145520725,60.59288003252235,38.96340052671682,Sonny Gray,0.5,1.0894828588030214,health,,3.9608942496564583,1.270213739363298,PIT,,,,-0.9831814719618577,0.0,0.0,8.026703698488756,2.9877874575738415,3.954598084963112,0.0,0.0,health,0.5035098710398251,0.0,7.0,keepable x1yr,1,-4.012212542426159,-7.0,False,True,-7.0,0.0,0.0,0.0,0,-7.0,False,1.6839701754665954,15.186448610754613,4.558754017975879,1.026703698488756,1.026703698488756,True,0.0,0.2893132498326101,-7.0,-6.71068675016739,0.006
Pookie 2.0,10310,Zack Wheeler,PIT,False,14,2,0.0,0.0,0.0,0.0,0.0,2.3936885757163733,0.0,2.630258845845163,0.0385484654676186,0.23019003842401278,5.292685925453167,0.0,0.0,109.3583640746022,0.0,0.0,0.0,0.0,125.64,8.473993919548205,0.0,135.87516922110245,50.153226542591916,34.960290766938876,Zack Wheeler,0.5,1.1938872970391594,health,,3.592638004483662,1.148668058273966,PIT,,,,0.6940672475582321,5.856779429211261,5.856779429211261,17.565142622482693,21.197367806567144,6.313502101835646,13.000005138107074,7.143225708895813,health,2.536921567379834,0.0,14.0,keepable x2yr,2,7.197367806567144,-8.143220570788738,False,True,-8.143220570788738,0.0,0.0,0.0,0,-8.143220570788738,False,4.829674219673501,23.079810145512567,8.62588148524943,3.5651426224826928,3.5651426224826928,True,0.0,11.902887861187738,-14.0,-2.0971121388122627,0.044
Pookie 2.0,15194,Jake Bauers,HIT,False,10,2,1.4582471700354334,1.260518218062155,1.5366171115661265,0.5189183407480549,-0.350623073835776,0.0,0.0,0.0,0.0,0.0,4.423677766575993,376.09999999999997,331.80603587376635,78.0380948257381,17.73282359695233,49.934830755517616,52.488305586348105,9.013566487798165,0.0,0.0,0.0,0.0,0.0,0.0,Jake Bauers,0.5,1.5953203935123639,health,0.23519190849025792,,,HIT,,,,-0.17494091131894152,0.0,0.0,7.433701374635453,11.762706322650542,7.070884490138348,18.29983626613741,18.29983626613741,health,3.1746584361681234,0.0,10.0,keepable x2yr,2,1.7627063226505424,-10.0,False,True,-10.0,0.0,0.0,0.0,0,-10.0,False,1.44939149433486,16.633489479823496,5.659435704027774,-2.5662986253645466,-2.5662986253645466,False,0.0,0.5189375055779438,-10.0,-9.481062494422057,0.0
Pookie 2.0,31959,Jake Bennett,PIT,False,10,2,0.0,0.0,0.0,0.0,0.0,1.2562130896623405,0.0,1.2213259828440517,-1.1695285842057226,-0.6206139154804776,0.687396572820192,0.0,0.0,88.98053631338814,0.0,0.0,0.0,0.0,89.1,4.447170860674598,0.0,63.091841647144776,43.334728146281485,24.958901462381263,Jake Bennett,0.5,1.6835016835016836,health,,4.37724526730116,1.2787815687516209,PIT,,,,-3.911222105074743,0.0,0.0,7.294546138351964,0.0,1.2871531535262222,0.0,0.0,health,0.4795714356971247,0.0,10.0,keepable x2yr,2,-10.0,-10.0,False,True,-10.0,0.0,0.0,0.0,0,-10.0,False,1.2479263041441464,16.160244923170623,5.826691618211559,-2.705453861648036,-2.705453861648036,False,0.0,0.0,-10.0,-10.0,0.0
Pookie 2.0,20348,Riley O'Brien,PIT,False,10,2,0.0,0.0,0.0,0.0,0.0,0.598076737138412,3.3495440202752134,1.0686146452765517,-0.2355777567907091,-0.5120477028631357,4.268609943036332,0.0,0.0,45.168007698583445,0.0,0.0,0.0,0.0,53.7,2.1172756913114203,22.01844180309874,55.203006346108985,23.018528830503804,25.355743228507382,Riley O'Brien,0.44089456869009586,1.1354118617277293,health,,3.857853993939185,1.3132914511562537,PIT,,,,-0.3300087348586027,0.0,0.0,6.356528481276603,10.07916353056129,4.851380794856153,2.768718887773391,2.768718887773391,role,2.536098464714403,0.0,10.0,keepable x2yr,2,0.07916353056129033,-10.0,False,True,-10.0,0.0,0.0,0.0,0,-10.0,False,1.124079502335756,13.662578383109448,5.62834356860689,-3.6434715187233966,-3.6434715187233966,False,0.0,7.590474910488915,-10.0,-2.4095250895110856,0.053
Pookie 2.0,27470,Emerson Hancock,PIT,True,10,2,0.0,0.0,0.0,0.0,0.0,1.768146497538239,0.0,1.992042455183944,-1.0286887310817203,-0.40131260315463896,2.330187618485824,0.0,0.0,111.80296042582144,0.0,0.0,0.0,0.0,119.4,6.259487061521929,0.0,102.90588172388279,54.733774274876275,34.67554083336838,Emerson Hancock,0.5,1.2562814070351758,health,,4.125661377503237,1.2267881177486584,PIT,,,,-2.268431059409111,0.0,0.0,8.044402560814369,0.0,2.9663229871160453,0.0,0.0,health,1.4342151706195634,0.0,10.0,keepable x2yr,2,-10.0,-10.0,False,True,-10.0,0.0,0.0,0.0,0,-10.0,False,1.4143677380924258,16.991973803991165,7.429352755290209,-1.955597439185631,-1.955597439185631,False,0.0,0.0,-10.0,-10.0,0.0
Pookie 2.0,23796,Ryan Weathers,PIT,True,10,2,0.0,0.0,0.0,0.0,0.0,1.5557662962277143,0.0,2.1118787485327055,-1.3186815420574503,-0.6656667907146956,1.6832967119882738,0.0,0.0,102.49519893317571,0.0,0.0,0.0,0.0,111.06,5.507631305181863,0.0,109.09644227016264,53.25796252346589,38.08574983514798,Ryan Weathers,0.5,1.3506212857914641,health,,4.3158802693246265,1.265810811888382,PIT,,,,-2.915321965906661,0.0,0.0,7.253566111452502,0.0,2.3473445650716407,0.0,0.0,health,1.6000187789153149,0.0,10.0,keepable x2yr,2,-10.0,-10.0,False,True,-10.0,0.0,0.0,0.0,0,-10.0,False,1.2431137874126534,15.809892957981328,6.489239310874219,-2.7464338885474984,-2.7464338885474984,False,0.0,0.0,-10.0,-10.0,0.0
Pookie 2.0,31204,Justin Wrobleski,PIT,True,10,2,0.0,0.0,0.0,0.0,0.0,1.9381233153833597,0.0,1.9851141943245618,-1.04308887015207,-0.1688195436739488,2.7113290958819025,0.0,0.0,108.87384009881298,0.0,0.0,0.0,0.0,118.24,6.861228881864048,0.0,102.54797831138652,54.357875520757005,32.74782171792241,Justin Wrobleski,0.5,1.2686062246278755,health,,4.137524354590774,1.197747478152363,PIT,,,,-1.8872895820130324,0.0,0.0,11.449367770437892,0.0,3.4742376657250134,0.0,0.0,health,2.3824827565299285,0.0,10.0,keepable x2yr,2,-10.0,-10.0,False,True,-10.0,0.0,0.0,0.0,0,-10.0,False,2.313818687621862,20.98522811856953,8.845075289838883,1.4493677704378918,1.4493677704378918,True,0.0,0.0,-10.0,-10.0,0.0
Pookie 2.0,5361,Freddie Freeman,HIT,False,26,2,2.0125504190332726,1.1832453717219975,1.971920353271252,0.340009478016621,0.7877286236575584,0.0,0.0,0.0,0.0,0.0,6.295454245700701,547.6999999999999,487.39678326660345,137.76352003407032,16.645758187385315,68.91586462597462,67.35754620677791,5.905935088296164,0.0,0.0,0.0,0.0,0.0,0.0,Freddie Freeman,0.5,1.0954902318787658,health,0.28265168085591247,,,HIT,,,,1.696835567805766,12.873714124194603,12.873714124194603,10.856982786137268,32.084238719902665,6.891283906737322,17.04306983319424,4.169355708999639,health,4.754032795000434,2.0875201064774185,26.0,keepable x2yr,2,6.084238719902665,-13.126285875805397,False,True,-13.126285875805397,0.0,0.0,0.0,0,-13.126285875805397,False,3.0071606905047705,16.872235224611305,8.747491702902305,-15.143017213862732,-15.143017213862732,False,10.592067488613335,15.084605929263434,-15.407932511386665,-10.915394070736566,0.0
Pookie 2.0,17295,Framber Valdez,PIT,False,22,2,0.0,0.0,0.0,0.0,0.0,3.008786287649238,0.0,2.509356556139576,-0.4829433007735203,-1.1610555067435864,3.8741440362717072,0.0,0.0,148.63691923526048,0.0,0.0,0.0,0.0,156.665,10.651526253422166,0.0,129.62954092527335,66.15775270482914,53.534858042946595,Framber Valdez,0.5,1.0,health,,3.8005921829602163,1.2904718812638885,PIT,,,,-0.7244746416232277,0.0,0.0,7.359295505930313,5.796519853108237,3.8741440362717072,0.0,0.0,health,2.704528310721403,0.0,22.0,keepable x2yr,2,-16.203480146891764,-22.0,False,True,-22.0,0.0,0.0,0.0,0,-22.0,False,1.537590883124554,12.782336968854723,6.97116326193139,-14.640704494069688,-14.640704494069688,False,0.0,2.453045477926163,-22.0,-19.546954522073836,0.0
Producers,31347,Zachary Neto,HIT,False,1,1,2.5730963724105265,1.7635789794428425,2.354215507632783,1.1549270723599991,-0.1940563059444176,0.0,0.0,0.0,0.0,0.0,7.651761625901733,611.4,547.2206819560732,135.35157115408694,24.80982384358612,88.11066773462959,80.41611801056108,20.06098289042592,0.0,0.0,0.0,0.0,0.0,0.0,Zach Neto,0.5,1.0,health,0.2473436688654833,,,HIT,,,,3.0531429480067978,22.364560734551496,22.364560734551496,6.1143269709413515,46.809418074798856,7.651761625901733,22.364560734551496,0.0,health,8.56679919844477,28.767593977968687,1.0,keepable x1yr,1,45.809418074798856,21.364560734551496,False,True,21.364560734551496,0.0,0.0,27.939541530355758,2,49.30410226490726,True,1.289224887071415,10.190982880682316,7.839912659888394,5.1143269709413515,6.678252731846486,True,18.843742344002653,25.9579842334373,38.66168601940763,60.16598276523631,1.0
Producers,27769,Pete Crow-Armstrong,HIT,False,17,1,2.770177859894473,1.9966973933982033,2.6676856878327095,1.845792673981061,0.3800165117613002,0.0,0.0,0.0,0.0,0.0,9.660370126867747,610.5,554.4071776980974,147.53364663134528,28.08930656159622,94.85933896456751,91.12374223698393,32.06125835836806,0.0,0.0,0.0,0.0,0.0,0.0,Pete Crow-Armstrong,0.5,1.0,health,0.2661106359479436,,,HIT,,,,5.061751448972812,36.41992566230243,36.41992566230243,39.93336757961776,68.61651052467539,9.660370126867747,36.41992566230243,0.0,health,9.416688576825452,34.71474861542783,17.0,keepable x1yr,1,51.61651052467539,19.419925662302433,False,True,19.419925662302433,0.0,0.0,12.131442197760261,2,31.551367860062694,True,27.57800452589693,39.93336757961776,34.08706439504531,22.93336757961776,34.07777634082651,True,31.99882189859803,40.1151185108448,22.224366289454824,40.78519553968737,1.0
Producers,27463,Garrett Crochet,PIT,True,15,1,0.0,0.0,0.0,0.0,0.0,3.26153668984173,0.0,3.413013052507092,1.099957868480799,0.14624225382026468,7.920749864649885,0.0,0.0,129.04458242044896,0.0,0.0,0.0,0.0,146.2,11.546298193711662,0.0,176.31106033376764,51.22164059590082,40.683104093275354,Garrett Crochet,0.3269230769230769,1.0259917920656636,health,,3.1531789696518975,1.1609280883291677,PIT,,,,3.32213118675495,24.246822935005184,24.246822935005184,10.919180573164457,49.72977382729582,8.123217489508466,25.663602935723944,1.4167800007187594,health,9.30965969964798,33.9658072832502,15.0,keepable x1yr,1,34.72977382729582,9.246822935005184,False,True,9.246822935005184,0.0,0.0,14.098731952910939,2,23.345554887916123,True,2.397628243732497,19.3674212562081,12.49861018079858,-4.080819426835543,-4.080819426835543,False,11.823837706343184,31.128005350979063,-3.176162293656816,45.38469969405806,0.829
Producers,20599,Ivan Herrera,HIT,False,1,2,1.9562152265768715,1.052113663708715,1.8474663131963605,0.44574152971507625,0.3178439921356008,0.0,0.0,0.0,0.0,0.0,5.619380725332624,515.4,454.9719356187291,121.10337951483865,14.801012579708635,66.98677581394453,63.106401508637276,7.742491638795987,0.0,0.0,0.0,0.0,0.0,0.0,Iván Herrera,0.5,1.1641443538998837,health,0.2661776914880404,,,HIT,,,,1.0207620474376888,8.142846938183741,8.142846938183741,4.716944324866548,24.744233062010853,6.537995055835889,14.5709087714755,6.428061833291759,health,5.443452303131404,6.911776685313484,1.0,keepable x2yr,2,23.744233062010853,7.142846938183741,False,True,7.142846938183741,5.0250101825164615,0.0,0.0,0,12.167857120700202,True,1.0,8.317135205887748,4.670696392330365,3.7169443248665477,6.837036258347358,True,6.259584410392022,9.948707308764337,8.925833141155602,15.276633798796508,0.999
Producers,27615,Alec Burleson,HIT,False,7,1,1.7955062773679713,1.336069494802738,2.1490228368158077,0.2562353393028882,0.6185105894298445,0.0,0.0,0.0,0.0,0.0,6.15534453771925,543.6999999999999,494.5759878598386,136.56807148088157,18.795670165742838,61.48361123077684,73.40707488013331,4.450785578325625,0.0,0.0,0.0,0.0,0.0,0.0,Alec Burleson,0.5,1.103549751701306,health,0.2761316255401881,,,HIT,,,,1.556725859824315,11.89328758778753,11.89328758778753,11.354623501794132,30.56309343270147,6.788078953132827,16.32088664788703,4.427599060099499,health,5.239561874071626,5.4850405222769085,7.0,keepable x1yr,1,23.56309343270147,4.89328758778753,False,True,4.89328758778753,0.0,0.0,0.0,0,4.89328758778753,True,3.223684935213424,16.694944239180934,8.970344888266084,4.354623501794132,4.354623501794132,True,9.652649248959346,14.005609032085918,2.6526492489593463,7.005609032085917,0.995
Producers,27467,Tyler Soderstrom,HIT,True,10,1,1.85682491877747,1.6449167052329412,2.392933113338687,0.17673294395082872,-0.011672445664580191,0.0,0.0,0.0,0.0,0.0,6.0597352356353475,535.7,485.0172824128477,122.85642808216218,23.14049677950587,63.58334853447906,81.73864754935555,3.0698358793576186,0.0,0.0,0.0,0.0,0.0,0.0,Tyler Soderstrom,0.5,1.1200298674631322,health,0.253303196684003,,,HIT,,,,1.4611165577404126,11.224255454033973,11.224255454033973,10.050405952679315,29.525080854038634,6.787049705353016,16.31368442150027,5.089428967466297,health,6.98437076702778,17.69445102108213,10.0,keepable x1yr,1,19.525080854038634,1.2242554540339725,False,True,1.2242554540339725,0.0,0.0,2.290283367919811,1,3.5145388219537836,True,2.2437730573054875,18.986918767764266,10.847207688660808,0.05040595267931458,0.05040595267931458,True,8.636076676540169,13.949710204741434,-1.3639233234598307,9.892049775850309,0.8
Producers,11609,Willson Contreras,HIT,True,1,2,1.57501206002083,1.2803029237223955,1.8209332025742468,0.16911666674024217,0.06083212196710847,0.0,0.0,0.0,0.0,0.0,4.906196975024824,454.09999999999997,401.32416387959864,102.90218483127558,18.011152533705044,53.93321672150289,62.20007422124266,2.9375418060200666,0.0,0.0,0.0,0.0,0.0,0.0,Willson Contreras,0.5,1.3212948689715922,health,0.2564066510137857,,,HIT,,,,0.30757829712988904,3.152298572836692,3.152298572836692,3.8988622152665613,17.001328474465744,6.480827641685936,14.170876178032314,11.018577605195622,health,3.373353440384281,0.0,1.0,keepable x2yr,2,16.001328474465744,2.152298572836692,False,True,2.152298572836692,0.0,0.0,0.0,0,2.152298572836692,True,1.0,7.739008315079955,2.54324509014416,2.8988622152665613,4.210620541889098,True,1.576087857454545,4.5189469232108275,0.5760878574545449,3.5189469232108275,0.955
Producers,27676,Vinnie Pasquantino,HIT,False,9,F,1.6631209579842727,1.3348892131087178,2.179033538053298,0.20716490218843397,-0.09516598306476429,0.0,0.0,0.0,0.0,0.0,5.289042628269957,546.4,491.06098317977506,122.8953779536814,18.779066100228455,56.95033411988795,74.43219092599624,3.5984363495840705,0.0,0.0,0.0,0.0,0.0,0.0,Vinnie Pasquantino,0.5,1.0980966325036603,health,0.2502650020327312,,,HIT,,,,0.6904239503750222,5.831285226918661,5.831285226918661,4.647943645075745,21.157813200252164,5.80842433821197,9.465691566692385,3.634406339773724,health,6.064006990250044,11.25414732692134,14.0,free agent after 2026 (not extendable),1,0.0,0.0,False,False,0.0,0.0,0.0,0.0,0,0.0,False,1.049083214171667,10.895932281878448,7.0973630524239795,0.0,0.0,False,3.760667628928341,7.904953286194331,,,
Producers,12916,Francisco Lindor,HIT,False,21,F,2.2710923807193812,1.4654304001845924,1.9758742332598045,0.6716748751644323,-0.021181586107549697,0.0,0.0,0.0,0.0,0.0,6.36289030322066,550.8,492.522288083011,124.59054952715447,20.615504328080466,77.76912994702555,67.49260422450321,11.666934216953358,0.0,0.0,0.0,0.0,0.0,0.0,Francisco Lindor,0.5,1.0893246187363836,health,0.2529642871840059,,,HIT,,,,1.7642716253257253,13.345602198588384,13.345602198588384,6.569903693972514,32.81637957267994,6.9312854542116025,17.322983189707152,3.9773809911187676,health,6.450833419061894,13.960989709612827,26.0,free agent after 2026 (not extendable),1,0.0,0.0,False,False,0.0,0.0,0.0,0.0,0,0.0,False,1.8066353226907461,14.29399780723923,9.18806697296419,0.0,0.0,False,10.869913477305568,15.953896245801797,,,
Producers,31838,Kodai Senga,PIT,False,1,F,0.0,0.0,0.0,0.0,0.0,1.6596362381576004,0.29750473752932477,2.130898075506278,-1.1981854182307614,-1.7075098673558609,1.1823437656065803,0.0,0.0,95.06113437574629,0.0,0.0,0.0,0.0,104.77499999999999,5.875345495434979,1.9556664160208221,110.07895175780786,49.90364635055739,53.562060375264906,Kodai Senga,0.4363929146537842,1.4316392269148175,health,,4.2866410608925465,1.4184986375663202,PIT,,,,-3.4162749122883547,0.0,0.0,1.1876874891018572,0.0,1.825665636928138,0.0,0.0,health,1.3975905618503872,0.0,6.0,free agent after 2026 (not extendable),1,0.0,0.0,False,False,0.0,0.0,0.0,0.0,0,0.0,False,1.0,3.857446550441574,2.1852226856845913,0.0,0.0,False,0.0,0.0,,,
Producers,22266,Xavier Edwards,HIT,True,10,1,1.8760690820648591,0.3440566207584349,1.4042241755988552,1.2701908008283032,0.7077150613883724,0.0,0.0,0.0,0.0,0.0,5.6022557406388245,556.0,500.33586517688684,139.63690920619013,4.840148500711327,64.24232738013248,47.96598130125575,22.06310383817056,0.0,0.0,0.0,0.0,0.0,0.0,Xavier Edwards,0.5,1.079136690647482,health,0.2790863476413457,,,HIT,,,,1.0036370627438895,8.023013775505332,8.023013775505332,10.108463211522258,24.558310258119104,6.04158570072286,11.097252936449642,3.0742391609443107,health,5.2371126157797185,5.467901682588377,10.0,keepable x1yr,1,14.558310258119104,-1.9769862244946683,False,True,-1.9769862244946683,0.0,0.0,0.0,0,-1.9769862244946683,False,2.756652260284346,15.908808231873811,9.081355941055493,0.10846321152225791,0.10846321152225791,True,5.2705277484569075,10.187925310306445,-4.7294722515430925,0.18792531030644608,0.12
Producers,17338,Willi Castro,HIT,True,4,2,1.7402268576296556,0.8597004367099823,1.3474259501230006,0.5536266448255976,0.04078411919517325,0.0,0.0,0.0,0.0,0.0,4.541764008483409,446.49999999999994,401.1808550904163,102.51112968984411,12.09416569467565,59.59067529672051,46.025847618571156,9.61644671367467,0.0,0.0,0.0,0.0,0.0,0.0,Willi Castro,0.5,1.343784994400896,health,0.25552348370846517,,,HIT,,,,-0.05685466941152573,0.6021558576291449,0.6021558576291449,4.868098446862184,13.04474689605996,6.101790259641514,11.518538142356617,10.916382284727472,health,4.24228142883117,0.0,4.0,keepable x2yr,2,9.04474689605996,-3.397844142370855,False,True,-3.397844142370855,0.0,0.0,0.0,0,-3.397844142370855,False,1.0,9.582133598311705,4.578417073642452,0.8680984468621844,1.3597529594582687,True,0.0,1.7161235219439077,-4.0,-2.2838764780560923,0.0
Producers,13301,Max Muncy,HIT,False,4,2,1.5642905094912036,1.3015310600490428,1.537687306298363,0.11130098336866588,-0.7149423247422344,0.0,0.0,0.0,0.0,0.0,3.79986753446504,407.69999999999993,352.021293800539,76.74840961972508,18.30978748509131,53.56607813064204,52.52486167290976,1.9332884097035037,0.0,0.0,0.0,0.0,0.0,0.0,Max Muncy,0.5,1.4716703458425315,health,0.2180220656288252,,,HIT,,,,-0.7987511434298948,0.0,0.0,3.905014866007059,4.99011355692239,5.614371437010147,8.10779412656472,8.10779412656472,health,2.40002059901286,0.0,4.0,keepable x2yr,2,0.99011355692239,-4.0,False,True,-4.0,0.0,0.0,0.0,0,-4.0,False,1.0,7.988309477918599,2.6472066030027723,-0.09498513399294106,-0.09498513399294106,False,0.0,0.0,-4.0,-4.0,0.0
Producers,13543,Blake Snell,PIT,False,7,2,0.0,0.0,0.0,0.0,0.0,1.7662209660812032,0.0,2.157678183122226,-0.24014240476849164,-0.4937311394663045,3.190025604968633,0.0,0.0,70.97568502658838,0.0,0.0,0.0,0.0,87.60499999999999,6.252670409588025,0.0,111.46237136300152,36.69807446467747,39.33440671705817,Blake Snell,0.27835051546391754,1.712231037041265,health,,3.770134925884336,1.2591757518822735,PIT,,,,-1.408593072926302,0.0,0.0,5.216291195745987,0.0,5.517869956417309,7.432518917310009,7.432518917310009,health,2.917576296255944,0.0,7.0,keepable x2yr,2,-7.0,-7.0,False,True,-7.0,0.0,0.0,0.0,0,-7.0,False,1.0,9.078148908355473,4.022138523563745,-1.7837088042540126,-1.7837088042540126,False,0.0,0.0,-7.0,-7.0,0.0
Producers,15998,Cody Bellinger,HIT,False,23,2,2.1547057421650035,1.2963133359968677,2.3301023549271016,0.6570761056040707,0.27509401063157307,0.0,0.0,0.0,0.0,0.0,6.713291549324617,561.0999999999999,506.8535396697272,133.54135256126455,18.23638515034597,73.78369646370514,79.59245249340691,11.41335485823832,0.0,0.0,0.0,0.0,0.0,0.0,Cody Bellinger,0.5,1.0693281055070398,health,0.2634712833381453,,,HIT,,,,2.114672871429682,15.797557063242772,15.797557063242772,11.46058943708586,36.62062134735428,7.177292556386357,19.044433434601437,3.246876371358665,health,6.529705912090097,14.512904964247925,23.0,keepable x2yr,2,13.62062134735428,-7.202442936757228,False,True,-7.202442936757228,0.0,0.0,0.0,0,-7.202442936757228,False,3.198332293569001,16.80869245237828,12.576817565257956,-11.53941056291414,-11.53941056291414,False,13.211833553297211,18.30324437010939,-9.788166446702789,-4.696755629890612,0.0
Producers,26151,Kyle Stowers,HIT,False,10,1,1.5812316297528903,1.391607882740137,1.895269381818823,0.11518002144561458,-0.18205324553318109,0.0,0.0,0.0,0.0,0.0,4.801235670224284,460.9,411.4459796694525,101.16960439513214,19.57697774388086,54.14619375881476,64.7392754724471,2.000666964034181,0.0,0.0,0.0,0.0,0.0,0.0,Kyle Stowers,0.5,1.3018008244738555,health,0.24588794008003134,,,HIT,,,,0.20261699232934927,2.4178252090353483,2.4178252090353483,6.382500009567097,15.861782925223958,6.253739383450408,12.581811739256597,10.16398653022125,health,4.746762001099343,2.0366422666469353,10.0,keepable x1yr,1,5.861782925223958,-7.582174790964652,False,True,-7.582174790964652,0.0,0.0,0.0,0,-7.582174790964652,False,1.1834185383419689,14.973162601458593,6.456874932140845,-3.6174999904329033,-3.6174999904329033,False,0.63487733446938,3.9938982257365265,-9.36512266553062,-6.006101774263473,0.0
Producers,28253,Javier Sanoja,HIT,False,10,2,1.4405300153049356,0.45258314451572873,1.602861637022553,0.5170718594473737,0.2807966782249328,0.0,0.0,0.0,0.0,0.0,4.293843334515524,475.2,435.2267809057527,115.41952490945185,6.366887006987841,49.32814134022787,54.75110929288479,8.981493268053853,0.0,0.0,0.0,0.0,0.0,0.0,Javier Sanoja,0.5,1.2626262626262628,health,0.26519398615418766,,,HIT,,,,-0.30477534337941137,0.0,0.0,3.7633604593255305,10.353117813113618,5.415972734604476,6.719486667862418,6.719486667862418,health,4.800003446818925,2.409202647880943,10.0,keepable x2yr,2,0.35311781311361834,-10.0,False,True,-10.0,0.0,0.0,0.0,0,-10.0,False,1.0,10.508785903695655,7.35754354719651,-6.236639540674469,-6.236639540674469,False,0.0,0.0,-10.0,-10.0,0.0
Producers,17982,Ty France,HIT,False,10,2,1.4032939372492628,1.0143573508154544,1.5436555106093146,0.05941714099194067,0.053803538032956545,0.0,0.0,0.0,0.0,0.0,4.074527477698929,452.0,407.01110534509604,104.22175995320114,14.26986116387522,48.05306445757286,52.72872568647375,1.0320705760249091,0.0,0.0,0.0,0.0,0.0,0.0,Ty France,0.5,1.3274336283185841,health,0.25606613329342387,,,HIT,,,,-0.5240912001960059,0.0,0.0,5.193779003795122,7.972045960125238,5.407064753716441,6.657152508622057,6.657152508622057,health,2.8900241710835877,0.0,10.0,keepable x2yr,2,-2.0279540398747624,-10.0,False,True,-10.0,0.0,0.0,0.0,0,-10.0,False,1.0,13.643980565216003,4.318412903711737,-4.806220996204878,-4.806220996204878,False,0.0,0.0,-10.0,-10.0,0.0
Producers,23733,Ezequiel Duran,HIT,False,10,2,1.4545332595309597,0.7813594799188333,1.4013752643282378,0.581401935484099,-0.04004143259875997,0.0,0.0,0.0,0.0,0.0,4.17862850666337,420.0,385.5274725274725,97.11028438585035,10.992074231587086,49.807655132418326,47.86866719207721,10.098901098901099,0.0,0.0,0.0,0.0,0.0,0.0,Ezequiel Duran,0.5,1.4285714285714286,health,0.25188940167922874,,,HIT,,,,-0.41999017123156523,0.0,0.0,7.782534930895021,9.102251653102758,5.970218356716528,10.597855436413722,10.597855436413722,health,3.381553890816103,0.0,10.0,keepable x2yr,2,-0.8977483468972416,-10.0,False,True,-10.0,0.0,0.0,0.0,0,-10.0,False,1.5539742420211025,16.46877707114144,6.721408004225079,-2.2174650691049793,-2.2174650691049793,False,0.0,0.0,-10.0,-10.0,0.0
Producers,4949,Giancarlo Stanton,HIT,True,10,2,0.6930738215905374,0.8818714991220098,1.1475707392381098,0.042422623057017855,-0.4541298308032109,0.0,0.0,0.0,0.0,0.0,2.310808852204464,254.95953757225433,228.50657611198824,50.118666960961995,12.40606562049657,23.73296152624274,39.19912331425915,0.7368772762203881,0.0,0.0,0.0,0.0,0.0,0.0,Giancarlo Stanton,0.2774566473988439,2.0,health,0.2193313987445134,,,HIT,,,,-2.287809825690471,0.0,0.0,1.8970469021633591,0.0,4.647731050633288,1.3436669320941799,1.3436669320941799,health,2.1789478209294204,0.0,10.0,keepable x2yr,2,-10.0,-10.0,False,True,-10.0,0.0,0.0,0.0,0,-10.0,False,1.0,7.790149585698853,1.8305313154590286,-8.102953097836641,-8.102953097836641,False,0.0,0.0,-10.0,-10.0,0.0
Producers,30184,Noah Cameron,PIT,False,10,2,0.0,0.0,0.0,0.0,0.0,2.2880304660149986,0.0,2.393617636473067,-1.086836220143723,-0.7422726807477336,2.852539201596609,0.0,0.0,133.78456710213155,0.0,0.0,0.0,0.0,140.44,8.09994936411039,0.0,123.65064446799279,63.676025584554864,42.722105420766354,Noah Cameron,0.5,1.0680717744232413,health,,4.080633938058913,1.2568119661271568,PIT,,,,-1.746079476298326,0.0,0.0,7.0979040828366555,0.0,3.059936232611483,0.0,0.0,health,2.7563298117992026,0.0,10.0,keepable x2yr,2,-10.0,-10.0,False,True,-10.0,0.0,0.0,0.0,0,-10.0,False,1.246337851078321,15.338310950619988,6.310556705405105,-2.9020959171633445,-2.9020959171633445,False,0.0,0.0,-10.0,-10.0,0.0
Producers,35418,Gage Jump,PIT,False,10,2,0.0,0.0,0.0,0.0,0.0,2.1771371623713374,0.0,2.0812798926525677,-0.7730983880233367,-0.6665789179704661,2.8187397490301023,0.0,0.0,99.7066966669755,0.0,0.0,0.0,0.0,107.175,7.707371486466568,0.0,107.51575194105173,48.083966144561444,36.29166585028324,Gage Jump,0.5,1.3995801259622114,health,,4.03784180360208,1.2689373689503964,PIT,,,,-1.7798789288648327,0.0,0.0,4.414205867829195,0.0,4.006192316324355,0.0,0.0,health,4.114361260440414,0.0,10.0,keepable x2yr,2,-10.0,-10.0,False,True,-10.0,0.0,0.0,0.0,0,-10.0,False,1.0,11.542202166220374,6.008931298128871,-5.585794132170805,-5.585794132170805,False,0.0,0.0,-10.0,-10.0,0.0
Producers,21306,Jacob Latz,PIT,False,10,2,0.0,0.0,0.0,0.0,0.0,0.5927030869292981,2.6553662993734557,1.3766008281424502,-0.8339072185415289,-0.3546949608397608,3.436068035063914,0.0,0.0,58.260050937752446,0.0,0.0,0.0,0.0,71.2,2.0982522144649463,17.45522016571682,71.11310385638606,33.89778766465305,30.65755388699992,Jacob Latz,0.46564885496183206,1.4322363031032754,health,,4.284832710419627,1.2488427643925895,PIT,,,,-1.1625506428310208,0.0,0.0,9.439064621872793,1.0404094145553309,4.959827950536864,3.5275847134113563,3.5275847134113563,role,1.1753804561101127,0.0,10.0,keepable x2yr,2,-8.95959058544467,-10.0,False,True,-10.0,0.0,0.0,0.0,0,-10.0,False,1.86452059089053,17.972945898324536,6.294647615769016,-0.5609353781272066,-0.5609353781272066,False,0.0,0.6321840512862025,-10.0,-9.367815948713798,0.002
Producers,12730,Nick Martinez,PIT,False,10,2,0.0,0.0,0.0,0.0,0.0,2.612639435720172,0.0,1.7171618214697282,-0.970119750391465,-0.8862456549990056,2.4734358517994295,0.0,0.0,137.57206883345674,0.0,0.0,0.0,0.0,135.6,9.249110730972502,0.0,88.70596650241275,60.923926775091275,35.391515178594226,Nick Martinez,0.5,1.1061946902654867,health,,4.043623458523758,1.2755426549561282,PIT,,,,-2.1251828260955055,0.0,0.0,6.333459762636201,0.0,2.757030902187088,0.0,0.0,health,-0.05194679676426306,0.0,10.0,keepable x2yr,2,-10.0,-10.0,False,True,-10.0,0.0,0.0,0.0,0,-10.0,False,1.470943632005279,14.986178083092055,4.622430839022142,-3.666540237363799,-3.666540237363799,False,0.0,0.0,-10.0,-10.0,0.0
Producers,20492,Casey Mize,PIT,False,10,2,0.0,0.0,0.0,0.0,0.0,1.9116684331877136,0.0,2.0828102160045487,-0.9893622802659268,-0.5499075693457385,2.455208799580597,0.0,0.0,114.10855324254254,0.0,0.0,0.0,0.0,118.95,6.767574881447065,0.0,107.5948061165531,54.289926952231546,34.069196145233335,Casey Mize,0.5,1.2610340479192939,health,,4.107686780748919,1.2457145808135843,PIT,,,,-2.143409878314338,0.0,0.0,8.43330003098811,0.0,3.1387927000065363,0.0,0.0,health,1.6218497085062709,0.0,10.0,keepable x2yr,2,-10.0,-10.0,False,True,-10.0,0.0,0.0,0.0,0,-10.0,False,1.538630265424644,17.721665828506627,6.127132052819384,-1.5666999690118892,-1.5666999690118892,False,0.0,0.0,-10.0,-10.0,0.0
Producers,33891,Zach Thornton,PIT,False,10,2,0.0,0.0,0.0,0.0,0.0,1.366765945557352,0.0,1.2041799070771873,-0.8843836685933902,-0.4113915471243048,1.275170636916844,0.0,0.0,80.55936282730359,0.0,0.0,0.0,0.0,84.17,4.838543505448428,0.0,62.206101466104926,39.48311967303479,24.488445198121294,Zac Thornton,0.4404476418864908,1.7821076393014137,health,,4.221790151566035,1.2480433411598537,PIT,,,,-3.323448040978091,0.0,0.0,6.281464696606253,0.0,2.380258364226472,0.0,0.0,health,1.7649135084219831,0.0,10.0,keepable x2yr,2,-10.0,-10.0,False,True,-10.0,0.0,0.0,0.0,0,-10.0,False,1.0451118208448134,14.42092621063103,5.6845433945665,-3.7185353033937467,-3.7185353033937467,False,0.0,0.0,-10.0,-10.0,0.0
Producers,15816,Devin Williams,PIT,True,13,2,0.0,0.0,0.0,0.0,0.0,1.5887253578038367,1.86202033262859,1.388832403829966,0.16498103028869407,-0.12218435912792149,4.882374765423165,0.0,0.0,41.27494744907982,0.0,0.0,0.0,0.0,54.525,5.624311014574088,12.24010972299463,71.74496844226407,20.815993319595165,24.643581338031307,Devin Williams,0.376114081996435,2.0,health,,3.435927370497139,1.2089597209924094,PIT,,,,0.28375608752823034,2.985601155606976,2.985601155606976,5.645390002621254,16.742695133576337,9.762119016172212,37.13191994564824,34.14631879004126,role,4.608759752532388,1.070962810682323,13.0,keepable x2yr,2,3.742695133576337,-10.014398844393025,False,True,-10.014398844393025,0.0,0.0,0.0,0,-10.014398844393025,False,1.0837150872142731,9.952932946837468,6.478901581521738,-7.354609997378746,-7.354609997378746,False,0.0,9.139161575043575,-13.0,-3.860838424956425,0.019
Producers,13611,Mookie Betts,HIT,False,22,2,2.1696666128261297,1.3147850577155333,1.9339509006334639,0.25755112668058444,0.15608607896532242,0.0,0.0,0.0,0.0,0.0,5.832039776821034,532.4,471.9420650778952,122.5341804001105,18.496243181809138,74.29600230579388,66.06057234256826,4.473640690741914,0.0,0.0,0.0,0.0,0.0,0.0,Mookie Betts,0.5,1.1269722013523666,health,0.2596381833009226,,,HIT,,,,1.2334210989260992,9.63094209083368,9.63094209083368,5.867989150653589,27.053033205931623,6.571035321434754,14.802110118118467,5.1711680272847875,health,5.558545806166322,7.717150746605654,22.0,keepable x2yr,2,5.053033205931623,-12.36905790916632,False,True,-12.36905790916632,0.0,0.0,0.0,0,-12.36905790916632,False,1.2072791562894958,11.996849176742014,7.299325118481357,-16.13201084934641,-16.13201084934641,False,7.4485362754048285,12.158942449260534,-14.551463724595171,-9.841057550739466,0.0
Producers,33829,Shota Imanaga,PIT,False,14,2,0.0,0.0,0.0,0.0,0.0,2.204027770460508,0.0,2.4249627273782823,-0.9774255234797419,0.14154822402674566,3.7931131983857944,0.0,0.0,126.51534558285731,0.0,0.0,0.0,0.0,135.22,7.8025680177749015,0.0,125.26988416287097,60.818656035163144,30.390164404056225,Shota Imanaga,0.5,1.1093033574914954,health,,4.047980360275612,1.1603720602493235,PIT,,,,-0.8055054795091405,0.0,0.0,10.036802796578913,4.916782974458555,4.217457283195188,0.0,0.0,health,1.878737858272276,0.0,14.0,keepable x2yr,2,-9.083217025541444,-14.0,False,True,-14.0,0.0,0.0,0.0,0,-14.0,False,2.1807476531846324,15.97887125519441,7.068253503736284,-3.963197203421087,-3.963197203421087,False,0.0,1.2054031906273186,-14.0,-12.794596809372683,0.0
Producers,12979,Joshua Baez,HIT,False,20,2,1.0523914151841982,0.48841300639887414,1.1169020405713572,0.2584141565433469,-0.20658378923376183,0.0,0.0,0.0,0.0,0.0,2.7095368294640148,319.4,299.13777094199435,72.28829845218063,6.870937334204654,36.037091849460396,38.15153116170563,4.488631444465805,0.0,0.0,0.0,0.0,0.0,0.0,Javier Báez,0.40617577197149646,1.8785222291797121,health,0.241655536258569,,,HIT,,,,-1.8890818484309202,0.0,0.0,2.464649310036558,0.0,5.10215316095048,4.523514368105253,4.523514368105253,health,2.452292483406961,0.0,20.0,keepable x2yr,2,-20.0,-20.0,False,True,-20.0,0.0,0.0,0.0,0,-20.0,False,1.0,8.870638981964483,3.219450694951076,-17.535350689963444,-17.535350689963444,False,0.0,0.0,-20.0,-20.0,0.0
Spehr's Army,28163,Junior Caminero,HIT,False,11,1,2.441007556989698,2.695800834166071,3.2011968770550205,0.2596463460482975,0.6312244379659007,0.0,0.0,0.0,0.0,0.0,9.228876052224988,621.7,566.1107256999472,155.05510830483675,37.924212407080574,83.58754382376638,109.34760433174856,4.510034469096673,0.0,0.0,0.0,0.0,0.0,0.0,Junior Caminero,0.5,1.0,health,0.2738953728762592,,,HIT,,,,4.6302573743300535,33.400518604954335,33.400518604954335,28.95730335094315,63.931858850253455,9.228876052224988,33.400518604954335,0.0,health,9.696233747853656,36.670883616699754,11.0,keepable x1yr,1,52.931858850253455,22.400518604954335,False,True,22.400518604954335,0.0,0.0,24.642464487260362,2,47.0429830922147,True,13.39903667352162,28.95730335094315,27.54061538620131,17.95730335094315,28.24242104574471,True,28.75833101620483,38.15336297073254,34.38620190943836,60.001466562213935,1.0
Spehr's Army,25816,Shea Langeliers,HIT,True,2,1,1.9643613738291152,1.986136598140819,2.4154412936775884,0.177150962268844,0.12226784771761152,0.0,0.0,0.0,0.0,0.0,6.6653580756339785,514.0999999999999,467.84545970999073,120.88952193032672,27.940738522944127,67.26572474160844,82.50748985817039,3.0770968212181753,0.0,0.0,0.0,0.0,0.0,0.0,Shea Langeliers,0.5,1.1670881151526942,health,0.25839627043781516,,,HIT,,,,2.0667393977390436,15.46213955174033,15.46213955174033,5.229728971371051,36.10021645425901,7.777427320986309,23.243914377864133,7.781774826123803,health,7.037364907795301,18.065280870284642,2.0,keepable x1yr,1,34.10021645425901,13.46213955174033,False,True,13.46213955174033,0.0,0.0,9.5376541685226,2,22.99979372026293,True,1.0560847065631096,9.939429026018598,5.672228397600827,3.229728971371051,3.229728971371051,True,12.53159572046977,18.395028952545136,17.026754188530113,31.32110349677251,1.0
Spehr's Army,31757,Mason Miller,PIT,False,15,1,0.0,0.0,0.0,0.0,0.0,0.8998873878745547,3.448712266118322,2.01845350625324,1.4840780216894038,1.1449199586301089,8.99605114056563,0.0,0.0,33.532820927350045,0.0,0.0,0.0,0.0,60.81999999999999,3.1857278053996323,22.670330608439013,104.2702364295105,14.951486188569133,21.574427402207995,Mason Miller,0.453551912568306,1.102762920920693,health,,2.212485624747159,0.9060711662209479,PIT,,,,4.397432462670695,31.771311571294056,31.771311571294056,17.041403832252392,61.404121677604756,9.907021496786903,38.14588421145531,6.374572640161254,role,7.3564528805528635,20.298119125727073,15.0,keepable x1yr,1,46.404121677604756,16.771311571294056,False,True,16.771311571294056,0.0,0.0,0.253401256868012,1,17.02471282816207,True,4.369833059149867,24.88089183860451,18.169489325748316,2.041403832252392,2.041403832252392,True,19.792130388969984,41.38601663923474,4.7921303889699844,31.860680610780996,0.973
Spehr's Army,20503,William Contreras,HIT,False,11,2,2.3315557517132945,1.2279995872956886,2.2571006102310402,0.19699267777512497,0.4077866592165319,0.0,0.0,0.0,0.0,0.0,6.42143528623168,615.5,547.5381101821065,146.28512781526683,17.27535528373534,79.83958018312357,77.09883332497391,3.4217456954322243,0.0,0.0,0.0,0.0,0.0,0.0,William Contreras,0.5,1.0,health,0.26716885107159694,,,HIT,,,,1.822816608336745,13.755274417197988,13.755274417197988,7.983259324917387,33.45199166751263,6.42143528623168,13.755274417197988,0.0,health,6.716152294585275,15.817575309000745,11.0,keepable x2yr,2,22.45199166751263,2.755274417197988,False,True,2.755274417197988,4.094939012650633,0.0,0.0,0,6.850213429848621,True,1.8093670277886844,13.018117978183765,9.504926378789007,-3.0167406750826133,-3.0167406750826133,False,11.043460925731093,16.911733277639573,1.4877681951959976,13.091917672346547,0.936
Spehr's Army,31448,Henry Bolte,HIT,False,10,2,1.6615685668920404,0.6958061663771963,1.79558622590443,1.3726865351671578,-0.044922974564217434,0.0,0.0,0.0,0.0,0.0,5.480724519776607,486.29999999999995,437.9995668595307,110.33469683925526,9.788520173081766,56.89717551409747,61.33426331290297,23.843445837351336,0.0,0.0,0.0,0.0,0.0,0.0,Henry Bolte,0.5,1.2338062924120914,health,0.25190594965734364,,,HIT,,,,0.8821058418816721,7.172591376858684,7.172591376858684,3.564922956035837,23.238868182864447,6.762629093495494,16.142799646666667,8.970208269807983,health,6.932394226650511,17.330741894921832,10.0,keepable x2yr,2,13.238868182864447,-2.8274086231413156,False,True,-2.8274086231413156,6.231130610683557,0.0,0.0,0,3.4037219875422418,True,1.0,10.562328190515286,7.156443629007261,-6.435077043964164,-6.435077043964164,False,5.222606883623076,8.472406583237301,-2.5511576334626533,7.373108980303871,0.764
Spehr's Army,29995,Daylen Lile,HIT,False,8,2,2.067961490648264,0.9216514761545925,1.9747456928819105,0.7813469924570506,0.04665872741467463,0.0,0.0,0.0,0.0,0.0,5.792364379556493,569.1999999999999,518.425665330386,132.3816533426556,12.965685707934943,70.81330872182652,67.45405514693823,13.571929364454935,0.0,0.0,0.0,0.0,0.0,0.0,Daylen Lile,0.5,1.0541110330288126,health,0.25535320142433626,,,HIT,,,,1.193745701661558,9.353310991025817,9.353310991025817,10.530531949555337,26.622284727212488,6.1055560586380775,11.544889558830162,2.1915785678043456,health,5.9229299256593055,10.266951651504716,8.0,keepable x2yr,2,18.622284727212488,1.3533109910258165,False,True,1.3533109910258165,1.9269089037790084,0.0,0.0,0,3.2802198948048247,True,2.59593323333873,14.622348797603463,10.721505410538454,2.5305319495553373,4.843811548513022,True,7.226823725414343,11.538698606886102,-0.773176274585657,7.504637182762844,0.859
Spehr's Army,26294,Bryson Stott,HIT,False,10,2,1.886215292614309,0.7688588722096301,1.7528579639171693,1.3806461442602382,0.1444387153966351,0.0,0.0,0.0,0.0,0.0,5.933016988397982,541.0,486.37919341250455,125.99486027838189,10.816217137111462,64.58976457528529,59.87473637188441,23.981703555654256,0.0,0.0,0.0,0.0,0.0,0.0,Bryson Stott,0.5,1.1090573012939002,health,0.2590465669273069,,,HIT,,,,1.3343983105030475,10.337536510511853,10.337536510511853,10.918923578339658,28.14932418903272,6.57883120671761,14.856662318078158,4.519125807566304,health,5.439546760676623,6.884447405159401,10.0,keepable x2yr,2,18.14932418903272,0.3375365105118533,False,True,0.3375365105118533,0.0,0.0,0.0,0,0.3375365105118533,True,4.07061634007797,19.095012648607472,8.866355135828758,0.9189235783396583,0.9189235783396583,True,8.236133908387727,11.978972501208824,-1.7638660916122728,1.9789725012088237,0.542
Spehr's Army,26668,Elly De La Cruz,HIT,False,15,F,2.7938876582963013,1.773378522814122,2.4645235727286705,1.8737860000656723,0.4375638123264468,0.0,0.0,0.0,0.0,0.0,9.343139566231212,611.0,550.37,147.54366578266595,24.94768267929635,95.67123477672531,84.1840595399188,32.5475,0.0,0.0,0.0,0.0,0.0,0.0,Elly De La Cruz,0.5,1.0,health,0.2680808652046186,,,HIT,,,,4.744520888336277,34.20008476556366,34.20008476556366,20.188373468741123,65.1723967710992,9.343139566231212,34.20008476556366,0.0,health,9.942504008590712,38.39417533026513,20.0,free agent after 2026 (not extendable),1,0.0,0.0,False,False,0.0,0.0,0.0,0.0,0,0.0,False,6.1411531312372505,28.110990556192288,31.888569067979176,0.0,0.0,False,30.074721388074742,37.75174183899671,,,
Spehr's Army,18839,Josh Naylor,HIT,False,9,F,1.7850278807450177,1.1884134573271048,2.219653544823261,1.2000047974123127,0.4851293040131733,0.0,0.0,0.0,0.0,0.0,6.87822898432087,564.9,510.9618707209021,138.3562246669633,16.718462214234055,61.124798971299825,75.81970334676339,20.84397905759162,0.0,0.0,0.0,0.0,0.0,0.0,Josh Naylor,0.5,1.0621348911311737,health,0.2707760257565996,,,HIT,,,,2.279610306425935,16.951717188525826,16.951717188525826,8.987528553731636,38.41131669275333,7.303414748999401,19.926981448219756,2.9752642596939296,health,6.50688268694598,14.353198003894777,14.0,free agent after 2026 (not extendable),1,0.0,0.0,False,False,0.0,0.0,0.0,0.0,0,0.0,False,2.6188499393843108,16.045756747918375,11.595446299390591,0.0,0.0,False,14.548712731503828,18.726881069828117,,,
Spehr's Army,30116,Seiya Suzuki,HIT,False,16,F,2.053958659698669,1.7009419569494941,2.362467334493364,0.26077407357889293,0.14110039281783013,0.0,0.0,0.0,0.0,0.0,6.519242417538251,559.4,499.0237828920898,129.1481909075764,23.928653500629512,70.33380908148149,80.69798680314689,4.52962299831013,0.0,0.0,0.0,0.0,0.0,0.0,Seiya Suzuki,0.5,1.072577761887737,health,0.2588016750606529,,,HIT,,,,1.9206237396433163,14.439685999837993,14.439685999837993,11.026986591673547,34.51386567314082,6.99160156411338,17.745048980668454,3.305362980830461,health,5.65805571874304,8.413477648797748,21.0,free agent after 2026 (not extendable),1,0.0,0.0,False,False,0.0,0.0,0.0,0.0,0,0.0,False,3.774834418101244,18.14473033337094,11.506504920237465,0.0,0.0,False,11.707554150088283,17.252154577150804,,,
Spehr's Army,13613,Ketel Marte,HIT,False,13,F,2.1783113007932724,1.5664102586031805,2.1226430399620595,0.25479134669586645,0.06923980972155258,0.0,0.0,0.0,0.0,0.0,6.191395755775932,553.6999999999999,491.7366336193482,126.00999338713505,22.03607722462685,74.59202278808498,72.50598453814558,4.425703552216244,0.0,0.0,0.0,0.0,0.0,0.0,Ketel Marte,0.5,1.083619288423334,health,0.2562550454288077,,,HIT,,,,1.5927770778809967,12.145558264543547,12.145558264543547,8.497771398390814,30.95449486544191,6.70862181775368,15.764880321452326,3.6193220569087785,health,5.2874461821699,5.820113994439558,18.0,free agent after 2026 (not extendable),1,0.0,0.0,False,False,0.0,0.0,0.0,0.0,0,0.0,False,2.559125475800383,15.564009755634187,9.153865044142917,0.0,0.0,False,9.647001151249693,14.85691109721054,,,
Spehr's Army,29518,James Wood,HIT,False,10,F,2.8059964300989186,2.163435539593862,2.7013861975774525,0.9710168833247678,0.3359476926516788,0.0,0.0,0.0,0.0,0.0,8.97778274324668,635.9,562.7613599948972,148.86488439335574,30.43495939786857,96.08587605499791,92.27489605440753,16.866478887613216,0.0,0.0,0.0,0.0,0.0,0.0,James Wood,0.5,1.0,health,0.2645257741126817,,,HIT,,,,4.379164065351745,31.643477306508508,31.643477306508508,28.701639742626366,61.205785053492185,8.97778274324668,31.643477306508508,0.0,health,8.846696330339595,30.72619184764841,15.0,free agent after 2026 (not extendable),1,0.0,0.0,False,False,0.0,0.0,0.0,0.0,0,0.0,False,10.11755418483702,34.393298288415174,29.49546850969999,0.0,0.0,False,27.527482503742995,35.71065322800245,,,
Spehr's Army,20778,Cristopher Sanchez,PIT,False,5,F,0.0,0.0,0.0,0.0,0.0,3.066547941381264,0.0,3.5188822986305484,1.0142198665691506,0.2273358688484175,7.82698597542938,0.0,0.0,160.9207014411651,0.0,0.0,0.0,0.0,173.68,10.856010624310617,0.0,181.78010447558592,62.700749229597115,39.810659422936965,Cristopher Sánchez,0.5,1.0,health,,3.2491175902025216,1.1557540353759908,PIT,,,,3.2283672975344446,23.590704194391673,23.590704194391673,21.94545528045346,48.71179655611124,7.82698597542938,23.590704194391673,0.0,health,5.936909141359054,10.3647720968375,10.0,free agent after 2026 (not extendable),1,0.0,0.0,False,False,0.0,0.0,0.0,0.0,0,0.0,False,7.623656039686553,28.38344311980711,15.595069446031584,0.0,0.0,False,11.27810585739083,30.65123091517444,,,
Spehr's Army,27475,Jordan Walker,HIT,False,10,2,1.766598653262547,1.3648403113447896,1.977903496551723,0.7012401889673332,-0.10738203473961326,0.0,0.0,0.0,0.0,0.0,5.703200615386779,541.7,491.90660261299206,122.89108200640094,19.2004146646084,60.49372601316081,67.561920510896,12.180481148655373,0.0,0.0,0.0,0.0,0.0,0.0,Jordan Walker,0.5,1.1076241462063872,health,0.2498260469642153,,,HIT,,,,1.1045819374918437,8.72938191617896,8.72938191617896,21.42675738523661,25.654250166225214,6.317699997311452,13.029380177002224,4.299998260823264,health,4.451790935145816,0.0,10.0,keepable x2yr,2,15.654250166225214,-1.2706180838210397,False,True,-1.2706180838210397,0.0,0.0,0.0,0,-1.2706180838210397,False,9.517678770687015,24.503767650079247,14.022130979627908,11.426757385236609,14.845568717920331,True,6.84535994736808,10.167697755382989,-3.15464005263192,0.16769775538298834,0.148
Spehr's Army,17586,Tanner Scott,PIT,False,10,2,0.0,0.0,0.0,0.0,0.0,1.3272795496867664,2.0603568243148063,1.3056750278947344,0.19929174524072188,0.18892228734813,5.081525434485159,0.0,0.0,46.18519303053652,0.0,0.0,0.0,0.0,58.175000000000004,4.698756115431714,13.543887333675178,67.4491849512093,22.060753655276567,19.56505248194857,Tanner Scott,0.44089456869009586,1.8458511492369427,health,,3.4129227829392192,1.1302147917917507,PIT,,,,0.4829067565902241,4.3791705485105075,4.3791705485105075,5.796262885753474,18.904837258137196,9.354747375211241,34.28131114250445,29.90214059399394,role,3.5234738549032176,0.0,10.0,keepable x2yr,2,8.904837258137196,-5.6208294514894925,False,True,-5.6208294514894925,0.0,0.0,0.0,0,-5.6208294514894925,False,1.2857959149357716,11.581923144044936,6.678954260819524,-4.203737114246526,-4.203737114246526,False,0.0,10.890768553957953,-10.0,0.8907685539579532,0.145
Spehr's Army,18525,Dylan Cease,PIT,False,23,2,0.0,0.0,0.0,0.0,0.0,2.7603950053924127,0.0,3.849571357767024,0.20788997599188178,-0.09195610563418237,6.7259002335171365,0.0,0.0,124.72111807959094,0.0,0.0,0.0,0.0,156.11499999999998,9.77218621024918,0.0,198.86299802452785,61.22843361331065,60.32045838953756,Dylan Cease,0.5,1.0,health,,3.529807529832469,1.1852901801180444,PIT,,,,2.1272815556222016,15.88578712773737,15.88578712773737,20.332287584667437,36.75751150873981,6.7259002335171365,15.88578712773737,0.0,health,5.243046302677576,5.509423031659782,23.0,keepable x2yr,2,13.75751150873981,-7.11421287226263,False,True,-7.11421287226263,0.0,0.0,0.0,0,-7.11421287226263,False,5.811401595304208,25.504489954760643,17.542201507552377,-2.667712415332563,-2.667712415332563,False,4.000497231793067,23.22573589447776,-18.999502768206934,0.2257358944777603,0.106
Spehr's Army,16358,Tyler Mahle,PIT,False,10,2,0.0,0.0,0.0,0.0,0.0,1.7721808096206575,0.0,1.772378189157101,-0.6586173278727901,-0.8175548624445585,2.06838680846041,0.0,0.0,99.01038114991015,0.0,0.0,0.0,0.0,104.28,6.273769093195888,0.0,91.5583600283,46.15934405007525,35.80512091311992,Tyler Mahle,0.5,1.4384349827387801,health,,3.983832915714204,1.2928222292196976,PIT,,,,-2.530231869434525,0.0,0.0,3.7055544168739982,0.0,3.044017738086292,0.0,0.0,health,1.6097972684441268,0.0,10.0,keepable x2yr,2,-10.0,-10.0,False,True,-10.0,0.0,0.0,0.0,0,-10.0,False,1.0,10.732023237380211,3.7931388451778005,-6.294445583126002,-6.294445583126002,False,0.0,0.0,-10.0,-10.0,0.0
Spehr's Army,29770,Mason Montgomery,PIT,False,10,2,0.0,0.0,0.0,0.0,0.0,1.1214880690433702,0.4736648908250743,1.9163513618130539,-0.022633419409847744,-0.41375716048334193,3.0751137417883085,0.0,0.0,66.05225127199982,0.0,0.0,0.0,0.0,77.8,3.970225356101394,3.113666448230793,98.99579502783547,31.349845997259575,31.51148946680876,Mason Montgomery,0.43548387096774194,1.0,health,,3.626588868577586,1.2540326573111642,PIT,,,,-1.5235049361066264,0.0,0.0,7.090227181510278,0.0,3.0751137417883085,0.0,0.0,health,2.8408798733710854,0.0,10.0,keepable x2yr,2,-10.0,-10.0,False,True,-10.0,0.0,0.0,0.0,0,-10.0,False,1.2411528513348375,14.96031944117926,7.968355508354758,-2.9097728184897216,-2.9097728184897216,False,0.0,0.0,-10.0,-10.0,0.0
Spehr's Army,27768,Eury Perez,PIT,False,10,1,0.0,0.0,0.0,0.0,0.0,2.066706139305725,0.0,2.429421752852176,-0.5541783701988594,0.1543192878135095,4.096268809772551,0.0,0.0,98.72055796405665,0.0,0.0,0.0,0.0,121.06,7.316430147028782,0.0,125.50023063306101,52.25470861758472,41.364625278216465,Eury Pérez,0.5,1.2390550140426235,health,,3.8847875231972777,1.1571549912627879,PIT,,,,-0.5023498681223844,0.0,0.0,14.288483757143876,8.208087597051952,5.085788804638879,4.409003750602302,4.409003750602302,health,3.8170153961740483,0.0,10.0,keepable x1yr,1,-1.7919124029480482,-10.0,False,True,-10.0,0.0,0.0,0.0,0,-10.0,False,3.221736080212232,23.06902914437976,12.642954122412398,4.288483757143876,4.288483757143876,True,0.0,3.1581324743891326,-10.0,-6.841867525610867,0.002
Spehr's Army,19312,Cal Quantrill,PIT,False,10,2,0.0,0.0,0.0,0.0,0.0,1.4052910436489008,0.07699190745264124,1.4023621247342484,-2.518078769508877,-1.0612527994128564,-0.6946864930859431,0.0,0.0,103.27500903950806,0.0,0.0,0.0,0.0,103.28,4.974927766245629,0.5061112268696969,72.44389323450936,57.954829843857055,33.97225727201539,Cal Quantrill,0.5,1.0,health,,5.0502853272145,1.328885227648368,PIT,,,,-5.293305170980878,0.0,0.0,3.7311230601470546,0.0,-0.6946864930859431,0.0,0.0,health,-1.7743982162578458,0.0,10.0,keepable x2yr,2,-10.0,-10.0,False,True,-10.0,0.0,0.0,0.0,0,-10.0,False,1.0,10.784906004346539,3.251510106218162,-6.268876939852945,-6.268876939852945,False,0.0,0.0,-10.0,-10.0,0.0
Spehr's Army,23590,Ben Brown,PIT,True,10,2,0.0,0.0,0.0,0.0,0.0,1.852433323923121,0.17616015329574952,1.8593990236194038,-0.07581700125216238,0.228645842482973,4.040821342069085,0.0,0.0,78.03194598540315,0.0,0.0,0.0,0.0,94.605,6.557874270923114,1.158000032209971,96.05372390741191,38.44504829742777,29.894276797469324,Ben Brown,0.4927536231884058,1.0,health,,3.657369427375402,1.140808866157946,PIT,,,,-0.5577973358258497,0.0,0.0,9.037479358987426,7.6061046552594185,4.040821342069085,0.0,0.0,health,3.5269042901621614,0.0,10.0,keepable x2yr,2,-2.3938953447405815,-10.0,False,True,-10.0,0.0,0.0,0.0,0,-10.0,False,1.6673515523701856,18.142338128986346,9.745807179554438,-0.9625206410125742,-0.9625206410125742,False,0.0,2.2034180914316024,-10.0,-7.796581908568397,0.001
Spehr's Army,21846,Cole Ragans,PIT,True,11,1,0.0,0.0,0.0,0.0,0.0,1.9403771212786114,0.0,2.583105462986366,-0.3012622697934464,-0.40895196791007066,3.81326834656146,0.0,0.0,89.94313477833413,0.0,0.0,0.0,0.0,109.22,6.8692076714384145,0.0,133.4392972211253,45.80335906434081,44.63486602979469,Cole Ragans,0.33396764985727884,1.3733748397729353,health,,3.7743108549630775,1.2321736019788392,PIT,,,,-0.7853503313334751,0.0,0.0,5.275718057671754,5.135603705027162,5.265369415608929,5.665630425197481,5.665630425197481,health,4.290811960657197,0.0,11.0,keepable x1yr,1,-5.864396294972838,-11.0,False,True,-11.0,0.0,0.0,0.0,0,-11.0,False,1.163735090831385,11.144539801046356,6.323540365720176,-5.724281942328246,-5.724281942328246,False,0.0,1.261338666664995,-11.0,-9.738661333335004,0.0
Spehr's Army,26289,Gunnar Henderson,HIT,False,36,2,2.6726666115202122,1.7386397429421139,2.337934892200884,0.8953382773612376,0.0875691488422555,0.0,0.0,0.0,0.0,0.0,7.732148672866703,637.4,569.9075729131325,146.1919783325833,24.45898156683587,91.52025641094964,79.85999904540627,15.551948078058834,0.0,0.0,0.0,0.0,0.0,0.0,Gunnar Henderson,0.5,1.0,health,0.25651875019893167,,,HIT,,,,3.1335299949717683,22.927074176077568,22.927074176077568,18.311579357888657,47.6821654340252,7.732148672866703,22.927074176077568,0.0,health,8.88246245188192,30.976467543527374,36.0,keepable x2yr,2,11.682165434025201,-13.072925823922432,False,True,-13.072925823922432,0.0,0.0,0.0,0,-13.072925823922432,False,6.155963013618391,22.324588539043024,27.5202159698321,-17.688420642111343,-17.688420642111343,False,19.512874133830895,26.606181053169657,-16.487125866169105,-9.393818946830342,0.0
Spehr's Army,19611,Vladimir Guerrero Jr.,HIT,False,35,1,2.4197552455986373,1.413527919042563,2.4839668124955026,0.39987782657788123,0.8497431874812013,0.0,0.0,0.0,0.0,0.0,7.566870991195785,625.4,555.3404113484228,156.25054741676385,19.885346263605456,82.85979986219203,84.8482085349993,6.945843100592832,0.0,0.0,0.0,0.0,0.0,0.0,Vladimir Guerrero Jr.,0.5,1.0,health,0.2813599446821666,,,HIT,,,,2.96825231330085,21.770533153185266,21.770533153185266,15.194592170717542,45.88777609316282,7.566870991195785,21.770533153185266,0.0,health,8.557295370567578,28.70109034176471,35.0,keepable x1yr,1,10.88777609316282,-13.229466846814734,False,True,-13.229466846814734,0.0,0.0,0.0,0,-13.229466846814734,False,5.311600663837611,21.621801035861093,22.433561626754596,-19.80540782928246,-19.80540782928246,False,18.57579891169864,25.078478130887845,-16.42420108830136,-9.921521869112153,0.0
Spehr's Army,31872,Cade Horton,PIT,True,14,2,0.0,0.0,0.0,0.0,0.0,2.1085585650568963,0.0,1.8489265490260076,-0.21727319163025777,0.4541840134748714,4.194395935927518,0.0,0.0,92.67245744426825,0.0,0.0,0.0,0.0,111.69143968871595,7.464593615297676,0.0,95.51273180703778,46.24468157887654,31.935083298078062,Cade Horton,0.09208819714656291,1.3429856434660528,health,,3.7263566068254135,1.1156409218972156,PIT,,,,-0.40422274196741714,0.0,0.0,16.47983631872228,9.273435727796656,5.624671499714196,8.179869466290954,8.179869466290954,health,4.5523455779170785,0.676201058486867,14.0,keepable x2yr,2,-4.726564272203344,-14.0,False,True,-14.0,0.0,0.0,0.0,0,-14.0,False,4.780151538796958,18.972525372421156,10.21475768646091,2.479836318722281,2.479836318722281,True,0.0,3.4693112441737908,-14.0,-10.53068875582621,0.0
Spehr's Army,33321,Luke Keaschall,HIT,False,18,2,1.6604141706787747,0.5825111251838893,1.4693354029645525,0.9432756102358997,0.26147400802586995,0.0,0.0,0.0,0.0,0.0,4.917010317088986,426.0,376.7176470588235,100.1922138312281,8.194698718458968,56.85764546684709,50.19007341460578,16.384615384615387,0.0,0.0,0.0,0.0,0.0,0.0,Luke Keaschall,0.5,1.408450704225352,health,0.26596103106256486,,,HIT,,,,0.31839163919405067,3.227965617324105,3.227965617324105,11.016717748851057,17.118726937118822,6.917545689780573,17.226838319760333,13.998872702436227,health,5.143684890722908,4.8141352719555925,18.0,keepable x2yr,2,-0.8812730628811778,-14.772034382675894,False,True,-14.772034382675894,0.0,0.0,0.0,0,-14.772034382675894,False,2.8428692661583845,15.905486274638958,12.157480807807357,-6.9832822511489425,-6.9832822511489425,False,1.5877993526963328,4.441879222236665,-16.412200647303667,-13.558120777763335,0.0
Spehr's Army,33703,Nolan McLean,PIT,False,20,2,0.0,0.0,0.0,0.0,0.0,2.8837948499268626,0.0,3.0054987999255913,-0.5608522855184465,-0.41060804454273503,4.9178333197912725,0.0,0.0,125.21017905370009,0.0,0.0,0.0,0.0,146.68,10.209039000067575,0.0,155.25949420483386,62.65338276293884,53.606281163728845,Nolan McLean,0.5,1.0226343059721843,health,,3.8442899159152546,1.2190923112723542,PIT,,,,0.3192146418963375,3.2337246307463836,3.2337246307463836,20.899803139186663,17.127662125836103,5.031487436680995,4.029026496519647,0.7953018657732631,health,3.980644007099858,0.0,20.0,keepable x2yr,2,-2.8723378741638967,-16.766275369253616,False,True,-16.766275369253616,0.0,0.0,0.0,0,-16.766275369253616,False,6.127302150224619,24.1841175871403,16.990886165681506,0.8998031391866625,0.8998031391866625,True,0.0,9.90132753865682,-20.0,-10.09867246134318,0.001
The Fighting Phils,21029,Jhoan Duran,PIT,False,4,1,0.0,0.0,0.0,0.0,0.0,2.302418917992603,2.9528710369027804,1.5427097391657862,1.1709165664721173,0.5532041386157064,8.522120399148994,0.0,0.0,48.75590664163909,0.0,0.0,0.0,0.0,62.87,8.150886505978749,19.410886581737643,79.69403741358376,17.754078592362518,17.258725333254297,Jhoan Duran,0.4122586062132662,1.2879370498986258,health,,2.5415413922580354,1.0500180050086432,PIT,,,,3.923501721254059,28.454951256236775,28.454951256236775,10.5057299070058,56.258742930108376,10.94638232373407,45.41887728468268,16.963926028445904,role,7.087935420072583,18.419151225955574,4.0,keepable x1yr,1,52.258742930108376,24.454951256236775,False,True,24.454951256236775,0.0,0.0,8.006278542062237,1,32.461229798299016,True,2.802618484119558,13.7637952292294,9.583141269155476,6.505729907005801,7.001399985787955,True,16.456706042956878,36.721321388672095,13.861396433153896,48.084722679734206,1.0
The Fighting Phils,35376,Konnor Griffin,HIT,True,20,2,2.4916116416373737,0.9491001428537252,2.0790666986060504,1.9159634719919159,0.24373898831419724,0.0,0.0,0.0,0.0,0.0,7.679480943403263,531.5,479.53821158524886,126.03138588859342,13.351830356677544,85.32038202454834,71.0174886049602,33.28011902238105,0.0,0.0,0.0,0.0,0.0,0.0,Konnor Griffin,0.5,1.1288805268109126,health,0.262818233967135,,,HIT,,,,3.080862265508328,22.55852841060426,22.55852841060426,6.713591306205167,47.110361598194594,8.666865728263035,29.467815844486214,6.909287433881953,health,9.654747573391695,36.380581489013466,20.0,keepable x2yr,2,27.110361598194594,2.5585284106042607,False,True,2.5585284106042607,13.923494265661445,0.0,0.0,0,16.482022676265707,True,1.4430125741594935,12.37568846355943,16.58286069294136,-13.286408693794833,-13.286408693794833,False,19.24430631328749,25.694636743833566,8.624626212427456,23.917144947546113,0.992
The Fighting Phils,22182,Hunter Greene,PIT,True,1,2,0.0,0.0,0.0,0.0,0.0,2.0213963765143705,0.0,2.773992516817158,-0.6327406090925187,0.6874879489580364,4.850136233197047,0.0,0.0,99.6340143334749,0.0,0.0,0.0,0.0,126.22499999999998,7.156027219812069,0.0,143.30023192812084,54.86605561168955,38.47124854184996,Hunter Greene,0.27983539094650206,1.1883541295306004,health,,3.9120182254324107,1.0941197296520093,PIT,,,,0.2515175553021116,2.760009988908621,2.760009988908621,4.2045946425100125,16.392687328488794,5.762727414757389,9.14592445681471,6.385914467906089,health,6.5882248431603925,14.922394882755857,1.0,keepable x2yr,2,15.392687328488794,1.760009988908621,False,True,1.760009988908621,11.834035650342479,0.0,0.0,0,13.5940456392511,True,1.0,6.934029707458904,3.9600735419702273,3.2045946425100125,5.720657153184705,True,0.0,8.887999485990619,-1.0,47.88412062090334,0.556
The Fighting Phils,20220,Jo Adell,HIT,False,1,1,1.741934096238778,1.7116888307435225,2.4104961563426706,0.28569364698005556,-0.5095728554218731,0.0,0.0,0.0,0.0,0.0,5.640239874883153,520.3,474.23868117387275,111.22801333445085,24.07983927047994,59.649136353774196,82.33857212476244,4.962473822921861,0.0,0.0,0.0,0.0,0.0,0.0,Jo Adell,0.5,1.1531808571977706,health,0.23454015404043077,,,HIT,,,,1.0416211969882179,8.288810155442961,8.288810155442961,4.005502052610709,24.97069700580847,6.509583462688632,14.37209685284057,6.083286697397609,health,5.755876006427493,9.097981294023448,1.0,keepable x1yr,1,23.97069700580847,7.288810155442961,False,True,7.288810155442961,0.0,0.0,2.6332840999199307,1,9.922094255362893,True,1.0,8.118907406777382,4.216919657455832,3.0055020526107086,3.0055020526107086,True,5.531536372588599,11.079476804036911,4.5923425047182045,15.316393707342618,0.999
The Fighting Phils,35041,Jac Caglianone,HIT,False,13,2,2.0951640529777626,1.8093096941295064,2.1997408264525804,0.2688820132877468,0.29915472980864594,0.0,0.0,0.0,0.0,0.0,6.672251316656242,541.6999999999999,487.90133017790106,129.15009661688453,25.45315821581586,71.74480742379686,75.13951773707048,4.6704572065199645,0.0,0.0,0.0,0.0,0.0,0.0,Jac Caglianone,0.5,1.1076241462063874,health,0.2647053587039682,,,HIT,,,,2.073632638761307,15.510375441440218,15.510375441440218,11.725544805508097,36.17505510209879,7.387968128646266,20.51864906599584,5.008273624555624,health,7.382471583303586,20.48018664258374,13.0,keepable x2yr,2,23.17505510209879,2.5103754414402175,False,True,2.5103754414402175,6.358158646196178,0.0,0.0,0,8.868534087636395,True,3.0825514413279387,15.824214591967907,17.203903783766847,-1.2744551944919031,2.298863021709917,True,12.912430516720878,18.080908416978424,3.3547708080136482,14.324119460029591,0.968
The Fighting Phils,33656,A.J. Ewing,HIT,False,10,2,2.0590351596143774,0.47214999519010925,1.5981441674442871,1.784597070328306,-0.06380613984549012,0.0,0.0,0.0,0.0,0.0,5.85012025273159,549.1999999999999,495.9435205342673,124.69509057773158,6.642151185152688,70.50764392191881,54.589968314462425,30.998296040462897,0.0,0.0,0.0,0.0,0.0,0.0,A.J. Ewing,0.5,1.0924981791697015,health,0.25143002260297853,,,HIT,,,,1.251501574836655,9.757461363687524,9.757461363687524,4.121574712827655,27.249329601933944,6.391557875410039,13.546205346748208,3.7887439830606837,health,6.9851833670108325,17.700137240819124,10.0,keepable x2yr,2,17.249329601933944,-0.24253863631247619,False,True,-0.24253863631247619,6.545116654696256,0.0,0.0,0,6.302578018383779,True,1.0,11.517697472196469,7.909649779418858,-5.878425287172345,-5.878425287172345,False,7.1201662981418385,12.144002327557814,-0.4011858175792995,12.368947768075703,0.882
The Fighting Phils,21483,Shane McClanahan,PIT,False,1,1,0.0,0.0,0.0,0.0,0.0,2.2821364016543386,0.0,2.2075335990363056,0.47345876980742985,0.32002158929052216,5.283150359788596,0.0,0.0,98.32119928745934,0.0,0.0,0.0,0.0,116.74999999999999,8.079083548038762,0.0,114.0378262786326,43.704313337701066,34.22010490206283,Shane McClanahan,0.5,1.2847965738758031,health,,3.369069122392374,1.1352574234648583,PIT,,,,0.6845316818936613,5.790053705834297,5.790053705834297,4.326135677973812,21.09384192688021,6.764081198528743,16.152960843408554,10.362907137574258,health,5.498603707811564,7.297702125081816,1.0,keepable x1yr,1,20.09384192688021,4.790053705834297,False,True,4.790053705834297,0.0,0.0,1.1030468063195438,1,5.893100512153841,True,1.0,8.702109566989542,4.844873699490893,3.326135677973812,3.326135677973812,True,0.0,11.330108423171895,-1.0,17.36837111299675,0.706
The Fighting Phils,12552,Eugenio Suarez,HIT,False,1,1,1.7021395843315372,1.919981906446524,2.2405127468865085,0.05319042403095882,-0.7928762728820076,0.0,0.0,0.0,0.0,0.0,5.122948388813521,510.0,455.3725200506543,101.41494700561591,27.010082019042763,58.2864508928189,76.53221927798795,0.9239130434782609,0.0,0.0,0.0,0.0,0.0,0.0,Eugenio Suárez,0.5,1.1764705882352942,health,0.22270765700647638,,,HIT,,,,0.524329710918586,4.669030289316483,4.669030289316483,1.7045113486418706,19.354558641946518,6.036538791435807,11.061936869753385,6.392906580436902,health,4.583319775913179,0.8929449665058923,1.0,keepable x1yr,1,18.354558641946518,3.669030289316483,False,True,3.669030289316483,0.0,0.0,0.0,0,3.669030289316483,True,1.0,5.295408870352137,1.921244166618626,0.7045113486418706,0.7045113486418706,True,1.8543120240144744,7.574695967883123,0.8543120240144743,6.574695967883123,0.945
The Fighting Phils,33825,Yoshinobu Yamamoto,PIT,False,32,1,0.0,0.0,0.0,0.0,0.0,3.6682011731965196,0.0,3.1801269672425967,0.7991783799301397,1.844349742641385,9.491856263010643,0.0,0.0,124.5885026557331,0.0,0.0,0.0,0.0,164.415,12.985947609347685,0.0,164.2805195774697,60.499916645304886,40.20534005032445,Yoshinobu Yamamoto,0.5,1.0,health,,3.311737066616452,1.0023041857863184,PIT,,,,4.893237585115708,35.24073925003851,35.24073925003851,34.0,66.78698655001809,9.491856263010643,35.24073925003851,0.0,health,8.386476999055693,27.505777991543656,32.0,keepable x1yr,1,34.786986550018085,3.2407392500385086,True,True,3.2407392500385086,0.0,0.0,0.0,0,3.2407392500385086,True,26.492583100026827,34.0,34.0,2.0,2.0,True,21.58425339317896,43.02704912474246,-10.415746606821038,11.027049124742462,0.578
The Fighting Phils,18568,Luis Arraez,HIT,False,11,1,1.9801777256236197,0.4310978225659025,1.7632382866304006,0.5324726669834738,1.6293022907310704,0.0,0.0,0.0,0.0,0.0,6.336288792534467,614.0,564.9951152005403,172.8096214726994,6.064633998185068,67.80732486692129,60.22931107143444,9.24900395671502,0.0,0.0,0.0,0.0,0.0,0.0,Luis Arraez,0.5,1.0,health,0.3058603814855321,,,HIT,,,,1.7376701146395321,13.159456446370323,13.159456446370323,10.074645866900783,32.52757187194523,6.336288792534467,13.159456446370323,0.0,health,5.830834890522331,9.62251082281078,11.0,keepable x1yr,1,21.527571871945227,2.1594564463703225,False,True,2.1594564463703225,0.0,0.0,0.0,0,2.1594564463703225,True,2.8243633956583993,15.799516006018505,9.931380592754644,-0.9253541330992174,-0.9253541330992174,False,9.818845181776874,16.30427236961557,-1.1811548182231262,5.304272369615573,0.79
The Fighting Phils,20454,Jazz Chisholm Jr.,HIT,False,15,F,2.0119020005252377,1.640532124373475,2.231418546985799,1.7956157191960693,-0.5658857038899452,0.0,0.0,0.0,0.0,0.0,7.113582687190636,529.0,472.407513992348,109.75988687595425,23.07881500623724,68.89366079858323,76.22157641200731,31.189689013839235,0.0,0.0,0.0,0.0,0.0,0.0,Jazz Chisholm Jr.,0.5,1.1342155009451795,health,0.23234153485063347,,,HIT,,,,2.514964009295701,18.598619598498246,18.598619598498246,12.680330361114432,40.966508485695265,8.073472548940622,25.315509570265185,6.716889971766939,health,6.953127773214519,17.475826197344876,20.0,free agent after 2026 (not extendable),1,0.0,0.0,False,False,0.0,0.0,0.0,0.0,0,0.0,False,4.379930687511678,20.058747639809877,15.782266347985548,0.0,0.0,False,15.232621319223849,21.070880654329674,,,
The Fighting Phils,22664,Gabriel Moreno,HIT,False,1,2,1.3921342729596464,0.6584458168147798,1.4639644035702133,0.21999855056310358,0.587720996286927,0.0,0.0,0.0,0.0,0.0,4.32226404019467,399.5,358.56955943228854,101.31466129622198,9.262939123305824,47.6709235153231,50.00660893578917,3.8213557066824366,0.0,0.0,0.0,0.0,0.0,0.0,Gabriel Moreno,0.5,1.5018773466833542,health,0.28255232110787704,,,HIT,,,,-0.2763546377002646,0.0,0.0,4.43192541198109,10.661676178737288,6.470325292551275,14.09738532622355,14.09738532622355,health,3.8134555160565116,0.0,1.0,keepable x2yr,2,9.661676178737288,-1.0,False,True,-1.0,0.0,0.0,0.0,0,-1.0,False,1.0,8.180633520769224,3.7933107716062175,3.43192541198109,5.806239567846374,True,0.0,0.506669031298215,-1.0,-0.493330968701785,0.06
The Fighting Phils,16162,Brandon Woodruff,PIT,True,1,1,0.0,0.0,0.0,0.0,0.0,1.7605411096110293,0.0,1.8821980603454866,-0.30143748488989563,0.3746232264432828,3.7159249115099033,0.0,0.0,79.3003919844332,0.0,0.0,0.0,0.0,93.465,6.2325629195492445,0.0,97.23148744887021,39.45668612676904,25.137391305249864,Brandon Woodruff,0.39183318853171156,1.6048788316482105,health,,3.7993920199103557,1.1173999175058371,PIT,,,,-0.8826937663850316,0.0,0.0,3.4734328073154592,4.0787639642131,5.959372310592043,10.521959543197324,10.521959543197324,health,2.5766128746135872,0.0,1.0,keepable x1yr,1,3.0787639642131,-1.0,False,True,-1.0,0.0,0.0,0.0,0,-1.0,False,1.0,7.504948981346412,2.780343284896471,2.4734328073154592,2.4734328073154592,True,0.0,0.0,-1.0,-1.0,0.058
The Fighting Phils,35333,Chase Burns,PIT,False,9,2,0.0,0.0,0.0,0.0,0.0,2.3321604155229236,0.0,2.6143132813463215,-0.017098024361073536,0.34568151180738116,5.2750571843155525,0.0,0.0,99.84320585685963,0.0,0.0,0.0,0.0,118.4,8.256175586516207,0.0,135.05144562521815,47.61707015756412,34.247547512718796,Chase Burns,0.5,1.2668918918918919,health,,3.6195408058959213,1.1325232548106283,PIT,,,,0.6764385064206175,5.733421198980301,5.733421198980301,21.414574178225802,21.005975811771734,6.673848043253826,15.521548636718489,9.788127437738188,health,4.5189060100494896,0.44220556898295726,9.0,keepable x2yr,2,12.005975811771734,-3.2665788010196994,False,True,-3.2665788010196994,0.0,0.0,0.0,0,-3.2665788010196994,False,6.001133612927576,23.252115194504764,18.223519134949353,12.414574178225802,20.25456544293275,True,0.0,11.645343778929465,-9.0,2.6453437789294663,0.215
The Fighting Phils,19612,Bo Bichette,HIT,False,17,1,2.0399942858700864,1.0914805792773334,2.2237430631201978,0.2015079711946698,0.7864109043239453,0.0,0.0,0.0,0.0,0.0,6.343136803786233,595.6,546.1389507762905,152.75528356299637,15.354821766542619,69.85562633025413,75.95939454534168,3.500175949776896,0.0,0.0,0.0,0.0,0.0,0.0,Bo Bichette,0.5,1.0073875083948958,health,0.27970040105337224,,,HIT,,,,1.7445181258912976,13.207375837892672,13.207375837892672,11.147691185479406,32.601919468499375,6.389574149933231,13.532324102354583,0.32494826446191105,health,6.524257004996184,14.474775892492271,17.0,keepable x1yr,1,15.601919468499375,-3.7926241621073284,False,True,-3.7926241621073284,0.0,0.0,0.0,0,-3.7926241621073284,False,3.307484833863566,17.262199415697744,12.120821881594074,-5.852308814520594,-5.852308814520594,False,10.684785389972886,15.836866323884173,-6.315214610027113,-1.1631336761158257,0.026
The Fighting Phils,25878,Corbin Carroll,HIT,False,36,2,3.068386422702886,1.7702556439950732,2.464831204850519,1.4870351541542148,0.0010972092403162155,0.0,0.0,0.0,0.0,0.0,8.791605634943009,636.3,563.2149397590362,142.92964948053236,24.903750383499798,105.07090969116966,84.19456774570295,25.829671412924426,0.0,0.0,0.0,0.0,0.0,0.0,Corbin Carroll,0.5,1.0,health,0.25377460608854385,,,HIT,,,,4.192986957048074,30.34069122492865,30.34069122492865,25.645828231764987,59.18449448797072,8.791605634943009,30.34069122492865,0.0,health,9.886059305670868,37.99919995432933,36.0,keepable x2yr,2,23.184494487970717,-5.659308775071349,False,True,-5.659308775071349,1.6993199611799283,0.0,0.0,0,-3.95998881389142,False,10.075681972855543,27.34499721428242,31.770325008668834,-10.354171768235013,-10.354171768235013,False,25.992565272206757,35.12400567421296,-10.007434727793244,5.915424649453247,0.359
The Fighting Phils,20123,Juan Soto,HIT,False,36,1,2.670119750113706,2.35452502058834,2.5994022442344775,0.8719378732774433,0.5218475447329372,0.0,0.0,0.0,0.0,0.0,9.017832432946905,596.1,503.1259040218048,137.01709359604016,33.12318397816668,91.43304410846422,88.79129245030984,15.145485092482785,0.0,0.0,0.0,0.0,0.0,0.0,Juan Soto,0.5,1.0065425264217414,health,0.2723316221660931,,,HIT,,,,4.41921375505197,31.923727541290017,31.923727541290017,23.020840264751893,61.6405971562298,9.076599071025278,32.334950805241824,0.41122326395180764,health,9.808216418881447,37.45448943442028,36.0,keepable x1yr,1,25.640597156229802,-4.076272458709983,False,True,-4.076272458709983,0.0,0.0,0.0,0,-4.076272458709983,False,9.59513519512453,28.59752585523832,30.063326190737918,-12.979159735248107,-12.979159735248107,False,27.973503432605952,35.56598772975553,-8.026496567394048,0.18459093209218977,0.11
The Fighting Phils,18679,Freddy Peralta,PIT,False,8,1,0.0,0.0,0.0,0.0,0.0,2.950694159098532,0.0,2.92506395012714,-1.1301498163054167,-0.9943198509982449,3.75128844192201,0.0,0.0,133.17648050450092,0.0,0.0,0.0,0.0,147.96499999999997,10.44587195523721,0.0,151.10435227083656,67.02963238519128,56.101135233356835,Freddy Peralta,0.5,1.013753252458352,health,,4.077090470494519,1.2792053238121028,PIT,,,,-0.8473302359729251,0.0,0.0,4.865338216416062,4.462699298888792,3.805981414362853,0.0,0.0,health,4.206301395826057,0.0,8.0,keepable x1yr,1,-3.5373007011112083,-8.0,False,True,-8.0,0.0,0.0,0.0,0,-8.0,False,1.0,9.602902981963382,4.584380856872359,-3.1346617835839377,-3.1346617835839377,False,0.0,1.9494791061173353,-8.0,-6.0505208938826645,0.01
The Fighting Phils,19556,Yordan Alvarez,HIT,False,31,1,2.059560935967759,2.0579793785042,2.295606553393272,0.08668653316402981,0.9944281440946681,0.0,0.0,0.0,0.0,0.0,7.494261545123929,510.9,447.9298390687615,131.35437595786024,28.951414396282125,70.52564810787635,78.4141328204545,1.5057375485020035,0.0,0.0,0.0,0.0,0.0,0.0,Yordan Alvarez,0.5,1.1743981209630066,health,0.29324765733612157,,,HIT,,,,2.895642867228994,21.26244396544611,21.26244396544611,30.662880499006594,45.09946871396883,8.78918651267522,30.32376326397346,9.061319298527351,health,5.930719372252964,10.321458796329825,31.0,keepable x1yr,1,14.099468713968832,-9.73755603455389,False,True,-9.73755603455389,0.0,0.0,0.0,0,-9.73755603455389,False,14.486003572078765,32.1253182308796,24.770318388592795,-0.33711950099340626,-0.33711950099340626,False,18.259806886414857,24.359821010721525,-12.740193113585141,-6.640178989278475,0.0
The Fighting Phils,34967,Travis Bazzana,HIT,False,10,2,1.7873591702154985,0.7967754713025886,1.4939282301319936,0.731822324266945,-0.5358361028176941,0.0,0.0,0.0,0.0,0.0,4.2740490930993325,448.19999999999993,396.97966569172706,91.24932607407908,11.208944604314052,61.20462943320139,51.03012382005861,12.711690181399364,0.0,0.0,0.0,0.0,0.0,0.0,Travis Bazzana,0.5,1.3386880856760377,health,0.22985894230899567,,,HIT,,,,-0.3245695847956025,0.0,0.0,4.230322079398297,10.138215380742922,5.733776430266257,8.943338113161968,8.943338113161968,health,4.690273040854193,1.6413571972802834,10.0,keepable x2yr,2,0.13821538074292228,-10.0,False,True,-10.0,0.0,0.0,0.0,0,-10.0,False,1.0,11.722020113457141,5.850473722676413,-5.769677920601703,-5.769677920601703,False,0.0,0.11071435235250063,-10.0,-9.8892856476475,0.0
The Fighting Phils,27468,Reid Detmers,PIT,False,10,2,0.0,0.0,0.0,0.0,0.0,2.1416764311057688,0.0,2.8373547891981707,-0.851295119345421,-0.07330435358554675,4.054431747372972,0.0,0.0,110.41884636200676,0.0,0.0,0.0,0.0,129.38,7.581835514838667,0.0,146.57343049395905,57.60347981994035,42.87772015151355,Reid Detmers,0.5,1.159375483073118,health,,4.007043734576157,1.1848552057004198,PIT,,,,-0.5441869305219633,0.0,0.0,7.914948317810018,7.7538703182043855,4.716312230836676,1.8235680748359728,1.8235680748359728,health,3.566795982801932,0.0,10.0,keepable x2yr,2,-2.2461296817956145,-10.0,False,True,-10.0,0.0,0.0,0.0,0,-10.0,False,1.4041873314750104,16.70204904546194,8.53501581949752,-2.085051682189982,-2.085051682189982,False,0.0,3.416256999167021,-10.0,-6.583743000832979,0.004
The Fighting Phils,13649,Clay Holmes,PIT,False,10,2,0.0,0.0,0.0,0.0,0.0,2.416462469212969,0.0,1.831241153138296,-0.5126523936868145,-1.1201493391541337,2.614901889510317,0.0,0.0,113.13005676018807,0.0,0.0,0.0,0.0,116.67999999999999,8.554616702717412,0.0,94.59913116929793,50.20955431434082,40.91003755144081,Clay Holmes,0.5,1.2855673637298595,health,,3.8728658624362997,1.3201927863526643,PIT,,,,-1.9837167883846178,0.0,0.0,6.63088622847088,0.0,3.411160720427441,0.0,0.0,health,0.6804902097625112,0.0,10.0,keepable x2yr,2,-10.0,-10.0,False,True,-10.0,0.0,0.0,0.0,0,-10.0,False,1.4039159218699848,12.533054965927949,4.750459630719359,-3.36911377152912,-3.36911377152912,False,0.0,0.0,-10.0,-10.0,0.0
The Fighting Phils,30203,Jackson Jobe,PIT,False,10,2,0.0,0.0,0.0,0.0,0.0,1.0587108557332974,0.0,1.1844810858606822,-1.2641505155433115,-1.0666924157644053,-0.08765098971373719,0.0,0.0,75.97415172605092,0.0,0.0,0.0,0.0,81.495,3.7479851995194,0.0,61.18849033993122,40.8499854171867,35.486497653283756,Jackson Jobe,0.20454545454545456,1.8406037180195103,health,,4.5113181023949975,1.367699237736483,PIT,,,,-4.686269667608672,0.0,0.0,10.654243607773362,0.0,0.04652511906082579,0.0,0.0,health,0.46483845899834453,0.0,10.0,keepable x2yr,2,-10.0,-10.0,False,True,-10.0,0.0,0.0,0.0,0,-10.0,False,2.296581225288023,18.24888582274372,5.818477990256111,0.6542436077733615,0.6542436077733615,True,0.0,0.0,-10.0,-10.0,0.0
The Fighting Phils,33666,Connelly Early,PIT,True,10,2,0.0,0.0,0.0,0.0,0.0,2.219056145952363,0.0,2.081989690776457,-0.4270412521496568,-0.45954265298285485,3.4144619315963083,0.0,0.0,95.26343798802941,0.0,0.0,0.0,0.0,106.975,7.855770578805864,0.0,107.55241903195369,45.72630204772486,37.417630223573696,Connelly Early,0.5,1.4021967749474178,health,,3.847036395695478,1.2402997729525882,PIT,,,,-1.1841567462986267,0.0,0.0,9.813428004922372,0.8058359296910197,4.825759261651219,2.5894305899141274,2.5894305899141274,health,3.547866592121745,0.0,10.0,keepable x2yr,2,-9.19416407030898,-10.0,False,True,-10.0,0.0,0.0,0.0,0,-10.0,False,1.9200326415898552,18.279504068678445,10.093311229962266,-0.18657199507762812,-0.10725744960970199,False,0.0,0.0,-10.0,-10.0,0.0
The Fighting Phils,31893,Robby Snelling,PIT,True,10,2,0.0,0.0,0.0,0.0,0.0,2.08640533717566,0.0,1.9918210013819975,-0.5074213763934473,-0.9243663296893958,2.646438632474814,0.0,0.0,109.72671477973238,0.0,0.0,0.0,0.0,116.06666666666666,7.386168075622875,0.0,102.89444175748493,49.92717599584831,40.65226260421668,Robby Snelling,0.06666666666666667,1.2923607122343481,health,,3.8714352437906503,1.2956258821132889,PIT,,,,-1.9521800454201208,0.0,0.0,6.1540381147280785,0.0,3.4646437716378657,0.0,0.0,health,4.1635434613241635,0.0,10.0,keepable x2yr,2,-10.0,-10.0,False,True,-10.0,0.0,0.0,0.0,0,-10.0,False,1.0703603365354768,13.652127664768978,5.418964389828575,-3.8459618852719215,-3.8459618852719215,False,0.0,0.0,-10.0,-10.0,0.0
The Fighting Phils,23401,Jose Caballero,HIT,False,14,2,1.3314929895879961,0.6695632824683577,1.1873011664732662,1.923050521368935,-0.520654253482701,0.0,0.0,0.0,0.0,0.0,4.590753706415854,382.1,337.68145960832317,76.5415660632377,9.419338336308195,45.59438101677866,40.55624916564943,33.40322045423637,0.0,0.0,0.0,0.0,0.0,0.0,José Caballero,0.5,1.5702695629416383,health,0.22666795551055213,,,HIT,,,,-0.007864971479080829,0.9449643650160452,0.9449643650160452,7.977701854020835,13.576619021160772,7.228551156387952,19.403118727609773,18.458154362593728,health,4.055173598431671,0.0,14.0,keepable x2yr,2,-0.4233809788392282,-13.055035634983955,False,True,-13.055035634983955,0.0,0.0,0.0,0,-13.055035634983955,False,1.7910389987136113,13.633855644347804,6.889820958767049,-6.022298145979165,-6.022298145979165,False,0.0,2.4236163621261957,-14.0,-11.576383637873805,0.0
The Fighting Phils,13125,Gerrit Cole,PIT,False,16,2,0.0,0.0,0.0,0.0,0.0,1.758116248720997,0.0,1.9355399374268754,-0.7954145260267967,-0.11573062636548911,2.7825110337555863,0.0,0.0,93.73027393101559,0.0,0.0,0.0,0.0,102.47999999999999,6.223978571256679,0.0,99.98704764267161,46.328048366465566,28.543826278347822,Gerrit Cole,0.5,1.4637002341920375,health,,4.068622514619341,1.193150860747106,PIT,,,,-1.8161076441393487,0.0,0.0,5.89182333101548,0.0,4.117791138827131,0.0,0.0,health,0.5303157886997021,0.0,16.0,keepable x2yr,2,-16.0,-16.0,False,True,-16.0,0.0,0.0,0.0,0,-16.0,False,1.0444285154138402,11.877561982705226,5.233356840792378,-10.10817666898452,-10.10817666898452,False,0.0,0.0,-16.0,-16.0,0.0
The Fighting Phils,18360,Austin Riley,HIT,False,26,2,1.9598547454263355,1.5004991838313373,2.0232194204178566,0.2831881879590925,-0.07234147063804074,0.0,0.0,0.0,0.0,0.0,5.694420066996582,540.4,488.2084892937419,122.58055260280707,21.108847895239247,67.11140403988176,69.1098377128521,4.918954217437596,0.0,0.0,0.0,0.0,0.0,0.0,Austin Riley,0.5,1.1102886750555145,health,0.2510823865028157,,,HIT,,,,1.0958013891016467,8.667939473895837,8.667939473895837,9.027594239000207,25.558921369989633,6.322888731481352,13.065688672279405,4.397749198383568,health,5.480849416754915,7.1734653513577715,26.0,keepable x2yr,2,-0.4410786300103666,-17.332060526104165,False,True,-17.332060526104165,0.0,0.0,0.0,0,-17.332060526104165,False,2.265752130735532,14.45898731133188,11.763016631202532,-16.97240576099979,-16.97240576099979,False,6.544486138767791,10.820236816924888,-19.45551386123221,-15.179763183075112,0.0
