rank,fg_id,roto_points,name,PA,HR,R,RBI,SB,IP,W,SV,K,AVG,ERA,WHIP,role,hindsight_$,drafted_$,team,current_$,contract,bargain
1,19755,19.362343937871152,Shohei Ohtani,676.0,37.0,106.0,102.0,12.0,99.2,9.0,0.0,110.0,0.28760330578512394,1.9959677419354838,0.9677419354838709,TWO,63.361132628530605,,Pookie 2.0,16.0,F,47.361132628530605
2,31623,17.056292450041404,Jacob Misiorowski,0.0,0.0,0.0,0.0,0.0,175.0,14.0,0.0,262.0,,2.1085714285714285,0.8171428571428572,PIT,53.39989825895739,,Lisbon Long Balls,10.0,1,43.39989825895739
3,31757,14.565389842675984,Mason Miller,0.0,0.0,0.0,0.0,0.0,67.1,5.0,38.0,122.0,,1.0730253353204173,0.8345752608047691,PIT,42.640179842132596,,Spehr's Army,15.0,1,27.640179842132596
4,32095,13.562211161713263,Cam Schlittler,0.0,0.0,0.0,0.0,0.0,187.2,13.0,0.0,228.0,,2.5,0.9775641025641026,PIT,38.3068429637642,20.0,Lisbon Long Balls,20.0,2,18.306842963764197
5,10603,12.972683439019868,Chris Sale,0.0,0.0,0.0,0.0,0.0,167.0,16.0,0.0,204.0,,2.37125748502994,1.0479041916167664,PIT,35.76031534107166,,McBlocks,9.0,F,26.76031534107166
6,20778,12.522176692976219,Cristopher Sánchez,0.0,0.0,0.0,0.0,0.0,206.2,19.0,0.0,233.0,,2.706110572259942,1.1784675072744908,PIT,33.8143035949775,,All-Stars,5.0,F,28.814303594977503
7,33825,12.477320009105688,Yoshinobu Yamamoto,0.0,0.0,0.0,0.0,0.0,183.1,15.0,0.0,172.0,,2.8509011469142544,0.9284543965046423,PIT,33.620540383950186,,The Fighting Phils,32.0,1,1.6205403839501855
8,27691,12.13163263650737,Louis Varland,0.0,0.0,0.0,0.0,0.0,78.2,6.0,33.0,93.0,,1.7263427109974423,1.0485933503836318,PIT,32.127307056235324,,Orange and Black Attack,10.0,2,22.127307056235324
9,27769,11.949781634242145,Pete Crow-Armstrong,706.0,35.0,112.0,97.0,39.0,0.0,0.0,0.0,0.0,0.28012519561815336,,,HIT,31.341782334230754,,Producers,17.0,1,14.341782334230754
10,19556,11.836566453983039,Yordan Alvarez,682.0,44.0,103.0,112.0,1.0,0.0,0.0,0.0,0.0,0.3180327868852459,,,HIT,30.852737336447213,,The Fighting Phils,31.0,1,-0.1472626635527874
11,25768,11.682555673646068,CJ Abrams,673.0,36.0,100.0,115.0,30.0,0.0,0.0,0.0,0.0,0.281505728314239,,,HIT,30.187471410480732,22.0,New York Polar Bears,22.0,2,8.187471410480732
12,19804,11.645063241987721,Bryan Baker,0.0,0.0,0.0,0.0,0.0,64.1,2.0,42.0,71.0,,2.106084243369735,0.93603744149766,PIT,30.025518869175823,,Orange and Black Attack,10.0,2,20.025518869175823
13,27867,11.44600334453732,Cade Smith,0.0,0.0,0.0,0.0,0.0,71.1,5.0,39.0,98.0,,2.5316455696202533,1.0970464135021099,PIT,29.16565849634748,,Pookie 2.0,10.0,1,19.16565849634748
14,25385,11.427659482867105,Drew Rasmussen,0.0,0.0,0.0,0.0,0.0,166.1,14.0,0.0,169.0,,2.8717639975918123,0.9512341962673089,PIT,29.086420237226033,,Orange and Black Attack,1.0,1,28.086420237226033
15,18525,11.089883135997567,Dylan Cease,0.0,0.0,0.0,0.0,0.0,177.1,10.0,0.0,250.0,,2.64257481648786,1.101072840203275,PIT,27.627359425521323,23.0,Spehr's Army,23.0,2,4.627359425521323
16,19569,11.071144594303473,David Bednar,0.0,0.0,0.0,0.0,0.0,70.2,7.0,36.0,80.0,,2.692307692307692,1.0683760683760684,PIT,27.54641630411055,,Lisbon Long Balls,10.0,1,17.54641630411055
17,22267,10.686176793275425,Tarik Skubal,0.0,0.0,0.0,0.0,0.0,153.2,11.0,0.0,184.0,,2.878590078328982,0.9399477806788512,PIT,25.883506993100962,,NPB No Stars,38.0,3,-12.116493006899038
18,21306,10.610605496110242,Jacob Latz,0.0,0.0,0.0,0.0,0.0,71.0,4.0,31.0,73.0,,2.408450704225352,0.8732394366197183,PIT,25.557068747186726,,Producers,10.0,2,15.557068747186726
19,21029,10.361270985190426,Jhoan Duran,0.0,0.0,0.0,0.0,0.0,58.1,3.0,33.0,81.0,,1.8588640275387263,0.9982788296041308,PIT,24.480041840891317,,The Fighting Phils,4.0,1,20.480041840891317
20,28163,10.351255241765399,Junior Caminero,698.0,46.0,98.0,106.0,3.0,0.0,0.0,0.0,0.0,0.2764612954186414,,,HIT,24.436777773211674,,Spehr's Army,11.0,1,13.436777773211674
21,10310,10.328891264740363,Zack Wheeler,0.0,0.0,0.0,0.0,0.0,156.1,13.0,0.0,183.0,,2.940422805893658,1.0185778347213326,PIT,24.34017419876513,14.0,Pookie 2.0,14.0,2,10.34017419876513
22,29518,10.297558182948674,James Wood,657.0,36.0,119.0,90.0,20.0,0.0,0.0,0.0,0.0,0.2639593908629442,,,HIT,24.20482762350641,,Spehr's Army,10.0,F,14.20482762350641
23,35333,10.224901491633029,Chase Burns,0.0,0.0,0.0,0.0,0.0,164.0,16.0,0.0,190.0,,2.908536585365854,1.1402439024390243,PIT,23.890979327172833,9.0,The Fighting Phils,9.0,2,14.890979327172833
24,14344,9.855666685285689,Matt Olson,703.0,44.0,111.0,99.0,2.0,0.0,0.0,0.0,0.0,0.2634069400630915,,,HIT,22.29603035797559,25.0,Orange and Black Attack,25.0,2,-2.7039696420244113
25,27475,9.831219736111416,Jordan Walker,667.0,29.0,91.0,106.0,19.0,0.0,0.0,0.0,0.0,0.27677100494233936,,,HIT,22.190429164059857,,Spehr's Army,10.0,2,12.190429164059857
26,30122,9.669500022755479,Gavin Williams,0.0,0.0,0.0,0.0,0.0,188.2,14.0,0.0,235.0,,3.538788522848034,1.0786397449521785,PIT,21.49186368301123,19.0,All-Stars,19.0,2,2.4918636830112284
27,31986,9.639407266506886,Parker Messick,0.0,0.0,0.0,0.0,0.0,176.2,11.0,0.0,175.0,,2.809307604994325,1.0839954597048809,PIT,21.361874825693572,,Orange and Black Attack,10.0,2,11.361874825693572
28,26668,9.492751719154713,Elly De La Cruz,625.0,27.0,95.0,80.0,31.0,0.0,0.0,0.0,0.0,0.27079646017699116,,,HIT,20.72838060993871,,All-Stars,15.0,F,5.728380609938711
29,14212,9.412734675913757,Josh Hader,0.0,0.0,0.0,0.0,0.0,43.0,6.0,25.0,62.0,,1.6744186046511629,0.8604651162790697,PIT,20.3827384915862,15.0,Orange and Black Attack,15.0,2,5.382738491586199
30,10233,9.365044192425508,Aroldis Chapman,0.0,0.0,0.0,0.0,0.0,55.2,4.0,35.0,72.0,,2.282608695652174,1.2318840579710144,PIT,20.176734382080475,,Lisbon Long Balls,2.0,1,18.176734382080475
31,19608,9.281838290664913,Otto Lopez,666.0,12.0,93.0,71.0,28.0,0.0,0.0,0.0,0.0,0.3092105263157895,,,HIT,19.817317650605414,,All-Stars,10.0,2,9.817317650605414
32,31505,9.274077089407227,Sal Stewart,682.0,32.0,87.0,114.0,16.0,0.0,0.0,0.0,0.0,0.2560777957860616,,,HIT,19.783792317313747,14.0,McBlocks,14.0,2,5.783792317313747
33,25764,9.235274591949207,Bobby Witt Jr.,616.0,19.0,85.0,63.0,42.0,0.0,0.0,0.0,0.0,0.2857142857142857,,,HIT,19.616180807621106,,Orange and Black Attack,39.0,F,-19.383819192378894
34,17722,9.032213464479266,Trevor Megill,0.0,0.0,0.0,0.0,0.0,62.1,4.0,26.0,74.0,,2.608695652173913,0.9178743961352657,PIT,18.73903669667956,1.0,McBlocks,1.0,2,17.73903669667956
35,19709,9.031921993258736,Fernando Tatis Jr.,698.0,18.0,91.0,76.0,33.0,0.0,0.0,0.0,0.0,0.2777777777777778,,,HIT,18.73777765577999,,Orange and Black Attack,34.0,F,-15.26222234422001
36,20348,9.014732919660922,Riley O'Brien,0.0,0.0,0.0,0.0,0.0,65.2,4.0,38.0,67.0,,3.312883435582822,1.1809815950920244,PIT,18.663527626408438,,Pookie 2.0,10.0,2,8.663527626408438
37,19251,8.975038494908771,Pete Alonso,696.0,35.0,96.0,105.0,6.0,0.0,0.0,0.0,0.0,0.25796178343949044,,,HIT,18.492063342020895,,Pookie 2.0,27.0,1,-8.507936657979105
38,12768,8.949129735314296,Sonny Gray,0.0,0.0,0.0,0.0,0.0,171.2,17.0,0.0,155.0,,3.101635514018692,1.1799065420560748,PIT,18.380147702709483,,Pookie 2.0,7.0,1,11.380147702709483
39,19959,8.923881918876631,Jesús Luzardo,0.0,0.0,0.0,0.0,0.0,191.2,13.0,0.0,231.0,,3.389121338912134,1.1506276150627617,PIT,18.271087077574773,,Spehr's Army,10.0,1,8.271087077574773
40,29576,8.92282907659033,Ben Rice,653.0,41.0,96.0,100.0,3.0,0.0,0.0,0.0,0.0,0.2534013605442177,,,HIT,18.26653921347747,,Lisbon Long Balls,10.0,1,8.266539213477468
41,22250,8.918508339507314,Logan Gilbert,0.0,0.0,0.0,0.0,0.0,184.1,11.0,0.0,194.0,,3.470939706681152,1.0211841390548615,PIT,18.24787533066289,,New York Polar Bears,12.0,F,6.24787533066289
42,16478,8.888113891762098,Kyle Schwarber,691.0,46.0,94.0,96.0,4.0,0.0,0.0,0.0,0.0,0.24552845528455283,,,HIT,18.116583284877397,,McBlocks,20.0,1,-1.8834167151226033
43,22186,8.819999882950095,Brice Turang,675.0,20.0,95.0,95.0,22.0,0.0,0.0,0.0,0.0,0.26721311475409837,,,HIT,17.82235758817967,,McBlocks,9.0,F,8.82235758817967
44,24262,8.791109578133465,Ceddanne Rafaela,651.0,21.0,84.0,86.0,22.0,0.0,0.0,0.0,0.0,0.28187919463087246,,,HIT,17.697562847556732,,McBlocks,1.0,1,16.697562847556732
45,16578,8.770110175902747,Yandy Díaz,680.0,22.0,89.0,90.0,4.0,0.0,0.0,0.0,0.0,0.3008130081300813,,,HIT,17.60685369889068,13.0,New York Polar Bears,13.0,2,4.606853698890681
46,29715,8.76269027390472,Hunter Goodman,607.0,43.0,88.0,92.0,6.0,0.0,0.0,0.0,0.0,0.25316455696202533,,,HIT,17.574802644006745,,McBlocks,10.0,1,7.574802644006745
47,21622,8.75075300815858,Jake McCarthy,545.0,16.0,76.0,84.0,27.0,0.0,0.0,0.0,0.0,0.29838709677419356,,,HIT,17.523238356541032,,Pookie 2.0,10.0,2,7.523238356541032
48,25931,8.65882347620912,Michael Harris II,620.0,26.0,79.0,89.0,10.0,0.0,0.0,0.0,0.0,0.2912280701754386,,,HIT,17.126138977768903,18.0,New York Polar Bears,18.0,2,-0.8738610222310967
49,27615,8.598038849226565,Alec Burleson,667.0,25.0,83.0,104.0,4.0,0.0,0.0,0.0,0.0,0.2833607907742998,,,HIT,16.863573324471133,,Producers,7.0,1,9.863573324471133
50,24816,8.578981992407348,Andy Pages,675.0,25.0,86.0,99.0,14.0,0.0,0.0,0.0,0.0,0.26753670473083196,,,HIT,16.781255207063325,,New York Polar Bears,10.0,1,6.7812552070633245
51,11579,8.498733362726178,Bryce Harper,681.0,32.0,95.0,94.0,10.0,0.0,0.0,0.0,0.0,0.2540983606557377,,,HIT,16.434612726481276,,Pookie 2.0,16.0,F,0.43461272648127647
52,19290,8.454345568641683,Randy Arozarena,645.0,20.0,97.0,69.0,27.0,0.0,0.0,0.0,0.0,0.2694300518134715,,,HIT,16.2428749346941,,New York Polar Bears,11.0,1,5.2428749346941
53,20373,8.404814933660186,Andrés Muñoz,0.0,0.0,0.0,0.0,0.0,58.2,7.0,28.0,88.0,,3.556701030927835,1.1512027491408934,PIT,16.02892209533716,,NPB No Stars,13.0,2,3.0289220953371583
54,20178,8.323355205540715,Miguel Vargas,692.0,32.0,105.0,89.0,15.0,0.0,0.0,0.0,0.0,0.23671497584541062,,,HIT,15.677048146397961,,All-Stars,10.0,2,5.677048146397961
55,5361,8.298201755839195,Freddie Freeman,676.0,21.0,80.0,79.0,7.0,0.0,0.0,0.0,0.0,0.3016393442622951,,,HIT,15.568395148404445,26.0,NPB No Stars,26.0,2,-10.431604851595555
56,29490,8.281388212792812,Jackson Merrill,661.0,25.0,83.0,85.0,27.0,0.0,0.0,0.0,0.0,0.25165562913907286,,,HIT,15.495767263141769,,McBlocks,10.0,F,5.495767263141769
57,11609,8.262511115565541,Willson Contreras,620.0,30.0,79.0,95.0,4.0,0.0,0.0,0.0,0.0,0.27617328519855594,,,HIT,15.414225636386924,1.0,Spehr's Army,11.0,2,4.414225636386924
58,12730,8.222452129590934,Nick Martinez,0.0,0.0,0.0,0.0,0.0,186.0,15.0,0.0,111.0,,3.096774193548387,1.1344086021505377,PIT,15.241186591072266,,Producers,10.0,2,5.241186591072266
59,27464,8.180605565742225,Dillon Dingler,618.0,32.0,83.0,103.0,0.0,0.0,0.0,0.0,0.0,0.26512455516014233,,,HIT,15.06042591323909,,NPB No Stars,10.0,2,5.06042591323909
60,31807,8.152299873622177,Troy Melton,0.0,0.0,0.0,0.0,0.0,119.0,9.0,0.0,104.0,,2.3445378151260505,1.0252100840336134,PIT,14.93815646926144,,NPB No Stars,10.0,2,4.93815646926144
61,17130,8.07126935915757,Raisel Iglesias,0.0,0.0,0.0,0.0,0.0,60.2,2.0,32.0,67.0,,2.990033222591362,1.112956810631229,PIT,14.58813655429906,3.0,McBlocks,3.0,2,11.58813655429906
62,33572,8.069657939354492,Kevin McGonigle,683.0,17.0,101.0,67.0,14.0,0.0,0.0,0.0,0.0,0.2838499184339315,,,HIT,14.581175855281304,13.0,Pookie 2.0,13.0,2,1.5811758552813036
63,33677,8.04470720285244,Paul Skenes,0.0,0.0,0.0,0.0,0.0,177.2,12.0,0.0,216.0,,3.6568848758465013,1.1060948081264108,PIT,14.473398498486763,,McBlocks,15.0,1,-0.5266015015132375
64,16252,7.999276955423402,Trea Turner,688.0,22.0,105.0,65.0,23.0,0.0,0.0,0.0,0.0,0.25477707006369427,,,HIT,14.277157718739803,32.0,Lisbon Long Balls,32.0,2,-17.7228422812602
65,15194,7.951736591521875,Jake Bauers,543.0,27.0,86.0,85.0,11.0,0.0,0.0,0.0,0.0,0.26434426229508196,,,HIT,14.071802066735875,,Pookie 2.0,10.0,2,4.071802066735875
66,20391,7.875793312395865,Luis García Jr.,516.0,29.0,66.0,96.0,6.0,0.0,0.0,0.0,0.0,0.2769556025369979,,,HIT,13.743757005226845,,Orange and Black Attack,8.0,2,5.743757005226845
67,25878,7.868371033848566,Corbin Carroll,670.0,23.0,99.0,77.0,23.0,0.0,0.0,0.0,0.0,0.24378109452736318,,,HIT,13.711695684585873,36.0,The Fighting Phils,36.0,2,-22.288304315414127
68,23697,7.849815303489702,Julio Rodríguez,646.0,25.0,78.0,75.0,22.0,0.0,0.0,0.0,0.0,0.2606473594548552,,,HIT,13.631542236157362,43.0,NPB No Stars,43.0,2,-29.36845776384264
69,29878,7.841924474538547,Sean Burke,0.0,0.0,0.0,0.0,0.0,184.2,9.0,0.0,202.0,,3.273615635179153,1.1292073832790446,PIT,13.597456962273627,,Orange and Black Attack,10.0,2,3.597456962273627
70,28806,7.824128674148297,Jackson Chourio,554.0,23.0,82.0,72.0,16.0,0.0,0.0,0.0,0.0,0.2766798418972332,,,HIT,13.520586112070603,,McBlocks,14.0,F,-0.47941388792939676
71,30116,7.818783313158203,Seiya Suzuki,608.0,27.0,85.0,92.0,3.0,0.0,0.0,0.0,0.0,0.26824817518248173,,,HIT,13.497496257445366,,Spehr's Army,16.0,F,-2.5025037425546337
72,16432,7.777086244036663,Foster Griffin,0.0,0.0,0.0,0.0,0.0,176.1,14.0,0.0,164.0,,3.475298126064736,1.135718341851221,PIT,13.317381337966767,,New York Polar Bears,10.0,2,3.3173813379667667
73,18882,7.776292131080335,Brandon Lowe,645.0,31.0,92.0,94.0,3.0,0.0,0.0,0.0,0.0,0.24957264957264957,,,HIT,13.313951082694652,,Spehr's Army,1.0,1,12.313951082694652
74,23772,7.695047090889459,Wilyer Abreu,664.0,28.0,86.0,86.0,10.0,0.0,0.0,0.0,0.0,0.25375626043405675,,,HIT,12.963004501068953,,Pookie 2.0,1.0,2,11.963004501068953
75,19326,7.692081224115282,Bryan Reynolds,693.0,20.0,101.0,82.0,9.0,0.0,0.0,0.0,0.0,0.2624,,,HIT,12.950193124478956,4.0,NPB No Stars,4.0,2,8.950193124478956
76,21837,7.6896465733725705,Jonathan Aranda,682.0,21.0,78.0,97.0,0.0,0.0,0.0,0.0,0.0,0.2822185970636215,,,HIT,12.939676391967044,19.0,All-Stars,19.0,2,-6.060323608032956
77,33927,7.485516133955894,Grant Taylor,0.0,0.0,0.0,0.0,0.0,82.1,5.0,12.0,105.0,,2.5213154689403168,1.071863580998782,PIT,12.057913274480397,,All-Stars,10.0,2,2.0579132744803967
78,16556,7.44290821340882,Ozzie Albies,684.0,25.0,94.0,84.0,4.0,0.0,0.0,0.0,0.0,0.2576489533011272,,,HIT,11.873863835511019,5.0,Pookie 2.0,5.0,2,6.873863835511019
79,31539,7.439490433327849,Drake Baldwin,589.0,27.0,84.0,82.0,2.0,0.0,0.0,0.0,0.0,0.26879699248120303,,,HIT,11.859100371386354,,Pookie 2.0,10.0,1,1.8591003713863543
80,25976,7.434972370842738,Riley Greene,663.0,23.0,88.0,78.0,4.0,0.0,0.0,0.0,0.0,0.27212020033388984,,,HIT,11.839584120535891,,Lisbon Long Balls,3.0,F,8.839584120535891
81,18568,7.419150559542601,Luis Arraez,669.0,7.0,76.0,66.0,12.0,0.0,0.0,0.0,0.0,0.3114754098360656,,,HIT,11.771240125901082,,The Fighting Phils,11.0,1,0.7712401259010822
82,31347,7.391503431064747,Zach Neto,696.0,27.0,100.0,73.0,21.0,0.0,0.0,0.0,0.0,0.22857142857142856,,,HIT,11.651815417533973,,Producers,1.0,1,10.651815417533973
83,13613,7.37397685599627,Ketel Marte,674.0,28.0,86.0,88.0,5.0,0.0,0.0,0.0,0.0,0.2512315270935961,,,HIT,11.576107514707692,,All-Stars,13.0,F,-1.423892485292308
84,17586,7.369048109289008,Tanner Scott,0.0,0.0,0.0,0.0,0.0,64.2,2.0,19.0,79.0,,2.5233644859813085,0.9657320872274143,PIT,11.55481726973337,,,,,
85,33703,7.364256800936279,Nolan McLean,0.0,0.0,0.0,0.0,0.0,177.2,11.0,0.0,202.0,,3.5045146726862306,1.1568848758465011,PIT,11.534120704331292,20.0,Spehr's Army,20.0,2,-8.465879295668708
86,18684,7.356623485800651,Sandy Alcantara,0.0,0.0,0.0,0.0,0.0,213.2,16.0,0.0,169.0,,3.672607879924953,1.177298311444653,PIT,11.501147788728977,9.0,McBlocks,9.0,2,2.501147788728977
87,20454,7.30683226863538,Jazz Chisholm Jr.,584.0,24.0,74.0,68.0,40.0,0.0,0.0,0.0,0.0,0.222011385199241,,,HIT,11.286069336948024,,The Fighting Phils,15.0,F,-3.7139306630519755
88,27474,7.286884735933322,Max Meyer,0.0,0.0,0.0,0.0,0.0,128.0,10.0,0.0,138.0,,2.8125,1.1484375,PIT,11.199903850449315,,New York Polar Bears,10.0,2,1.1999038504493154
89,18314,7.277885814953527,Dansby Swanson,623.0,23.0,99.0,87.0,21.0,0.0,0.0,0.0,0.0,0.21946902654867256,,,HIT,11.161032055337158,3.0,Pookie 2.0,3.0,2,8.161032055337158
90,35177,7.270914005145669,Carson Benge,619.0,17.0,81.0,63.0,22.0,0.0,0.0,0.0,0.0,0.26916221033868093,,,HIT,11.130916582268721,15.0,Orange and Black Attack,15.0,2,-3.8690834177312787
91,31912,7.159061482429955,Chandler Simpson,591.0,0.0,66.0,35.0,45.0,0.0,0.0,0.0,0.0,0.3031423290203327,,,HIT,10.647757728496632,3.0,NPB No Stars,3.0,2,7.647757728496632
92,17350,7.139330548882646,Rafael Devers,681.0,32.0,85.0,87.0,0.0,0.0,0.0,0.0,0.0,0.2463295269168026,,,HIT,10.562527865055817,,Lisbon Long Balls,30.0,F,-19.437472134944183
93,14161,7.1306145859034835,Byron Buxton,486.0,32.0,77.0,62.0,10.0,0.0,0.0,0.0,0.0,0.2585034013605442,,,HIT,10.524878337085532,,All-Stars,8.0,1,2.524878337085532
94,21483,7.118758921199176,Shane McClanahan,0.0,0.0,0.0,0.0,0.0,137.0,12.0,0.0,130.0,,3.153284671532847,1.1386861313868613,PIT,10.473666533988359,,The Fighting Phils,1.0,1,9.473666533988359
95,20202,7.085007813354291,Brandon Marsh,590.0,20.0,79.0,67.0,13.0,0.0,0.0,0.0,0.0,0.2718808193668529,,,HIT,10.327875038330102,,All-Stars,10.0,2,0.32787503833010234
96,37120,7.0735971331151015,Munetaka Murakami,536.0,35.0,86.0,78.0,3.0,0.0,0.0,0.0,0.0,0.23628691983122363,,,HIT,10.278585392899943,,Lisbon Long Balls,10.0,2,0.27858539289994333
97,35041,7.066991636316528,Jac Caglianone,587.0,28.0,73.0,73.0,6.0,0.0,0.0,0.0,0.0,0.26591760299625467,,,HIT,10.250052247787915,13.0,The Fighting Phils,13.0,2,-2.749947752212085
98,13510,7.060510028612494,José Ramírez,549.0,16.0,76.0,59.0,38.0,0.0,0.0,0.0,0.0,0.242914979757085,,,HIT,10.222054254780275,43.0,Lisbon Long Balls,43.0,2,-32.777945745219725
99,23733,7.051686403010995,Ezequiel Duran,574.0,17.0,72.0,83.0,13.0,0.0,0.0,0.0,0.0,0.2695984703632887,,,HIT,10.183939666675993,,Producers,10.0,2,0.18393966667599315
100,17995,7.0378561510407085,Logan Webb,0.0,0.0,0.0,0.0,0.0,185.0,11.0,0.0,150.0,,3.502702702702703,1.1027027027027028,PIT,10.124198424126403,27.0,Spehr's Army,27.0,2,-16.875801575873595
101,22266,7.030119940633206,Xavier Edwards,669.0,8.0,74.0,59.0,25.0,0.0,0.0,0.0,0.0,0.28429752066115704,,,HIT,10.09078104146684,,Producers,10.0,1,0.0907810414668404
102,13164,7.012791096278914,Eduardo Rodriguez,0.0,0.0,0.0,0.0,0.0,186.1,14.0,0.0,137.0,,3.046749059645352,1.2681354110693177,PIT,10.015927257465073,,New York Polar Bears,10.0,2,0.01592725746507284
103,19996,6.955570077414077,Dylan Lee,0.0,0.0,0.0,0.0,0.0,71.1,6.0,1.0,87.0,,2.1518987341772156,0.8298171589310831,PIT,9.76875498798776,,,,,
104,27490,6.950081989082033,Nick Gonzales,632.0,9.0,81.0,70.0,6.0,0.0,0.0,0.0,0.0,0.2986111111111111,,,HIT,9.745048607447291,,Orange and Black Attack,10.0,2,-0.2549513925527087
105,10954,6.921266834086866,Jacob deGrom,0.0,0.0,0.0,0.0,0.0,162.2,11.0,0.0,192.0,,3.773119605425401,1.1097410604192355,PIT,9.620578484461197,,Pookie 2.0,21.0,F,-11.379421515538803
106,21479,6.90897477852616,Nico Hoerner,694.0,10.0,71.0,74.0,26.0,0.0,0.0,0.0,0.0,0.26424050632911394,,,HIT,9.567481644702754,,Pookie 2.0,1.0,1,8.567481644702754
107,20123,6.893750424588591,Juan Soto,455.0,26.0,61.0,66.0,10.0,0.0,0.0,0.0,0.0,0.28217821782178215,,,HIT,9.50171843061243,,The Fighting Phils,36.0,1,-26.498281569387572
108,26294,6.889025360531273,Bryson Stott,587.0,11.0,68.0,69.0,29.0,0.0,0.0,0.0,0.0,0.2650375939849624,,,HIT,9.481308014481398,,Spehr's Army,10.0,2,-0.5186919855186023
109,21711,6.860922496035816,Oneil Cruz,405.0,20.0,62.0,61.0,28.0,0.0,0.0,0.0,0.0,0.2602739726027397,,,HIT,9.3599147059742,20.0,All-Stars,20.0,2,-10.6400852940258
110,34985,6.853187292730977,JJ Wetherholt,681.0,20.0,97.0,63.0,16.0,0.0,0.0,0.0,0.0,0.2463295269168026,,,HIT,9.326501673601573,5.0,Pookie 2.0,5.0,2,4.326501673601573
111,18839,6.839102603898689,Josh Naylor,643.0,15.0,62.0,64.0,29.0,0.0,0.0,0.0,0.0,0.2636986301369863,,,HIT,9.265661363998177,,Spehr's Army,9.0,F,0.2656613639981771
112,33824,6.807676041618346,Jung Hoo Lee,617.0,12.0,77.0,63.0,10.0,0.0,0.0,0.0,0.0,0.2912966252220249,,,HIT,9.129910989838448,,,,,
113,21636,6.775449760993438,Jeremy Peña,481.0,18.0,77.0,57.0,12.0,0.0,0.0,0.0,0.0,0.2853881278538813,,,HIT,8.990706147336667,,McBlocks,10.0,1,-1.0092938526633333
114,29995,6.753563268624611,Daylen Lile,650.0,19.0,79.0,80.0,15.0,0.0,0.0,0.0,0.0,0.2478920741989882,,,HIT,8.896165118584989,8.0,Spehr's Army,8.0,2,0.8961651185849888
115,18345,6.735101200957824,Kyle Tucker,633.0,18.0,91.0,78.0,12.0,0.0,0.0,0.0,0.0,0.24558303886925795,,,HIT,8.816416256104532,,McBlocks,33.0,F,-24.18358374389547
116,29805,6.718019247497812,TJ Rumfield,618.0,17.0,67.0,76.0,1.0,0.0,0.0,0.0,0.0,0.2910714285714286,,,HIT,8.742628943547405,,New York Polar Bears,10.0,2,-1.2573710564525946
117,13743,6.716278104553258,Max Fried,0.0,0.0,0.0,0.0,0.0,127.1,8.0,0.0,118.0,,3.044846577498033,1.046420141620771,PIT,8.735107891639775,,New York Polar Bears,17.0,1,-8.264892108360225
118,29844,6.646464823271748,Liam Hicks,551.0,18.0,69.0,82.0,4.0,0.0,0.0,0.0,0.0,0.2762096774193548,,,HIT,8.433542006999215,,New York Polar Bears,10.0,2,-1.5664579930007854
119,18383,6.607085472912645,Michael Soroka,0.0,0.0,0.0,0.0,0.0,123.1,11.0,0.0,119.0,,3.1437855402112107,1.1291632818846467,PIT,8.26343871992225,,Orange and Black Attack,10.0,2,-1.7365612800777495
120,37123,6.58873890461935,Kazuma Okamoto,629.0,31.0,79.0,94.0,1.0,0.0,0.0,0.0,0.0,0.22847100175746923,,,HIT,8.184188769254897,11.0,Spehr's Army,11.0,2,-2.815811230745103
121,13301,6.574442834153383,Max Muncy,546.0,28.0,80.0,74.0,3.0,0.0,0.0,0.0,0.0,0.2474437627811861,,,HIT,8.122435374230117,1.0,,,,
122,13301,6.574442834153383,Max Muncy,546.0,28.0,80.0,74.0,3.0,0.0,0.0,0.0,0.0,0.2474437627811861,,,HIT,8.122435374230117,4.0,,,,
123,20599,6.57162910851282,Iván Herrera,689.0,18.0,94.0,68.0,9.0,0.0,0.0,0.0,0.0,0.2524271844660194,,,HIT,8.110281187428455,1.0,Producers,1.0,2,7.1102811874284555
124,20039,6.547212835566431,Adrian Morejon,0.0,0.0,0.0,0.0,0.0,80.1,10.0,3.0,95.0,,2.9213483146067416,1.073657927590512,PIT,8.004812502737751,,,,,
125,25679,6.540676794473513,Kevin Kelly,0.0,0.0,0.0,0.0,0.0,72.0,6.0,5.0,58.0,,2.375,0.8888888888888888,PIT,7.976579378924462,,,,,
126,35466,6.514503670870632,Payton Tolle,0.0,0.0,0.0,0.0,0.0,141.0,9.0,0.0,162.0,,3.382978723404255,1.127659574468085,PIT,7.863521791195808,,Lisbon Long Balls,10.0,2,-2.136478208804192
127,13419,6.495638787152095,Christian Walker,651.0,29.0,79.0,90.0,1.0,0.0,0.0,0.0,0.0,0.23429541595925296,,,HIT,7.782032921989359,,,,,
128,32127,6.490732539259777,Chase DeLauter,565.0,17.0,62.0,74.0,9.0,0.0,0.0,0.0,0.0,0.27788649706457924,,,HIT,7.760839863036195,5.0,Orange and Black Attack,5.0,2,2.760839863036195
129,26289,6.486882594027171,Gunnar Henderson,716.0,26.0,95.0,70.0,14.0,0.0,0.0,0.0,0.0,0.2241112828438949,,,HIT,7.744209615630878,36.0,Spehr's Army,36.0,2,-28.25579038436912
130,11493,6.475648268849726,Manny Machado,667.0,30.0,82.0,93.0,4.0,0.0,0.0,0.0,0.0,0.22185430463576158,,,HIT,7.695681754623818,,McBlocks,20.0,F,-12.304318245376182
131,27467,6.462785865460834,Tyler Soderstrom,607.0,26.0,76.0,80.0,3.0,0.0,0.0,0.0,0.0,0.24727272727272728,,,HIT,7.640121236834457,,Producers,10.0,1,-2.3598787631655433
132,12927,6.408616234474863,Brandon Nimmo,645.0,18.0,69.0,65.0,8.0,0.0,0.0,0.0,0.0,0.273972602739726,,,HIT,7.406129761443605,8.0,,,,
133,30279,6.404918827600257,Bryan Woo,0.0,0.0,0.0,0.0,0.0,177.1,11.0,0.0,177.0,,3.9638622247317903,1.0841332580463015,PIT,7.390158419679557,,Orange and Black Attack,13.0,2,-5.609841580320443
134,10155,6.395623455709659,Mike Trout,603.0,27.0,90.0,60.0,11.0,0.0,0.0,0.0,0.0,0.2332089552238806,,,HIT,7.350006073366712,4.0,All-Stars,4.0,2,3.3500060733667123
135,35101,6.388243470592239,Sam Antonacci,550.0,10.0,82.0,53.0,21.0,0.0,0.0,0.0,0.0,0.2693877551020408,,,HIT,7.318127443688861,,NPB No Stars,10.0,2,-2.6818725563111387
136,22100,6.381405783012165,José Soriano,0.0,0.0,0.0,0.0,0.0,169.2,12.0,0.0,170.0,,3.3510638297872344,1.2529550827423168,PIT,7.2885913258309145,1.0,NPB No Stars,1.0,2,6.2885913258309145
137,29646,6.372747104105735,Caleb Durbin,584.0,14.0,76.0,73.0,20.0,0.0,0.0,0.0,0.0,0.24667931688804554,,,HIT,7.251189242497986,1.0,Orange and Black Attack,1.0,2,6.251189242497986
138,13145,6.36504133688937,Josh Bell,612.0,21.0,75.0,90.0,1.0,0.0,0.0,0.0,0.0,0.2509025270758123,,,HIT,7.217903362436469,,,,,
139,29712,6.344021725229088,Colson Montgomery,650.0,35.0,75.0,95.0,2.0,0.0,0.0,0.0,0.0,0.21428571428571427,,,HIT,7.1271069169926005,5.0,Lisbon Long Balls,5.0,2,2.1271069169926005
140,19612,6.338566061322602,Bo Bichette,687.0,15.0,77.0,81.0,2.0,0.0,0.0,0.0,0.0,0.26677316293929715,,,HIT,7.10354059720272,,The Fighting Phils,17.0,1,-9.89645940279728
141,19611,6.293924374598273,Vladimir Guerrero Jr.,646.0,13.0,82.0,69.0,9.0,0.0,0.0,0.0,0.0,0.2646048109965636,,,HIT,6.910706089187199,,NPB No Stars,35.0,1,-28.0892939108128
142,22275,6.289833911145458,Jake Burger,627.0,27.0,68.0,93.0,2.0,0.0,0.0,0.0,0.0,0.23734729493891799,,,HIT,6.893036897779853,,,,,
143,22664,6.288494177432783,Gabriel Moreno,515.0,11.0,65.0,69.0,5.0,0.0,0.0,0.0,0.0,0.2995689655172414,,,HIT,6.887249775690338,,The Fighting Phils,1.0,2,5.887249775690338
144,23793,6.287406916751145,Braxton Ashcraft,0.0,0.0,0.0,0.0,0.0,175.1,14.0,0.0,189.0,,4.009137635636779,1.1764705882352942,PIT,6.882553237678166,,All-Stars,10.0,2,-3.1174467623218343
145,20191,6.281344378149606,Garrett Whitlock,0.0,0.0,0.0,0.0,0.0,61.0,8.0,3.0,69.0,,2.360655737704918,0.9508196721311475,PIT,6.856365458175744,,,,,
146,19956,6.266902865969663,Mickey Moniak,435.0,26.0,57.0,73.0,3.0,0.0,0.0,0.0,0.0,0.2695214105793451,,,HIT,6.793983812217423,1.0,Orange and Black Attack,1.0,2,5.793983812217423
147,18401,6.248341635754122,Ronald Acuña Jr.,466.0,20.0,69.0,49.0,23.0,0.0,0.0,0.0,0.0,0.2524271844660194,,,HIT,6.713806606573757,,Pookie 2.0,26.0,1,-19.28619339342624
148,31580,6.246743932680592,Chase Meidroth,646.0,14.0,89.0,61.0,5.0,0.0,0.0,0.0,0.0,0.2689655172413793,,,HIT,6.706905158426387,,,,,
149,17982,6.228421816201349,Ty France,486.0,22.0,59.0,70.0,1.0,0.0,0.0,0.0,0.0,0.2834467120181406,,,HIT,6.627760829967303,,Producers,10.0,2,-3.372239170032697
150,16530,6.195668060993983,Mauricio Dubón,622.0,13.0,72.0,79.0,8.0,0.0,0.0,0.0,0.0,0.26362038664323373,,,HIT,6.48627750497387,,New York Polar Bears,10.0,2,-3.51372249502613
151,17678,6.189241040792084,Alex Bregman,711.0,18.0,88.0,74.0,4.0,0.0,0.0,0.0,0.0,0.25,,,HIT,6.458515308480442,,Orange and Black Attack,12.0,F,-5.541484691519558
152,31595,6.171216409281654,Brooks Lee,611.0,21.0,68.0,80.0,9.0,0.0,0.0,0.0,0.0,0.2459605026929982,,,HIT,6.380655997945462,,New York Polar Bears,10.0,2,-3.6193440020545378
153,9777,6.144380233243826,Nolan Arenado,598.0,23.0,72.0,79.0,5.0,0.0,0.0,0.0,0.0,0.24493554327808473,,,HIT,6.264734284789131,,NPB No Stars,8.0,2,-1.7352657152108693
154,33829,6.139772015313058,Shota Imanaga,0.0,0.0,0.0,0.0,0.0,181.1,11.0,0.0,172.0,,3.876311430149089,1.120927664273882,PIT,6.244828597914096,14.0,Producers,14.0,2,-7.755171402085904
155,26319,6.131091566324712,Michael Busch,708.0,21.0,73.0,86.0,3.0,0.0,0.0,0.0,0.0,0.24646781789638933,,,HIT,6.207332476399733,,Spehr's Army,10.0,F,-3.792667523600267
156,20503,6.079492509733199,William Contreras,629.0,15.0,77.0,78.0,2.0,0.0,0.0,0.0,0.0,0.26278659611992944,,,HIT,5.984444870173449,11.0,Producers,11.0,?,-5.015555129826551
157,27702,6.076346531517462,Brent Headrick,0.0,0.0,0.0,0.0,0.0,77.1,7.0,0.0,92.0,,1.9844357976653697,1.1284046692607004,PIT,5.970855483078706,,,,,
158,27758,6.073859754894595,Kyle Harrison,0.0,0.0,0.0,0.0,0.0,127.1,11.0,0.0,153.0,,3.6113296616837136,1.1565696302124313,PIT,5.96011358729022,,Lisbon Long Balls,10.0,2,-4.03988641270978
159,22799,6.065635211672926,Geraldo Perdomo,668.0,12.0,79.0,59.0,23.0,0.0,0.0,0.0,0.0,0.24705882352941178,,,HIT,5.924586799165104,,New York Polar Bears,10.0,1,-4.075413200834896
160,13580,6.05125662119175,Steven Okert,0.0,0.0,0.0,0.0,0.0,74.1,6.0,1.0,78.0,,2.4291497975708505,0.9311740890688259,PIT,5.862476950168671,,,,,
161,31475,6.0120372425583115,Logan Henderson,0.0,0.0,0.0,0.0,0.0,88.1,9.0,0.0,104.0,,3.269012485811578,0.9988649262202044,PIT,5.693064677954237,,McBlocks,10.0,2,-4.306935322045763
162,17919,5.978280852718947,Ian Happ,662.0,26.0,92.0,71.0,6.0,0.0,0.0,0.0,0.0,0.2222222222222222,,,HIT,5.547250366159731,10.0,,,,
163,17338,5.975226243830124,Willi Castro,538.0,17.0,71.0,63.0,10.0,0.0,0.0,0.0,0.0,0.26078028747433263,,,HIT,5.534055658578601,,,,,
164,20572,5.974507811457804,Kody Clemens,553.0,26.0,70.0,72.0,10.0,0.0,0.0,0.0,0.0,0.23015873015873015,,,HIT,5.530952313628526,,NPB No Stars,10.0,2,-4.469047686371474
165,20220,5.9697972196732945,Jo Adell,644.0,24.0,68.0,88.0,5.0,0.0,0.0,0.0,0.0,0.23378839590443687,,,HIT,5.510604412017254,,The Fighting Phils,1.0,1,4.510604412017254
166,31680,5.9694056790723,Cole Young,639.0,18.0,72.0,70.0,5.0,0.0,0.0,0.0,0.0,0.25906735751295334,,,HIT,5.508913110798571,,,,,
167,15998,5.946615224286887,Cody Bellinger,542.0,15.0,66.0,68.0,12.0,0.0,0.0,0.0,0.0,0.2606924643584521,,,HIT,5.410467320362076,23.0,Producers,23.0,2,-17.589532679637923
168,31204,5.9164926241391305,Justin Wrobleski,0.0,0.0,0.0,0.0,0.0,157.1,13.0,0.0,127.0,,3.723742838956079,1.1521323997453852,PIT,5.280349549151714,,Pookie 2.0,10.0,2,-4.719650450848286
169,24617,5.912406597838783,Jarren Duran,625.0,21.0,71.0,79.0,23.0,0.0,0.0,0.0,0.0,0.2112676056338028,,,HIT,5.262699524495799,,Spehr's Army,1.0,?,4.262699524495799
170,22630,5.885071751556507,Keider Montero,0.0,0.0,0.0,0.0,0.0,163.1,10.0,1.0,118.0,,3.641937461679951,1.0974862047823422,PIT,5.144623752245691,,,,,
171,27768,5.863828621070419,Eury Pérez,0.0,0.0,0.0,0.0,0.0,151.2,8.0,0.0,165.0,,3.5714285714285716,1.130952380952381,PIT,5.052861793489734,,Spehr's Army,10.0,1,-4.947138206510266
172,25327,5.855755717285727,Abner Uribe,0.0,0.0,0.0,0.0,0.0,65.1,5.0,8.0,67.0,,2.350230414746544,1.0752688172043012,PIT,5.017990028021041,,,,,
173,35110,5.846542236697768,Nick Kurtz,434.0,21.0,62.0,69.0,7.0,0.0,0.0,0.0,0.0,0.25569620253164554,,,HIT,4.97819141988912,,NPB No Stars,10.0,1,-5.02180858011088
174,27465,5.8103452776008675,Spencer Torkelson,635.0,28.0,73.0,83.0,0.0,0.0,0.0,0.0,0.0,0.2286212914485166,,,HIT,4.821834809929202,1.0,NPB No Stars,1.0,2,3.821834809929202
175,20036,5.809898313891337,Isaac Paredes,652.0,21.0,62.0,84.0,0.0,0.0,0.0,0.0,0.0,0.252991452991453,,,HIT,4.819904102705698,,McBlocks,2.0,F,2.8199041027056984
176,13125,5.806273057378349,Gerrit Cole,0.0,0.0,0.0,0.0,0.0,129.2,9.0,0.0,135.0,,3.5526315789473686,1.0990712074303406,PIT,4.804244422093067,16.0,The Fighting Phils,16.0,2,-11.195755577906933
177,23590,5.7988057754919,Ben Brown,0.0,0.0,0.0,0.0,0.0,75.0,4.0,1.0,73.0,,2.04,0.96,PIT,4.771988704748008,,Spehr's Army,10.0,2,-5.228011295251992
178,33333,5.780323626509441,Wyatt Langford,457.0,20.0,63.0,53.0,13.0,0.0,0.0,0.0,0.0,0.25970873786407767,,,HIT,4.692153098891303,26.0,New York Polar Bears,26.0,2,-21.307846901108697
179,26368,5.76895049384309,JJ Bleday,546.0,28.0,67.0,70.0,8.0,0.0,0.0,0.0,0.0,0.22653061224489796,,,HIT,4.643025644190633,,Lisbon Long Balls,10.0,2,-5.356974355809367
180,29766,5.749029061065916,Zack Gelof,409.0,18.0,66.0,51.0,13.0,0.0,0.0,0.0,0.0,0.2641509433962264,,,HIT,4.556972899090009,,Pookie 2.0,10.0,2,-5.443027100909991
181,19853,5.747339709370343,Michael King,0.0,0.0,0.0,0.0,0.0,178.1,10.0,0.0,162.0,,3.4868051656372825,1.2128017967434026,PIT,4.5496755649840495,,All-Stars,3.0,F,1.5496755649840495
182,29837,5.737620502714683,Bryce Miller,0.0,0.0,0.0,0.0,0.0,123.0,7.0,0.0,121.0,,3.4390243902439024,1.032520325203252,PIT,4.507692419380279,,All-Stars,1.0,F,3.5076924193802794
183,15986,5.722405840887477,Willy Adames,652.0,26.0,79.0,68.0,8.0,0.0,0.0,0.0,0.0,0.22504230118443316,,,HIT,4.441971071390245,15.0,New York Polar Bears,15.0,2,-10.558028928609755
184,23401,5.721858224259945,José Caballero,442.0,14.0,48.0,51.0,36.0,0.0,0.0,0.0,0.0,0.24,,,HIT,4.439605583195245,14.0,The Fighting Phils,14.0,2,-9.560394416804755
185,23690,5.715529398439808,Brayan Rocchio,619.0,12.0,62.0,67.0,19.0,0.0,0.0,0.0,0.0,0.25133689839572193,,,HIT,4.412267547764857,,All-Stars,10.0,2,-5.587732452235143
186,26438,5.7121669501965835,Dominic Canzone,502.0,25.0,60.0,70.0,2.0,0.0,0.0,0.0,0.0,0.25164113785557984,,,HIT,4.3977430953911405,,Lisbon Long Balls,10.0,2,-5.6022569046088595
187,20352,5.705963281399372,Ernie Clement,630.0,12.0,67.0,55.0,6.0,0.0,0.0,0.0,0.0,0.28027681660899656,,,HIT,4.3709456890164935,,All-Stars,10.0,2,-5.6290543109835065
188,11899,5.6842701338704344,Joc Pederson,476.0,28.0,64.0,59.0,3.0,0.0,0.0,0.0,0.0,0.24766355140186916,,,HIT,4.27723983383941,,,,,
189,25979,5.650161082039545,Nasim Nuñez,531.0,2.0,62.0,45.0,52.0,0.0,0.0,0.0,0.0,0.22851153039832284,,,HIT,4.1299021611098325,,McBlocks,10.0,2,-5.8700978388901675
190,16442,5.647558050793308,Ryan O'Hearn,430.0,18.0,58.0,73.0,1.0,0.0,0.0,0.0,0.0,0.2717948717948718,,,HIT,4.118658091126171,,McBlocks,10.0,2,-5.881341908873829
191,19274,5.647543172125362,Jacob Webb,0.0,0.0,0.0,0.0,0.0,69.0,5.0,11.0,77.0,,2.739130434782609,1.1884057971014492,PIT,4.1185938211394415,,,,,
192,33321,5.6189460837111955,Luke Keaschall,577.0,8.0,74.0,48.0,19.0,0.0,0.0,0.0,0.0,0.2644787644787645,,,HIT,3.9950656599148173,18.0,,,,
193,26202,5.611777940523218,Jake Mangum,450.0,5.0,55.0,36.0,26.0,0.0,0.0,0.0,0.0,0.29683698296836986,,,HIT,3.964102103954799,,Producers,10.0,2,-6.035897896045201
194,20437,5.598675171974886,Royce Lewis,503.0,19.0,61.0,62.0,15.0,0.0,0.0,0.0,0.0,0.24288840262582057,,,HIT,3.907503303325657,,Orange and Black Attack,1.0,2,2.907503303325657
195,19677,5.54478960867272,Gregory Soto,0.0,0.0,0.0,0.0,0.0,65.2,6.0,16.0,78.0,,3.8650306748466257,1.165644171779141,PIT,3.6747388884710235,,,,,
196,14771,5.539686838394548,Emilio Pagán,0.0,0.0,0.0,0.0,0.0,44.1,5.0,21.0,48.0,,4.081632653061225,1.1337868480725624,PIT,3.6526969301959293,,All-Stars,10.0,1,-6.34730306980407
197,33252,5.528299230364529,Kyle Karros,528.0,12.0,76.0,58.0,7.0,0.0,0.0,0.0,0.0,0.2641509433962264,,,HIT,3.6035069476242,,,,,
198,21390,5.513404661576332,Joe Ryan,0.0,0.0,0.0,0.0,0.0,148.2,8.0,0.0,162.0,,3.7044534412955468,1.1268556005398112,PIT,3.5391682755190983,,All-Stars,14.0,1,-10.4608317244809
199,26108,5.507698143949149,Andre Pallante,0.0,0.0,0.0,0.0,0.0,171.0,15.0,0.0,121.0,,3.6315789473684212,1.2514619883040936,PIT,3.514518366434906,,McBlocks,10.0,2,-6.485481633565094
200,27555,5.500297766616439,Garrett Mitchell,537.0,11.0,67.0,66.0,15.0,0.0,0.0,0.0,0.0,0.25,,,HIT,3.482551650416881,,All-Stars,10.0,2,-6.517448349583119
201,30115,5.490311312703513,Robert Suarez,0.0,0.0,0.0,0.0,0.0,43.0,5.0,5.0,36.0,,1.255813953488372,0.9069767441860465,PIT,3.439414101896132,,,,,
202,27577,5.449940442612822,Casey Schmitt,409.0,21.0,47.0,55.0,9.0,0.0,0.0,0.0,0.0,0.271505376344086,,,HIT,3.2650278400111334,,NPB No Stars,10.0,2,-6.734972159988867
203,13066,5.400647377176353,Teoscar Hernández,488.0,18.0,68.0,66.0,3.0,0.0,0.0,0.0,0.0,0.25225225225225223,,,HIT,3.052101207540545,,Pookie 2.0,6.0,F,-2.947898792459455
204,27470,5.353029315519953,Emerson Hancock,0.0,0.0,0.0,0.0,0.0,162.0,8.0,0.0,147.0,,3.5555555555555554,1.154320987654321,PIT,2.846409931830743,,Pookie 2.0,10.0,2,-7.153590068169256
205,20492,5.307019832364475,Casey Mize,0.0,0.0,0.0,0.0,0.0,136.0,7.0,0.0,131.0,,3.4411764705882355,1.1176470588235294,PIT,2.647667081832208,,Producers,10.0,2,-7.352332918167792
206,29931,5.296413183177339,Jacob Young,504.0,12.0,63.0,57.0,19.0,0.0,0.0,0.0,0.0,0.24507658643326038,,,HIT,2.6018505339422333,,,,,
207,18360,5.258499450889251,Austin Riley,638.0,20.0,67.0,77.0,8.0,0.0,0.0,0.0,0.0,0.22625215889464595,,,HIT,2.4380781398131104,26.0,The Fighting Phils,26.0,2,-23.56192186018689
208,35108,5.2566774250344235,Cam Smith,577.0,20.0,69.0,59.0,13.0,0.0,0.0,0.0,0.0,0.2294455066921606,,,HIT,2.4302077055825033,,Orange and Black Attack,1.0,?,1.4302077055825033
209,27932,5.239378078052561,Ian Seymour,0.0,0.0,0.0,0.0,0.0,129.1,11.0,2.0,147.0,,4.113090627420604,1.1541440743609606,PIT,2.355481338614403,,McBlocks,10.0,2,-7.644518661385597
210,21780,5.231076656036916,Esteury Ruiz,266.0,9.0,49.0,23.0,40.0,0.0,0.0,0.0,0.0,0.2616033755274262,,,HIT,2.3196224643720083,,,,,
211,17277,5.218469049247327,Ranger Suarez,0.0,0.0,0.0,0.0,0.0,148.0,7.0,0.0,150.0,,3.3445945945945947,1.195945945945946,PIT,2.2651625675599414,,New York Polar Bears,10.0,1,-7.734837432440059
212,16918,5.216192616001235,Luke Weaver,0.0,0.0,0.0,0.0,0.0,61.0,3.0,6.0,62.0,,2.360655737704918,0.9672131147540983,PIT,2.255329272331851,,,,,
213,17901,5.21310197826919,Andrew Benintendi,493.0,16.0,62.0,76.0,2.0,0.0,0.0,0.0,0.0,0.2483221476510067,,,HIT,2.2419789343351386,,All-Stars,10.0,2,-7.758021065664861
214,11486,5.1931884620214745,Robbie Ray,0.0,0.0,0.0,0.0,0.0,170.2,13.0,0.0,153.0,,3.490011750881316,1.3219741480611047,PIT,2.1559603855244696,,New York Polar Bears,5.0,1,-2.8440396144755304
215,6902,5.191226708119267,Martín Pérez,0.0,0.0,0.0,0.0,0.0,135.1,10.0,0.0,103.0,,3.2642487046632125,1.2065136935603258,PIT,2.1474863811501317,,,,,
216,13611,5.188962588626895,Mookie Betts,519.0,20.0,70.0,60.0,3.0,0.0,0.0,0.0,0.0,0.24358974358974358,,,HIT,2.137706276489303,22.0,Producers,22.0,2,-19.862293723510696
217,18564,5.1803544599370035,Trent Grisham,556.0,20.0,78.0,66.0,9.0,0.0,0.0,0.0,0.0,0.21730382293762576,,,HIT,2.1005225501865774,,,,,
218,22361,5.1762043441444145,Colin Holderman,0.0,0.0,0.0,0.0,0.0,62.1,7.0,1.0,61.0,,2.463768115942029,1.0144927536231885,PIT,2.08259568416081,,,,,
219,33253,5.15272711333442,Cole Carrigg,367.0,9.0,59.0,50.0,14.0,0.0,0.0,0.0,0.0,0.27710843373493976,,,HIT,1.9811832917310925,,Lisbon Long Balls,10.0,2,-8.018816708268908
220,17969,5.144943806738698,Peter Lambert,0.0,0.0,0.0,0.0,0.0,142.2,8.0,0.0,138.0,,3.417721518987342,1.188466947960619,PIT,1.947562472083567,,Orange and Black Attack,10.0,2,-8.052437527916434
221,25816,5.139701431838189,Shea Langeliers,416.0,23.0,55.0,51.0,2.0,0.0,0.0,0.0,0.0,0.2638522427440633,,,HIT,1.9249174768123287,,Spehr's Army,2.0,1,-0.07508252318767128
222,19950,5.113115859822761,Andrés Giménez,545.0,11.0,48.0,66.0,22.0,0.0,0.0,0.0,0.0,0.24193548387096775,,,HIT,1.8100782743519912,,,,,
223,26299,5.051098645125977,Josh Jung,512.0,12.0,59.0,48.0,2.0,0.0,0.0,0.0,0.0,0.28693790149892934,,,HIT,1.5421883274869308,,,,,
224,27494,5.049862378735851,Clayton Beeter,0.0,0.0,0.0,0.0,0.0,52.0,6.0,19.0,56.0,,3.980769230769231,1.3076923076923077,PIT,1.5368481434883225,,,,,
225,12856,5.038458327870826,George Springer,540.0,17.0,64.0,54.0,12.0,0.0,0.0,0.0,0.0,0.2402464065708419,,,HIT,1.4875871343440925,18.0,McBlocks,18.0,2,-16.512412865655907
226,33266,5.000383881381701,Jacob Wilson,503.0,10.0,56.0,59.0,6.0,0.0,0.0,0.0,0.0,0.27331887201735355,,,HIT,1.3231205181511994,,Orange and Black Attack,10.0,1,-8.6768794818488
227,12916,4.992172499579773,Francisco Lindor,451.0,18.0,61.0,52.0,8.0,0.0,0.0,0.0,0.0,0.24876847290640394,,,HIT,1.2876505821767723,,Producers,21.0,F,-19.712349417823226
228,5417,4.961771266890658,Jose Altuve,563.0,18.0,74.0,51.0,4.0,0.0,0.0,0.0,0.0,0.2446183953033268,,,HIT,1.1563292281053548,14.0,New York Polar Bears,14.0,2,-12.843670771894645
229,20000,4.9531454532893955,Tyler Wells,0.0,0.0,0.0,0.0,0.0,74.1,3.0,4.0,76.0,,2.793522267206478,0.9851551956815116,PIT,1.1190691099493246,,,,,
230,33656,4.932088410719194,A.J. Ewing,469.0,9.0,55.0,42.0,23.0,0.0,0.0,0.0,0.0,0.2564705882352941,,,HIT,1.0281109777138389,,The Fighting Phils,10.0,2,-8.971889022286161
231,29478,4.9255806467638195,Carter Jensen,579.0,20.0,69.0,72.0,2.0,0.0,0.0,0.0,0.0,0.22709923664122136,,,HIT,1.0,1.0,,,,
232,23550,4.912584733539344,Aaron Ashby,0.0,0.0,0.0,0.0,0.0,82.2,15.0,0.0,113.0,,3.6131386861313866,1.4111922141119222,PIT,0.943862772293315,,,,,
233,22543,4.899301883290996,Taj Bradley,0.0,0.0,0.0,0.0,0.0,173.2,11.0,0.0,190.0,,3.897228637413395,1.258660508083141,PIT,0.8864860896311879,1.0,The Fighting Phils,1.0,2,-0.11351391036881209
234,21501,4.892199135511823,Trevor Larnach,469.0,13.0,63.0,54.0,3.0,0.0,0.0,0.0,0.0,0.2665094339622642,,,HIT,0.8558050160863394,,,,,
235,15640,4.8671682195196775,Aaron Judge,317.0,21.0,53.0,48.0,6.0,0.0,0.0,0.0,0.0,0.254416961130742,,,HIT,0.7476813154670121,,Pookie 2.0,39.0,F,-38.25231868453299
236,11477,4.861698127730489,Christian Yelich,496.0,12.0,67.0,57.0,14.0,0.0,0.0,0.0,0.0,0.2348993288590604,,,HIT,0.7240526729051474,18.0,All-Stars,18.0,2,-17.27594732709485
237,27479,4.846516537840608,Masyn Winn,622.0,7.0,65.0,66.0,13.0,0.0,0.0,0.0,0.0,0.24468085106382978,,,HIT,0.6584741826615621,8.0,,,,
238,21618,4.845197418397284,Alec Bohm,621.0,17.0,54.0,83.0,3.0,0.0,0.0,0.0,0.0,0.23498233215547704,,,HIT,0.6527761060983284,2.0,,,,
239,34967,4.8379583931499335,Travis Bazzana,520.0,12.0,55.0,52.0,21.0,0.0,0.0,0.0,0.0,0.23819742489270387,,,HIT,0.6215063675531685,,The Fighting Phils,10.0,2,-9.378493632446832
240,31791,4.830165831825206,Justin Crawford,490.0,3.0,56.0,43.0,23.0,0.0,0.0,0.0,0.0,0.26681614349775784,,,HIT,0.5878455711205902,1.0,,,,
241,25436,4.822680030614555,George Kirby,0.0,0.0,0.0,0.0,0.0,177.0,11.0,0.0,154.0,,3.711864406779661,1.2485875706214689,PIT,0.5555098575873668,23.0,New York Polar Bears,23.0,2,-22.444490142412633
242,26151,4.809366684490039,Kyle Stowers,493.0,20.0,55.0,65.0,1.0,0.0,0.0,0.0,0.0,0.24439461883408073,,,HIT,0.4980014447486022,,Producers,10.0,1,-9.501998555251397
243,27899,4.795762213863087,Colt Keith,499.0,12.0,62.0,49.0,6.0,0.0,0.0,0.0,0.0,0.26490066225165565,,,HIT,0.439235488695914,,Lisbon Long Balls,10.0,2,-9.560764511304086
244,12161,4.775743597326221,Xander Bogaerts,613.0,12.0,63.0,56.0,21.0,0.0,0.0,0.0,0.0,0.22743682310469315,,,HIT,0.352762948021635,,,,,
245,27473,4.771402149361107,Cade Cavalli,0.0,0.0,0.0,0.0,0.0,166.2,11.0,0.0,177.0,,3.736462093862816,1.2936221419975933,PIT,0.33400960235175703,,New York Polar Bears,10.0,2,-9.665990397648242
246,14078,4.7603949307996345,Michael Wacha,0.0,0.0,0.0,0.0,0.0,195.2,7.0,0.0,153.0,,3.6424180327868854,1.1731557377049182,PIT,0.28646275249753705,,NPB No Stars,2.0,1,-1.713537247502463
247,33189,4.707277931681704,Nolan Schanuel,573.0,10.0,56.0,58.0,2.0,0.0,0.0,0.0,0.0,0.2704280155642023,,,HIT,0.057018232279961945,,,,,
248,24878,4.70666681134338,Heriberto Hernández,460.0,22.0,47.0,63.0,10.0,0.0,0.0,0.0,0.0,0.22409638554216868,,,HIT,0.05437843306030887,,,,,
249,24618,4.681442025452655,Ryan Jeffers,361.0,14.0,52.0,56.0,2.0,0.0,0.0,0.0,0.0,0.2724458204334365,,,HIT,0.0,,Orange and Black Attack,10.0,2,-10.0
250,22872,4.672564710228657,Yoendrys Gómez,0.0,0.0,0.0,0.0,0.0,68.1,3.0,22.0,66.0,,3.7004405286343616,1.380323054331865,PIT,0.0,,Spehr's Army,10.0,2,-10.0
251,23986,4.658244142638508,Curtis Mead,346.0,18.0,51.0,50.0,6.0,0.0,0.0,0.0,0.0,0.25477707006369427,,,HIT,0.0,,NPB No Stars,10.0,2,-10.0
252,24610,4.653510786603356,Steven Kwan,613.0,4.0,70.0,35.0,12.0,0.0,0.0,0.0,0.0,0.27124773960216997,,,HIT,0.0,,,,,
253,17929,4.648756452881328,Cedric Mullins,529.0,17.0,61.0,51.0,24.0,0.0,0.0,0.0,0.0,0.20711297071129708,,,HIT,0.0,,,,,
254,25911,4.637837949847296,Yennier Cano,0.0,0.0,0.0,0.0,0.0,57.2,3.0,6.0,52.0,,2.36013986013986,1.0314685314685315,PIT,0.0,,,,,
255,3096,4.62970195916291,Kenley Jansen,0.0,0.0,0.0,0.0,0.0,47.2,4.0,20.0,53.0,,4.194915254237288,1.271186440677966,PIT,0.0,1.0,All-Stars,1.0,2,-1.0
256,35376,4.584228957288476,Konnor Griffin,316.0,7.0,46.0,34.0,24.0,0.0,0.0,0.0,0.0,0.27177700348432055,,,HIT,0.0,20.0,The Fighting Phils,20.0,2,-20.0
257,30113,4.539276068103177,Chad Patrick,0.0,0.0,0.0,0.0,0.0,106.2,7.0,5.0,97.0,,3.559322033898305,1.1958568738229756,PIT,0.0,,,,,
258,30661,4.538155699763318,Didier Fuentes,0.0,0.0,0.0,0.0,0.0,67.2,5.0,2.0,82.0,,2.8125,1.101190476190476,PIT,0.0,,,,,
259,27496,4.53565052734662,Owen Caissie,390.0,16.0,49.0,68.0,5.0,0.0,0.0,0.0,0.0,0.23579545454545456,,,HIT,0.0,,Lisbon Long Balls,10.0,2,-10.0
260,27468,4.513506064223268,Reid Detmers,0.0,0.0,0.0,0.0,0.0,178.0,5.0,0.0,206.0,,4.044943820224719,1.1348314606741574,PIT,0.0,,The Fighting Phils,10.0,2,-10.0
261,17998,4.489377109010463,Pete Fairbanks,0.0,0.0,0.0,0.0,0.0,53.1,4.0,25.0,69.0,,5.423728813559322,1.28060263653484,PIT,0.0,,,,,
262,31959,4.468968090143924,Jake Bennett,0.0,0.0,0.0,0.0,0.0,110.2,9.0,0.0,80.0,,3.511796733212341,1.134301270417423,PIT,0.0,,,,,
263,14739,4.436861508810012,Paul Blackburn,0.0,0.0,0.0,0.0,0.0,80.2,4.0,1.0,65.0,,2.4688279301745637,1.1097256857855362,PIT,0.0,,,,,
264,28824,4.436188699011807,Samuel Basallo,421.0,21.0,47.0,62.0,0.0,0.0,0.0,0.0,0.0,0.2402088772845953,,,HIT,0.0,,Spehr's Army,20.0,2,-20.0
265,15440,4.389353528951061,Matthew Boyd,0.0,0.0,0.0,0.0,0.0,121.2,11.0,0.0,103.0,,3.7128712871287126,1.221122112211221,PIT,0.0,,Lisbon Long Balls,10.0,1,-10.0
266,17432,4.3875908280983165,Jeff Hoffman,0.0,0.0,0.0,0.0,0.0,67.0,8.0,7.0,101.0,,3.7611940298507465,1.328358208955224,PIT,0.0,9.0,,,,
267,17548,4.371461425714558,Taylor Ward,695.0,11.0,84.0,46.0,5.0,0.0,0.0,0.0,0.0,0.2379421221864952,,,HIT,0.0,,,,,
268,26477,4.364838386316535,Spencer Horwitz,460.0,13.0,53.0,52.0,1.0,0.0,0.0,0.0,0.0,0.2645631067961165,,,HIT,0.0,,,,,
269,13324,4.349981056360943,Ildemaro Vargas,452.0,8.0,55.0,66.0,3.0,2.2,0.0,0.0,0.0,0.26634382566585957,8.181818181818182,1.8181818181818181,TWO,0.0,,,,,
270,27889,4.327959653531719,J.T. Ginn,0.0,0.0,0.0,0.0,0.0,157.1,10.0,0.0,141.0,,3.723742838956079,1.2539783577339274,PIT,0.0,,,,,
271,12552,4.321725937245709,Eugenio Suárez,496.0,26.0,48.0,68.0,1.0,0.0,0.0,0.0,0.0,0.21380846325167038,,,HIT,0.0,,The Fighting Phils,1.0,1,-1.0
272,28312,4.319536227184523,Coby Mayo,426.0,20.0,55.0,62.0,3.0,0.0,0.0,0.0,0.0,0.22020725388601037,,,HIT,0.0,,,,,
273,9132,4.310719641853629,Nathan Eovaldi,0.0,0.0,0.0,0.0,0.0,152.2,11.0,0.0,156.0,,4.1984231274638635,1.1957950065703022,PIT,0.0,,All-Stars,5.0,F,-5.0
274,26323,4.30455072936118,Spencer Steer,432.0,18.0,60.0,46.0,4.0,0.0,0.0,0.0,0.0,0.23785166240409208,,,HIT,0.0,,,,,
275,16997,4.282375292760748,Gleyber Torres,448.0,12.0,61.0,49.0,1.0,0.0,0.0,0.0,0.0,0.2581453634085213,,,HIT,0.0,,NPB No Stars,10.0,2,-10.0
276,30063,4.2805419802607885,Tristan Peters,457.0,8.0,55.0,51.0,8.0,0.0,0.0,0.0,0.0,0.25783132530120484,,,HIT,0.0,,,,,
277,29005,4.274425558120983,Esmerlyn Valdez,343.0,20.0,45.0,59.0,0.0,0.0,0.0,0.0,0.0,0.24025974025974026,,,HIT,0.0,,,,,
278,26365,4.273574540001309,Jonny DeLuca,310.0,10.0,41.0,43.0,16.0,0.0,0.0,0.0,0.0,0.26148409893992935,,,HIT,0.0,,,,,
279,31370,4.259727191822087,Jakob Marsee,588.0,9.0,74.0,41.0,26.0,0.0,0.0,0.0,0.0,0.21062618595825428,,,HIT,0.0,8.0,,,,
280,27684,4.247405330876042,Michael Massey,456.0,12.0,53.0,53.0,3.0,0.0,0.0,0.0,0.0,0.2565947242206235,,,HIT,0.0,,,,,
281,19444,4.243276239611173,Yohan Ramírez,0.0,0.0,0.0,0.0,0.0,82.1,7.0,1.0,96.0,,2.959805115712546,1.2789281364190013,PIT,0.0,,,,,
282,22515,4.2426556409188905,Heliot Ramos,470.0,14.0,53.0,51.0,4.0,0.0,0.0,0.0,0.0,0.2505854800936768,,,HIT,0.0,,,,,
283,19918,4.233230342607237,Daulton Varsho,543.0,13.0,59.0,45.0,13.0,0.0,0.0,0.0,0.0,0.23481781376518218,,,HIT,0.0,4.0,NPB No Stars,4.0,2,-4.0
284,33390,4.223659002990337,Bryce Eldridge,477.0,18.0,55.0,49.0,1.0,0.0,0.0,0.0,0.0,0.24537037037037038,,,HIT,0.0,,Lisbon Long Balls,10.0,2,-10.0
285,31448,4.221032421984339,Henry Bolte,424.0,8.0,43.0,39.0,20.0,0.0,0.0,0.0,0.0,0.2558746736292428,,,HIT,0.0,,,,,
286,19566,4.211616377797243,Nathaniel Lowe,397.0,16.0,38.0,57.0,0.0,0.0,0.0,0.0,0.0,0.26536312849162014,,,HIT,0.0,,,,,
287,12533,4.208364119349143,Marcus Semien,536.0,18.0,58.0,57.0,10.0,0.0,0.0,0.0,0.0,0.21560574948665298,,,HIT,0.0,5.0,,,,
288,27531,4.19186875227978,David Hamilton,411.0,6.0,53.0,27.0,31.0,0.0,0.0,0.0,0.0,0.23450134770889489,,,HIT,0.0,,,,,
289,26288,4.182059909393823,Adley Rutschman,435.0,12.0,46.0,66.0,0.0,0.0,0.0,0.0,0.0,0.25384615384615383,,,HIT,0.0,,Producers,14.0,1,-14.0
290,6107,4.180937844620216,Huascar Brazobán,0.0,0.0,0.0,0.0,0.0,72.2,6.0,0.0,68.0,,2.9916897506925206,1.080332409972299,PIT,0.0,,,,,
291,13649,4.18054379078883,Clay Holmes,0.0,0.0,0.0,0.0,0.0,94.2,7.0,0.0,77.0,,3.057324840764331,1.1889596602972399,PIT,0.0,,The Fighting Phils,10.0,2,-10.0
292,7304,4.1728495201535285,Salvador Perez,616.0,22.0,54.0,70.0,0.0,0.0,0.0,0.0,0.0,0.2202486678507993,,,HIT,0.0,,All-Stars,4.0,F,-4.0
293,19901,4.150270178429118,Gavin Sheets,504.0,20.0,56.0,59.0,5.0,0.0,0.0,0.0,0.0,0.21663019693654267,,,HIT,0.0,,,,,
294,29928,4.124037107386016,Dylan Dodd,0.0,0.0,0.0,0.0,0.0,51.1,4.0,1.0,52.0,,2.4657534246575343,0.9393346379647749,PIT,0.0,,,,,
295,22200,4.123764811974054,Ryan Rolison,0.0,0.0,0.0,0.0,0.0,62.1,8.0,1.0,59.0,,2.753623188405797,1.2399355877616747,PIT,0.0,,,,,
296,14107,4.120140634574915,Kevin Gausman,0.0,0.0,0.0,0.0,0.0,180.1,10.0,0.0,177.0,,4.047751249305941,1.238200999444753,PIT,0.0,,Pookie 2.0,5.0,1,-5.0
297,23789,4.110411165451959,Blaze Alexander,317.0,6.0,39.0,37.0,11.0,0.0,0.0,0.0,0.0,0.29965156794425085,,,HIT,0.0,,,,,
298,26143,4.0985254668753175,Troy Johnston,432.0,4.0,44.0,52.0,6.0,0.0,0.0,0.0,0.0,0.28061224489795916,,,HIT,0.0,,,,,
299,28253,4.091894140475949,Javier Sanoja,448.0,6.0,42.0,57.0,9.0,3.1,0.0,0.0,1.0,0.2707317073170732,5.806451612903226,1.6129032258064515,TWO,0.0,,,,,
300,9218,4.091618444974536,Paul Goldschmidt,386.0,18.0,44.0,52.0,1.0,0.0,0.0,0.0,0.0,0.24857142857142858,,,HIT,0.0,,Lisbon Long Balls,2.0,2,-2.0
301,26540,4.0646476404699925,Angel Martínez,368.0,14.0,41.0,51.0,11.0,0.0,0.0,0.0,0.0,0.23809523809523808,,,HIT,0.0,,,,,
302,31621,4.053743864901098,Spencer Miles,0.0,0.0,0.0,0.0,0.0,94.0,5.0,1.0,90.0,,3.25531914893617,1.1382978723404256,PIT,0.0,,,,,
303,29107,4.043266709449548,Bradgley Rodriguez,0.0,0.0,0.0,0.0,0.0,68.0,4.0,0.0,69.0,,2.514705882352941,1.1029411764705883,PIT,0.0,,,,,
304,30249,4.0378571603362365,Jack Dreyer,0.0,0.0,0.0,0.0,0.0,64.2,6.0,1.0,72.0,,3.364485981308411,1.043613707165109,PIT,0.0,,,,,
305,22542,4.024494273684217,Lawrence Butler,511.0,13.0,64.0,51.0,13.0,0.0,0.0,0.0,0.0,0.21382289416846653,,,HIT,0.0,9.0,,,,
306,26031,4.021293044747614,Vaughn Grissom,431.0,10.0,45.0,63.0,2.0,0.0,0.0,0.0,0.0,0.2531969309462916,,,HIT,0.0,,,,,
307,19610,4.021012628896928,Keibert Ruiz,363.0,9.0,47.0,50.0,3.0,0.0,0.0,0.0,0.0,0.2702702702702703,,,HIT,0.0,,,,,
308,13892,4.019881259225657,Paul Sewald,0.0,0.0,0.0,0.0,0.0,49.0,3.0,24.0,55.0,,5.877551020408164,1.1428571428571428,PIT,0.0,,,,,
309,22051,4.01548908625964,John King,0.0,0.0,0.0,0.0,0.0,62.0,7.0,1.0,43.0,,3.338709677419355,0.9838709677419355,PIT,0.0,,,,,
310,24586,4.015290139428869,Kyle Bradish,0.0,0.0,0.0,0.0,0.0,169.0,10.0,0.0,163.0,,3.727810650887574,1.3136094674556213,PIT,0.0,,McBlocks,10.0,1,-10.0
311,33541,4.011683135373008,Dylan Crews,429.0,14.0,58.0,41.0,13.0,0.0,0.0,0.0,0.0,0.2236503856041131,,,HIT,0.0,,,,,
312,21924,4.008527857087829,Juan Morillo,0.0,0.0,0.0,0.0,0.0,63.1,4.0,2.0,72.0,,2.709984152139461,1.1251980982567353,PIT,0.0,,,,,
313,14374,4.0078589769368165,Tyler Glasnow,0.0,0.0,0.0,0.0,0.0,63.2,4.0,0.0,77.0,,3.132911392405063,0.9651898734177214,PIT,0.0,23.0,McBlocks,23.0,2,-23.0
314,29695,4.0061991815661155,Matt McLain,500.0,15.0,60.0,45.0,18.0,0.0,0.0,0.0,0.0,0.20666666666666667,,,HIT,0.0,1.0,,,,
315,23796,4.0054545164473625,Ryan Weathers,0.0,0.0,0.0,0.0,0.0,156.2,7.0,0.0,165.0,,3.860435339308579,1.2163892445582587,PIT,0.0,,Pookie 2.0,10.0,2,-10.0
316,15362,3.9919823947748263,Jeff McNeil,498.0,7.0,46.0,51.0,8.0,0.0,0.0,0.0,0.0,0.25942350332594233,,,HIT,0.0,,,,,
317,31357,3.9708479241576886,Nathan Church,436.0,11.0,51.0,48.0,10.0,0.0,0.0,0.0,0.0,0.23929471032745592,,,HIT,0.0,,,,,
318,20253,3.959240839336713,Griffin Jax,0.0,0.0,0.0,0.0,0.0,107.2,7.0,0.0,118.0,,3.6100746268656714,1.203358208955224,PIT,0.0,,Lisbon Long Balls,10.0,2,-10.0
319,30134,3.939165896438898,Tanner Bibee,0.0,0.0,0.0,0.0,0.0,187.1,7.0,0.0,153.0,,3.992517370390166,1.1544628540887227,PIT,0.0,6.0,NPB No Stars,6.0,2,-6.0
320,20023,3.9387041767937667,Rico Garcia,0.0,0.0,0.0,0.0,0.0,65.2,5.0,6.0,70.0,,3.8650306748466257,1.058282208588957,PIT,0.0,,,,,
321,22458,3.9288849602886544,Taylor Walls,485.0,4.0,65.0,41.0,25.0,0.0,0.0,0.0,0.0,0.2160919540229885,,,HIT,0.0,,,,,
322,15541,3.9031291849897696,Tyler Rogers,0.0,0.0,0.0,0.0,0.0,72.0,2.0,5.0,40.0,,2.125,1.1944444444444444,PIT,0.0,,,,,
323,27819,3.898688136258223,Brandon Young,0.0,0.0,0.0,0.0,0.0,143.2,11.0,0.0,118.0,,3.582402234636872,1.3268156424581006,PIT,0.0,,,,,
324,18900,3.870736276413382,Leody Taveras,451.0,8.0,55.0,52.0,13.0,0.0,0.0,0.0,0.0,0.2273838630806846,,,HIT,0.0,,,,,
325,22715,3.8334498454578174,Maikel Garcia,422.0,5.0,48.0,44.0,9.0,0.0,0.0,0.0,0.0,0.26370757180156656,,,HIT,0.0,,Orange and Black Attack,4.0,F,-4.0
326,17611,3.8227217416189667,Taylor Clarke,0.0,0.0,0.0,0.0,0.0,69.1,3.0,0.0,39.0,,2.604920405209841,0.955137481910275,PIT,0.0,,,,,
327,29357,3.820938492717099,Walbert Ureña,0.0,0.0,0.0,0.0,0.0,135.2,9.0,0.0,126.0,,3.394970414201184,1.3461538461538463,PIT,0.0,,Lisbon Long Balls,10.0,2,-10.0
328,24763,3.820259340481118,Kyle Leahy,0.0,0.0,0.0,0.0,0.0,159.1,10.0,0.0,140.0,,3.6203645505971087,1.3262099308610937,PIT,0.0,,,,,
329,21626,3.8115842285174173,Griffin Conine,310.0,17.0,39.0,44.0,3.0,0.0,0.0,0.0,0.0,0.25089605734767023,,,HIT,0.0,,Spehr's Army,10.0,2,-10.0
330,29770,3.757908108753057,Mason Montgomery,0.0,0.0,0.0,0.0,0.0,63.0,5.0,5.0,95.0,,3.7142857142857144,1.2063492063492063,PIT,0.0,,,,,
331,13620,3.7453042975362294,Carson Kelly,418.0,10.0,53.0,56.0,0.0,1.0,0.0,0.0,0.0,0.25925925925925924,18.0,2.0,TWO,0.0,,,,,
332,10061,3.743448752838796,Brooks Raley,0.0,0.0,0.0,0.0,0.0,59.1,6.0,0.0,58.0,,2.7411167512690353,1.1505922165820643,PIT,0.0,,,,,
333,25477,3.728285617912452,Isaac Collins,531.0,8.0,56.0,48.0,10.0,0.0,0.0,0.0,0.0,0.23529411764705882,,,HIT,0.0,,,,,
334,27782,3.7218587863868393,Brandon Pfaadt,0.0,0.0,0.0,0.0,0.0,130.2,9.0,0.0,93.0,,3.663594470046083,1.2211981566820278,PIT,0.0,,,,,
335,16939,3.6891914150575564,Lane Thomas,432.0,13.0,44.0,49.0,10.0,0.0,0.0,0.0,0.0,0.2282051282051282,,,HIT,0.0,,,,,
336,19913,3.674055044327873,Jesús Sánchez,373.0,12.0,36.0,47.0,3.0,0.0,0.0,0.0,0.0,0.26253687315634217,,,HIT,0.0,,,,,
337,26121,3.673926146388893,Francisco Alvarez,410.0,18.0,40.0,42.0,0.0,0.0,0.0,0.0,0.0,0.25135135135135134,,,HIT,0.0,,,,,
338,19716,3.6649176874596052,Dustin May,0.0,0.0,0.0,0.0,0.0,159.0,9.0,0.0,154.0,,4.0754716981132075,1.2264150943396226,PIT,0.0,,,,,
339,33666,3.659539347109405,Connelly Early,0.0,0.0,0.0,0.0,0.0,103.2,8.0,0.0,105.0,,3.575581395348837,1.2596899224806202,PIT,0.0,,The Fighting Phils,10.0,2,-10.0
340,21537,3.6589773495242985,Daniel Lynch IV,0.0,0.0,0.0,0.0,0.0,72.2,5.0,1.0,57.0,,2.9916897506925206,1.1218836565096952,PIT,0.0,,,,,
341,33568,3.6581047326814895,Brandyn Garcia,0.0,0.0,0.0,0.0,0.0,49.0,1.0,6.0,51.0,,2.7551020408163267,0.9795918367346939,PIT,0.0,,,,,
342,24589,3.657825087912207,Richie Palacios,391.0,7.0,48.0,45.0,14.0,0.0,0.0,0.0,0.0,0.2336182336182336,,,HIT,0.0,,,,,
343,7048,3.654354726916052,Fernando Cruz,0.0,0.0,0.0,0.0,0.0,67.0,6.0,3.0,85.0,,3.08955223880597,1.328358208955224,PIT,0.0,,,,,
344,15488,3.6351046916623453,Antonio Senzatela,0.0,0.0,0.0,0.0,0.0,70.2,10.0,3.0,59.0,,3.7179487179487176,1.2962962962962963,PIT,0.0,,,,,
345,15653,3.632637682333098,Dominic Smith,327.0,9.0,44.0,51.0,0.0,0.0,0.0,0.0,0.0,0.2635135135135135,,,HIT,0.0,,,,,
346,25420,3.602493837850487,Ryan Zeferjahn,0.0,0.0,0.0,0.0,0.0,71.0,5.0,5.0,99.0,,3.8028169014084505,1.2253521126760563,PIT,0.0,,,,,
347,27676,3.600199498045168,Vinnie Pasquantino,471.0,11.0,48.0,51.0,5.0,0.0,0.0,0.0,0.0,0.23708920187793428,,,HIT,0.0,,,,,
348,24607,3.5808335429561886,Jonathan Bowlan,0.0,0.0,0.0,0.0,0.0,58.2,3.0,2.0,69.0,,3.092783505154639,1.0309278350515463,PIT,0.0,,,,,
349,21520,3.577462341516621,Hogan Harris,0.0,0.0,0.0,0.0,0.0,69.0,4.0,16.0,88.0,,3.782608695652174,1.5217391304347827,PIT,0.0,,,,,
350,24064,3.567108162000448,Ezequiel Tovar,562.0,13.0,59.0,54.0,7.0,0.0,0.0,0.0,0.0,0.21595330739299612,,,HIT,0.0,1.0,,,,
351,15816,3.5616899889501052,Devin Williams,0.0,0.0,0.0,0.0,0.0,46.2,4.0,20.0,61.0,,4.48051948051948,1.58008658008658,PIT,0.0,13.0,Producers,13.0,2,-13.0
352,16943,3.560698075151007,Sean Newcomb,0.0,0.0,0.0,0.0,0.0,81.1,2.0,4.0,76.0,,2.8853267570900125,1.1960542540073984,PIT,0.0,,,,,
353,31781,3.556293072069746,Jackson Holliday,366.0,10.0,46.0,35.0,10.0,0.0,0.0,0.0,0.0,0.24620060790273557,,,HIT,0.0,,,,,
354,11739,3.544104596995621,J.T. Realmuto,463.0,11.0,51.0,53.0,5.0,0.0,0.0,0.0,0.0,0.22857142857142856,,,HIT,0.0,,,,,
355,29780,3.539361632696503,Joe Mack,355.0,15.0,46.0,51.0,1.0,0.0,0.0,0.0,0.0,0.22910216718266255,,,HIT,0.0,,,,,
356,17968,3.5183115928111817,Brock Burke,0.0,0.0,0.0,0.0,0.0,75.0,6.0,3.0,71.0,,3.12,1.2933333333333332,PIT,0.0,,,,,
357,19455,3.5099891548953432,Andruw Monasterio,337.0,8.0,40.0,40.0,6.0,0.0,0.0,0.0,0.0,0.26557377049180325,,,HIT,0.0,,,,,
358,25493,3.508311221761834,Joey Ortiz,407.0,7.0,44.0,43.0,11.0,0.0,0.0,0.0,0.0,0.24390243902439024,,,HIT,0.0,,,,,
359,27572,3.5019588349082844,Carmen Mlodzinski,0.0,0.0,0.0,0.0,0.0,139.1,9.0,2.0,112.0,,3.558590941768512,1.344356578001438,PIT,0.0,,,,,
360,17988,3.4829450444038597,Tyler Stephenson,444.0,14.0,41.0,50.0,0.0,0.0,0.0,0.0,0.0,0.24438902743142144,,,HIT,0.0,,,,,
361,29591,3.470489417124767,Colton Cowser,411.0,13.0,46.0,45.0,11.0,0.0,0.0,0.0,0.0,0.21680216802168023,,,HIT,0.0,,,,,
362,19470,3.458754509123195,Tommy Edman,310.0,7.0,40.0,39.0,6.0,0.0,0.0,0.0,0.0,0.2695035460992908,,,HIT,0.0,,,,,
363,27790,3.4534870749761137,Evan Carter,461.0,11.0,54.0,44.0,19.0,0.0,0.0,0.0,0.0,0.19806763285024154,,,HIT,0.0,,,,,
364,27814,3.4417144446525274,Shane Drohan,0.0,0.0,0.0,0.0,0.0,120.0,8.0,1.0,119.0,,3.9,1.25,PIT,0.0,,,,,
365,13624,3.439364310871998,Corey Seager,408.0,18.0,53.0,47.0,2.0,0.0,0.0,0.0,0.0,0.2103825136612022,,,HIT,0.0,19.0,McBlocks,19.0,2,-19.0
366,31837,3.4017989575954557,Masataka Yoshida,374.0,7.0,43.0,37.0,3.0,0.0,0.0,0.0,0.0,0.2713864306784661,,,HIT,0.0,,,,,
367,26197,3.392562587529723,Andrew Vaughn,375.0,9.0,40.0,54.0,0.0,1.0,0.0,0.0,1.0,0.2861356932153392,27.0,5.0,TWO,0.0,1.0,,,,
368,14854,3.388394339737931,Mike Yastrzemski,414.0,12.0,54.0,46.0,2.0,0.0,0.0,0.0,0.0,0.22849462365591397,,,HIT,0.0,,,,,
369,31936,3.3797763477253073,Samy Natera Jr.,0.0,0.0,0.0,0.0,0.0,43.0,2.0,5.0,61.0,,2.9302325581395348,1.069767441860465,PIT,0.0,,,,,
370,31490,3.362584771823139,Wade Meckler,318.0,4.0,38.0,31.0,6.0,0.0,0.0,0.0,0.0,0.2937062937062937,,,HIT,0.0,,,,,
371,20422,3.361889214492652,Jovani Morán,0.0,0.0,0.0,0.0,0.0,65.0,3.0,0.0,72.0,,2.9076923076923076,1.0923076923076922,PIT,0.0,,,,,
372,20404,3.3580645450604547,Jared Young,336.0,11.0,39.0,39.0,4.0,0.0,0.0,0.0,0.0,0.25496688741721857,,,HIT,0.0,,,,,
373,18123,3.357095314485599,Nathan Lukes,432.0,8.0,45.0,34.0,2.0,0.0,0.0,0.0,0.0,0.26785714285714285,,,HIT,0.0,,,,,
374,22823,3.3347025661818455,Oswald Peraza,426.0,10.0,39.0,35.0,17.0,0.0,0.0,0.0,0.0,0.22879177377892032,,,HIT,0.0,,,,,
375,29519,3.2956268189106765,Gordon Graceffo,0.0,0.0,0.0,0.0,0.0,73.0,8.0,1.0,48.0,,3.5753424657534247,1.178082191780822,PIT,0.0,,,,,
376,25880,3.293711703199772,Hunter Brown,0.0,0.0,0.0,0.0,0.0,107.2,6.0,0.0,115.0,,3.6100746268656714,1.25,PIT,0.0,,NPB No Stars,10.0,1,-10.0
377,22201,3.2794982430678683,MacKenzie Gore,0.0,0.0,0.0,0.0,0.0,177.0,9.0,0.0,197.0,,4.372881355932203,1.2429378531073447,PIT,0.0,,NPB No Stars,1.0,1,-1.0
378,25961,3.267707105716639,Kerry Carpenter,357.0,18.0,39.0,51.0,0.0,0.0,0.0,0.0,0.0,0.21779141104294478,,,HIT,0.0,,,,,
379,26944,3.261278658528496,Edgardo Henriquez,0.0,0.0,0.0,0.0,0.0,62.2,5.0,1.0,67.0,,3.327974276527331,1.1414790996784565,PIT,0.0,,,,,
380,19876,3.2524356272083064,Kevin Ginkel,0.0,0.0,0.0,0.0,0.0,67.0,6.0,3.0,65.0,,3.7611940298507465,1.164179104477612,PIT,0.0,,,,,
381,26123,3.2353080826225527,Brett Baty,464.0,11.0,52.0,48.0,6.0,0.0,0.0,0.0,0.0,0.21852731591448932,,,HIT,0.0,1.0,,,,
382,20827,3.2328990963904003,Michael Petersen,0.0,0.0,0.0,0.0,0.0,65.1,3.0,2.0,78.0,,3.1797235023041477,1.1520737327188941,PIT,0.0,,,,,
383,16947,3.2219988004602738,Derek Hill,218.0,11.0,32.0,27.0,15.0,0.0,0.0,0.0,0.0,0.23737373737373738,,,HIT,0.0,,,,,
384,25332,3.1962724975430086,Endy Rodríguez,262.0,10.0,34.0,32.0,7.0,0.0,0.0,0.0,0.0,0.2616033755274262,,,HIT,0.0,,,,,
385,29993,3.19281408887749,Brady House,343.0,11.0,43.0,42.0,2.0,0.0,0.0,0.0,0.0,0.24126984126984127,,,HIT,0.0,,,,,
386,17948,3.191135212410685,Trent Thornton,0.0,0.0,0.0,0.0,0.0,53.1,6.0,3.0,31.0,,3.2203389830508473,1.1487758945386064,PIT,0.0,,,,,
387,27462,3.1886538655594414,Austin Martin,396.0,4.0,49.0,28.0,14.0,0.0,0.0,0.0,0.0,0.2443820224719101,,,HIT,0.0,,,,,
388,17897,3.1875354046632745,Garrett Cleavinger,0.0,0.0,0.0,0.0,0.0,51.2,5.0,3.0,68.0,,3.515625,1.19140625,PIT,0.0,,,,,
389,31891,3.1516376717569545,Andrew Morris,0.0,0.0,0.0,0.0,0.0,71.1,5.0,4.0,65.0,,3.2911392405063293,1.2798874824191282,PIT,0.0,,,,,
390,13619,3.1390161064054567,Jakob Junis,0.0,0.0,0.0,0.0,0.0,52.0,2.0,6.0,40.0,,2.9423076923076925,1.1153846153846154,PIT,0.0,,,,,
391,21741,3.1345234169139795,Javier Assad,0.0,0.0,0.0,0.0,0.0,92.1,7.0,1.0,63.0,,3.713355048859935,1.1726384364820848,PIT,0.0,,,,,
392,21863,3.133565526576143,George Soriano,0.0,0.0,0.0,0.0,0.0,68.2,7.0,3.0,69.0,,3.826979472140762,1.2463343108504399,PIT,0.0,,,,,
393,25007,3.133342322426847,Alex Vesia,0.0,0.0,0.0,0.0,0.0,57.2,2.0,3.0,76.0,,2.989510489510489,1.1713286713286712,PIT,0.0,,,,,
394,29622,3.116306242862798,Sal Frelick,396.0,5.0,43.0,43.0,8.0,0.0,0.0,0.0,0.0,0.24166666666666667,,,HIT,0.0,1.0,,,,
395,30076,3.1146342426069125,Landen Roupp,0.0,0.0,0.0,0.0,0.0,162.2,10.0,0.0,161.0,,4.106041923551172,1.307028360049322,PIT,0.0,,All-Stars,10.0,2,-10.0
396,31382,3.095617291804499,Dalton Rushing,249.0,12.0,37.0,37.0,0.0,0.0,0.0,0.0,0.0,0.25663716814159293,,,HIT,0.0,,,,,
397,23003,3.0939819691623893,Yainer Diaz,332.0,11.0,35.0,40.0,0.0,0.0,0.0,0.0,0.0,0.2581699346405229,,,HIT,0.0,2.0,,,,
398,25310,3.0825988123687718,Peyton Gray,0.0,0.0,0.0,0.0,0.0,62.1,7.0,0.0,65.0,,3.4782608695652173,1.2238325281803542,PIT,0.0,,,,,
399,22054,3.068166052682551,Dane Myers,324.0,6.0,35.0,31.0,11.0,0.0,0.0,0.0,0.0,0.25597269624573377,,,HIT,0.0,,,,,
400,35456,3.0654356051380294,Trey Yesavage,0.0,0.0,0.0,0.0,0.0,98.2,5.0,0.0,97.0,,3.7576374745417516,1.1608961303462322,PIT,0.0,3.0,NPB No Stars,3.0,2,-3.0
401,16930,3.0609232845832612,Jonah Heim,398.0,15.0,37.0,54.0,0.0,0.0,0.0,0.0,0.0,0.22038567493112948,,,HIT,0.0,,,,,
402,22286,3.0597624158364107,Trevor Rogers,0.0,0.0,0.0,0.0,0.0,161.2,10.0,0.0,139.0,,4.187344913151365,1.2531017369727049,PIT,0.0,,New York Polar Bears,10.0,1,-10.0
403,27630,3.04722114646163,Nick Loftin,372.0,7.0,42.0,44.0,3.0,0.0,0.0,0.0,0.0,0.24477611940298508,,,HIT,0.0,,,,,
404,22165,3.032994639945038,Ryan Vilade,254.0,11.0,27.0,43.0,4.0,0.0,0.0,0.0,0.0,0.24890829694323144,,,HIT,0.0,,,,,
405,19753,3.0243004236114106,Jonathan Loáisiga,0.0,0.0,0.0,0.0,0.0,62.1,4.0,2.0,48.0,,3.043478260869565,1.1594202898550725,PIT,0.0,,,,,
406,19742,3.0151801333661017,Anthony Bender,0.0,0.0,0.0,0.0,0.0,45.1,2.0,2.0,52.0,,2.793791574279379,1.0199556541019956,PIT,0.0,,,,,
407,16162,2.9905377918707337,Brandon Woodruff,0.0,0.0,0.0,0.0,0.0,45.1,2.0,0.0,47.0,,2.9933481152993346,0.8425720620842572,PIT,0.0,,The Fighting Phils,1.0,1,-1.0
408,19249,2.9880987358694484,Seranthony Domínguez,0.0,0.0,0.0,0.0,0.0,56.1,5.0,12.0,69.0,,4.331550802139037,1.4260249554367201,PIT,0.0,,,,,
409,33826,2.987730987371033,Yuki Matsui,0.0,0.0,0.0,0.0,0.0,60.0,4.0,0.0,63.0,,2.85,1.2,PIT,0.0,,,,,
410,17170,2.9776636307350866,Gabe Speier,0.0,0.0,0.0,0.0,0.0,46.0,3.0,1.0,44.0,,2.5434782608695654,1.0869565217391304,PIT,0.0,,,,,
411,29794,2.9726430124000784,Kyle Manzardo,398.0,15.0,45.0,44.0,0.0,0.0,0.0,0.0,0.0,0.2188365650969529,,,HIT,0.0,,,,,
412,16835,2.9676630992564594,Brennan Bernardino,0.0,0.0,0.0,0.0,0.0,64.2,4.0,2.0,51.0,,2.9439252336448596,1.2149532710280373,PIT,0.0,,,,,
413,25756,2.956633466945911,Matt Brash,0.0,0.0,0.0,0.0,0.0,28.2,4.0,0.0,29.0,,1.5957446808510638,1.0283687943262412,PIT,0.0,,,,,
414,31776,2.936220115296157,Orion Kerkering,0.0,0.0,0.0,0.0,0.0,62.1,8.0,1.0,69.0,,3.7681159420289854,1.3043478260869565,PIT,0.0,,,,,
415,16944,2.930077624819539,Grant Holmes,0.0,0.0,0.0,0.0,0.0,155.0,9.0,0.0,131.0,,3.774193548387097,1.335483870967742,PIT,0.0,,,,,
416,15112,2.91247519964797,Ryan McMahon,401.0,14.0,41.0,43.0,4.0,0.0,0.0,0.0,0.0,0.2154696132596685,,,HIT,0.0,,,,,
417,15711,2.9046525814516846,Tyler O'Neill,343.0,15.0,42.0,36.0,2.0,0.0,0.0,0.0,0.0,0.22077922077922077,,,HIT,0.0,,,,,
418,29571,2.9016293836947495,Tim Tawa,311.0,9.0,34.0,39.0,8.0,0.0,0.0,0.0,0.0,0.2313167259786477,,,HIT,0.0,,,,,
419,19858,2.8992307707413723,Luis Rengifo,378.0,4.0,42.0,39.0,8.0,0.0,0.0,0.0,0.0,0.24127906976744187,,,HIT,0.0,,,,,
420,17735,2.8481491514802637,Tyler Alexander,0.0,0.0,0.0,0.0,0.0,70.1,4.0,4.0,61.0,,3.466476462196862,1.2268188302425107,PIT,0.0,,,,,
421,10243,2.845003803175784,Randal Grichuk,252.0,11.0,35.0,33.0,0.0,0.0,0.0,0.0,0.0,0.2565217391304348,,,HIT,0.0,,,,,
422,33530,2.83102780567675,Cooper Pratt,268.0,3.0,33.0,28.0,14.0,0.0,0.0,0.0,0.0,0.25311203319502074,,,HIT,0.0,,McBlocks,10.0,2,-10.0
423,17452,2.829256516112574,Jose Siri,227.0,11.0,35.0,31.0,4.0,0.0,0.0,0.0,0.0,0.24154589371980675,,,HIT,0.0,,,,,
424,21448,2.8290217454105884,Davis Martin,0.0,0.0,0.0,0.0,0.0,167.0,11.0,0.0,144.0,,4.149700598802395,1.311377245508982,PIT,0.0,,,,,
425,27914,2.8249046611700526,Daniel Palencia,0.0,0.0,0.0,0.0,0.0,30.2,3.0,9.0,34.0,,3.2781456953642385,1.3245033112582782,PIT,0.0,13.0,Spehr's Army,13.0,2,-13.0
426,35423,2.8245772273833536,Braden Montgomery,373.0,7.0,45.0,43.0,3.0,0.0,0.0,0.0,0.0,0.23076923076923078,,,HIT,0.0,,,,,
427,15491,2.8202113002202602,J.P. Crawford,486.0,13.0,51.0,41.0,2.0,0.0,0.0,0.0,0.0,0.2160919540229885,,,HIT,0.0,,,,,
428,16137,2.814481802303036,Carlos Rodón,0.0,0.0,0.0,0.0,0.0,78.1,6.0,0.0,85.0,,3.572343149807939,1.267605633802817,PIT,0.0,3.0,McBlocks,3.0,2,-3.0
429,14221,2.811519258014241,Jorge Soler,406.0,14.0,41.0,55.0,0.0,0.0,0.0,0.0,0.0,0.20596205962059622,,,HIT,0.0,,,,,
430,22264,2.8098530424289088,Shane Baz,0.0,0.0,0.0,0.0,0.0,180.1,7.0,0.0,161.0,,3.847862298722932,1.3048306496390893,PIT,0.0,4.0,,,,
431,25999,2.798645554559308,Victor Mesa Jr.,264.0,13.0,31.0,32.0,7.0,0.0,0.0,0.0,0.0,0.225,,,HIT,0.0,,,,,
432,16609,2.7936388933811784,Bryan Abreu,0.0,0.0,0.0,0.0,0.0,58.0,5.0,7.0,76.0,,4.0344827586206895,1.3620689655172413,PIT,0.0,,,,,
433,22217,2.7740995760468974,Luis Campusano,232.0,8.0,27.0,31.0,0.0,0.0,0.0,0.0,0.0,0.291866028708134,,,HIT,0.0,,,,,
434,19953,2.76865960779296,Josh Lowe,361.0,12.0,34.0,37.0,9.0,0.0,0.0,0.0,0.0,0.21646341463414634,,,HIT,0.0,,,,,
435,29869,2.7524688162463278,Michael McGreevy,0.0,0.0,0.0,0.0,0.0,167.0,6.0,0.0,114.0,,3.7724550898203595,1.2335329341317365,PIT,0.0,,,,,
436,15130,2.7425658981961236,Drew Anderson,0.0,0.0,0.0,0.0,0.0,104.1,6.0,2.0,119.0,,3.9769452449567724,1.2968299711815563,PIT,0.0,,,,,
437,26231,2.7415066791668545,Tyler Holton,0.0,0.0,0.0,0.0,0.0,71.1,2.0,3.0,57.0,,3.037974683544304,1.1954992967651197,PIT,0.0,,,,,
438,27779,2.717467041651527,Bryce Elder,0.0,0.0,0.0,0.0,0.0,171.2,10.0,0.0,142.0,,4.205607476635515,1.2733644859813085,PIT,0.0,,,,,
439,31545,2.7163545798391775,Drew Gilbert,398.0,8.0,44.0,37.0,2.0,0.0,0.0,0.0,0.0,0.2361111111111111,,,HIT,0.0,,,,,
440,21534,2.7046511783166958,Cal Raleigh,509.0,20.0,43.0,66.0,3.0,0.0,0.0,0.0,0.0,0.17324561403508773,,,HIT,0.0,,New York Polar Bears,16.0,3,-16.0
441,19354,2.6920377252613745,Luke Raley,287.0,15.0,28.0,39.0,1.0,0.0,0.0,0.0,0.0,0.2260536398467433,,,HIT,0.0,,,,,
442,20043,2.691730613604741,Luis Robert Jr.,306.0,10.0,34.0,36.0,8.0,0.0,0.0,0.0,0.0,0.21942446043165467,,,HIT,0.0,18.0,,,,
443,30107,2.671942665723588,Christian Scott,0.0,0.0,0.0,0.0,0.0,112.1,4.0,0.0,134.0,,3.6931311329170384,1.2845673505798394,PIT,0.0,,Spehr's Army,10.0,2,-10.0
444,21538,2.6611379506869395,Nick Fortes,336.0,5.0,35.0,36.0,0.0,0.0,0.0,0.0,0.0,0.2647058823529412,,,HIT,0.0,,,,,
445,21746,2.652070054660157,José Fermín,339.0,6.0,30.0,36.0,8.0,0.0,0.0,0.0,0.0,0.24262295081967214,,,HIT,0.0,,,,,
446,19960,2.641837434571331,Taylor Trammell,275.0,10.0,37.0,31.0,5.0,0.0,0.0,0.0,0.0,0.22764227642276422,,,HIT,0.0,,,,,
447,35061,2.632283395290662,Ryan Waldschmidt,268.0,3.0,33.0,23.0,8.0,0.0,0.0,0.0,0.0,0.27385892116182575,,,HIT,0.0,,,,,
448,16472,2.629817404764565,Rhys Hoskins,401.0,17.0,43.0,49.0,1.0,0.0,0.0,0.0,0.0,0.18888888888888888,,,HIT,0.0,,,,,
449,31695,2.6236858780825845,Dylan Beavers,342.0,5.0,38.0,32.0,8.0,0.0,0.0,0.0,0.0,0.238562091503268,,,HIT,0.0,,,,,
450,26252,2.6179552215390105,Erik Miller,0.0,0.0,0.0,0.0,0.0,52.0,3.0,4.0,71.0,,2.9423076923076925,1.4038461538461537,PIT,0.0,,,,,
451,22239,2.615455928768844,Jeremiah Jackson,283.0,8.0,29.0,45.0,3.0,0.0,0.0,0.0,0.0,0.23255813953488372,,,HIT,0.0,,,,,
452,18036,2.611291144594812,Jake Cronenworth,408.0,6.0,45.0,32.0,9.0,0.0,0.0,0.0,0.0,0.22465753424657534,,,HIT,0.0,,,,,
453,16376,2.57852770735474,Michael Conforto,294.0,12.0,34.0,36.0,1.0,0.0,0.0,0.0,0.0,0.22727272727272727,,,HIT,0.0,,,,,
454,19924,2.5771732796441884,Bryan Hudson,0.0,0.0,0.0,0.0,0.0,66.2,4.0,5.0,63.0,,3.534743202416918,1.3141993957703928,PIT,0.0,,,,,
455,13675,2.5506157546421457,Tyrone Taylor,225.0,11.0,29.0,34.0,1.0,0.0,0.0,0.0,0.0,0.24019607843137256,,,HIT,0.0,,,,,
456,15042,2.5481723526587374,Tim Mayza,0.0,0.0,0.0,0.0,0.0,69.1,4.0,0.0,67.0,,3.6468885672937774,1.1287988422575979,PIT,0.0,,,,,
457,33908,2.5421790051033186,José Fermin,0.0,0.0,0.0,0.0,0.0,56.1,5.0,2.0,66.0,,3.5294117647058822,1.3012477718360071,PIT,0.0,,,,,
458,15518,2.513574197765507,Amed Rosario,249.0,11.0,29.0,35.0,2.0,0.0,0.0,0.0,0.0,0.2324561403508772,,,HIT,0.0,,,,,
459,21797,2.5020830172245856,Andrés Chaparro,191.0,9.0,29.0,39.0,0.0,0.0,0.0,0.0,0.0,0.23837209302325582,,,HIT,0.0,,,,,
460,31972,2.493638378301572,Brad Lord,0.0,0.0,0.0,0.0,0.0,77.2,6.0,1.0,69.0,,3.9637305699481864,1.2046632124352332,PIT,0.0,,,,,
461,33575,2.474190897331505,Colt Emerson,395.0,11.0,42.0,40.0,5.0,0.0,0.0,0.0,0.0,0.20448179271708683,,,HIT,0.0,,NPB No Stars,10.0,2,-10.0
462,24017,2.470619613335507,José A. Ferrer,0.0,0.0,0.0,0.0,0.0,66.0,5.0,4.0,57.0,,3.5454545454545454,1.3333333333333333,PIT,0.0,,,,,
463,11442,2.459944654800698,Gary Sánchez,249.0,11.0,36.0,34.0,0.0,1.0,0.0,0.0,0.0,0.22321428571428573,0.0,2.0,TWO,0.0,,,,,
464,31764,2.451827454352483,AJ Blubaugh,0.0,0.0,0.0,0.0,0.0,86.1,5.0,1.0,88.0,,3.7630662020905925,1.2659698025551684,PIT,0.0,,,,,
465,19222,2.4413904519245615,Lake Bachar,0.0,0.0,0.0,0.0,0.0,75.2,2.0,2.0,81.0,,3.829787234042553,1.1170212765957446,PIT,0.0,,,,,
466,33197,2.4227007927232056,Ben Williamson,285.0,3.0,33.0,28.0,8.0,5.0,0.0,0.0,0.0,0.25,3.6,1.2,TWO,0.0,,,,,
467,23691,2.421877596355422,José Tena,308.0,6.0,38.0,28.0,5.0,0.0,0.0,0.0,0.0,0.23843416370106763,,,HIT,0.0,,,,,
468,23335,2.4187015384146116,Joey Cantillo,0.0,0.0,0.0,0.0,0.0,157.2,10.0,0.0,173.0,,3.9503816793893134,1.4440203562340967,PIT,0.0,,,,,
469,16505,2.415733717661482,Matt Chapman,352.0,7.0,35.0,42.0,0.0,0.0,0.0,0.0,0.0,0.234375,,,HIT,0.0,13.0,,,,
470,22184,2.412272736283457,Mark Vientos,295.0,13.0,29.0,41.0,0.0,0.0,0.0,0.0,0.0,0.21641791044776118,,,HIT,0.0,,,,,
471,33891,2.4018533922227885,Zac Thornton,0.0,0.0,0.0,0.0,0.0,70.1,5.0,0.0,51.0,,3.466476462196862,1.1982881597717547,PIT,0.0,,Producers,10.0,2,-10.0
472,14968,2.375311180920346,Victor Caratini,406.0,9.0,32.0,46.0,0.0,0.0,0.0,0.0,0.0,0.226775956284153,,,HIT,0.0,,,,,
473,16061,2.3740364213172755,Cam Booser,0.0,0.0,0.0,0.0,0.0,41.0,1.0,0.0,51.0,,2.8536585365853657,0.975609756097561,PIT,0.0,,,,,
474,17295,2.3568587433338526,Framber Valdez,0.0,0.0,0.0,0.0,0.0,177.1,10.0,0.0,145.0,,4.065499717673631,1.3382269904009034,PIT,0.0,22.0,,,,
475,28820,2.3404379219866267,Moisés Ballesteros,332.0,9.0,29.0,40.0,1.0,0.0,0.0,0.0,0.0,0.23102310231023102,,,HIT,0.0,,,,,
476,16400,2.3403962449113402,Reynaldo López,0.0,0.0,0.0,0.0,0.0,99.2,6.0,0.0,94.0,,3.719758064516129,1.310483870967742,PIT,0.0,,,,,
477,12828,2.3390785701256465,Andrew Kittredge,0.0,0.0,0.0,0.0,0.0,51.1,2.0,9.0,45.0,,3.698630136986301,1.3111545988258317,PIT,0.0,,,,,
478,18297,2.3381409452697444,Tyler Kinley,0.0,0.0,0.0,0.0,0.0,57.0,7.0,1.0,58.0,,4.105263157894737,1.263157894736842,PIT,0.0,,,,,
479,21693,2.3298487263263756,Miguel Amaya,273.0,6.0,38.0,31.0,0.0,0.0,0.0,0.0,0.0,0.24390243902439024,,,HIT,0.0,,,,,
480,12979,2.3277569026250946,Javier Báez,232.0,4.0,31.0,27.0,3.0,0.0,0.0,0.0,0.0,0.2651162790697674,,,HIT,0.0,,,,,
481,30182,2.3260907662013555,Will Warren,0.0,0.0,0.0,0.0,0.0,157.0,10.0,0.0,157.0,,4.24203821656051,1.3503184713375795,PIT,0.0,,,,,
482,22532,2.3207669435469236,Tyler Freeman,326.0,3.0,33.0,26.0,7.0,0.0,0.0,0.0,0.0,0.25084745762711863,,,HIT,0.0,,,,,
483,23499,2.314856332682818,Keaton Winn,0.0,0.0,0.0,0.0,0.0,56.2,3.0,2.0,47.0,,3.202846975088968,1.2099644128113878,PIT,0.0,,,,,
484,25479,2.309057534227925,Brenton Doyle,233.0,5.0,35.0,14.0,15.0,0.0,0.0,0.0,0.0,0.22429906542056074,,,HIT,0.0,,,,,
485,17620,2.306545587091658,Myles Straw,298.0,4.0,43.0,24.0,9.0,3.0,0.0,0.0,0.0,0.2222222222222222,0.0,2.0,TWO,0.0,,,,,
486,30080,2.3064871607543664,Hao-Yu Lee,241.0,7.0,22.0,32.0,2.0,0.0,0.0,0.0,0.0,0.2602739726027397,,,HIT,0.0,,,,,
487,19197,2.2993512196661947,Will Smith,263.0,8.0,31.0,31.0,0.0,0.0,0.0,0.0,0.0,0.2457627118644068,,,HIT,0.0,8.0,,,,
488,19314,2.2734291139064693,Donovan Walton,225.0,4.0,32.0,24.0,2.0,0.0,0.0,0.0,0.0,0.270935960591133,,,HIT,0.0,,,,,
489,25807,2.2731584674715952,Jared Triolo,332.0,2.0,30.0,27.0,11.0,0.0,0.0,0.0,0.0,0.2425249169435216,,,HIT,0.0,,,,,
490,25867,2.2663362412465826,Ryan Kreidler,264.0,6.0,32.0,31.0,5.0,0.0,0.0,0.0,0.0,0.23109243697478993,,,HIT,0.0,,,,,
491,11861,2.262752734209407,Jason Adam,0.0,0.0,0.0,0.0,0.0,43.1,3.0,2.0,32.0,,2.9234338747099766,1.1832946635730859,PIT,0.0,,,,,
492,15878,2.251557168332805,Miguel Andujar,297.0,6.0,28.0,27.0,2.0,0.0,0.0,0.0,0.0,0.25830258302583026,,,HIT,0.0,,,,,
493,21614,2.2385448293449963,Kyle Isbel,328.0,6.0,32.0,26.0,8.0,0.0,0.0,0.0,0.0,0.23232323232323232,,,HIT,0.0,,,,,
494,20387,2.231242428436223,Anthony Kay,0.0,0.0,0.0,0.0,0.0,154.0,11.0,0.0,126.0,,4.14935064935065,1.3571428571428572,PIT,0.0,,,,,
495,33225,2.223852498484172,Jacob Gonzalez,257.0,7.0,25.0,38.0,2.0,0.0,0.0,0.0,0.0,0.23504273504273504,,,HIT,0.0,,,,,
496,29218,2.2213617246945274,Pedro Ramírez,186.0,3.0,24.0,22.0,7.0,0.0,0.0,0.0,0.0,0.27647058823529413,,,HIT,0.0,,,,,
497,20160,2.2209131445436614,Nate Pearson,0.0,0.0,0.0,0.0,0.0,42.2,3.0,6.0,37.0,,3.4123222748815163,1.3270142180094786,PIT,0.0,,,,,
498,22274,2.220580743799795,Samad Taylor,155.0,2.0,21.0,16.0,9.0,0.0,0.0,0.0,0.0,0.30714285714285716,,,HIT,0.0,,,,,
499,26548,2.219062641819138,Luisangel Acuña,248.0,1.0,27.0,16.0,19.0,2.0,0.0,0.0,0.0,0.2422907488986784,4.5,1.5,TWO,0.0,,,,,
500,24995,2.21863950372324,Evan Sisk,0.0,0.0,0.0,0.0,0.0,54.0,2.0,0.0,62.0,,2.8333333333333335,1.2407407407407407,PIT,0.0,,,,,
501,22210,2.209110948145759,Jeremiah Estrada,0.0,0.0,0.0,0.0,0.0,42.1,3.0,1.0,55.0,,3.4204275534441804,1.1638954869358669,PIT,0.0,,,,,
502,26468,2.173416937045762,Victor Bericoto,221.0,8.0,23.0,27.0,2.0,0.0,0.0,0.0,0.0,0.25365853658536586,,,HIT,0.0,,,,,
503,17022,2.1456249123684143,Edmundo Sosa,260.0,7.0,26.0,36.0,4.0,0.0,0.0,0.0,0.0,0.22362869198312235,,,HIT,0.0,,,,,
504,23165,2.129696262419057,Steven Cruz,0.0,0.0,0.0,0.0,0.0,60.1,3.0,8.0,67.0,,4.492512479201331,1.264559068219634,PIT,0.0,,,,,
505,22581,2.125487432577181,Alejandro Kirk,270.0,7.0,19.0,31.0,0.0,0.0,0.0,0.0,0.0,0.26337448559670784,,,HIT,0.0,,,,,
506,30074,2.1172029767804315,Chase Silseth,0.0,0.0,0.0,0.0,0.0,59.1,4.0,0.0,68.0,,2.8934010152284264,1.4213197969543148,PIT,0.0,,,,,
507,12564,2.1140194074860768,Trevor Story,269.0,6.0,27.0,31.0,7.0,0.0,0.0,0.0,0.0,0.22357723577235772,,,HIT,0.0,15.0,All-Stars,15.0,2,-15.0
508,23813,2.1067440415514946,Brandon Valenzuela,302.0,10.0,30.0,30.0,1.0,0.0,0.0,0.0,0.0,0.22627737226277372,,,HIT,0.0,,,,,
509,20997,2.0801687073675525,Eduard Bazardo,0.0,0.0,0.0,0.0,0.0,68.0,4.0,0.0,67.0,,3.4411764705882355,1.2794117647058822,PIT,0.0,,,,,
510,21464,2.0684986117381365,Bryan Torres,214.0,5.0,25.0,24.0,4.0,2.0,0.0,0.0,0.0,0.24210526315789474,0.0,1.0,TWO,0.0,,,,,
511,21454,2.0650901991104624,Lars Nootbaar,328.0,6.0,39.0,29.0,2.0,0.0,0.0,0.0,0.0,0.22525597269624573,,,HIT,0.0,,,,,
512,24993,2.0625397992938304,Kody Funderburk,0.0,0.0,0.0,0.0,0.0,51.0,4.0,1.0,44.0,,3.176470588235294,1.2941176470588236,PIT,0.0,,,,,
513,23394,2.0562776643277045,PJ Poulin,0.0,0.0,0.0,0.0,0.0,38.2,3.0,3.0,26.0,,2.827225130890052,1.2827225130890052,PIT,0.0,,,,,
514,30011,2.053497410658015,Christian Encarnacion-Strand,165.0,8.0,18.0,29.0,1.0,0.0,0.0,0.0,0.0,0.2565789473684211,,,HIT,0.0,,,,,
515,31553,2.05004006955508,Mason Fluharty,0.0,0.0,0.0,0.0,0.0,62.0,6.0,1.0,72.0,,4.064516129032258,1.3225806451612903,PIT,0.0,,,,,
516,16512,2.044260875582016,Isiah Kiner-Falefa,178.0,2.0,24.0,17.0,9.0,0.0,0.0,0.0,0.0,0.26993865030674846,,,HIT,0.0,,,,,
517,25180,2.043551291250657,Daniel Schneemann,318.0,7.0,33.0,32.0,7.0,0.0,0.0,0.0,0.0,0.20761245674740483,,,HIT,0.0,,,,,
518,27501,2.0260132573841743,Justin Foscue,211.0,9.0,22.0,28.0,0.0,0.0,0.0,0.0,0.0,0.24479166666666666,,,HIT,0.0,,,,,
519,24574,2.0187967752631573,Eduardo Valencia,104.0,7.0,18.0,23.0,0.0,0.0,0.0,0.0,0.0,0.30526315789473685,,,HIT,0.0,,,,,
520,18403,2.0030082926846893,Enyel De Los Santos,0.0,0.0,0.0,0.0,0.0,71.0,2.0,5.0,68.0,,4.183098591549296,1.1690140845070423,PIT,0.0,,,,,
521,30140,1.9748574540219341,Ty Madden,0.0,0.0,0.0,0.0,0.0,44.0,1.0,0.0,45.0,,2.8636363636363638,1.0909090909090908,PIT,0.0,,,,,
522,30133,1.973128138744071,Brant Hurter,0.0,0.0,0.0,0.0,0.0,32.1,4.0,0.0,24.0,,3.08411214953271,1.1214953271028036,PIT,0.0,,,,,
523,19346,1.958811233614851,Eli White,178.0,6.0,23.0,21.0,6.0,0.0,0.0,0.0,0.0,0.24074074074074073,,,HIT,0.0,,,,,
524,24609,1.949754007274508,Braydon Fisher,0.0,0.0,0.0,0.0,0.0,75.0,4.0,1.0,72.0,,3.72,1.28,PIT,0.0,,,,,
525,17273,1.9488554158006202,Jorge Mateo,155.0,4.0,32.0,13.0,11.0,2.1,0.0,0.0,1.0,0.23943661971830985,4.285714285714286,2.380952380952381,TWO,0.0,,,,,
526,33322,1.934228047651775,Matt Shaw,171.0,5.0,23.0,23.0,5.0,0.0,0.0,0.0,0.0,0.24516129032258063,,,HIT,0.0,,,,,
527,27915,1.9300257958174691,Alejandro Osuna,235.0,1.0,27.0,26.0,5.0,0.0,0.0,0.0,0.0,0.2535211267605634,,,HIT,0.0,,,,,
528,29592,1.9272814252618213,Connor Norby,321.0,6.0,29.0,26.0,8.0,0.0,0.0,0.0,0.0,0.2191780821917808,,,HIT,0.0,,,,,
529,21558,1.925120668174353,Matt Vierling,347.0,6.0,30.0,37.0,5.0,0.0,0.0,0.0,0.0,0.2120253164556962,,,HIT,0.0,,,,,
530,29617,1.9198543772021481,Henry Davis,318.0,10.0,37.0,39.0,3.0,0.0,0.0,0.0,0.0,0.18181818181818182,,,HIT,0.0,,,,,
531,28816,1.9180967727124192,Denzer Guzman,283.0,8.0,25.0,29.0,4.0,0.0,0.0,0.0,0.0,0.22178988326848248,,,HIT,0.0,,,,,
532,16233,1.9136519950512325,Tejay Antone,0.0,0.0,0.0,0.0,0.0,55.0,1.0,2.0,50.0,,3.4363636363636365,1.1272727272727272,PIT,0.0,,,,,
533,11691,1.889384869699033,Tyron Guerrero,0.0,0.0,0.0,0.0,0.0,47.0,1.0,0.0,49.0,,3.0638297872340425,1.1063829787234043,PIT,0.0,,,,,
534,25890,1.8826061091527828,Bryan King,0.0,0.0,0.0,0.0,0.0,63.1,3.0,6.0,53.0,,3.8510301109350236,1.3312202852614896,PIT,0.0,,,,,
535,37122,1.8790051423084497,Sung-Mun Song,189.0,2.0,25.0,21.0,13.0,0.0,0.0,0.0,0.0,0.21637426900584794,,,HIT,0.0,,,,,
536,24978,1.875785260565774,Erik Sabrowski,0.0,0.0,0.0,0.0,0.0,48.1,5.0,0.0,75.0,,3.742203742203742,1.4137214137214136,PIT,0.0,,,,,
537,18655,1.872971578374023,A.J. Minter,0.0,0.0,0.0,0.0,0.0,42.0,2.0,0.0,37.0,,3.0,1.119047619047619,PIT,0.0,,,,,
538,14710,1.8725253525849004,Edwin Díaz,0.0,0.0,0.0,0.0,0.0,27.0,4.0,12.0,39.0,,6.0,1.5925925925925926,PIT,0.0,,,,,
539,20546,1.86400412577028,Grant Anderson,0.0,0.0,0.0,0.0,0.0,60.2,4.0,0.0,53.0,,3.8870431893687707,1.1627906976744184,PIT,0.0,,,,,
540,26517,1.8588050030331162,Noelvi Marte,246.0,8.0,25.0,21.0,9.0,0.0,0.0,0.0,0.0,0.2088888888888889,,,HIT,0.0,9.0,,,,
541,29668,1.8587509174483903,Marcelo Mayer,317.0,5.0,29.0,32.0,4.0,0.0,0.0,0.0,0.0,0.2222222222222222,,,HIT,0.0,,,,,
542,31532,1.84160335592991,Spencer Jones,199.0,8.0,21.0,24.0,6.0,0.0,0.0,0.0,0.0,0.2154696132596685,,,HIT,0.0,,,,,
543,19339,1.8402241180575127,Nicky Lopez,297.0,1.0,27.0,27.0,5.0,1.0,0.0,0.0,1.0,0.26394052044609667,9.0,4.0,TWO,0.0,,,,,
544,28080,1.8398607531007904,Jasson Domínguez,229.0,7.0,23.0,16.0,8.0,0.0,0.0,0.0,0.0,0.23076923076923078,,,HIT,0.0,,,,,
545,29779,1.828140104564302,Max Muncy,231.0,6.0,28.0,26.0,3.0,0.0,0.0,0.0,0.0,0.22380952380952382,,,HIT,0.0,,Producers,4.0,2,-4.0
546,23695,1.8219895096364547,Everson Pereira,178.0,8.0,22.0,22.0,3.0,0.0,0.0,0.0,0.0,0.22981366459627328,,,HIT,0.0,,,,,
547,28020,1.8161596730238299,Jose Fernandez,189.0,3.0,24.0,16.0,7.0,0.0,0.0,0.0,0.0,0.2543352601156069,,,HIT,0.0,,,,,
548,19312,1.80852654740292,Cal Quantrill,0.0,0.0,0.0,0.0,0.0,83.2,5.0,0.0,56.0,,3.894230769230769,1.2139423076923077,PIT,0.0,,,,,
549,9073,1.7932272530358657,Kirby Yates,0.0,0.0,0.0,0.0,0.0,44.1,1.0,3.0,53.0,,3.673469387755102,1.1564625850340136,PIT,0.0,,,,,
550,28199,1.778419713194608,Blaze Jordan,246.0,3.0,22.0,33.0,0.0,0.0,0.0,0.0,0.0,0.24888888888888888,,,HIT,0.0,,,,,
551,35321,1.7741181975790683,Tomoyuki Sugano,0.0,0.0,0.0,0.0,0.0,151.2,14.0,0.0,89.0,,4.642857142857143,1.2962962962962965,PIT,0.0,,,,,
552,30145,1.769404153619798,Dylan Smith,0.0,0.0,0.0,0.0,0.0,40.1,1.0,7.0,42.0,,3.591022443890274,1.346633416458853,PIT,0.0,,,,,
553,19896,1.7635257331234873,Connor Wong,225.0,4.0,22.0,23.0,4.0,0.0,0.0,0.0,0.0,0.24630541871921183,,,HIT,0.0,,,,,
554,18138,1.751575990434169,Ryan Helsley,0.0,0.0,0.0,0.0,0.0,21.1,1.0,8.0,28.0,,3.838862559241706,1.3744075829383886,PIT,0.0,4.0,,,,
555,15905,1.7427280803429233,Luis Torrens,281.0,5.0,33.0,34.0,1.0,2.1,0.0,0.0,0.0,0.23046875,8.571428571428571,1.9047619047619047,TWO,0.0,,,,,
556,30184,1.741282557783879,Noah Cameron,0.0,0.0,0.0,0.0,0.0,169.1,8.0,0.0,153.0,,4.36428149024246,1.2950916617386163,PIT,0.0,,Producers,10.0,2,-10.0
557,21662,1.7298044549364961,Elvis Alvarado,0.0,0.0,0.0,0.0,0.0,53.1,5.0,4.0,64.0,,4.745762711864407,1.2994350282485876,PIT,0.0,,,,,
558,24679,1.7252915688530652,Brendan Donovan,216.0,5.0,20.0,18.0,2.0,0.0,0.0,0.0,0.0,0.26424870466321243,,,HIT,0.0,,,,,
559,27562,1.7058146402796532,Austin Wells,385.0,12.0,36.0,31.0,3.0,0.0,0.0,0.0,0.0,0.1896551724137931,,,HIT,0.0,,,,,
560,26213,1.6945234477067928,Caleb Kilian,0.0,0.0,0.0,0.0,0.0,53.2,4.0,8.0,60.0,,4.906015037593985,1.3533834586466165,PIT,0.0,,,,,
561,19627,1.6884893998958534,Brent Rooker,203.0,10.0,20.0,29.0,2.0,0.0,0.0,0.0,0.0,0.2,,,HIT,0.0,,New York Polar Bears,10.0,F,-10.0
562,15873,1.6855236969768337,Sean Manaea,0.0,0.0,0.0,0.0,0.0,153.2,6.0,0.0,156.0,,4.288511749347259,1.2989556135770235,PIT,0.0,,,,,
563,21842,1.6822219885369574,Carlos Cortes,379.0,10.0,34.0,42.0,2.0,8.0,0.0,0.0,1.0,0.25290697674418605,9.0,2.25,TWO,0.0,,,,,
564,12572,1.6777411686655093,Blake Treinen,0.0,0.0,0.0,0.0,0.0,34.0,5.0,1.0,37.0,,3.7058823529411766,1.3823529411764706,PIT,0.0,,,,,
565,12976,1.6723004567558453,Austin Hedges,236.0,5.0,24.0,23.0,1.0,2.2,0.0,0.0,1.0,0.25821596244131456,8.181818181818182,1.3636363636363635,TWO,0.0,,,,,
566,26664,1.6641082605788602,Yohendrick Piñango,215.0,6.0,15.0,24.0,0.0,0.0,0.0,0.0,0.0,0.2602040816326531,,,HIT,0.0,,,,,
567,31461,1.6499889235612548,Ben Joyce,0.0,0.0,0.0,0.0,0.0,19.0,1.0,5.0,22.0,,3.3157894736842106,1.1578947368421053,PIT,0.0,,,,,
568,26546,1.6490877343862096,Agustín Ramírez,197.0,4.0,22.0,21.0,4.0,0.0,0.0,0.0,0.0,0.24022346368715083,,,HIT,0.0,3.0,,,,
569,17128,1.646202727396725,Ramón Laureano,206.0,7.0,23.0,21.0,7.0,0.0,0.0,0.0,0.0,0.20320855614973263,,,HIT,0.0,3.0,,,,
570,33381,1.6449449330547101,Max Clark,167.0,4.0,22.0,21.0,2.0,0.0,0.0,0.0,0.0,0.25,,,HIT,0.0,,NPB No Stars,20.0,2,-20.0
571,17480,1.6417527317884921,Daniel Duarte,0.0,0.0,0.0,0.0,0.0,33.1,1.0,2.0,28.0,,2.9909365558912384,1.1178247734138973,PIT,0.0,,,,,
572,33280,1.6374139553922242,Brice Matthews,249.0,8.0,26.0,25.0,5.0,0.0,0.0,0.0,0.0,0.19911504424778761,,,HIT,0.0,,,,,
573,10324,1.6313089358576163,Marcell Ozuna,316.0,9.0,26.0,33.0,0.0,0.0,0.0,0.0,0.0,0.20905923344947736,,,HIT,0.0,,,,,
574,13543,1.6308272370539658,Blake Snell,0.0,0.0,0.0,0.0,0.0,43.0,3.0,0.0,58.0,,3.7674418604651163,1.2325581395348837,PIT,0.0,7.0,Producers,7.0,2,-7.0
575,29976,1.6277536340739074,Jordan Lawlar,122.0,3.0,16.0,13.0,7.0,0.0,0.0,0.0,0.0,0.27522935779816515,,,HIT,0.0,,,,,
576,9241,1.6178632224345513,Starling Marte,222.0,3.0,22.0,20.0,4.0,0.0,0.0,0.0,0.0,0.24752475247524752,,,HIT,0.0,,,,,
577,14162,1.614538054309426,Carlos Correa,141.0,3.0,22.0,16.0,1.0,0.0,0.0,0.0,0.0,0.28125,,,HIT,0.0,,,,,
578,27478,1.6107019181779736,Patrick Bailey,358.0,8.0,32.0,34.0,3.0,0.0,0.0,0.0,0.0,0.19692307692307692,,,HIT,0.0,,,,,
579,19392,1.5833407594162827,Zach McKinstry,418.0,6.0,43.0,32.0,3.0,1.0,0.0,0.0,0.0,0.2222222222222222,18.0,5.0,TWO,0.0,,,,,
580,23802,1.5766764071528094,Anthony Seigler,200.0,4.0,25.0,16.0,3.0,0.0,0.0,0.0,0.0,0.24444444444444444,,,HIT,0.0,,,,,
581,22362,1.5712781346795852,Julian Garcia,0.0,0.0,0.0,0.0,0.0,39.0,3.0,1.0,39.0,,3.923076923076923,1.1538461538461537,PIT,0.0,,,,,
582,35121,1.5701377716226528,Joshua Kuroda-Grauer,138.0,1.0,15.0,11.0,2.0,0.0,0.0,0.0,0.0,0.3333333333333333,,,HIT,0.0,,,,,
583,35418,1.5590752969802684,Gage Jump,0.0,0.0,0.0,0.0,0.0,106.2,8.0,0.0,116.0,,4.322033898305085,1.3935969868173257,PIT,0.0,,Producers,10.0,2,-10.0
584,29487,1.5515851346951293,Blake Dunn,155.0,2.0,20.0,7.0,6.0,0.0,0.0,0.0,0.0,0.28368794326241137,,,HIT,0.0,,,,,
585,19877,1.5428779381731368,Tristan Gray,202.0,4.0,17.0,31.0,2.0,0.0,0.0,0.0,0.0,0.22826086956521738,,,HIT,0.0,,,,,
586,11680,1.513685127353373,Elias Díaz,200.0,6.0,18.0,25.0,0.0,0.0,0.0,0.0,0.0,0.23626373626373626,,,HIT,0.0,,,,,
587,33433,1.5118222427335335,George Lombard Jr.,180.0,5.0,23.0,19.0,5.0,0.0,0.0,0.0,0.0,0.2138364779874214,,,HIT,0.0,,The Fighting Phils,20.0,2,-20.0
588,20375,1.5109614744533715,Greg Weissert,0.0,0.0,0.0,0.0,0.0,59.1,4.0,1.0,57.0,,4.111675126903553,1.252115059221658,PIT,0.0,,,,,
589,21224,1.505262524513613,Bailey Ober,0.0,0.0,0.0,0.0,0.0,141.0,9.0,0.0,102.0,,4.595744680851064,1.2411347517730495,PIT,0.0,,,,,
590,35111,1.4913262507169234,Kaelen Culpepper,159.0,5.0,20.0,19.0,3.0,0.0,0.0,0.0,0.0,0.23076923076923078,,,HIT,0.0,,All-Stars,10.0,2,-10.0
591,23985,1.4910526932424357,Osleivis Basabe,124.0,5.0,14.0,18.0,2.0,0.0,0.0,0.0,0.0,0.2631578947368421,,,HIT,0.0,,,,,
592,27647,1.4865088647734126,Anthony Volpe,205.0,1.0,21.0,20.0,7.0,0.0,0.0,0.0,0.0,0.23529411764705882,,,HIT,0.0,,,,,
593,22563,1.4848148135607193,Gabriel Arias,178.0,6.0,17.0,15.0,5.0,0.0,0.0,0.0,0.0,0.2345679012345679,,,HIT,0.0,,,,,
594,18318,1.4756945148292842,Jacob Waguespack,0.0,0.0,0.0,0.0,0.0,40.2,2.0,0.0,30.0,,3.134328358208955,1.1691542288557213,PIT,0.0,,,,,
595,19238,1.4701100539107987,Lourdes Gurriel Jr.,269.0,4.0,20.0,31.0,2.0,0.0,0.0,0.0,0.0,0.22357723577235772,,,HIT,0.0,,,,,
596,27534,1.4653024112551392,Edouard Julien,278.0,3.0,37.0,20.0,5.0,0.0,0.0,0.0,0.0,0.20553359683794467,,,HIT,0.0,,,,,
597,21455,1.4638107620482972,Kris Bubic,0.0,0.0,0.0,0.0,0.0,58.1,4.0,0.0,59.0,,4.027538726333907,1.2564543889845095,PIT,0.0,,,,,
598,16122,1.4503290315242736,Jordan Romano,0.0,0.0,0.0,0.0,0.0,34.2,1.0,16.0,42.0,,5.526315789473684,1.6374269005847952,PIT,0.0,,,,,
599,22754,1.4461589359562428,Gerardo Carrillo,0.0,0.0,0.0,0.0,0.0,25.2,3.0,0.0,24.0,,2.857142857142857,1.2698412698412698,PIT,0.0,,,,,
600,27931,1.4275649326097442,Petey Halpin,170.0,3.0,21.0,11.0,9.0,0.0,0.0,0.0,0.0,0.22580645161290322,,,HIT,0.0,,,,,
601,29539,1.42382256637171,Abimelec Ortiz,140.0,6.0,16.0,18.0,1.0,0.0,0.0,0.0,0.0,0.2440944881889764,,,HIT,0.0,,,,,
602,31701,1.4206503965209503,Blade Tidwell,0.0,0.0,0.0,0.0,0.0,58.2,2.0,1.0,51.0,,3.556701030927835,1.254295532646048,PIT,0.0,,,,,
603,24770,1.4071983622668165,James Outman,194.0,6.0,27.0,20.0,7.0,0.0,0.0,0.0,0.0,0.17613636363636365,,,HIT,0.0,,,,,
604,19205,1.403761331809261,Jesse Scholtens,0.0,0.0,0.0,0.0,0.0,44.2,5.0,0.0,36.0,,4.072398190045249,1.2669683257918551,PIT,0.0,,,,,
605,9774,1.403062596345133,Christian Vázquez,290.0,6.0,24.0,29.0,1.0,0.0,0.0,0.0,0.0,0.21212121212121213,,,HIT,0.0,,,,,
606,29911,1.402508458119414,Andrew Abbott,0.0,0.0,0.0,0.0,0.0,171.2,8.0,0.0,136.0,,4.047897196261682,1.3726635514018692,PIT,0.0,1.0,,,,
607,20629,1.4017269605715397,Tyler Phillips,0.0,0.0,0.0,0.0,0.0,133.1,5.0,2.0,100.0,,3.786626596543952,1.3824192336589032,PIT,0.0,,,,,
608,21496,1.396350811119078,Brandon Lockridge,126.0,0.0,13.0,14.0,7.0,0.0,0.0,0.0,0.0,0.2807017543859649,,,HIT,0.0,,,,,
609,31349,1.3908747722678405,Victor Scott II,240.0,3.0,25.0,13.0,13.0,0.0,0.0,0.0,0.0,0.19907407407407407,,,HIT,0.0,3.0,,,,
610,31665,1.3767455063377967,Alex Freeland,234.0,3.0,25.0,20.0,2.0,0.0,0.0,0.0,0.0,0.23113207547169812,,,HIT,0.0,,,,,
611,19296,1.3641381264416381,Alex Call,175.0,2.0,23.0,20.0,1.0,0.0,0.0,0.0,0.0,0.24203821656050956,,,HIT,0.0,,,,,
612,27604,1.3592183381105567,Alika Williams,204.0,3.0,23.0,16.0,0.0,0.0,0.0,0.0,0.0,0.25268817204301075,,,HIT,0.0,,,,,
613,25636,1.3568447138880682,Hunter Gaddis,0.0,0.0,0.0,0.0,0.0,56.1,2.0,2.0,54.0,,3.5294117647058822,1.3368983957219251,PIT,0.0,,,,,
614,18548,1.3551397132852367,Sam Hentges,0.0,0.0,0.0,0.0,0.0,43.2,2.0,2.0,46.0,,2.9166666666666665,1.4814814814814814,PIT,0.0,,,,,
615,19574,1.34443857262,JoJo Romero,0.0,0.0,0.0,0.0,0.0,56.0,2.0,0.0,56.0,,3.375,1.3035714285714286,PIT,0.0,,,,,
616,16502,1.331503568679018,Ryan Yarbrough,0.0,0.0,0.0,0.0,0.0,59.0,3.0,2.0,41.0,,3.8135593220338984,1.271186440677966,PIT,0.0,,,,,
617,12144,1.3292182543497726,Max Kepler,215.0,5.0,20.0,27.0,1.0,0.0,0.0,0.0,0.0,0.21243523316062177,,,HIT,0.0,,,,,
618,31812,1.3248239720099462,Roman Anthony,208.0,3.0,23.0,14.0,3.0,0.0,0.0,0.0,0.0,0.2391304347826087,,,HIT,0.0,,All-Stars,10.0,1,-10.0
619,29921,1.3224646514572431,Spencer Arrighetti,0.0,0.0,0.0,0.0,0.0,101.0,8.0,0.0,100.0,,4.544554455445544,1.3465346534653466,PIT,0.0,,,,,
620,22857,1.3196024954258543,Wenceel Pérez,195.0,8.0,25.0,19.0,3.0,0.0,0.0,0.0,0.0,0.1853932584269663,,,HIT,0.0,,,,,
621,23782,1.3124207419299578,Leo Jiménez,251.0,3.0,26.0,23.0,2.0,0.0,0.0,0.0,0.0,0.21875,,,HIT,0.0,,,,,
622,22263,1.2984136032309816,Nolan Gorman,260.0,8.0,22.0,30.0,0.0,0.0,0.0,0.0,0.0,0.19574468085106383,,,HIT,0.0,,,,,
623,4949,1.294143080611531,Giancarlo Stanton,131.0,5.0,12.0,20.0,1.0,0.0,0.0,0.0,0.0,0.24369747899159663,,,HIT,0.0,,Producers,10.0,2,-10.0
624,22207,1.290414496756209,DL Hall,0.0,0.0,0.0,0.0,0.0,49.2,2.0,0.0,50.0,,3.1097560975609753,1.3617886178861789,PIT,0.0,,,,,
625,18217,1.2850193308396238,Brett Sullivan,207.0,6.0,21.0,25.0,1.0,7.0,0.0,0.0,1.0,0.24338624338624337,5.142857142857143,1.7142857142857142,TWO,0.0,,,,,
626,22277,1.2751879581558325,Nick Allen,175.0,1.0,24.0,15.0,3.0,0.0,0.0,0.0,0.0,0.24050632911392406,,,HIT,0.0,,,,,
627,18872,1.2491523104533537,Jahmai Jones,160.0,5.0,19.0,16.0,4.0,0.0,0.0,0.0,0.0,0.2097902097902098,,,HIT,0.0,,,,,
628,35323,1.2458514670729888,Roki Sasaki,0.0,0.0,0.0,0.0,0.0,140.0,7.0,0.0,145.0,,4.628571428571429,1.292857142857143,PIT,0.0,,,,,
629,31441,1.2448207352219347,Daniel Susac,166.0,3.0,11.0,23.0,2.0,0.0,0.0,0.0,0.0,0.24342105263157895,,,HIT,0.0,,,,,
630,20116,1.2409370364330812,Calvin Faucher,0.0,0.0,0.0,0.0,0.0,65.2,6.0,2.0,72.0,,4.279141104294478,1.4723926380368098,PIT,0.0,,,,,
631,19363,1.22926560639246,Austin Hays,103.0,4.0,13.0,17.0,1.0,0.0,0.0,0.0,0.0,0.25263157894736843,,,HIT,0.0,,,,,
632,35322,1.2277368654010148,Hyeseong Kim,135.0,1.0,16.0,11.0,5.0,0.0,0.0,0.0,0.0,0.26229508196721313,,,HIT,0.0,,,,,
633,30086,1.216261670752437,Jack Anderson,0.0,0.0,0.0,0.0,0.0,25.1,2.0,1.0,23.0,,3.2270916334661353,1.2350597609561753,PIT,0.0,,,,,
634,17578,1.215295629846298,JT Brubaker,0.0,0.0,0.0,0.0,0.0,72.2,0.0,3.0,49.0,,3.6149584487534625,1.2188365650969528,PIT,0.0,,,,,
635,14857,1.2030667451988715,Joe Mantiply,0.0,0.0,0.0,0.0,0.0,22.2,1.0,0.0,20.0,,2.4324324324324325,1.1261261261261262,PIT,0.0,,,,,
636,19178,1.202617350692875,Tommy Nance,0.0,0.0,0.0,0.0,0.0,59.1,3.0,0.0,61.0,,3.6548223350253806,1.353637901861252,PIT,0.0,,,,,
637,15454,1.201426583207043,Nick Pivetta,0.0,0.0,0.0,0.0,0.0,37.0,2.0,0.0,47.0,,4.135135135135135,1.135135135135135,PIT,0.0,18.0,All-Stars,18.0,2,-18.0
638,21840,1.197159371470295,Freddy Fermin,282.0,6.0,26.0,24.0,0.0,0.0,0.0,0.0,0.0,0.20703125,,,HIT,0.0,,,,,
639,23359,1.1963215363619508,Nelson Velázquez,136.0,6.0,16.0,18.0,1.0,0.0,0.0,0.0,0.0,0.21311475409836064,,,HIT,0.0,,,,,
640,19309,1.187154474769551,Trevor Richards,0.0,0.0,0.0,0.0,0.0,64.2,0.0,1.0,62.0,,3.7850467289719623,1.1682242990654206,PIT,0.0,,,,,
641,31564,1.156936125400321,Alan Roden,160.0,2.0,17.0,20.0,2.0,0.0,0.0,0.0,0.0,0.23076923076923078,,,HIT,0.0,,,,,
642,24729,1.1557912585979013,Logan O'Hoppe,279.0,5.0,22.0,26.0,0.0,0.0,0.0,0.0,0.0,0.2125984251968504,,,HIT,0.0,,,,,
643,19600,1.1460277042394613,Bryan De La Cruz,92.0,4.0,10.0,14.0,1.0,0.0,0.0,0.0,0.0,0.27058823529411763,,,HIT,0.0,,,,,
644,30675,1.1420924533549996,Luis Lara,166.0,0.0,18.0,18.0,5.0,0.0,0.0,0.0,0.0,0.22972972972972974,,,HIT,0.0,,,,,
645,26396,1.135964783030881,Josh Smith,236.0,3.0,20.0,15.0,5.0,0.0,0.0,0.0,0.0,0.22169811320754718,,,HIT,0.0,,,,,
646,23372,1.1279479268889232,Hunter Feduccia,229.0,3.0,23.0,17.0,0.0,0.0,0.0,0.0,0.0,0.2318840579710145,,,HIT,0.0,,,,,
647,33482,1.1275067195029822,Chase Dollander,0.0,0.0,0.0,0.0,0.0,44.0,3.0,0.0,47.0,,3.8863636363636362,1.2954545454545454,PIT,0.0,,,,,
648,31396,1.1195609726161075,Tyler Locklear,89.0,2.0,14.0,13.0,2.0,0.0,0.0,0.0,0.0,0.26582278481012656,,,HIT,0.0,,,,,
649,18126,1.1163050890022925,LaMonte Wade Jr.,140.0,3.0,17.0,20.0,0.0,0.0,0.0,0.0,0.0,0.22764227642276422,,,HIT,0.0,,,,,
650,27552,1.1162302412972798,Graham Ashcraft,0.0,0.0,0.0,0.0,0.0,33.0,1.0,1.0,38.0,,3.5454545454545454,1.2121212121212122,PIT,0.0,,,,,
651,23917,1.116142253688711,Jorbit Vivas,333.0,4.0,34.0,26.0,2.0,2.2,0.0,0.0,0.0,0.2408026755852843,16.363636363636363,3.1818181818181817,TWO,0.0,,,,,
652,25483,1.112669296805523,Nick Sogard,190.0,1.0,22.0,11.0,2.0,0.0,0.0,0.0,0.0,0.2485207100591716,,,HIT,0.0,,,,,
653,33279,1.1092893378745665,Tommy Troy,150.0,4.0,24.0,11.0,1.0,0.0,0.0,0.0,0.0,0.22058823529411764,,,HIT,0.0,,,,,
654,18554,1.1042621636039667,Enmanuel De Jesus,0.0,0.0,0.0,0.0,0.0,52.2,2.0,1.0,51.0,,3.96551724137931,1.2452107279693485,PIT,0.0,,,,,
655,26284,1.1001468828325505,John Rave,126.0,4.0,16.0,9.0,4.0,0.0,0.0,0.0,0.0,0.23008849557522124,,,HIT,0.0,,,,,
656,24975,1.098791671038653,Cooper Criswell,0.0,0.0,0.0,0.0,0.0,38.2,2.0,1.0,30.0,,3.7696335078534027,1.2041884816753925,PIT,0.0,,,,,
657,30240,1.0932360782924615,Hunter Dobbins,0.0,0.0,0.0,0.0,0.0,86.0,4.0,1.0,73.0,,3.9767441860465116,1.3488372093023255,PIT,0.0,,,,,
658,19287,1.0907521143239165,Adolis García,259.0,7.0,21.0,21.0,3.0,0.0,0.0,0.0,0.0,0.19491525423728814,,,HIT,0.0,,,,,
659,27581,1.0902209888063634,Hayden Wesneski,0.0,0.0,0.0,0.0,0.0,53.2,4.0,0.0,43.0,,4.2293233082706765,1.2406015037593985,PIT,0.0,,,,,
660,25796,1.0869790266365769,Anthony Nunez,0.0,0.0,0.0,0.0,0.0,55.0,4.0,3.0,57.0,,4.581818181818182,1.3454545454545455,PIT,0.0,,,,,
661,30167,1.0819750014901968,Robby Ahlstrom,0.0,0.0,0.0,0.0,0.0,41.0,4.0,0.0,35.0,,4.170731707317073,1.2682926829268293,PIT,0.0,,,,,
662,16727,1.0758467208847775,Brock Stewart,0.0,0.0,0.0,0.0,0.0,24.2,0.0,1.0,25.0,,3.347107438016529,0.9917355371900827,PIT,0.0,,,,,
663,28811,1.0678132604635435,Angel Genao,116.0,2.0,15.0,11.0,2.0,0.0,0.0,0.0,0.0,0.25925925925925924,,,HIT,0.0,,,,,
664,29868,1.0618380866258237,Bubba Chandler,0.0,0.0,0.0,0.0,0.0,151.1,7.0,0.0,136.0,,4.228987425545996,1.369953673064196,PIT,0.0,9.0,,,,
665,24719,1.0544946001435307,Randy Vásquez,1.0,0.0,0.0,0.0,0.0,123.0,9.0,0.0,77.0,0.0,4.2439024390243905,1.3658536585365855,TWO,0.0,,,,,
666,29905,1.0519067783598426,Kahlil Watson,95.0,1.0,6.0,11.0,9.0,0.0,0.0,0.0,0.0,0.2441860465116279,,,HIT,0.0,,,,,
667,20308,1.0474870186864587,Jake Meyers,178.0,3.0,18.0,13.0,2.0,1.0,0.0,0.0,0.0,0.21739130434782608,0.0,0.0,TWO,0.0,,,,,
668,30038,1.0444651569639323,Carson Williams,133.0,4.0,19.0,18.0,3.0,0.0,0.0,0.0,0.0,0.18333333333333332,,,HIT,0.0,,,,,
669,23968,1.0326866004658168,Jorge Barrosa,161.0,2.0,27.0,13.0,2.0,0.0,0.0,0.0,0.0,0.20689655172413793,,,HIT,0.0,,,,,
670,19646,1.0275618480742708,Kyle Hart,0.0,0.0,0.0,0.0,0.0,62.1,1.0,0.0,55.0,,4.202898550724638,1.0950080515297906,PIT,0.0,,,,,
671,33549,1.025530155626014,Kyle Teel,123.0,3.0,16.0,20.0,1.0,0.0,0.0,0.0,0.0,0.2072072072072072,,,HIT,0.0,,,,,
672,15734,1.0230304572403375,Brad Keller,0.0,0.0,0.0,0.0,0.0,31.1,2.0,3.0,32.0,,4.05144694533762,1.35048231511254,PIT,0.0,,,,,
673,25648,1.0204712062670689,Justin Slaten,0.0,0.0,0.0,0.0,0.0,47.1,4.0,0.0,55.0,,4.394904458598726,1.316348195329087,PIT,0.0,,,,,
674,29710,0.9875558683905166,Cam Cauley,158.0,3.0,22.0,10.0,3.0,0.0,0.0,0.0,0.0,0.21379310344827587,,,HIT,0.0,,,,,
675,21524,0.9726748669092911,Joey Bart,156.0,5.0,16.0,16.0,0.0,0.0,0.0,0.0,0.0,0.21428571428571427,,,HIT,0.0,,,,,
676,16814,0.9676651053052204,Tim Hill,0.0,0.0,0.0,0.0,0.0,61.0,5.0,1.0,29.0,,4.573770491803279,1.1967213114754098,PIT,0.0,,,,,
677,29958,0.9587374938282669,Harry Ford,106.0,3.0,14.0,13.0,2.0,0.0,0.0,0.0,0.0,0.22340425531914893,,,HIT,0.0,,,,,
678,27497,0.9584408711266135,Tyler Callihan,126.0,3.0,15.0,17.0,1.0,3.0,0.0,0.0,1.0,0.21052631578947367,0.0,2.0,TWO,0.0,,,,,
679,23798,0.9538787370114341,Randy Dobnak,0.0,0.0,0.0,0.0,0.0,74.0,4.0,0.0,44.0,,3.4054054054054053,1.4189189189189189,PIT,0.0,,,,,
680,29554,0.9496001937615751,Adrian Del Castillo,201.0,5.0,19.0,25.0,1.0,1.2,0.0,0.0,0.0,0.20218579234972678,7.5,2.5,TWO,0.0,,,,,
681,24282,0.9482168006586651,Kai-Wei Teng,0.0,0.0,0.0,0.0,0.0,83.1,6.0,0.0,81.0,,4.44043321299639,1.3598074608904935,PIT,0.0,,,,,
682,24862,0.94786360162198,Ryan Fernandez,0.0,0.0,0.0,0.0,0.0,24.1,2.0,0.0,33.0,,3.3609958506224062,1.3692946058091287,PIT,0.0,,,,,
683,33492,0.9462496014347708,Jim Jarvis,180.0,1.0,19.0,18.0,1.0,0.0,0.0,0.0,0.0,0.22560975609756098,,,HIT,0.0,,,,,
684,25782,0.9266933345125145,Pedro Pagés,224.0,5.0,17.0,16.0,2.0,0.0,0.0,0.0,0.0,0.2107843137254902,,,HIT,0.0,,,,,
685,29189,0.925038632506209,Héctor Rodríguez,122.0,3.0,14.0,12.0,2.0,0.0,0.0,0.0,0.0,0.22807017543859648,,,HIT,0.0,,,,,
686,25817,0.9232260241989326,Braden Shewmake,91.0,3.0,12.0,10.0,1.0,0.0,0.0,0.0,0.0,0.25301204819277107,,,HIT,0.0,,,,,
687,27770,0.9203619471527218,,100.0,2.0,11.0,11.0,3.0,0.0,0.0,0.0,0.0,0.24444444444444444,,,HIT,0.0,,Spehr's Army,10.0,2,-10.0
688,19522,0.9185882028984,TJ Friedl,336.0,5.0,30.0,20.0,7.0,0.0,0.0,0.0,0.0,0.17940199335548174,,,HIT,0.0,,,,,
689,29914,0.9152884857722465,Andrew Alvarez,0.0,0.0,0.0,0.0,0.0,106.1,4.0,1.0,95.0,,3.9019792648444867,1.404335532516494,PIT,0.0,,,,,
690,7802,0.9135693395896456,Miguel Rojas,238.0,4.0,23.0,23.0,1.0,4.0,0.0,0.0,0.0,0.2777777777777778,13.5,2.5,TWO,0.0,,,,,
691,28846,0.9062042322637822,Alimber Santa,0.0,0.0,0.0,0.0,0.0,27.1,0.0,0.0,20.0,,2.6568265682656826,1.1439114391143912,PIT,0.0,,,,,
692,35107,0.9024547484360445,Tommy White,188.0,2.0,18.0,12.0,0.0,0.0,0.0,0.0,0.0,0.2413793103448276,,,HIT,0.0,,,,,
693,29957,0.8927901946856173,Edwin Arroyo,188.0,0.0,18.0,9.0,2.0,0.0,0.0,0.0,0.0,0.25146198830409355,,,HIT,0.0,,,,,
694,14295,0.8835952601990491,Wandy Peralta,0.0,0.0,0.0,0.0,0.0,75.0,3.0,0.0,48.0,,3.48,1.3733333333333333,PIT,0.0,,,,,
695,19260,0.8818737148693967,Jake Fraley,125.0,3.0,10.0,8.0,4.0,0.0,0.0,0.0,0.0,0.23893805309734514,,,HIT,0.0,,,,,
696,27787,0.8806067060688691,Will Klein,0.0,0.0,0.0,0.0,0.0,44.2,3.0,2.0,51.0,,3.665158371040724,1.5610859728506787,PIT,0.0,,,,,
697,33312,0.8609493251996511,Brett Bateman,114.0,1.0,12.0,10.0,3.0,0.0,0.0,0.0,0.0,0.24752475247524752,,,HIT,0.0,,,,,
698,31533,0.8583997477714507,Victor Mederos,1.0,0.0,0.0,2.0,0.0,30.1,3.0,1.0,26.0,1.0,4.485049833887043,1.2956810631229236,TWO,0.0,,,,,
699,29812,0.8574028151933275,Robert Gasser,0.0,0.0,0.0,0.0,0.0,89.0,4.0,0.0,82.0,,4.550561797752809,1.2359550561797752,PIT,0.0,,,,,
700,33380,0.8564679494807539,Drew Cavanaugh,179.0,2.0,14.0,15.0,2.0,0.0,0.0,0.0,0.0,0.22641509433962265,,,HIT,0.0,,,,,
701,25690,0.8487753745609614,Grant McCray,130.0,3.0,17.0,11.0,7.0,0.0,0.0,0.0,0.0,0.1694915254237288,,,HIT,0.0,,,,,
702,20151,0.8334767967314142,James Karinchak,0.0,0.0,0.0,0.0,0.0,20.2,1.0,0.0,21.0,,3.118811881188119,1.188118811881188,PIT,0.0,,,,,
703,11737,0.8270661471739665,Nick Castellanos,122.0,4.0,9.0,20.0,2.0,0.0,0.0,0.0,0.0,0.1891891891891892,,,HIT,0.0,,,,,
704,31354,0.8270284157320098,Jimmy Crooks,185.0,6.0,14.0,19.0,0.0,0.0,0.0,0.0,0.0,0.19642857142857142,,,HIT,0.0,,,,,
705,26599,0.8248464275081748,Jonatan Clase,55.0,3.0,8.0,10.0,2.0,0.0,0.0,0.0,0.0,0.24,,,HIT,0.0,,,,,
706,21656,0.8225229097248943,Kervin Castro,0.0,0.0,0.0,0.0,0.0,15.1,1.0,0.0,17.0,,2.980132450331126,1.1258278145695364,PIT,0.0,,,,,
707,10078,0.8203172641503139,Caleb Thielbar,0.0,0.0,0.0,0.0,0.0,50.2,4.0,3.0,59.0,,5.199203187250996,1.3147410358565736,PIT,0.0,,,,,
708,28022,0.8191713039556,Edgar Quero,254.0,4.0,17.0,22.0,1.0,0.0,0.0,0.0,0.0,0.20434782608695654,,,HIT,0.0,,,,,
709,33323,0.8110315554780396,Charles McAdoo,85.0,4.0,9.0,12.0,2.0,0.0,0.0,0.0,0.0,0.2077922077922078,,,HIT,0.0,,,,,
710,26247,0.8055705951491443,Orlando Ribalta,0.0,0.0,0.0,0.0,0.0,52.0,0.0,3.0,47.0,,3.8076923076923075,1.2884615384615385,PIT,0.0,,,,,
711,29577,0.7959278868051839,Ben Malgeri,81.0,2.0,11.0,10.0,0.0,0.0,0.0,0.0,0.0,0.2602739726027397,,,HIT,0.0,,,,,
712,27597,0.7956231618988491,Cody Bradford,0.0,0.0,0.0,0.0,0.0,44.1,2.0,0.0,32.0,,3.877551020408163,1.2244897959183674,PIT,0.0,,,,,
713,24488,0.7836685930607329,Max Schuemann,94.0,2.0,18.0,9.0,3.0,1.0,0.0,0.0,0.0,0.18823529411764706,0.0,2.0,TWO,0.0,,,,,
714,31431,0.7822552839542942,Jordan Beck,156.0,2.0,13.0,15.0,3.0,0.0,0.0,0.0,0.0,0.2112676056338028,,,HIT,0.0,,,,,
715,19734,0.7790159384435071,Josh Rojas,99.0,1.0,9.0,10.0,2.0,1.0,0.0,0.0,0.0,0.24444444444444444,0.0,1.0,TWO,0.0,,,,,
716,31363,0.7772389248563437,Graham Pauley,168.0,2.0,16.0,19.0,2.0,0.0,0.0,0.0,0.0,0.19736842105263158,,,HIT,0.0,,,,,
717,31884,0.7726205142471719,Logan VanWey,0.0,0.0,0.0,0.0,0.0,13.0,1.0,0.0,11.0,,2.769230769230769,1.0769230769230769,PIT,0.0,,,,,
718,33357,0.7675649046270688,Andrew Pinckney,54.0,2.0,9.0,7.0,3.0,0.0,0.0,0.0,0.0,0.24489795918367346,,,HIT,0.0,,,,,
719,26224,0.7641996278169113,Darell Hernaiz,141.0,1.0,13.0,8.0,3.0,0.0,0.0,0.0,0.0,0.24031007751937986,,,HIT,0.0,,,,,
720,27863,0.7463766455286076,Jared Jones,0.0,0.0,0.0,0.0,0.0,95.0,4.0,0.0,100.0,,4.7368421052631575,1.2421052631578948,PIT,0.0,,Spehr's Army,10.0,1,-10.0
721,21345,0.7459228722832577,Bennett Sousa,0.0,0.0,0.0,0.0,0.0,27.0,1.0,0.0,30.0,,3.3333333333333335,1.2962962962962963,PIT,0.0,,,,,
722,16977,0.7412413145892215,Trevor Williams,0.0,0.0,0.0,0.0,0.0,30.1,1.0,0.0,29.0,,3.2890365448504983,1.2956810631229236,PIT,0.0,,,,,
723,25346,0.7400890139526792,Ronny Simon,66.0,1.0,9.0,6.0,3.0,0.0,0.0,0.0,0.0,0.26666666666666666,,,HIT,0.0,,,,,
724,26214,0.7370217585050252,Chris Murphy,0.0,0.0,0.0,0.0,0.0,39.0,3.0,1.0,37.0,,4.153846153846154,1.3846153846153846,PIT,0.0,,,,,
725,27449,0.7317081287198832,Ryan Ward,65.0,3.0,9.0,13.0,0.0,0.0,0.0,0.0,0.0,0.21666666666666667,,,HIT,0.0,,,,,
726,27514,0.7298352745861431,Kyle Hurt,0.0,0.0,0.0,0.0,0.0,49.1,4.0,1.0,58.0,,4.582484725050916,1.405295315682281,PIT,0.0,,,,,
727,12859,0.7284330453188219,James McCann,150.0,5.0,15.0,26.0,0.0,4.0,0.0,0.0,0.0,0.2826086956521739,11.25,3.0,TWO,0.0,,,,,
728,24453,0.724166840486176,,0.0,0.0,0.0,0.0,0.0,12.0,1.0,2.0,15.0,,3.75,1.3333333333333333,PIT,0.0,,,,,
729,19330,0.7172526686340633,Matt Festa,0.0,0.0,0.0,0.0,0.0,64.0,3.0,1.0,68.0,,4.21875,1.375,PIT,0.0,,,,,
730,34847,0.7141827519344235,Tyler Davis,0.0,0.0,0.0,0.0,0.0,37.1,3.0,1.0,32.0,,4.366576819407008,1.320754716981132,PIT,0.0,,,,,
731,15161,0.7140085623132274,Mitch Garver,154.0,4.0,18.0,16.0,1.0,0.0,0.0,0.0,0.0,0.17857142857142858,,,HIT,0.0,,,,,
732,18795,0.7094426901125253,Ramón Urías,133.0,4.0,16.0,12.0,0.0,0.0,0.0,0.0,0.0,0.19834710743801653,,,HIT,0.0,,,,,
733,16622,0.7065599925364886,Luis Urías,73.0,3.0,6.0,10.0,0.0,0.0,0.0,0.0,0.0,0.25757575757575757,,,HIT,0.0,,,,,
734,30109,0.7050033110156108,Nate Lavender,0.0,0.0,0.0,0.0,0.0,18.1,1.0,1.0,22.0,,3.480662983425414,1.3259668508287292,PIT,0.0,,,,,
735,13346,0.7048213642255045,Hoby Milner,0.0,0.0,0.0,0.0,0.0,48.2,1.0,1.0,28.0,,3.734439834024896,1.2240663900414936,PIT,0.0,,,,,
736,26991,0.7036180917203514,Jesus Rodriguez,78.0,2.0,9.0,10.0,1.0,0.0,0.0,0.0,0.0,0.23943661971830985,,,HIT,0.0,,,,,
737,21992,0.7035563799420499,Camilo Doval,0.0,0.0,0.0,0.0,0.0,58.2,4.0,1.0,60.0,,4.484536082474227,1.3745704467353952,PIT,0.0,,,,,
738,27485,0.7023108209757466,Garrett Stallings,0.0,0.0,0.0,0.0,0.0,19.0,0.0,0.0,18.0,,2.8421052631578947,1.105263157894737,PIT,0.0,,,,,
739,10472,0.6985696106769894,Enrique Hernández,89.0,3.0,11.0,9.0,0.0,0.0,0.0,0.0,0.0,0.23170731707317074,,,HIT,0.0,,,,,
740,33270,0.6975073678629895,Jonah Cox,44.0,1.0,7.0,4.0,5.0,0.0,0.0,0.0,0.0,0.2564102564102564,,,HIT,0.0,,,,,
741,20379,0.6957287707147537,Tyler Zuber,0.0,0.0,0.0,0.0,0.0,36.1,2.0,1.0,41.0,,4.238227146814404,1.3296398891966759,PIT,0.0,,,,,
742,31615,0.6908290411070614,William Kempner,0.0,0.0,0.0,0.0,0.0,17.1,1.0,0.0,19.0,,3.6842105263157894,1.111111111111111,PIT,0.0,,,,,
743,19802,0.6860564616370534,Jhonny Pereda,108.0,2.0,11.0,7.0,0.0,0.0,0.0,0.0,0.0,0.25510204081632654,,,HIT,0.0,,,,,
744,31855,0.6811373435608017,Colby Thomas,126.0,4.0,12.0,12.0,1.0,0.0,0.0,0.0,0.0,0.2,,,HIT,0.0,,,,,
745,24934,0.6784377937313739,David Fry,173.0,6.0,17.0,14.0,0.0,0.0,0.0,0.0,0.0,0.18354430379746836,,,HIT,0.0,,,,,
746,18551,0.6741818145538615,Ali Sánchez,91.0,2.0,8.0,10.0,0.0,0.0,0.0,0.0,0.0,0.25301204819277107,,,HIT,0.0,,,,,
747,21562,0.6738458137587885,Romy Gonzalez,112.0,2.0,12.0,12.0,2.0,0.0,0.0,0.0,0.0,0.20588235294117646,,,HIT,0.0,,,,,
748,29630,0.6623827018150281,Joey Loperfido,124.0,1.0,13.0,12.0,1.0,0.0,0.0,0.0,0.0,0.22321428571428573,,,HIT,0.0,,,,,
749,19452,0.6598318354428178,Jake Rogers,128.0,3.0,15.0,11.0,1.0,2.1,0.0,0.0,3.0,0.18803418803418803,0.0,1.9047619047619047,TWO,0.0,,,,,
750,15551,0.6593888946863388,Mark Leiter Jr.,0.0,0.0,0.0,0.0,0.0,33.2,0.0,4.0,37.0,,4.337349397590361,1.2951807228915662,PIT,0.0,,,,,
751,31872,0.6573517728090322,Cade Horton,0.0,0.0,0.0,0.0,0.0,7.1,1.0,0.0,4.0,,2.535211267605634,0.8450704225352114,PIT,0.0,14.0,Spehr's Army,14.0,2,-14.0
752,29704,0.6514872379621743,Braxton Fulford,76.0,1.0,13.0,8.0,4.0,0.0,0.0,0.0,0.0,0.18840579710144928,,,HIT,0.0,,,,,
753,21487,0.6499186260182648,Stephen Kolek,0.0,0.0,0.0,0.0,0.0,54.0,4.0,0.0,34.0,,4.5,1.2407407407407407,PIT,0.0,,,,,
754,26047,0.6376424669618753,Jase Bowen,103.0,2.0,14.0,9.0,5.0,0.0,0.0,0.0,0.0,0.1702127659574468,,,HIT,0.0,,,,,
755,30203,0.6338778913518314,Jackson Jobe,0.0,0.0,0.0,0.0,0.0,30.0,2.0,0.0,23.0,,3.9,1.2666666666666666,PIT,0.0,,The Fighting Phils,10.0,2,-10.0
756,16535,0.6291868303342067,Danny Jansen,197.0,5.0,17.0,18.0,1.0,0.0,0.0,0.0,0.0,0.17613636363636365,,,HIT,0.0,,,,,
757,26466,0.6220954738427213,Matt Wallner,163.0,5.0,18.0,14.0,0.0,0.0,0.0,0.0,0.0,0.17687074829931973,,,HIT,0.0,,,,,
758,30061,0.6201471959702225,Will Dion,0.0,0.0,0.0,0.0,0.0,37.1,2.0,0.0,38.0,,4.123989218328841,1.2938005390835579,PIT,0.0,,,,,
759,29524,0.6094320971260047,Bryce Teodosio,89.0,0.0,9.0,5.0,6.0,0.0,0.0,0.0,0.0,0.2222222222222222,,,HIT,0.0,,,,,
760,13932,0.5968878735809131,Dietrich Enns,0.0,0.0,0.0,0.0,0.0,16.0,3.0,0.0,13.0,,3.9375,1.5,PIT,0.0,,,,,
761,18577,0.594714506760631,Ke'Bryan Hayes,311.0,6.0,27.0,19.0,3.0,0.0,0.0,0.0,0.0,0.17253521126760563,,,HIT,0.0,,,,,
762,13152,0.5908956285190309,Jorge Polanco,240.0,6.0,18.0,18.0,1.0,0.0,0.0,0.0,0.0,0.17972350230414746,,,HIT,0.0,,,,,
763,19921,0.589190502587076,Blake Perkins,121.0,1.0,17.0,13.0,4.0,0.0,0.0,0.0,0.0,0.16363636363636364,,,HIT,0.0,,,,,
764,29573,0.5873232776521812,Billy Cook,54.0,0.0,12.0,3.0,5.0,0.0,0.0,0.0,0.0,0.20408163265306123,,,HIT,0.0,,,,,
765,31443,0.5828876276176849,Sterlin Thompson,82.0,2.0,8.0,11.0,0.0,0.0,0.0,0.0,0.0,0.22666666666666666,,,HIT,0.0,,,,,
766,24602,0.5786343847286609,Drew Rom,0.0,0.0,0.0,0.0,0.0,16.2,2.0,0.0,21.0,,3.888888888888889,1.4197530864197532,PIT,0.0,,,,,
767,12317,0.5776253082272975,Colin Rea,0.0,0.0,0.0,0.0,0.0,136.2,9.0,1.0,102.0,,4.6255506607929515,1.365638766519824,PIT,0.0,,,,,
768,25921,0.577331216228341,Casey Legumina,0.0,0.0,0.0,0.0,0.0,64.2,3.0,0.0,46.0,,4.205607476635514,1.277258566978193,PIT,0.0,,,,,
769,29934,0.5772728305737068,Riley Martin,0.0,0.0,0.0,0.0,0.0,8.1,0.0,0.0,10.0,,2.2222222222222223,0.8641975308641976,PIT,0.0,,,,,
770,13942,0.572832151085618,Brent Suter,0.0,0.0,0.0,0.0,0.0,82.1,1.0,0.0,71.0,,3.9464068209500613,1.2789281364190013,PIT,0.0,,,,,
771,27583,0.5713659824654979,Garrett Acton,0.0,0.0,0.0,0.0,0.0,13.2,1.0,0.0,15.0,,3.409090909090909,1.2121212121212122,PIT,0.0,,,,,
772,16933,0.5699954540947678,Elieser Hernández,0.0,0.0,0.0,0.0,0.0,6.0,1.0,1.0,6.0,,1.5,1.6666666666666667,PIT,0.0,,,,,
773,26406,0.5664767444667682,Ben Peoples,0.0,0.0,0.0,0.0,0.0,24.1,1.0,0.0,16.0,,3.3609958506224062,1.2448132780082988,PIT,0.0,,,,,
774,23792,0.5650446185045586,Alek Thomas,102.0,2.0,12.0,10.0,4.0,0.0,0.0,0.0,0.0,0.17204301075268819,,,HIT,0.0,,,,,
775,30195,0.564779309734474,Franco Aleman,0.0,0.0,0.0,0.0,0.0,29.1,1.0,0.0,36.0,,3.7113402061855667,1.3402061855670102,PIT,0.0,,,,,
776,31920,0.5647303592156026,Tyler Schweitzer,0.0,0.0,0.0,0.0,0.0,32.2,1.0,1.0,18.0,,3.354037267080745,1.3354037267080745,PIT,0.0,,,,,
777,31166,0.5591158571433305,,65.0,2.0,8.0,8.0,0.0,0.0,0.0,0.0,0.0,0.23728813559322035,,,HIT,0.0,,,,,
778,19361,0.5563590498889258,,0.0,0.0,0.0,0.0,0.0,13.0,1.0,0.0,12.0,,3.4615384615384617,1.1538461538461537,PIT,0.0,,,,,
779,14706,0.5551137663250819,Anthony Banda,0.0,0.0,0.0,0.0,0.0,34.1,2.0,2.0,33.0,,4.486803519061583,1.348973607038123,PIT,0.0,,,,,
780,21205,0.5530346385415821,Connor Brogdon,0.0,0.0,0.0,0.0,0.0,15.1,2.0,1.0,14.0,,5.364238410596027,1.1258278145695364,PIT,0.0,,,,,
781,18030,0.544554496879002,Harrison Bader,111.0,5.0,10.0,14.0,0.0,0.0,0.0,0.0,0.0,0.16831683168316833,,,HIT,0.0,,,,,
782,19722,0.5409208337371385,Carlos Narváez,307.0,5.0,25.0,18.0,1.0,0.0,0.0,0.0,0.0,0.18411552346570398,,,HIT,0.0,,,,,
783,17479,0.532970777516371,Jack Flaherty,0.0,0.0,0.0,0.0,0.0,110.1,5.0,0.0,129.0,,4.4959128065395095,1.3987284287011807,PIT,0.0,2.0,NPB No Stars,2.0,2,-2.0
784,22370,0.531823276031585,Raymond Burgos,0.0,0.0,0.0,0.0,0.0,12.0,0.0,1.0,9.0,,3.75,0.9166666666666666,PIT,0.0,,,,,
785,22197,0.527643300988893,MJ Melendez,144.0,4.0,14.0,11.0,0.0,0.0,0.0,0.0,0.0,0.19083969465648856,,,HIT,0.0,,,,,
786,19618,0.5271421207348941,Jordan Hicks,0.0,0.0,0.0,0.0,0.0,51.0,2.0,2.0,57.0,,3.8823529411764706,1.5098039215686274,PIT,0.0,,,,,
787,19997,0.5185221319760518,Santiago Espinal,71.0,1.0,6.0,8.0,0.0,0.0,0.0,0.0,0.0,0.26153846153846155,,,HIT,0.0,,,,,
788,7739,0.5108720682641986,Travis d'Arnaud,112.0,3.0,11.0,9.0,0.0,0.0,0.0,0.0,0.0,0.20588235294117646,,,HIT,0.0,,,,,
789,19422,0.5043550159854375,Brian Serven,80.0,3.0,7.0,10.0,0.0,0.0,0.0,0.0,0.0,0.2054794520547945,,,HIT,0.0,,,,,
790,25705,0.5033146021771608,Dustin Harris,52.0,0.0,6.0,5.0,4.0,0.0,0.0,0.0,0.0,0.23404255319148937,,,HIT,0.0,,,,,
791,26227,0.49577948662723725,Alec Gamboa,0.0,0.0,0.0,0.0,0.0,25.0,1.0,1.0,20.0,,3.6,1.36,PIT,0.0,,,,,
792,24248,0.4948180297400152,Eddy Yean,0.0,0.0,0.0,0.0,0.0,21.0,0.0,0.0,16.0,,3.4285714285714284,1.0952380952380953,PIT,0.0,,,,,
793,12970,0.47878991177632113,,0.0,0.0,0.0,0.0,0.0,23.0,1.0,0.0,21.0,,3.9130434782608696,1.2173913043478262,PIT,0.0,,,,,
794,23443,0.47854363332495775,Tom Cosgrove,0.0,0.0,0.0,0.0,0.0,25.2,1.0,2.0,22.0,,4.285714285714286,1.3095238095238095,PIT,0.0,,,,,
795,21649,0.477793155466125,Luis Medina,0.0,0.0,0.0,0.0,0.0,70.2,3.0,1.0,79.0,,4.102564102564102,1.4672364672364673,PIT,0.0,,,,,
796,30081,0.4768049908049634,Tyler Samaniego,0.0,0.0,0.0,0.0,0.0,31.1,1.0,0.0,26.0,,3.183279742765273,1.4147909967845658,PIT,0.0,,,,,
797,22272,0.47643264549683867,Raynel Delgado,55.0,1.0,5.0,6.0,1.0,0.0,0.0,0.0,0.0,0.26,,,HIT,0.0,,,,,
798,37124,0.4763589057117963,Tatsuya Imai,0.0,0.0,0.0,0.0,0.0,89.2,8.0,0.0,109.0,,5.145739910313901,1.412556053811659,PIT,0.0,8.0,,,,
799,25427,0.4686251382862586,Gavin Hollowell,0.0,0.0,0.0,0.0,0.0,16.1,0.0,1.0,15.0,,2.795031055900621,1.3664596273291925,PIT,0.0,,,,,
800,25643,0.4672209476425707,Drew Millas,160.0,2.0,19.0,12.0,0.0,0.0,0.0,0.0,0.0,0.18620689655172415,,,HIT,0.0,,,,,
801,31913,0.4658924156038274,,0.0,0.0,0.0,0.0,0.0,10.0,1.0,0.0,11.0,,3.6,1.2,PIT,0.0,,,,,
802,17192,0.46535687987732777,Jalen Beeks,0.0,0.0,0.0,0.0,0.0,26.0,2.0,0.0,21.0,,3.8076923076923075,1.3846153846153846,PIT,0.0,,,,,
803,10197,0.46295759025080846,,0.0,0.0,0.0,0.0,0.0,7.0,1.0,0.0,7.0,,3.857142857142857,1.0,PIT,0.0,,,,,
804,31991,0.46079610509981844,Rafael Flores Jr.,69.0,2.0,6.0,6.0,0.0,1.0,0.0,0.0,0.0,0.24193548387096775,0.0,2.0,TWO,0.0,,,,,
805,17232,0.4546846831603334,Yoán Moncada,145.0,3.0,11.0,12.0,1.0,0.0,0.0,0.0,0.0,0.19083969465648856,,,HIT,0.0,,,,,
806,23989,0.45420539751660827,Junior Perez,46.0,3.0,6.0,7.0,0.0,0.0,0.0,0.0,0.0,0.1951219512195122,,,HIT,0.0,,,,,
807,20521,0.4491957783764381,Nick Madrigal,61.0,0.0,8.0,3.0,1.0,0.0,0.0,0.0,0.0,0.2727272727272727,,,HIT,0.0,,,,,
808,24759,0.44762549982861255,Mickey Gasper,119.0,0.0,11.0,7.0,0.0,0.0,0.0,0.0,0.0,0.24074074074074073,,,HIT,0.0,,,,,
809,13607,0.44358134509347963,Carl Edwards Jr.,0.0,0.0,0.0,0.0,0.0,6.0,0.0,0.0,11.0,,1.5,1.1666666666666667,PIT,0.0,,,,,
810,29423,0.44297247402792894,Kendry Rojas,0.0,0.0,0.0,0.0,0.0,46.2,2.0,0.0,49.0,,3.701298701298701,1.4718614718614718,PIT,0.0,,,,,
811,27590,0.44133385415408033,Jake Eder,0.0,0.0,0.0,0.0,0.0,4.0,1.0,0.0,1.0,,2.25,1.0,PIT,0.0,,,,,
812,19352,0.4370835071351055,Sean Murphy,105.0,3.0,9.0,10.0,0.0,0.0,0.0,0.0,0.0,0.1935483870967742,,,HIT,0.0,,,,,
813,25779,0.43368178105800403,Tyler Tolbert,156.0,4.0,31.0,11.0,21.0,4.2,0.0,0.0,0.0,0.2907801418439716,25.71428571428571,4.285714285714286,TWO,0.0,,,,,
814,23800,0.43166139098173717,Parker Meadows,54.0,0.0,5.0,4.0,3.0,0.0,0.0,0.0,0.0,0.25,,,HIT,0.0,,,,,
815,15009,0.4310042650393875,Kyle Finnegan,0.0,0.0,0.0,0.0,0.0,66.0,3.0,3.0,51.0,,3.8181818181818183,1.5303030303030303,PIT,0.0,,,,,
816,31988,0.42807175630012534,Nate Furman,57.0,1.0,7.0,6.0,1.0,0.0,0.0,0.0,0.0,0.22448979591836735,,,HIT,0.0,,,,,
817,29574,0.4263086765520625,Chase Lee,0.0,0.0,0.0,0.0,0.0,20.0,2.0,1.0,14.0,,4.05,1.45,PIT,0.0,,,,,
818,32026,0.42583527130787635,Drew Sommers,0.0,0.0,0.0,0.0,0.0,36.0,1.0,0.0,45.0,,3.75,1.4166666666666667,PIT,0.0,,,,,
819,14361,0.41903669274195904,Ty Blach,0.0,0.0,0.0,0.0,0.0,3.0,0.0,0.0,2.0,,0.0,0.3333333333333333,PIT,0.0,,,,,
820,20450,0.4176301516019184,Brewer Hicklen,27.0,0.0,5.0,3.0,0.0,0.0,0.0,0.0,0.0,0.375,,,HIT,0.0,,,,,
821,11189,0.4151293310699832,Vince Velasquez,0.0,0.0,0.0,0.0,0.0,3.1,0.0,0.0,1.0,,0.0,0.3225806451612903,PIT,0.0,,,,,
822,25139,0.41496687863865156,Tim Herrin,0.0,0.0,0.0,0.0,0.0,55.1,2.0,0.0,49.0,,3.7568058076225044,1.4156079854809438,PIT,0.0,,,,,
823,31857,0.4082300748825749,Connor Prielipp,0.0,0.0,0.0,0.0,0.0,111.2,5.0,0.0,117.0,,4.694244604316546,1.330935251798561,PIT,0.0,,,,,
824,31562,0.40274462690423196,Zach Dezenzo,87.0,1.0,12.0,4.0,1.0,0.0,0.0,0.0,0.0,0.2125,,,HIT,0.0,,,,,
825,25845,0.4027115772042545,Michael Toglia,38.0,2.0,5.0,5.0,0.0,0.0,0.0,0.0,0.0,0.23529411764705882,,,HIT,0.0,,,,,
826,22558,0.4007901961542776,Jarred Kelenic,95.0,2.0,8.0,7.0,0.0,0.0,0.0,0.0,0.0,0.21839080459770116,,,HIT,0.0,,,,,
827,21853,0.40071127500961146,Will Benson,122.0,3.0,12.0,7.0,1.0,0.0,0.0,0.0,0.0,0.1891891891891892,,,HIT,0.0,,,,,
828,18848,0.40064218729035744,Yohel Pozo,57.0,1.0,3.0,9.0,0.0,0.0,0.0,0.0,0.0,0.24528301886792453,,,HIT,0.0,,,,,
829,25611,0.38963544088086016,Antoine Kelly,0.0,0.0,0.0,0.0,0.0,10.1,1.0,0.0,10.0,,3.5643564356435644,1.2871287128712872,PIT,0.0,,,,,
830,24914,0.3882185849007413,Lazaro Estrada,0.0,0.0,0.0,0.0,0.0,25.0,2.0,1.0,18.0,,4.68,1.28,PIT,0.0,,,,,
831,30003,0.3860185698874926,Mitch Bratt,0.0,0.0,0.0,0.0,0.0,55.2,2.0,0.0,44.0,,3.913043478260869,1.358695652173913,PIT,0.0,,,,,
832,16153,0.37827141854579954,Austin Slater,74.0,0.0,6.0,3.0,4.0,0.0,0.0,0.0,0.0,0.22388059701492538,,,HIT,0.0,,,,,
833,25942,0.37626795884761177,Andrew Nardi,0.0,0.0,0.0,0.0,0.0,25.2,3.0,0.0,30.0,,5.0,1.3888888888888888,PIT,0.0,,,,,
834,21735,0.37360686299920604,Sebastián Rivero,57.0,0.0,5.0,8.0,0.0,0.0,0.0,0.0,0.0,0.25,,,HIT,0.0,,,,,
835,29949,0.3696691115557279,Tyler Black,28.0,0.0,2.0,7.0,0.0,0.0,0.0,0.0,0.0,0.32,,,HIT,0.0,,,,,
836,27498,0.3644788000991477,Spencer Strider,0.0,0.0,0.0,0.0,0.0,42.0,4.0,0.0,50.0,,5.142857142857143,1.3571428571428572,PIT,0.0,4.0,Pookie 2.0,4.0,2,-4.0
837,33865,0.3522828965551927,Khristian Curtis,0.0,0.0,0.0,0.0,0.0,18.0,0.0,0.0,16.0,,3.5,1.1666666666666667,PIT,0.0,,,,,
838,13355,0.3487873546582339,Luke Maile,30.0,1.0,3.0,6.0,0.0,0.0,0.0,0.0,0.0,0.25925925925925924,,,HIT,0.0,,,,,
839,14111,0.3459576723043646,Eric Haase,84.0,4.0,8.0,9.0,0.0,0.0,0.0,0.0,0.0,0.15789473684210525,,,HIT,0.0,,,,,
840,21523,0.34505977378293085,Jonathan India,58.0,2.0,8.0,8.0,0.0,0.0,0.0,0.0,0.0,0.16981132075471697,,,HIT,0.0,,,,,
841,16647,0.34329609162709196,Ryan Thompson,0.0,0.0,0.0,0.0,0.0,51.2,5.0,0.0,37.0,,4.21875,1.50390625,PIT,0.0,,,,,
842,21420,0.3425929090927116,Yerry De los Santos,0.0,0.0,0.0,0.0,0.0,22.0,0.0,0.0,18.0,,2.8636363636363638,1.3636363636363635,PIT,0.0,,,,,
843,25971,0.3340575851882048,Kevin Alcántara,27.0,1.0,4.0,5.0,0.0,0.0,0.0,0.0,0.0,0.25,,,HIT,0.0,,,,,
844,33785,0.333463985238586,Josh Ekness,0.0,0.0,0.0,0.0,0.0,22.0,1.0,1.0,19.0,,3.6818181818181817,1.4545454545454546,PIT,0.0,,,,,
845,13435,0.32940227930987975,Pierce Johnson,0.0,0.0,0.0,0.0,0.0,51.2,3.0,1.0,48.0,,4.74609375,1.328125,PIT,0.0,,,,,
846,15823,0.32606616315682846,Zack Littell,0.0,0.0,0.0,0.0,0.0,133.0,9.0,0.0,83.0,,4.7368421052631575,1.3157894736842106,PIT,0.0,,,,,
847,23779,0.32601497186821615,Justin Bruihl,0.0,0.0,0.0,0.0,0.0,74.1,0.0,0.0,54.0,,3.522267206477733,1.3360323886639678,PIT,0.0,,,,,
848,29858,0.32548169353034406,Denzel Clarke,84.0,0.0,7.0,9.0,3.0,0.0,0.0,0.0,0.0,0.18421052631578946,,,HIT,0.0,,,,,
849,23565,0.3249429849645947,Davis Schneider,147.0,3.0,19.0,13.0,1.0,0.0,0.0,0.0,0.0,0.14285714285714285,,,HIT,0.0,,,,,
850,27573,0.31946902941525923,Gage Workman,50.0,2.0,4.0,9.0,0.0,0.0,0.0,0.0,0.0,0.17777777777777778,,,HIT,0.0,,,,,
851,22896,0.31924649850011105,Lenyn Sosa,121.0,1.0,11.0,9.0,0.0,0.0,0.0,0.0,0.0,0.2018348623853211,,,HIT,0.0,,,,,
852,28344,0.31555989983079397,Tsung-Che Cheng,46.0,0.0,7.0,5.0,0.0,0.0,0.0,0.0,0.0,0.23809523809523808,,,HIT,0.0,,,,,
853,31583,0.31534924517099255,Zach Cole,53.0,3.0,4.0,8.0,0.0,0.0,0.0,0.0,0.0,0.16666666666666666,,,HIT,0.0,,,,,
854,17276,0.3066221280638863,Alex Jackson,77.0,1.0,12.0,6.0,0.0,2.0,0.0,0.0,0.0,0.29577464788732394,13.5,2.0,TWO,0.0,,,,,
855,18363,0.30423910340374183,Victor Robles,159.0,0.0,14.0,8.0,9.0,1.0,0.0,0.0,0.0,0.24305555555555555,27.0,6.0,TWO,0.0,,,,,
856,34979,0.3039483137467124,Christian Moore,73.0,1.0,5.0,6.0,1.0,0.0,0.0,0.0,0.0,0.2153846153846154,,,HIT,0.0,,,,,
857,27962,0.30380692929777436,,27.0,1.0,3.0,3.0,1.0,0.0,0.0,0.0,0.0,0.25,,,HIT,0.0,,,,,
858,20794,0.3020447206877434,,0.0,0.0,0.0,0.0,0.0,13.0,1.0,0.0,11.0,,4.153846153846154,1.2307692307692308,PIT,0.0,,,,,
859,18433,0.2968401922330452,P.J. Higgins,32.0,0.0,1.0,4.0,0.0,1.0,0.0,0.0,1.0,0.2413793103448276,0.0,0.0,TWO,0.0,,,,,
860,23617,0.29512308158856965,Josh Walker,0.0,0.0,0.0,0.0,0.0,30.0,1.0,0.0,27.0,,3.9,1.3333333333333333,PIT,0.0,,,,,
861,29896,0.2902661587810691,Christian Franklin,54.0,1.0,6.0,4.0,2.0,0.0,0.0,0.0,0.0,0.1875,,,HIT,0.0,,,,,
862,21951,0.2886753550279507,Joel Peguero,0.0,0.0,0.0,0.0,0.0,23.1,1.0,0.0,13.0,,3.506493506493506,1.3419913419913418,PIT,0.0,,,,,
863,27969,0.2877763341272408,Deyvison De Los Santos,38.0,1.0,3.0,4.0,0.0,0.0,0.0,0.0,0.0,0.2571428571428571,,,HIT,0.0,,,,,
864,25005,0.28149662643471846,Justin Dean,10.0,0.0,3.0,3.0,1.0,0.0,0.0,0.0,0.0,0.3333333333333333,,,HIT,0.0,,,,,
865,32157,0.27811980210212006,Jonah Tong,0.0,0.0,0.0,0.0,0.0,17.0,2.0,0.0,15.0,,4.235294117647059,1.4705882352941178,PIT,0.0,,,,,
866,19899,0.2770365453662189,,0.0,0.0,0.0,0.0,0.0,9.0,1.0,0.0,9.0,,4.0,1.3333333333333333,PIT,0.0,,,,,
867,31661,0.2733679800391141,,24.0,1.0,3.0,3.0,1.0,0.0,0.0,0.0,0.0,0.22727272727272727,,,HIT,0.0,,,,,
868,28040,0.2715208613368711,Eiberson Castellano,0.0,0.0,0.0,0.0,0.0,16.0,1.0,1.0,12.0,,3.9375,1.4375,PIT,0.0,,,,,
869,25386,0.27022900786130494,Jhony Brito,0.0,0.0,0.0,0.0,0.0,17.1,1.0,0.0,13.0,,4.2105263157894735,1.2280701754385963,PIT,0.0,,,,,
870,27883,0.2645286109307319,Thomas Saggese,95.0,1.0,10.0,5.0,1.0,0.0,0.0,0.0,0.0,0.19540229885057472,,,HIT,0.0,,,,,
871,31843,0.2624957514430277,Kumar Rocker,0.0,0.0,0.0,0.0,0.0,151.0,6.0,0.0,140.0,,4.470198675496689,1.3708609271523178,PIT,0.0,,,,,
872,23395,0.2603387324936235,Eric Wagaman,56.0,2.0,5.0,5.0,0.0,0.0,0.0,0.0,0.0,0.19607843137254902,,,HIT,0.0,,,,,
873,20002,0.25871247265301045,Bryce Johnson,51.0,0.0,5.0,2.0,5.0,0.0,0.0,0.0,0.0,0.1702127659574468,,,HIT,0.0,,,,,
874,19995,0.2577796447497235,Joel Kuhnel,0.0,0.0,0.0,0.0,0.0,43.1,1.0,6.0,28.0,,4.593967517401392,1.4385150812064964,PIT,0.0,,,,,
875,24698,0.25460690343293246,Tanner Andrews,0.0,0.0,0.0,0.0,0.0,3.0,0.0,0.0,1.0,,0.0,1.0,PIT,0.0,,,,,
876,9847,0.25257261657200386,Andrew McCutchen,92.0,1.0,9.0,6.0,0.0,0.0,0.0,0.0,0.0,0.20238095238095238,,,HIT,0.0,,,,,
877,26374,0.25184706506625937,Kameron Misner,46.0,0.0,2.0,4.0,3.0,0.0,0.0,0.0,0.0,0.21428571428571427,,,HIT,0.0,,,,,
878,35094,0.24973443218399521,Sean Keys,42.0,1.0,6.0,6.0,0.0,0.0,0.0,0.0,0.0,0.1794871794871795,,,HIT,0.0,,,,,
879,26344,0.24754267551549036,Taylor Rashi,0.0,0.0,0.0,0.0,0.0,11.2,1.0,0.0,11.0,,4.821428571428572,1.1607142857142858,PIT,0.0,,,,,
880,29960,0.24057938635055268,AJ Smith-Shawver,0.0,0.0,0.0,0.0,0.0,17.1,1.0,0.0,19.0,,4.2105263157894735,1.3450292397660817,PIT,0.0,,,,,
881,18821,0.2388566251673245,José Azócar,18.0,0.0,2.0,0.0,1.0,0.0,0.0,0.0,0.0,0.375,,,HIT,0.0,,,,,
882,27653,0.2368083797976417,Christian Koss,180.0,2.0,17.0,13.0,3.0,2.0,0.0,0.0,0.0,0.21212121212121213,13.5,2.5,TWO,0.0,,,,,
883,15149,0.2349639999668062,Trey Mancini,19.0,0.0,2.0,5.0,0.0,0.0,0.0,0.0,0.0,0.2777777777777778,,,HIT,0.0,,,,,
884,26790,0.23449748201693865,Angel Chivilli,0.0,0.0,0.0,0.0,0.0,27.2,1.0,0.0,27.0,,4.301470588235294,1.286764705882353,PIT,0.0,,,,,
885,13770,0.23261077354900173,Rob Refsnyder,156.0,5.0,12.0,14.0,0.0,0.0,0.0,0.0,0.0,0.14893617021276595,,,HIT,0.0,,,,,
886,15274,0.22789933292839504,,31.0,1.0,4.0,3.0,0.0,0.0,0.0,0.0,0.0,0.2222222222222222,,,HIT,0.0,,,,,
887,19358,0.22473651737820277,Weston Wilson,128.0,4.0,13.0,12.0,5.0,2.1,0.0,0.0,0.0,0.19827586206896552,17.142857142857142,2.380952380952381,TWO,0.0,,,,,
888,19514,0.22437038929499437,,41.0,1.0,4.0,4.0,0.0,0.0,0.0,0.0,0.0,0.21621621621621623,,,HIT,0.0,,,,,
889,27504,0.22297650095579596,Nick Yorke,93.0,1.0,7.0,7.0,0.0,0.0,0.0,0.0,0.0,0.20238095238095238,,,HIT,0.0,,,,,
890,19337,0.2222328019496873,Richard Lovelady,0.0,0.0,0.0,0.0,0.0,33.1,2.0,4.0,29.0,,3.806646525679758,1.782477341389728,PIT,0.0,,,,,
891,15679,0.21763269842951916,Rowdy Tellez,11.0,1.0,2.0,4.0,0.0,0.0,0.0,0.0,0.0,0.2,,,HIT,0.0,,,,,
892,23221,0.21506829729033178,Michael Grove,0.0,0.0,0.0,0.0,0.0,16.0,1.0,0.0,15.0,,4.5,1.25,PIT,0.0,,,,,
893,31624,0.2145721149467484,Brian Fitzpatrick,0.0,0.0,0.0,0.0,0.0,6.2,0.0,0.0,5.0,,1.4516129032258065,1.4516129032258065,PIT,0.0,,,,,
894,21623,0.20955042788698042,Grant Wolfram,0.0,0.0,0.0,0.0,0.0,51.0,5.0,1.0,58.0,,5.294117647058823,1.4313725490196079,PIT,0.0,,,,,
895,17484,0.2033727515446378,Eloy Jiménez,35.0,0.0,2.0,3.0,0.0,0.0,0.0,0.0,0.0,0.28125,,,HIT,0.0,,,,,
896,31846,0.2009242735873546,,0.0,0.0,0.0,0.0,0.0,3.0,0.0,0.0,3.0,,3.0,0.6666666666666666,PIT,0.0,,,,,
897,29634,0.20053094297862153,Will Wagner,49.0,0.0,5.0,0.0,0.0,0.0,0.0,0.0,0.0,0.2727272727272727,,,HIT,0.0,,,,,
898,15007,0.20026441271179152,Yacksel Ríos,0.0,0.0,0.0,0.0,0.0,1.2,0.0,0.0,1.0,,0.0,0.0,PIT,0.0,,,,,
899,35205,0.19816330543517258,Hagen Smith,0.0,0.0,0.0,0.0,0.0,18.0,2.0,0.0,19.0,,4.5,1.5,PIT,0.0,,,,,
900,25625,0.1959027717320192,Daniel Espino,0.0,0.0,0.0,0.0,0.0,17.0,1.0,0.0,25.0,,4.235294117647059,1.4705882352941178,PIT,0.0,,,,,
901,29615,0.19327849659545904,Kyle Backhus,0.0,0.0,0.0,0.0,0.0,29.0,3.0,0.0,29.0,,4.655172413793103,1.4827586206896552,PIT,0.0,,,,,
902,27789,0.19308491098294428,Shay Whitcomb,24.0,2.0,2.0,5.0,0.0,0.0,0.0,0.0,0.0,0.13636363636363635,,,HIT,0.0,,,,,
903,19531,0.19272391380386794,Jason Foley,0.0,0.0,0.0,0.0,0.0,23.0,1.0,1.0,17.0,,4.304347826086956,1.3478260869565217,PIT,0.0,,,,,
904,20349,0.19214251537205135,Zack Kelly,0.0,0.0,0.0,0.0,0.0,16.1,0.0,0.0,14.0,,3.354037267080745,1.3043478260869563,PIT,0.0,,,,,
905,29826,0.19203056366460128,Brett Kerry,0.0,0.0,0.0,0.0,0.0,27.2,1.0,0.0,22.0,,4.632352941176471,1.1764705882352942,PIT,0.0,,,,,
906,25595,0.18854398600374414,Xzavion Curry,0.0,0.0,0.0,0.0,0.0,24.0,0.0,0.0,15.0,,3.375,1.2916666666666667,PIT,0.0,,,,,
907,23818,0.1761091701264325,Ji Hwan Bae,15.0,0.0,2.0,1.0,1.0,0.0,0.0,0.0,0.0,0.2857142857142857,,,HIT,0.0,,,,,
908,20287,0.17494726503574187,Ben Rortvedt,52.0,1.0,4.0,5.0,0.0,0.0,0.0,0.0,0.0,0.1956521739130435,,,HIT,0.0,,,,,
909,23429,0.17345361936767578,JP Sears,0.0,0.0,0.0,0.0,0.0,40.2,3.0,0.0,32.0,,4.701492537313433,1.3432835820895521,PIT,0.0,,,,,
910,19926,0.1693374454228942,Tony Santillan,0.0,0.0,0.0,0.0,0.0,43.0,2.0,5.0,40.0,,5.232558139534884,1.4186046511627908,PIT,0.0,,,,,
911,33248,0.16902572181920458,Craig Yoho,0.0,0.0,0.0,0.0,0.0,36.1,3.0,0.0,34.0,,5.2354570637119116,1.2742382271468145,PIT,0.0,,,,,
912,15467,0.16790429795061212,Marco Gonzales,0.0,0.0,0.0,0.0,0.0,6.0,0.0,1.0,3.0,,1.5,1.8333333333333333,PIT,0.0,,,,,
913,21690,0.16563768364916864,Edward Cabrera,0.0,0.0,0.0,0.0,0.0,102.1,7.0,0.0,96.0,,4.936336924583742,1.3614103819784527,PIT,0.0,1.0,New York Polar Bears,1.0,2,-1.0
914,28848,0.16438204120987682,Tanner Murray,39.0,1.0,3.0,4.0,0.0,0.0,0.0,0.0,0.0,0.2,,,HIT,0.0,,,,,
915,23301,0.16370225675629224,Janson Junk,0.0,0.0,0.0,0.0,0.0,122.2,7.0,0.0,93.0,,4.639934533551555,1.3502454991816695,PIT,0.0,,,,,
916,20084,0.16193934014077388,J.C. Escarra,97.0,0.0,9.0,8.0,0.0,0.0,0.0,0.0,0.0,0.19101123595505617,,,HIT,0.0,,,,,
917,14813,0.16107286259068435,Kyle Farmer,16.0,0.0,2.0,3.0,0.0,0.0,0.0,0.0,0.0,0.26666666666666666,,,HIT,0.0,,,,,
918,16358,0.15506106884244297,Tyler Mahle,0.0,0.0,0.0,0.0,0.0,136.2,5.0,0.0,132.0,,4.6255506607929515,1.3362701908957417,PIT,0.0,,,,,
919,22541,0.1538031133961001,George Valera,38.0,0.0,1.0,6.0,0.0,0.0,0.0,0.0,0.0,0.22857142857142856,,,HIT,0.0,,,,,
920,18054,0.14629240159286905,Sam Haggerty,47.0,0.0,3.0,1.0,2.0,1.0,0.0,0.0,0.0,0.16279069767441862,0.0,0.0,TWO,0.0,,,,,
921,25434,0.14555025406522457,Will Wilson,6.0,1.0,1.0,2.0,0.0,0.0,0.0,0.0,0.0,0.2,,,HIT,0.0,,,,,
922,26429,0.14316385332535708,Cody Laweryson,0.0,0.0,0.0,0.0,0.0,16.2,1.0,1.0,17.0,,5.0,1.3580246913580247,PIT,0.0,,,,,
923,27763,0.14207405122200822,Drew Romo,216.0,6.0,17.0,16.0,1.0,0.0,0.0,0.0,0.0,0.14213197969543148,,,HIT,0.0,,,,,
924,25055,0.1406384918598167,Nate Eaton,43.0,1.0,3.0,5.0,2.0,0.0,0.0,0.0,0.0,0.13157894736842105,,,HIT,0.0,,,,,
925,22741,0.13997197035433817,Eliezer Alfonzo,30.0,0.0,3.0,4.0,0.0,0.0,0.0,0.0,0.0,0.21428571428571427,,,HIT,0.0,,,,,
926,30055,0.1399268049996958,Cade Povich,0.0,0.0,0.0,0.0,0.0,42.1,3.0,0.0,34.0,,4.489311163895486,1.4014251781472684,PIT,0.0,,,,,
927,27741,0.13974137073985915,Nick Davila,0.0,0.0,0.0,0.0,0.0,34.2,0.0,1.0,16.0,,3.9473684210526314,1.2280701754385963,PIT,0.0,,,,,
928,33704,0.1374356184054294,CJ Kayfus,25.0,1.0,4.0,2.0,0.0,0.0,0.0,0.0,0.0,0.17391304347826086,,,HIT,0.0,,,,,
929,29318,0.13735155908203733,Welinton Herrera,0.0,0.0,0.0,0.0,0.0,2.1,0.0,0.0,2.0,,0.0,1.4285714285714286,PIT,0.0,,,,,
930,26693,0.1368354570926955,Juan Brito,79.0,0.0,10.0,5.0,0.0,0.0,0.0,0.0,0.0,0.18309859154929578,,,HIT,0.0,,,,,
931,28833,0.13431060503735603,Gabriel Gonzalez,9.0,0.0,2.0,1.0,0.0,0.0,0.0,0.0,0.0,0.3333333333333333,,,HIT,0.0,,,,,
932,18341,0.13426083371998732,Julian Fernández,0.0,0.0,0.0,0.0,0.0,4.0,0.0,0.0,3.0,,2.25,1.25,PIT,0.0,,,,,
933,12447,0.13422806890415018,Seth Lugo,0.0,0.0,0.0,0.0,0.0,178.2,7.0,0.0,140.0,,4.3939393939393945,1.3692480359147026,PIT,0.0,,,,,
934,13361,0.13354935940764062,Steven Matz,0.0,0.0,0.0,0.0,0.0,77.2,6.0,1.0,61.0,,5.362694300518134,1.2694300518134713,PIT,0.0,,,,,
935,18373,0.13142013773967517,Ryan Mountcastle,22.0,0.0,1.0,2.0,0.0,0.0,0.0,0.0,0.0,0.2857142857142857,,,HIT,0.0,,,,,
936,32054,0.1298318706847309,Shawn Ross,7.0,1.0,1.0,2.0,0.0,0.0,0.0,0.0,0.0,0.16666666666666666,,,HIT,0.0,,,,,
937,16572,0.12839795845920493,Connor Joe,45.0,1.0,2.0,3.0,2.0,0.0,0.0,0.0,0.0,0.17073170731707318,,,HIT,0.0,,,,,
938,20539,0.1282225951435831,,0.0,0.0,0.0,0.0,0.0,3.0,0.0,0.0,3.0,,3.0,1.0,PIT,0.0,,,,,
939,33795,0.12692343366123787,Rikuu Nishida,32.0,0.0,3.0,2.0,0.0,0.0,0.0,0.0,0.0,0.2413793103448276,,,HIT,0.0,,,,,
940,33552,0.12573514094887323,LuJames Groover,61.0,1.0,5.0,5.0,0.0,0.0,0.0,0.0,0.0,0.18181818181818182,,,HIT,0.0,,,,,
941,20666,0.12480392753845006,,0.0,0.0,0.0,0.0,0.0,5.0,0.0,0.0,7.0,,3.6,1.2,PIT,0.0,,,,,
942,5517,0.12278033705769476,Kyle Higashioka,211.0,8.0,23.0,21.0,0.0,3.0,0.0,0.0,0.0,0.21875,21.0,3.0,TWO,0.0,,,,,
943,28142,0.12256304875613408,Jhostynxon Garcia,77.0,1.0,5.0,5.0,0.0,0.0,0.0,0.0,0.0,0.19718309859154928,,,HIT,0.0,,,,,
944,20321,0.12122808843937394,Stuart Fairchild,27.0,0.0,4.0,1.0,2.0,0.0,0.0,0.0,0.0,0.16,,,HIT,0.0,,,,,
945,17734,0.12031869270022244,Evan Phillips,0.0,0.0,0.0,0.0,0.0,25.0,1.0,0.0,27.0,,4.68,1.28,PIT,0.0,,,,,
946,17975,0.11793852512625556,Scott Kingery,4.0,0.0,2.0,0.0,1.0,0.0,0.0,0.0,0.0,0.25,,,HIT,0.0,,,,,
947,15947,0.11451615040853147,Ryne Stanek,0.0,0.0,0.0,0.0,0.0,62.1,3.0,2.0,65.0,,4.492753623188405,1.4814814814814814,PIT,0.0,,,,,
948,20185,0.11407889171954326,Zach Pop,0.0,0.0,0.0,0.0,0.0,7.1,0.0,0.0,6.0,,3.802816901408451,1.1267605633802817,PIT,0.0,,,,,
949,12784,0.1134376023363114,Burch Smith,0.0,0.0,0.0,0.0,0.0,19.0,0.0,0.0,22.0,,3.3157894736842106,1.4736842105263157,PIT,0.0,,,,,
950,31958,0.1113846949093335,Gabriel Rincones Jr.,93.0,2.0,7.0,7.0,0.0,0.0,0.0,0.0,0.0,0.16666666666666666,,,HIT,0.0,,,,,
951,25629,0.11125826998611396,Cody Freeman,33.0,0.0,3.0,2.0,0.0,0.0,0.0,0.0,0.0,0.23333333333333334,,,HIT,0.0,,,,,
952,16925,0.11050441788242649,Aramis Garcia,19.0,1.0,2.0,2.0,0.0,0.0,0.0,0.0,0.0,0.17647058823529413,,,HIT,0.0,,,,,
953,27493,0.1101067911709478,Rece Hinds,54.0,1.0,4.0,7.0,0.0,0.0,0.0,0.0,0.0,0.16,,,HIT,0.0,,,,,
954,15369,0.10919616272212004,Kevin Herget,0.0,0.0,0.0,0.0,0.0,3.0,0.0,0.0,2.0,,3.0,1.0,PIT,0.0,,,,,
955,20257,0.10758860955721222,Blake Weiman,0.0,0.0,0.0,0.0,0.0,17.2,1.0,0.0,15.0,,4.186046511627907,1.3953488372093024,PIT,0.0,,,,,
956,31616,0.10385347881617457,David Morgan,0.0,0.0,0.0,0.0,0.0,35.0,3.0,0.0,39.0,,4.371428571428571,1.5714285714285714,PIT,0.0,,,,,
957,19481,0.1020726770976404,Tyler Ferguson,0.0,0.0,0.0,0.0,0.0,23.0,0.0,0.0,26.0,,5.086956521739131,1.0434782608695652,PIT,0.0,,,,,
958,19968,0.10128934919244267,Jared Oliva,11.0,0.0,2.0,0.0,1.0,0.0,0.0,0.0,0.0,0.2222222222222222,,,HIT,0.0,,,,,
959,13185,0.09798944979731039,Orlando Arcia,50.0,1.0,6.0,2.0,0.0,1.0,0.0,0.0,0.0,0.2608695652173913,9.0,3.0,TWO,0.0,,,,,
960,15674,0.09345676849044963,Reese McGuire,34.0,0.0,1.0,3.0,0.0,1.0,0.0,0.0,0.0,0.16129032258064516,0.0,0.0,TWO,0.0,,,,,
961,14874,0.09137067456280423,Sam Moll,0.0,0.0,0.0,0.0,0.0,62.1,2.0,1.0,64.0,,4.3478260869565215,1.4170692431561998,PIT,0.0,,,,,
962,21544,0.09077415319325466,Chase Shugart,0.0,0.0,0.0,0.0,0.0,51.1,3.0,0.0,57.0,,4.931506849315069,1.350293542074364,PIT,0.0,,,,,
963,14524,0.08675106269552389,,0.0,0.0,0.0,0.0,0.0,5.0,0.0,0.0,5.0,,3.6,1.2,PIT,0.0,,,,,
964,22530,0.08348799834456777,Johnathan Rodríguez,24.0,0.0,1.0,3.0,0.0,0.0,0.0,0.0,0.0,0.22727272727272727,,,HIT,0.0,,,,,
965,31571,0.08251575825343077,Paul Gervase,0.0,0.0,0.0,0.0,0.0,13.2,0.0,0.0,15.0,,3.409090909090909,1.4393939393939394,PIT,0.0,,,,,
966,25353,0.07612134098197176,Michael Stefanic,5.0,0.0,1.0,0.0,0.0,0.0,0.0,0.0,0.0,0.4,,,HIT,0.0,,,,,
967,31567,0.07423978835486808,,7.0,0.0,1.0,1.0,0.0,0.0,0.0,0.0,0.0,0.2857142857142857,,,HIT,0.0,,,,,
968,33980,0.07112348006816253,Jonathan Pintaro,0.0,0.0,0.0,0.0,0.0,27.1,0.0,0.0,27.0,,4.649446494464945,1.1439114391143912,PIT,0.0,,,,,
969,30226,0.07095159683291241,Spencer Bivens,0.0,0.0,0.0,0.0,0.0,16.0,1.0,0.0,14.0,,3.9375,1.5,PIT,0.0,,,,,
970,13774,0.07020591330381529,Zach Eflin,0.0,0.0,0.0,0.0,0.0,3.2,0.0,0.0,6.0,,2.8125,1.5625,PIT,0.0,,,,,
971,15094,0.06772463027406081,,0.0,0.0,0.0,0.0,0.0,5.0,0.0,0.0,4.0,,3.6,1.2,PIT,0.0,,,,,
972,27690,0.06459834215240501,Joey Wiemer,85.0,3.0,16.0,12.0,1.0,2.0,0.0,0.0,0.0,0.28205128205128205,22.5,4.5,TWO,0.0,,,,,
973,17920,0.06457750124825506,Cody Ponce,0.0,0.0,0.0,0.0,0.0,2.1,0.0,0.0,3.0,,4.285714285714286,0.9523809523809523,PIT,0.0,,,,,
974,21489,0.06433145653374567,Hayden Senger,19.0,1.0,2.0,2.0,0.0,0.0,0.0,0.0,0.0,0.125,,,HIT,0.0,,,,,
975,21730,0.06134743556056222,Jair Camargo,2.0,0.0,1.0,0.0,0.0,0.0,0.0,0.0,0.0,0.5,,,HIT,0.0,,,,,
976,29754,0.06064818229368718,Sam Bachman,0.0,0.0,0.0,0.0,0.0,56.2,1.0,1.0,57.0,,4.3238434163701065,1.3701067615658362,PIT,0.0,,,,,
977,27593,0.06032268975560445,Ivan Johnson,29.0,0.0,2.0,2.0,2.0,0.0,0.0,0.0,0.0,0.14814814814814814,,,HIT,0.0,,,,,
978,22707,0.05945684073184407,,5.0,0.0,1.0,1.0,0.0,0.0,0.0,0.0,0.0,0.25,,,HIT,0.0,,,,,
979,24765,0.05945684073184407,,5.0,0.0,1.0,1.0,0.0,0.0,0.0,0.0,0.0,0.25,,,HIT,0.0,,,,,
980,11850,0.05852153481824805,,9.0,0.0,1.0,1.0,0.0,0.0,0.0,0.0,0.0,0.25,,,HIT,0.0,,,,,
981,20505,0.05852153481824805,,9.0,0.0,1.0,1.0,0.0,0.0,0.0,0.0,0.0,0.25,,,HIT,0.0,,,,,
982,25505,0.05852153481824805,,9.0,0.0,1.0,1.0,0.0,0.0,0.0,0.0,0.0,0.25,,,HIT,0.0,,,,,
983,17312,0.05552091669981163,,0.0,0.0,0.0,0.0,0.0,3.0,0.0,0.0,3.0,,3.0,1.3333333333333333,PIT,0.0,,,,,
984,26295,0.0530503452332995,Oliver Dunn,16.0,0.0,4.0,1.0,0.0,0.0,0.0,0.0,0.0,0.14285714285714285,,,HIT,0.0,,,,,
985,19350,0.048432385360230645,Dean Kremer,0.0,0.0,0.0,0.0,0.0,88.0,4.0,0.0,83.0,,5.011363636363637,1.2613636363636365,PIT,0.0,,,,,
986,22244,0.04560188519554629,,4.0,0.0,0.0,1.0,0.0,0.0,0.0,0.0,0.0,0.3333333333333333,,,HIT,0.0,,,,,
987,21189,0.04442441960311151,Brooks Kriske,0.0,0.0,0.0,0.0,0.0,5.2,0.0,0.0,5.0,,3.4615384615384612,1.346153846153846,PIT,0.0,,,,,
988,20626,0.04374807238129761,Logan Porter,6.0,0.0,2.0,0.0,0.0,0.0,0.0,0.0,0.0,0.2,,,HIT,0.0,,,,,
989,31522,0.04373407074035215,,6.0,0.0,1.0,1.0,0.0,0.0,0.0,0.0,0.0,0.2,,,HIT,0.0,,,,,
990,31765,0.04373407074035215,,5.0,0.0,1.0,1.0,0.0,0.0,0.0,0.0,0.0,0.2,,,HIT,0.0,,,,,
991,24605,0.04186014851149944,Michael Helman,40.0,1.0,3.0,3.0,0.0,0.0,0.0,0.0,0.0,0.16216216216216217,,,HIT,0.0,,,,,
992,22915,0.04122369615948532,,0.0,0.0,0.0,0.0,0.0,12.0,1.0,0.0,9.0,,4.5,1.4166666666666667,PIT,0.0,,,,,
993,23698,0.03943053919440054,Ronny Mauricio,54.0,1.0,4.0,2.0,0.0,0.0,0.0,0.0,0.0,0.1836734693877551,,,HIT,0.0,,,,,
994,15890,0.038434007729297726,Luis Severino,0.0,0.0,0.0,0.0,0.0,76.2,3.0,0.0,77.0,,4.251968503937007,1.4435695538057742,PIT,0.0,,,,,
995,19447,0.03740685528964116,Patrick Sandoval,0.0,0.0,0.0,0.0,0.0,60.0,3.0,0.0,56.0,,3.75,1.5833333333333333,PIT,0.0,,,,,
996,16427,0.036665453940230464,Scott Blewett,0.0,0.0,0.0,0.0,0.0,23.2,1.0,0.0,15.0,,3.8793103448275863,1.4224137931034484,PIT,0.0,,,,,
997,27792,0.036494484278348546,,0.0,0.0,0.0,0.0,0.0,3.0,0.0,0.0,2.0,,3.0,1.3333333333333333,PIT,0.0,,,,,
998,21546,0.036494484278348546,,0.0,0.0,0.0,0.0,0.0,3.0,0.0,0.0,2.0,,3.0,1.3333333333333333,PIT,0.0,,,,,
999,30002,0.036494484278348546,,0.0,0.0,0.0,0.0,0.0,3.0,0.0,0.0,2.0,,3.0,1.3333333333333333,PIT,0.0,,,,,
1000,29839,0.0319368580212841,Emmet Sheehan,0.0,0.0,0.0,0.0,0.0,107.1,5.0,0.0,121.0,,5.2100840336134455,1.2791783380018675,PIT,0.0,,,,,
1001,17161,0.02987472675658163,,5.0,0.0,0.0,1.0,0.0,0.0,0.0,0.0,0.0,0.25,,,HIT,0.0,,,,,
1002,29795,0.028953422483931082,James Triantos,9.0,0.0,1.0,0.0,0.0,0.0,0.0,0.0,0.0,0.25,,,HIT,0.0,,,,,
1003,21324,0.028785827203994474,Parker Mushinski,0.0,0.0,0.0,0.0,0.0,16.2,2.0,0.0,12.0,,4.444444444444445,1.6049382716049383,PIT,0.0,,,,,
1004,29961,0.025397987181648443,Tyler Uberstine,0.0,0.0,0.0,0.0,0.0,5.2,0.0,0.0,4.0,,3.4615384615384612,1.346153846153846,PIT,0.0,,,,,
1005,31437,0.02527445148151823,Jace Jung,14.0,0.0,2.0,1.0,0.0,0.0,0.0,0.0,0.0,0.16666666666666666,,,HIT,0.0,,,,,
1006,31500,0.02437571859370495,Ryan Ritter,18.0,0.0,2.0,1.0,0.0,0.0,0.0,0.0,0.0,0.1875,,,HIT,0.0,,,,,
1007,23363,0.023240464976218844,Robert Garcia,0.0,0.0,0.0,0.0,0.0,12.0,0.0,0.0,10.0,,3.75,1.3333333333333333,PIT,0.0,,,,,
1008,20536,0.02254374511509319,Vidal Bruján,13.0,0.0,4.0,1.0,0.0,0.0,0.0,0.0,0.0,0.08333333333333333,,,HIT,0.0,,,,,
1009,25369,0.01603377286122932,Omar Martinez,3.0,0.0,0.0,0.0,0.0,0.0,0.0,0.0,0.0,0.3333333333333333,,,HIT,0.0,,,,,
1010,27963,0.01603377286122932,,4.0,0.0,0.0,0.0,0.0,0.0,0.0,0.0,0.0,0.3333333333333333,,,HIT,0.0,,,,,
1011,23378,0.01603377286122932,,4.0,0.0,0.0,0.0,0.0,0.0,0.0,0.0,0.0,0.3333333333333333,,,HIT,0.0,,,,,
1012,24151,0.015089562045288675,Eddys Leonard,8.0,0.0,0.0,0.0,0.0,0.0,0.0,0.0,0.0,0.2857142857142857,,,HIT,0.0,,,,,
1013,25481,0.014361564393853051,Joe La Sorsa,0.0,0.0,0.0,0.0,0.0,0.1,0.0,0.0,0.0,,0.0,0.0,PIT,0.0,,,,,
1014,28763,0.013966556107286088,Felix Reyes,38.0,1.0,2.0,2.0,0.0,0.0,0.0,0.0,0.0,0.17142857142857143,,,HIT,0.0,,,,,
1015,19769,0.013313628009961331,Will Vest,0.0,0.0,0.0,0.0,0.0,26.2,3.0,2.0,27.0,,6.183206106870229,1.4122137404580153,PIT,0.0,,,,,
1016,31761,0.012931632853631986,Owen Murphy,0.0,0.0,0.0,0.0,0.0,14.2,0.0,0.0,13.0,,4.436619718309859,1.1971830985915493,PIT,0.0,,,,,
1017,19593,0.010848008476674713,Brian Keller,0.0,0.0,0.0,0.0,0.0,10.0,0.0,0.0,10.0,,4.5,1.2,PIT,0.0,,,,,
1018,29866,0.008859930127462279,Chayce McDermott,0.0,0.0,0.0,0.0,0.0,18.2,2.0,0.0,17.0,,5.43956043956044,1.3736263736263736,PIT,0.0,,,,,
1019,21131,0.0052858412070620545,Jose Espada,0.0,0.0,0.0,0.0,0.0,1.0,0.0,0.0,0.0,,0.0,2.0,PIT,0.0,,,,,
1020,20017,0.005167124591768213,Miles Mastrobuoni,30.0,0.0,3.0,1.0,0.0,0.0,0.0,0.0,0.0,0.18518518518518517,,,HIT,0.0,,,,,
1021,22766,-0.0015664266154039597,Steward Berroa,7.0,0.0,0.0,1.0,0.0,0.0,0.0,0.0,0.0,0.16666666666666666,,,HIT,0.0,,,,,
1022,15507,-0.001650480798261321,Hunter Harvey,0.0,0.0,0.0,0.0,0.0,8.0,0.0,0.0,9.0,,4.5,1.25,PIT,0.0,,,,,
1023,29036,-0.0022496575404722108,Miguel Ullola,0.0,0.0,0.0,0.0,0.0,18.0,1.0,0.0,20.0,,5.0,1.3333333333333333,PIT,0.0,,,,,
1024,27463,-0.0044918142494424496,Garrett Crochet,0.0,0.0,0.0,0.0,0.0,38.0,4.0,0.0,47.0,,5.684210526315789,1.394736842105263,PIT,0.0,,Producers,15.0,1,-15.0
1025,24591,-0.005573676210099715,Joey Gerber,0.0,0.0,0.0,0.0,0.0,8.1,0.0,0.0,8.0,,4.444444444444445,1.234567901234568,PIT,0.0,,,,,
1026,19360,-0.006678018689250109,Lucas Erceg,0.0,0.0,0.0,0.0,0.0,58.1,5.0,12.0,44.0,,5.576592082616179,1.721170395869191,PIT,0.0,,,,,
1027,17701,-0.01054163664778529,Jose Cuas,0.0,0.0,0.0,0.0,0.0,22.0,0.0,0.0,24.0,,3.6818181818181817,1.4545454545454546,PIT,0.0,,,,,
1028,27765,-0.011020649800271596,,0.0,0.0,0.0,0.0,0.0,4.0,0.0,0.0,4.0,,4.5,1.25,PIT,0.0,,,,,
1029,33834,-0.014128476917511512,,0.0,0.0,0.0,0.0,0.0,6.0,0.0,0.0,8.0,,4.5,1.3333333333333333,PIT,0.0,,,,,
1030,22557,-0.014488715046119333,Michael Siani,1.0,0.0,0.0,0.0,0.0,0.0,0.0,0.0,0.0,0.0,,,HIT,0.0,,,,,
1031,17837,-0.014488715046119333,,2.0,0.0,0.0,0.0,0.0,0.0,0.0,0.0,0.0,0.0,,,HIT,0.0,,,,,
1032,24641,-0.014488715046119333,,2.0,0.0,0.0,0.0,0.0,0.0,0.0,0.0,0.0,0.0,,,HIT,0.0,,,,,
1033,26106,-0.014488715046119333,Maverick Handley,1.0,0.0,0.0,0.0,0.0,0.0,0.0,0.0,0.0,0.0,,,HIT,0.0,,,,,
1034,19931,-0.014488715046119333,Luke Williams,1.0,0.0,0.0,0.0,0.0,0.0,0.0,0.0,0.0,0.0,,,HIT,0.0,,,,,
1035,27589,-0.015180993052941627,Logan Allen,0.0,0.0,0.0,0.0,0.0,24.1,1.0,0.0,24.0,,3.734439834024896,1.5767634854771784,PIT,0.0,,,,,
1036,19614,-0.015301427553089497,Cionel Pérez,0.0,0.0,0.0,0.0,0.0,47.2,4.0,0.0,47.0,,4.9576271186440675,1.4406779661016949,PIT,0.0,,,,,
1037,24703,-0.015416155569227258,Jonah Bride,6.0,0.0,0.0,0.0,0.0,0.0,0.0,0.0,0.0,0.2,,,HIT,0.0,,,,,
1038,21497,-0.015416155569227258,Luken Baker,5.0,0.0,0.0,0.0,0.0,0.0,0.0,0.0,0.0,0.2,,,HIT,0.0,,,,,
1039,29962,-0.01726642357954098,Kenny Piper,7.0,0.0,1.0,0.0,0.0,0.0,0.0,0.0,0.0,0.14285714285714285,,,HIT,0.0,,,,,
1040,26467,-0.019989249395341663,Luis Matos,21.0,0.0,1.0,0.0,0.0,0.0,0.0,0.0,0.0,0.21052631578947367,,,HIT,0.0,,,,,
1041,19948,-0.02444991298168142,Cristian Pache,24.0,0.0,2.0,2.0,0.0,0.0,0.0,0.0,0.0,0.14285714285714285,,,HIT,0.0,,,,,
1042,27482,-0.030216003546573698,,2.0,0.0,0.0,0.0,0.0,0.0,0.0,0.0,0.0,0.0,,,HIT,0.0,,,,,
1043,23790,-0.030216003546573698,,2.0,0.0,0.0,0.0,0.0,0.0,0.0,0.0,0.0,0.0,,,HIT,0.0,,,,,
1044,20529,-0.030216003546573698,,2.0,0.0,0.0,0.0,0.0,0.0,0.0,0.0,0.0,0.0,,,HIT,0.0,,,,,
1045,24496,-0.030216003546573698,,2.0,0.0,0.0,0.0,0.0,0.0,0.0,0.0,0.0,0.0,,,HIT,0.0,,,,,
1046,10642,-0.030216003546573698,,2.0,0.0,0.0,0.0,0.0,0.0,0.0,0.0,0.0,0.0,,,HIT,0.0,,,,,
1047,23442,-0.030216003546573698,,2.0,0.0,0.0,0.0,0.0,0.0,0.0,0.0,0.0,0.0,,,HIT,0.0,,,,,
1048,25980,-0.030216003546573698,,2.0,0.0,0.0,0.0,0.0,0.0,0.0,0.0,0.0,0.0,,,HIT,0.0,,,,,
1049,35126,-0.032045081295047906,Lucas Spence,43.0,0.0,4.0,3.0,0.0,0.0,0.0,0.0,0.0,0.15384615384615385,,,HIT,0.0,,,,,
1050,20126,-0.03207529928373044,Dylan Carlson,4.0,0.0,1.0,0.0,0.0,0.0,0.0,0.0,0.0,0.0,,,HIT,0.0,,,,,
1051,31508,-0.03377030929150737,,0.0,0.0,0.0,0.0,0.0,19.0,1.0,0.0,18.0,,4.7368421052631575,1.368421052631579,PIT,0.0,,,,,
1052,27569,-0.03481401674770415,Trei Cruz,11.0,0.0,1.0,1.0,0.0,0.0,0.0,0.0,0.0,0.1,,,HIT,0.0,,,,,
1053,27756,-0.04180925332031382,Mick Abel,0.0,0.0,0.0,0.0,0.0,20.1,1.0,0.0,23.0,,4.029850746268656,1.5920398009950247,PIT,0.0,,Lisbon Long Balls,10.0,2,-10.0
1054,20531,-0.04236941597488219,,0.0,0.0,0.0,0.0,0.0,2.0,0.0,0.0,2.0,,4.5,1.5,PIT,0.0,,,,,
1055,21620,-0.04236941597488219,,0.0,0.0,0.0,0.0,0.0,2.0,0.0,0.0,2.0,,4.5,1.5,PIT,0.0,,,,,
1056,20353,-0.04236941597488219,,0.0,0.0,0.0,0.0,0.0,2.0,0.0,0.0,2.0,,4.5,1.5,PIT,0.0,,,,,
1057,33214,-0.04341071889726916,Trent Harris,0.0,0.0,0.0,0.0,0.0,13.1,1.0,0.0,12.0,,4.809160305343512,1.450381679389313,PIT,0.0,,,,,
1058,31471,-0.04593890233832874,Jack Brannigan,3.0,0.0,0.0,0.0,0.0,0.0,0.0,0.0,0.0,0.0,,,HIT,0.0,,,,,
1059,23209,-0.04593890233832874,Blake Hunt,3.0,0.0,0.0,0.0,0.0,0.0,0.0,0.0,0.0,0.0,,,HIT,0.0,,,,,
1060,29628,-0.045951702321089805,Alek Jacob,0.0,0.0,0.0,0.0,0.0,12.0,1.0,0.0,13.0,,5.25,1.4166666666666667,PIT,0.0,,,,,
1061,17780,-0.046096765978679066,José Alvarado,0.0,0.0,0.0,0.0,0.0,58.2,4.0,1.0,73.0,,5.257731958762887,1.4261168384879725,PIT,0.0,,,,,
1062,29547,-0.048695275441293664,Ryan Bliss,10.0,0.0,0.0,1.0,0.0,0.0,0.0,0.0,0.0,0.1111111111111111,,,HIT,0.0,,,,,
1063,19294,-0.048695275441293664,Nick Solak,10.0,0.0,0.0,1.0,0.0,0.0,0.0,0.0,0.0,0.1111111111111111,,,HIT,0.0,,,,,
1064,31415,-0.049572129107081794,Collin Price,15.0,0.0,1.0,0.0,0.0,0.0,0.0,0.0,0.0,0.15384615384615385,,,HIT,0.0,,,,,
1065,17610,-0.05218134176043769,,0.0,0.0,0.0,0.0,0.0,6.0,0.0,0.0,6.0,,4.5,1.3333333333333333,PIT,0.0,,,,,
1066,25957,-0.05219182750711615,Josh Simpson,0.0,0.0,0.0,0.0,0.0,19.2,1.0,0.0,23.0,,4.6875,1.4583333333333335,PIT,0.0,,,,,
1067,19562,-0.052494450522223984,Zack Short,62.0,0.0,4.0,2.0,0.0,1.0,0.0,0.0,0.0,0.14285714285714285,0.0,0.0,TWO,0.0,,,,,
1068,23055,-0.053768070039945604,Dedniel Núñez,0.0,0.0,0.0,0.0,0.0,16.0,1.0,0.0,16.0,,4.5,1.5,PIT,0.0,,,,,
1069,20020,-0.05705125048716764,John Schreiber,0.0,0.0,0.0,0.0,0.0,58.0,1.0,1.0,47.0,,4.0344827586206895,1.4137931034482758,PIT,0.0,,,,,
1070,30142,-0.06139584839634528,Doug Nikhazy,0.0,0.0,0.0,0.0,0.0,2.0,0.0,0.0,1.0,,4.5,1.5,PIT,0.0,,,,,
1071,26469,-0.06165741325899287,Davis Wendzel,4.0,0.0,0.0,0.0,0.0,0.0,0.0,0.0,0.0,0.0,,,HIT,0.0,,,,,
1072,28272,-0.06165741325899287,Jeferson Quero,4.0,0.0,0.0,0.0,0.0,0.0,0.0,0.0,0.0,0.0,,,HIT,0.0,,,,,
1073,24597,-0.0634578888033236,Jonathan Ornelas,13.0,0.0,0.0,0.0,0.0,0.0,0.0,0.0,0.0,0.16666666666666666,,,HIT,0.0,,,,,
1074,13602,-0.06827460148558429,Patrick Wisdom,46.0,1.0,3.0,4.0,0.0,0.0,0.0,0.0,0.0,0.11904761904761904,,,HIT,0.0,,,,,
1075,13621,-0.0688240937138798,Jeimer Candelario,20.0,0.0,3.0,0.0,0.0,0.0,0.0,0.0,0.0,0.1111111111111111,,,HIT,0.0,,,,,
1076,23237,-0.06950183433647794,Juan Mejia,0.0,0.0,0.0,0.0,0.0,67.0,4.0,6.0,66.0,,5.104477611940299,1.537313432835821,PIT,0.0,,,,,
1077,24614,-0.07007533018932843,Victor Vodnik,0.0,0.0,0.0,0.0,0.0,56.0,4.0,4.0,44.0,,4.821428571428571,1.5535714285714286,PIT,0.0,,,,,
1078,13528,-0.07120777418190079,,0.0,0.0,0.0,0.0,0.0,6.0,0.0,0.0,5.0,,4.5,1.3333333333333333,PIT,0.0,,,,,
1079,31883,-0.07120777418190079,,0.0,0.0,0.0,0.0,0.0,6.0,0.0,0.0,5.0,,4.5,1.3333333333333333,PIT,0.0,,,,,
1080,31989,-0.07120777418190079,,0.0,0.0,0.0,0.0,0.0,6.0,0.0,0.0,5.0,,4.5,1.3333333333333333,PIT,0.0,,,,,
1081,18819,-0.07410315852497584,Andy Ibáñez,26.0,0.0,1.0,5.0,0.0,0.0,0.0,0.0,0.0,0.08333333333333333,,,HIT,0.0,,,,,
1082,19349,-0.07572688649141046,Caleb Ferguson,0.0,0.0,0.0,0.0,0.0,41.2,2.0,1.0,37.0,,4.150485436893204,1.5533980582524272,PIT,0.0,,,,,
1083,16398,-0.0764223489455042,Brian Navarreto,40.0,0.0,5.0,1.0,0.0,0.0,0.0,0.0,0.0,0.1388888888888889,,,HIT,0.0,,,,,
1084,26048,-0.07742779910338876,,0.0,0.0,0.0,0.0,0.0,5.0,0.0,0.0,5.0,,5.4,1.2,PIT,0.0,,,,,
1085,19643,-0.08095171641556986,Daniel Johnson,17.0,0.0,1.0,0.0,0.0,0.0,0.0,0.0,0.0,0.13333333333333333,,,HIT,0.0,,,,,
1086,29608,-0.08131990989174948,Joe Boyle,0.0,0.0,0.0,0.0,0.0,21.2,0.0,0.0,22.0,,5.09433962264151,1.1320754716981132,PIT,0.0,,,,,
1087,19588,-0.08366518049257947,Guillo Zuñiga,0.0,0.0,0.0,0.0,0.0,4.0,0.0,0.0,4.0,,4.5,1.5,PIT,0.0,,,,,
1088,22932,-0.08366518049257947,,0.0,0.0,0.0,0.0,0.0,4.0,0.0,0.0,4.0,,4.5,1.5,PIT,0.0,,,,,
1089,21865,-0.08444672809497411,Bo Naylor,92.0,2.0,4.0,7.0,0.0,0.0,0.0,0.0,0.0,0.14457831325301204,,,HIT,0.0,,,,,
1090,14366,-0.08535897666025662,Joey Meneses,25.0,0.0,1.0,2.0,0.0,0.0,0.0,0.0,0.0,0.13043478260869565,,,HIT,0.0,,,,,
1091,15256,-0.08563571466257136,Cole Sulser,0.0,0.0,0.0,0.0,0.0,54.1,1.0,2.0,55.0,,4.824399260628466,1.3308687615526802,PIT,0.0,,,,,
1092,13449,-0.08784323639995839,Taylor Rogers,0.0,0.0,0.0,0.0,0.0,56.2,7.0,2.0,51.0,,5.124555160142348,1.6370106761565835,PIT,0.0,,,,,
1093,26389,-0.0930937485192794,,0.0,0.0,0.0,0.0,0.0,8.0,0.0,0.0,8.0,,4.5,1.375,PIT,0.0,,,,,
1094,27483,-0.09645423152485184,,0.0,0.0,0.0,0.0,0.0,5.0,0.0,0.0,4.0,,5.4,1.2,PIT,0.0,,,,,
1095,14196,-0.09825622529367242,Andrew Velazquez,15.0,0.0,0.0,0.0,1.0,0.0,0.0,0.0,0.0,0.07142857142857142,,,HIT,0.0,,,,,
1096,21871,-0.10008231890814255,Jerar Encarnacion,35.0,0.0,1.0,0.0,0.0,0.0,0.0,0.0,0.0,0.1875,,,HIT,0.0,,,,,
1097,26270,-0.10269161291404255,,0.0,0.0,0.0,0.0,0.0,4.0,0.0,0.0,3.0,,4.5,1.5,PIT,0.0,,,,,
1098,18873,-0.10269161291404255,,0.0,0.0,0.0,0.0,0.0,4.0,0.0,0.0,3.0,,4.5,1.5,PIT,0.0,,,,,
1099,14932,-0.10269161291404255,,0.0,0.0,0.0,0.0,0.0,4.0,0.0,0.0,3.0,,4.5,1.5,PIT,0.0,,,,,
1100,29788,-0.10966072089536771,Brett Harris,13.0,0.0,0.0,0.0,0.0,0.0,0.0,0.0,0.0,0.09090909090909091,,,HIT,0.0,,,,,
1101,25590,-0.11407961883863404,Adam Macko,0.0,0.0,0.0,0.0,0.0,33.0,3.0,0.0,33.0,,4.909090909090909,1.5151515151515151,PIT,0.0,,,,,
1102,6175,-0.11436988028279826,Albert Suárez,0.0,0.0,0.0,0.0,0.0,62.0,2.0,1.0,43.0,,4.354838709677419,1.3709677419354838,PIT,0.0,,,,,
1103,20333,-0.11739125907820153,Nick Raquet,0.0,0.0,0.0,0.0,0.0,11.2,1.0,0.0,8.0,,5.625,1.3392857142857144,PIT,0.0,,,,,
1104,31730,-0.12315059167844977,,0.0,0.0,0.0,0.0,0.0,17.0,1.0,0.0,13.0,,4.764705882352941,1.411764705882353,PIT,0.0,,,,,
1105,18042,-0.12762470871000198,Dylan Moore,15.0,0.0,3.0,0.0,1.0,1.2,0.0,0.0,0.0,0.0,7.5,0.8333333333333334,TWO,0.0,,,,,
1106,33708,-0.13150646596971993,Cooper Ingle,24.0,0.0,1.0,2.0,0.0,0.0,0.0,0.0,0.0,0.09090909090909091,,,HIT,0.0,,,,,
1107,27506,-0.13185995839484288,Ha-Seong Kim,138.0,1.0,11.0,8.0,3.0,0.0,0.0,0.0,0.0,0.12903225806451613,,,HIT,0.0,,,,,
1108,25448,-0.13218900952583332,Greg Jones,24.0,0.0,0.0,1.0,1.0,0.0,0.0,0.0,0.0,0.09090909090909091,,,HIT,0.0,,,,,
1109,19316,-0.1322347637315724,Eric Lauer,0.0,0.0,0.0,0.0,0.0,106.0,7.0,0.0,68.0,,5.009433962264151,1.2924528301886793,PIT,0.0,,,,,
1110,21894,-0.13452961241666647,Gregory Santos,0.0,0.0,0.0,0.0,0.0,5.0,0.0,0.0,1.0,,3.6,1.6,PIT,0.0,,,,,
1111,23455,-0.13769403833298124,Hunter Stratton,0.0,0.0,0.0,0.0,0.0,10.1,0.0,0.0,9.0,,4.455445544554456,1.3861386138613863,PIT,0.0,,,,,
1112,30161,-0.14408925327689426,Carlos Rodriguez,0.0,0.0,0.0,0.0,0.0,9.1,0.0,0.0,8.0,,3.956043956043956,1.5384615384615385,PIT,0.0,,,,,
1113,33851,-0.14481527717381576,Quinn Mathews,0.0,0.0,0.0,0.0,0.0,26.0,1.0,0.0,23.0,,4.153846153846154,1.5,PIT,0.0,,,,,
1114,28036,-0.14648415139737136,Luke Little,0.0,0.0,0.0,0.0,0.0,8.0,0.0,0.0,9.0,,4.5,1.5,PIT,0.0,,,,,
1115,27271,-0.1479591919044098,Juan Burgos,0.0,0.0,0.0,0.0,0.0,12.2,0.0,0.0,8.0,,4.426229508196721,1.3114754098360657,PIT,0.0,,,,,
1116,29514,-0.15001527181655777,,0.0,0.0,0.0,0.0,0.0,5.0,0.0,0.0,5.0,,5.4,1.4,PIT,0.0,,,,,
1117,26419,-0.1501730457836687,,0.0,0.0,0.0,0.0,0.0,8.0,0.0,0.0,5.0,,4.5,1.375,PIT,0.0,,,,,
1118,31886,-0.1501730457836687,Duncan Davitt,0.0,0.0,0.0,0.0,0.0,8.0,0.0,0.0,5.0,,4.5,1.375,PIT,0.0,,,,,
1119,31967,-0.15644524037694396,,0.0,0.0,0.0,0.0,0.0,7.0,0.0,0.0,5.0,,5.142857142857143,1.2857142857142858,PIT,0.0,,,,,
1120,2967,-0.1584953984855132,Tommy Pham,18.0,0.0,1.0,0.0,0.0,0.0,0.0,0.0,0.0,0.0625,,,HIT,0.0,,,,,
1121,19892,-0.15950153132941658,Pavin Smith,91.0,1.0,5.0,6.0,1.0,0.0,0.0,0.0,0.0,0.13253012048192772,,,HIT,0.0,,,,,
1122,26333,-0.1613013526782027,Jack Weisenburger,0.0,0.0,0.0,0.0,0.0,14.0,0.0,0.0,13.0,,4.5,1.3571428571428572,PIT,0.0,,,,,
1123,27908,-0.16175070396965596,Noah Murdock,0.0,0.0,0.0,0.0,0.0,11.0,0.0,0.0,11.0,,3.272727272727273,1.7272727272727273,PIT,0.0,,,,,
1124,29950,-0.16605635068315605,Jordan Leasure,0.0,0.0,0.0,0.0,0.0,21.2,2.0,0.0,22.0,,6.367924528301887,1.2264150943396226,PIT,0.0,,,,,
1125,19871,-0.16904170423802084,,0.0,0.0,0.0,0.0,0.0,5.0,0.0,0.0,4.0,,5.4,1.4,PIT,0.0,,,,,
1126,21897,-0.17517121647868827,Christopher Morel,73.0,0.0,3.0,1.0,1.0,0.0,0.0,0.0,0.0,0.16666666666666666,,,HIT,0.0,,,,,
1127,30231,-0.17587074748671974,Carter Baumler,0.0,0.0,0.0,0.0,0.0,10.2,0.0,0.0,10.0,,4.411764705882353,1.4705882352941178,PIT,0.0,,,,,
1128,12857,-0.1773762019183781,Shawn Armstrong,0.0,0.0,0.0,0.0,0.0,37.0,2.0,0.0,37.0,,4.864864864864865,1.4054054054054055,PIT,0.0,,,,,
1129,31873,-0.17813590780616695,Max Rajcic,0.0,0.0,0.0,0.0,0.0,9.0,0.0,0.0,8.0,,5.0,1.3333333333333333,PIT,0.0,,,,,
1130,31696,-0.17813590780616695,Cameron Weston,0.0,0.0,0.0,0.0,0.0,9.0,0.0,0.0,8.0,,5.0,1.3333333333333333,PIT,0.0,,,,,
1131,22209,-0.17832923910361054,Sam Huff,34.0,0.0,1.0,1.0,0.0,0.0,0.0,0.0,0.0,0.12903225806451613,,,HIT,0.0,,,,,
1132,32155,-0.17920717585040044,John Klein,0.0,0.0,0.0,0.0,0.0,4.1,0.0,0.0,2.0,,4.390243902439025,1.707317073170732,PIT,0.0,,,,,
1133,29930,-0.17937722698363137,Kyler Fedko,26.0,0.0,2.0,2.0,0.0,0.0,0.0,0.0,0.0,0.043478260869565216,,,HIT,0.0,,,,,
1134,27757,-0.18253725680669702,Dax Fulton,0.0,0.0,0.0,0.0,0.0,26.0,1.0,0.0,22.0,,4.5,1.4230769230769231,PIT,0.0,,,,,
1135,19883,-0.1869210585223764,Alex Lange,0.0,0.0,0.0,0.0,0.0,61.2,2.0,11.0,65.0,,5.735294117647059,1.5359477124183005,PIT,0.0,,,,,
1136,21707,-0.18724775743722347,Oswaldo Cabrera,13.0,0.0,0.0,0.0,0.0,0.0,0.0,0.0,0.0,0.0,,,HIT,0.0,,,,,
1137,30031,-0.18806813665948394,,0.0,0.0,0.0,0.0,0.0,5.0,0.0,0.0,3.0,,5.4,1.4,PIT,0.0,,,,,
1138,25660,-0.18973425147260137,Will Brennan,27.0,0.0,0.0,0.0,0.0,0.0,0.0,0.0,0.0,0.125,,,HIT,0.0,,,,,
1139,23150,-0.19178791733534825,Osvaldo Bido,0.0,0.0,0.0,0.0,0.0,18.2,2.0,1.0,11.0,,6.428571428571429,1.3186813186813187,PIT,0.0,,,,,
1140,23293,-0.1922138498341504,Codi Heuer,0.0,0.0,0.0,0.0,0.0,18.2,1.0,0.0,15.0,,4.450549450549451,1.5384615384615385,PIT,0.0,,,,,
1141,19824,-0.19237560786224372,Chuckie Robinson,26.0,0.0,1.0,1.0,0.0,0.0,0.0,0.0,0.0,0.08333333333333333,,,HIT,0.0,,,,,
1142,17281,-0.20064436729769844,Thomas Pannone,0.0,0.0,0.0,0.0,0.0,3.0,0.0,0.0,2.0,,6.0,1.6666666666666667,PIT,0.0,,,,,
1143,32119,-0.20292686004048194,Nick Morabito,14.0,0.0,0.0,0.0,0.0,0.0,0.0,0.0,0.0,0.0,,,HIT,0.0,,,,,
1144,21009,-0.20451123384976755,Leo Rivas,142.0,0.0,11.0,8.0,3.0,0.0,0.0,0.0,0.0,0.1328125,,,HIT,0.0,,,,,
1145,25376,-0.20593125949767055,Nick Mears,0.0,0.0,0.0,0.0,0.0,23.1,2.0,0.0,18.0,,5.064935064935065,1.4718614718614718,PIT,0.0,,,,,
1146,20370,-0.20709456908094703,Bruce Zimmermann,0.0,0.0,0.0,0.0,0.0,5.0,0.0,0.0,2.0,,5.4,1.4,PIT,0.0,,,,,
1147,27783,-0.20793632034923684,Zach Brzykcy,0.0,0.0,0.0,0.0,0.0,15.0,0.0,0.0,14.0,,4.2,1.4666666666666666,PIT,0.0,,,,,
1148,16725,-0.20968891000103418,Jose Trevino,165.0,6.0,17.0,20.0,0.0,5.0,0.0,0.0,1.0,0.24183006535947713,14.4,3.0,TWO,0.0,,,,,
1149,31870,-0.20989243318263962,Matt Pushard,0.0,0.0,0.0,0.0,0.0,7.0,0.0,0.0,6.0,,5.142857142857143,1.4285714285714286,PIT,0.0,,,,,
1150,24598,-0.21065234960968546,Addison Barger,28.0,0.0,2.0,2.0,0.0,0.0,0.0,0.0,0.0,0.04,,,HIT,0.0,3.0,,,,
1151,29952,-0.21626472962317617,Luke Murphy,0.0,0.0,0.0,0.0,0.0,21.1,1.0,1.0,18.0,,4.691943127962085,1.5639810426540284,PIT,0.0,,,,,
1152,30163,-0.21756364807094275,César Prieto,53.0,0.0,3.0,3.0,0.0,0.0,0.0,0.0,0.0,0.12244897959183673,,,HIT,0.0,,,,,
1153,2396,-0.22194372019656067,Carlos Santana,26.0,0.0,1.0,0.0,0.0,0.0,0.0,0.0,0.0,0.08333333333333333,,,HIT,0.0,,,,,
1154,14416,-0.2233195238093604,Yunior Marte,0.0,0.0,0.0,0.0,0.0,0.1,0.0,0.0,0.0,,90.0,10.0,PIT,0.0,,,,,
1155,12272,-0.2233195238093604,Aaron Brooks,0.0,0.0,0.0,0.0,0.0,0.1,0.0,0.0,0.0,,90.0,10.0,PIT,0.0,,,,,
1156,27853,-0.22571040650155583,Ryan Watson,0.0,0.0,0.0,0.0,0.0,71.2,1.0,1.0,55.0,,4.424157303370786,1.3202247191011236,PIT,0.0,,,,,
1157,21646,-0.22909812001868168,Rafael Marchán,115.0,2.0,7.0,8.0,0.0,0.0,0.0,0.0,0.0,0.125,,,HIT,0.0,,,,,
1158,26191,-0.23155164454832833,Kade Strowd,0.0,0.0,0.0,0.0,0.0,9.0,0.0,0.0,8.0,,4.0,1.6666666666666667,PIT,0.0,,,,,
1159,18067,-0.23317549100794724,Garrett Stubbs,56.0,0.0,9.0,3.0,0.0,3.1,0.0,0.0,0.0,0.13725490196078433,5.806451612903226,1.6129032258064515,TWO,0.0,,,,,
1160,31827,-0.23574951479902073,Zebby Matthews,0.0,0.0,0.0,0.0,0.0,120.0,7.0,0.0,106.0,,5.025,1.3416666666666666,PIT,0.0,,,,,
1161,17381,-0.2454130573792096,Matt Gage,0.0,0.0,0.0,0.0,0.0,32.1,4.0,1.0,26.0,,5.327102803738318,1.6199376947040498,PIT,0.0,,,,,
1162,22113,-0.25379909479379004,Cole Winn,0.0,0.0,0.0,0.0,0.0,53.1,6.0,1.0,51.0,,5.762711864406779,1.4500941619585688,PIT,0.0,,,,,
1163,28489,-0.2542842168291424,Winston Santos,0.0,0.0,0.0,0.0,0.0,6.0,0.0,0.0,4.0,,6.0,1.3333333333333333,PIT,0.0,,,,,
1164,23920,-0.263080205767531,Brayan Bello,0.0,0.0,0.0,0.0,0.0,119.2,6.0,1.0,94.0,,4.681208053691275,1.3926174496644295,PIT,0.0,,,,,
1165,31792,-0.2671698165868793,Otto Kemp,27.0,0.0,0.0,0.0,0.0,0.0,0.0,0.0,0.0,0.08,,,HIT,0.0,,,,,
1166,24937,-0.26797225160771376,Austin Warren,0.0,0.0,0.0,0.0,0.0,45.0,2.0,0.0,47.0,,4.6,1.4666666666666666,PIT,0.0,,,,,
1167,15223,-0.27120550211301286,Adam Frazier,153.0,2.0,21.0,10.0,1.0,2.0,0.0,0.0,0.0,0.20863309352517986,18.0,4.5,TWO,0.0,,,,,
1168,30166,-0.27143217352014504,Marco Raya,0.0,0.0,0.0,0.0,0.0,14.0,0.0,0.0,11.0,,4.5,1.4285714285714286,PIT,0.0,,,,,
1169,26253,-0.27568032562052003,Ryne Nelson,0.0,0.0,0.0,0.0,0.0,90.1,3.0,0.0,68.0,,4.894561598224196,1.2430632630410656,PIT,0.0,,,,,
1170,21846,-0.27828087265982004,Cole Ragans,0.0,0.0,0.0,0.0,0.0,35.1,1.0,0.0,45.0,,4.871794871794871,1.4245014245014245,PIT,0.0,,Spehr's Army,11.0,1,-11.0
1171,13470,-0.2783660796359139,Lucas Sims,0.0,0.0,0.0,0.0,0.0,10.0,0.0,0.0,10.0,,4.5,1.6,PIT,0.0,,,,,
1172,28901,-0.3036074444392233,Wilber Dotel,0.0,0.0,0.0,0.0,0.0,42.2,2.0,0.0,41.0,,4.90521327014218,1.3981042654028435,PIT,0.0,,,,,
1173,27999,-0.30553902604957917,Emiliano Teodo,0.0,0.0,0.0,0.0,0.0,7.2,0.0,0.0,7.0,,5.0,1.6666666666666665,PIT,0.0,,,,,
1174,15271,-0.3058986502971246,Austin Wynns,93.0,1.0,5.0,2.0,0.0,0.0,0.0,0.0,0.0,0.1411764705882353,,,HIT,0.0,,,,,
1175,21587,-0.3077584390809508,César Salazar,22.0,0.0,0.0,1.0,0.0,1.0,0.0,0.0,0.0,0.05,9.0,1.0,TWO,0.0,,,,,
1176,12763,-0.3182357424097496,Chris Devenski,0.0,0.0,0.0,0.0,0.0,2.1,0.0,0.0,3.0,,8.571428571428571,2.380952380952381,PIT,0.0,,,,,
1177,6655,-0.3225403234949631,Craig Kimbrel,0.0,0.0,0.0,0.0,0.0,47.2,1.0,0.0,47.0,,4.766949152542373,1.3347457627118644,PIT,0.0,,,,,
1178,25582,-0.3284532139161418,Brady Basso,0.0,0.0,0.0,0.0,0.0,33.0,1.0,0.0,27.0,,4.636363636363637,1.393939393939394,PIT,0.0,,,,,
1179,21367,-0.33303726613079165,Peter Strzelecki,0.0,0.0,0.0,0.0,0.0,19.2,1.0,0.0,13.0,,5.15625,1.40625,PIT,0.0,,,,,
1180,21045,-0.33534852054348285,Seth Martinez,0.0,0.0,0.0,0.0,0.0,10.0,0.0,0.0,8.0,,5.4,1.4,PIT,0.0,,,,,
1181,29614,-0.3355929830686291,Chad Stevens,36.0,0.0,1.0,3.0,0.0,0.0,0.0,0.0,0.0,0.030303030303030304,,,HIT,0.0,,,,,
1182,17888,-0.33684369688100346,Tayler Saucedo,0.0,0.0,0.0,0.0,0.0,20.2,0.0,0.0,23.0,,4.900990099009901,1.3861386138613863,PIT,0.0,,,,,
1183,22487,-0.3424212122798142,Johan Oviedo,0.0,0.0,0.0,0.0,0.0,12.2,1.0,0.0,12.0,,5.901639344262295,1.557377049180328,PIT,0.0,,,,,
1184,31773,-0.3499929615955768,Alex McFarlane,0.0,0.0,0.0,0.0,0.0,13.0,0.0,0.0,11.0,,4.846153846153846,1.4615384615384615,PIT,0.0,,,,,
1185,33027,-0.35044421592496444,Luis Gastelum,0.0,0.0,0.0,0.0,0.0,27.2,3.0,0.0,26.0,,6.286764705882353,1.3602941176470589,PIT,0.0,,,,,
1186,31893,-0.35226951450728505,Robby Snelling,0.0,0.0,0.0,0.0,0.0,5.0,0.0,0.0,2.0,,5.4,1.8,PIT,0.0,,The Fighting Phils,10.0,2,-10.0
1187,26641,-0.3612923605762648,,0.0,0.0,0.0,0.0,0.0,6.0,0.0,0.0,6.0,,6.0,1.6666666666666667,PIT,0.0,,,,,
1188,25215,-0.3620818658411267,Yaramil Hiraldo,0.0,0.0,0.0,0.0,0.0,20.0,1.0,0.0,25.0,,5.4,1.5,PIT,0.0,,,,,
1189,26117,-0.36473948370905274,Blas Castaño,0.0,0.0,0.0,0.0,0.0,29.2,1.0,0.0,23.0,,4.623287671232877,1.4383561643835616,PIT,0.0,,,,,
1190,27608,-0.3696960340855088,Jeff Criswell,0.0,0.0,0.0,0.0,0.0,10.0,0.0,0.0,9.0,,4.5,1.7,PIT,0.0,,,,,
1191,22622,-0.3715544229772515,Yovanny Cruz,0.0,0.0,0.0,0.0,0.0,22.2,0.0,1.0,24.0,,4.864864864864865,1.4864864864864866,PIT,0.0,,,,,
1192,25620,-0.37905113442567206,Luis Mey,0.0,0.0,0.0,0.0,0.0,27.1,1.0,0.0,35.0,,4.981549815498155,1.5129151291512914,PIT,0.0,,,,,
1193,21573,-0.38031879299772786,Nolan Kingham,0.0,0.0,0.0,0.0,0.0,6.0,0.0,0.0,5.0,,6.0,1.6666666666666667,PIT,0.0,,,,,
1194,17425,-0.38085325109378143,Erick Fedde,0.0,0.0,0.0,0.0,0.0,132.2,7.0,0.0,95.0,,4.561270801815431,1.40695915279879,PIT,0.0,,,,,
1195,30180,-0.38582225928991776,Travis Adams,0.0,0.0,0.0,0.0,0.0,49.1,3.0,2.0,54.0,,5.4989816700611,1.446028513238289,PIT,0.0,,,,,
1196,5273,-0.39359131502645445,Sandy León,46.0,0.0,0.0,0.0,0.0,0.0,0.0,0.0,0.0,0.0975609756097561,,,HIT,0.0,,,,,
1197,25241,-0.41605415100962684,Domingo Gonzalez,0.0,0.0,0.0,0.0,0.0,7.2,0.0,0.0,5.0,,5.0,1.8055555555555556,PIT,0.0,,,,,
1198,24458,-0.4286764845623227,,0.0,0.0,0.0,0.0,0.0,12.0,0.0,0.0,11.0,,5.25,1.5,PIT,0.0,,,,,
1199,27902,-0.4324720951561313,Jefry Yan,0.0,0.0,0.0,0.0,0.0,16.2,1.0,1.0,17.0,,5.0,1.8518518518518519,PIT,0.0,,,,,
1200,31910,-0.44279489734424965,Brycen Mautz,0.0,0.0,0.0,0.0,0.0,20.0,1.0,0.0,16.0,,4.95,1.55,PIT,0.0,,,,,
1201,31878,-0.4459305548382312,Trevor Martin,0.0,0.0,0.0,0.0,0.0,18.1,0.0,0.0,13.0,,4.475138121546961,1.4917127071823204,PIT,0.0,,,,,
1202,26257,-0.45918837818162384,Joey Estes,0.0,0.0,0.0,0.0,0.0,16.1,1.0,0.0,12.0,,6.149068322981366,1.3664596273291925,PIT,0.0,,,,,
1203,24930,-0.46195023081044484,Ethan Roberts,0.0,0.0,0.0,0.0,0.0,29.2,0.0,0.0,20.0,,4.315068493150685,1.404109589041096,PIT,0.0,,,,,
1204,26260,-0.4917551957633598,Drey Jameson,0.0,0.0,0.0,0.0,0.0,24.1,0.0,0.0,19.0,,4.481327800829876,1.4522821576763485,PIT,0.0,,,,,
1205,14542,-0.5018158534371402,Carlos Estévez,0.0,0.0,0.0,0.0,0.0,2.1,0.0,0.0,2.0,,12.857142857142856,2.380952380952381,PIT,0.0,,,,,
1206,32015,-0.5020010513192058,Alex Cook,0.0,0.0,0.0,0.0,0.0,13.2,0.0,0.0,10.0,,5.454545454545455,1.4393939393939394,PIT,0.0,,,,,
1207,26440,-0.5086096079116378,Ryan Gusto,0.0,0.0,0.0,0.0,0.0,82.0,2.0,0.0,71.0,,4.609756097560975,1.353658536585366,PIT,0.0,,,,,
1208,22288,-0.519753194278146,Mason Englert,0.0,0.0,0.0,0.0,0.0,45.2,0.0,1.0,41.0,,4.5796460176991145,1.393805309734513,PIT,0.0,,,,,
1209,19261,-0.5271985827516722,Ian Hamilton,0.0,0.0,0.0,0.0,0.0,4.2,0.0,0.0,4.0,,8.571428571428571,1.9047619047619047,PIT,0.0,,,,,
1210,31738,-0.5271985827516722,Josh White,0.0,0.0,0.0,0.0,0.0,4.2,0.0,0.0,4.0,,8.571428571428571,1.9047619047619047,PIT,0.0,,,,,
1211,31865,-0.5325550656227895,Peyton Pallette,0.0,0.0,0.0,0.0,0.0,20.2,1.0,0.0,22.0,,5.346534653465347,1.5841584158415842,PIT,0.0,,,,,
1212,16953,-0.5337714067136468,Chadwick Tromp,56.0,0.0,2.0,4.0,0.0,1.0,0.0,0.0,0.0,0.17647058823529413,18.0,4.0,TWO,0.0,,,,,
1213,19754,-0.5364742098886851,Reiver Sanmartin,0.0,0.0,0.0,0.0,0.0,20.2,2.0,0.0,16.0,,5.792079207920792,1.5841584158415842,PIT,0.0,,,,,
1214,23426,-0.5378190329263388,Max Lazar,0.0,0.0,0.0,0.0,0.0,15.0,0.0,0.0,10.0,,5.4,1.4,PIT,0.0,,,,,
1215,23479,-0.5437106559599257,Cam Sanders,0.0,0.0,0.0,0.0,0.0,24.0,1.0,1.0,27.0,,5.625,1.5416666666666667,PIT,0.0,,,,,
1216,23381,-0.5484558126477814,Nolan Hoffman,0.0,0.0,0.0,0.0,0.0,14.2,0.0,0.0,11.0,,5.070422535211268,1.5492957746478875,PIT,0.0,,,,,
1217,30170,-0.5665807297647983,Chase Petty,0.0,0.0,0.0,0.0,0.0,49.2,2.0,1.0,28.0,,5.121951219512195,1.3211382113821137,PIT,0.0,,,,,
1218,26443,-0.5728184269567184,Sam Aldegheri,0.0,0.0,0.0,0.0,0.0,48.2,4.0,0.0,34.0,,5.228215767634855,1.4522821576763485,PIT,0.0,,,,,
1219,21052,-0.5732498738320742,Luis Gil,0.0,0.0,0.0,0.0,0.0,32.1,2.0,0.0,21.0,,5.607476635514018,1.3395638629283488,PIT,0.0,,,,,
1220,31760,-0.5740154495951679,JR Ritchie,0.0,0.0,0.0,0.0,0.0,70.0,1.0,1.0,64.0,,4.5,1.4142857142857144,PIT,0.0,,,,,
1221,27668,-0.5781008995998489,Brandon Eisert,0.0,0.0,0.0,0.0,0.0,45.1,3.0,0.0,51.0,,5.787139689578714,1.3747228381374723,PIT,0.0,,,,,
1222,16350,-0.5920584543007337,Ryan Borucki,0.0,0.0,0.0,0.0,0.0,23.2,1.0,0.0,15.0,,5.043103448275862,1.5086206896551724,PIT,0.0,,,,,
1223,13897,-0.6015837707914332,Tyler Heineman,204.0,2.0,15.0,13.0,2.0,5.1,0.0,0.0,0.0,0.18579234972677597,10.588235294117649,1.9607843137254903,TWO,0.0,,,,,
1224,19990,-0.6019843817032557,Bryse Wilson,0.0,0.0,0.0,0.0,0.0,34.2,0.0,0.0,26.0,,4.7368421052631575,1.3450292397660817,PIT,0.0,,,,,
1225,33628,-0.6088087755958039,Mitch Farris,0.0,0.0,0.0,0.0,0.0,59.1,1.0,1.0,60.0,,4.416243654822335,1.505922165820643,PIT,0.0,,,,,
1226,27407,-0.6111881720314429,Rolddy Muñoz,0.0,0.0,0.0,0.0,0.0,4.0,0.0,0.0,5.0,,9.0,2.25,PIT,0.0,,,,,
1227,26448,-0.6119036500411151,Trevor McDonald,0.0,0.0,0.0,0.0,0.0,70.1,3.0,0.0,57.0,,5.1355206847360915,1.312410841654779,PIT,0.0,,,,,
1228,30250,-0.6146508733893983,Jaden Hill,0.0,0.0,0.0,0.0,0.0,37.2,1.0,2.0,40.0,,5.080645161290322,1.5591397849462365,PIT,0.0,,,,,
1229,27481,-0.6149436187056563,Cole Wilcox,0.0,0.0,0.0,0.0,0.0,37.0,0.0,0.0,36.0,,4.135135135135135,1.5405405405405406,PIT,0.0,,,,,
1230,26378,-0.6168838887042598,Nick Lodolo,0.0,0.0,0.0,0.0,0.0,105.2,5.0,0.0,93.0,,4.8764258555133075,1.3878326996197718,PIT,0.0,,,,,
1231,27568,-0.6194051809844414,CJ Van Eyk,0.0,0.0,0.0,0.0,0.0,17.2,1.0,0.0,9.0,,5.232558139534884,1.627906976744186,PIT,0.0,,,,,
1232,27662,-0.6267258460532178,Christian Roa,0.0,0.0,0.0,0.0,0.0,8.2,0.0,0.0,6.0,,5.487804878048781,1.9512195121951221,PIT,0.0,,,,,
1233,25480,-0.6312411111834908,Chase Solesky,0.0,0.0,0.0,0.0,0.0,9.0,0.0,0.0,8.0,,6.0,1.7777777777777777,PIT,0.0,,,,,
1234,27681,-0.6350448108944495,Ken Waldichuk,0.0,0.0,0.0,0.0,0.0,9.1,0.0,0.0,8.0,,6.923076923076923,1.5384615384615385,PIT,0.0,,,,,
1235,24581,-0.6406964014690204,Lyon Richardson,0.0,0.0,0.0,0.0,0.0,3.1,0.0,0.0,4.0,,14.516129032258064,1.6129032258064515,PIT,0.0,,,,,
1236,26952,-0.6423601556396752,Anthony Molina,0.0,0.0,0.0,0.0,0.0,13.0,0.0,0.0,8.0,,5.538461538461538,1.5384615384615385,PIT,0.0,,,,,
1237,30171,-0.6431648360590396,Mason Black,0.0,0.0,0.0,0.0,0.0,39.2,1.0,0.0,31.0,,4.362244897959183,1.530612244897959,PIT,0.0,,,,,
1238,27877,-0.6455970434857035,Beck Way,0.0,0.0,0.0,0.0,0.0,31.1,1.0,0.0,27.0,,4.340836012861736,1.6398713826366558,PIT,0.0,,,,,
1239,31280,-0.655295839809394,Eduardo Rivera,0.0,0.0,0.0,0.0,0.0,27.0,1.0,0.0,26.0,,5.333333333333333,1.4814814814814814,PIT,0.0,,,,,
1240,22717,-0.6653096332061783,Angel Zerpa,0.0,0.0,0.0,0.0,0.0,12.2,0.0,2.0,8.0,,6.639344262295082,1.7213114754098362,PIT,0.0,,,,,
1241,29000,-0.6667872609098634,Antwone Kelly,0.0,0.0,0.0,0.0,0.0,15.1,0.0,0.0,10.0,,5.364238410596027,1.5231788079470199,PIT,0.0,,,,,
1242,12777,-0.6720921800449758,John Brebbia,0.0,0.0,0.0,0.0,0.0,4.1,0.0,0.0,2.0,,10.975609756097562,1.707317073170732,PIT,0.0,,,,,
1243,11156,-0.6887552967150858,Merrill Kelly,0.0,0.0,0.0,0.0,0.0,164.0,11.0,0.0,115.0,,4.774390243902439,1.4390243902439024,PIT,0.0,,,,,
1244,21212,-0.6970947597026383,J.P. France,0.0,0.0,0.0,0.0,0.0,6.2,0.0,0.0,4.0,,8.709677419354838,1.6129032258064515,PIT,0.0,,,,,
1245,26349,-0.7042574906727916,Gavin Collyer,0.0,0.0,0.0,0.0,0.0,32.0,1.0,0.0,31.0,,5.0625,1.5,PIT,0.0,,,,,
1246,13293,-0.7103679328866426,Danny Coulombe,0.0,0.0,0.0,0.0,0.0,29.0,0.0,0.0,16.0,,4.344827586206897,1.4827586206896552,PIT,0.0,,,,,
1247,30016,-0.7119420580550292,Joe Rock,0.0,0.0,0.0,0.0,0.0,15.1,0.0,0.0,17.0,,4.172185430463577,1.9867549668874174,PIT,0.0,,,,,
1248,19884,-0.7126842783653213,Corbin Martin,0.0,0.0,0.0,0.0,0.0,5.0,0.0,1.0,4.0,,10.8,2.0,PIT,0.0,,,,,
1249,14993,-0.7231354515426067,Scott Barlow,0.0,0.0,0.0,0.0,0.0,33.1,2.0,2.0,29.0,,6.525679758308157,1.3595166163141994,PIT,0.0,,,,,
1250,30085,-0.7248190287063361,Ben Casparius,0.0,0.0,0.0,0.0,0.0,7.2,0.0,0.0,6.0,,7.5,1.8055555555555556,PIT,0.0,,,,,
1251,27926,-0.7265725912285301,Coleman Crow,0.0,0.0,0.0,0.0,0.0,25.2,0.0,0.0,15.0,,5.0,1.3888888888888888,PIT,0.0,,,,,
1252,33294,-0.7281735598030085,Seth Halvorsen,0.0,0.0,0.0,0.0,0.0,33.0,2.0,0.0,29.0,,4.636363636363637,1.696969696969697,PIT,0.0,,,,,
1253,19374,-0.7327029720953169,Walker Buehler,0.0,0.0,0.0,0.0,0.0,144.1,8.0,0.0,126.0,,4.871616932685635,1.4226231783483692,PIT,0.0,,,,,
1254,31815,-0.7336652436457983,Cade Gibson,0.0,0.0,0.0,0.0,0.0,45.0,3.0,0.0,37.0,,5.2,1.488888888888889,PIT,0.0,,,,,
1255,16511,-0.735907277915649,Jordan Montgomery,0.0,0.0,0.0,0.0,0.0,29.0,1.0,0.0,22.0,,5.275862068965517,1.4482758620689655,PIT,0.0,,,,,
1256,30146,-0.742424832970088,Jack Leiter,0.0,0.0,0.0,0.0,0.0,109.0,5.0,0.0,111.0,,5.036697247706422,1.3944954128440368,PIT,0.0,,NPB No Stars,10.0,2,-10.0
1257,8700,-0.7489575457687923,Justin Verlander,0.0,0.0,0.0,0.0,0.0,21.2,1.0,0.0,16.0,,5.943396226415095,1.4622641509433962,PIT,0.0,,,,,
1258,22224,-0.7599308545452463,Jonathan Heasley,0.0,0.0,0.0,0.0,0.0,4.0,0.0,0.0,2.0,,11.25,2.0,PIT,0.0,,,,,
1259,20418,-0.7666501813150166,Josh Fleming,0.0,0.0,0.0,0.0,0.0,3.0,0.0,0.0,1.0,,12.0,2.6666666666666665,PIT,0.0,,,,,
1260,27014,-0.7694394779055497,Jose Franco,0.0,0.0,0.0,0.0,0.0,27.1,1.0,0.0,21.0,,4.649446494464945,1.6605166051660516,PIT,0.0,,,,,
1261,14332,-0.7781995588053745,Joel Payamps,0.0,0.0,0.0,0.0,0.0,7.2,0.0,0.0,8.0,,8.75,1.6666666666666665,PIT,0.0,,,,,
1262,19244,-0.7809493177443195,Cole Irvin,0.0,0.0,0.0,0.0,0.0,6.0,0.0,0.0,5.0,,9.0,1.8333333333333333,PIT,0.0,,,,,
1263,27666,-0.7856379233605958,Zach McCambley,0.0,0.0,0.0,0.0,0.0,18.2,0.0,0.0,18.0,,4.945054945054945,1.7032967032967035,PIT,0.0,,,,,
1264,21461,-0.7870443388614852,Cole Sands,0.0,0.0,0.0,0.0,0.0,12.0,1.0,1.0,11.0,,8.25,1.6666666666666667,PIT,0.0,,,,,
1265,32070,-0.7884340791996132,Kohl Drake,0.0,0.0,0.0,0.0,0.0,23.2,0.0,0.0,19.0,,5.043103448275862,1.5086206896551724,PIT,0.0,,,,,
1266,12718,-0.7965457563121163,Adrian Houser,0.0,0.0,0.0,0.0,0.0,141.0,5.0,0.0,96.0,,4.531914893617022,1.375886524822695,PIT,0.0,,,,,
1267,20198,-0.7991318413238344,Ben Bowden,0.0,0.0,0.0,0.0,0.0,1.0,0.0,0.0,0.0,,36.0,4.0,PIT,0.0,,,,,
1268,16135,-0.8000131809515159,Brandon Leibrandt,0.0,0.0,0.0,0.0,0.0,6.0,0.0,0.0,3.0,,7.5,2.1666666666666665,PIT,0.0,,,,,
1269,27487,-0.8001064453970181,Landon Knack,0.0,0.0,0.0,0.0,0.0,11.0,0.0,0.0,9.0,,7.363636363636363,1.4545454545454546,PIT,0.0,,,,,
1270,25589,-0.8104930978421944,Sammy Peralta,0.0,0.0,0.0,0.0,0.0,15.2,0.0,0.0,14.0,,5.921052631578948,1.5789473684210527,PIT,0.0,,,,,
1271,25377,-0.8159525853013867,Brady Singer,0.0,0.0,0.0,0.0,0.0,163.2,7.0,0.0,140.0,,4.74264705882353,1.403186274509804,PIT,0.0,,,,,
1272,24933,-0.827951953915921,Andrew Wantz,0.0,0.0,0.0,0.0,0.0,3.2,0.0,0.0,1.0,,14.0625,2.1875,PIT,0.0,,,,,
1273,19427,-0.8281117946530103,Shane Bieber,0.0,0.0,0.0,0.0,0.0,81.2,5.0,0.0,66.0,,4.876847290640394,1.477832512315271,PIT,0.0,,,,,
1274,22182,-0.8314973196369005,Hunter Greene,0.0,0.0,0.0,0.0,0.0,27.2,2.0,0.0,32.0,,6.948529411764706,1.3602941176470589,PIT,0.0,1.0,The Fighting Phils,1.0,2,-1.0
1275,30412,-0.853630780383774,Jose Cabrera,0.0,0.0,0.0,0.0,0.0,17.2,0.0,0.0,12.0,,5.7558139534883725,1.5116279069767442,PIT,0.0,,,,,
1276,33821,-0.8594459951721886,Philip Abner,0.0,0.0,0.0,0.0,0.0,25.1,1.0,0.0,18.0,,5.378486055776892,1.5537848605577689,PIT,0.0,,,,,
1277,6632,-0.8836871185449969,Carlos Carrasco,0.0,0.0,0.0,0.0,0.0,16.2,0.0,0.0,7.0,,6.111111111111112,1.4197530864197532,PIT,0.0,,,,,
1278,23265,-0.8836972559881179,Cody Bolton,0.0,0.0,0.0,0.0,0.0,20.0,0.0,1.0,22.0,,5.4,1.75,PIT,0.0,,,,,
1279,26079,-0.9267453882161102,Beau Brieske,0.0,0.0,0.0,0.0,0.0,21.1,0.0,0.0,18.0,,5.971563981042654,1.4218009478672984,PIT,0.0,,,,,
1280,19695,-0.9267839232246013,Connor Seabold,0.0,0.0,0.0,0.0,0.0,27.0,1.0,0.0,22.0,,5.0,1.6666666666666667,PIT,0.0,,,,,
1281,19558,-0.9482150209731006,Geoff Hartlieb,0.0,0.0,0.0,0.0,0.0,16.1,1.0,0.0,8.0,,5.590062111801242,1.8633540372670805,PIT,0.0,,,,,
1282,22505,-0.95985565317386,Buddy Kennedy,69.0,1.0,7.0,4.0,0.0,1.0,0.0,0.0,0.0,0.14516129032258066,36.0,6.0,TWO,0.0,,,,,
1283,31953,-0.9628226042275723,Riley Cornelio,0.0,0.0,0.0,0.0,0.0,34.0,3.0,0.0,31.0,,5.294117647058823,1.7352941176470589,PIT,0.0,,,,,
1284,23899,-0.9653921204461005,Valente Bellozo,0.0,0.0,0.0,0.0,0.0,14.2,0.0,0.0,11.0,,6.971830985915493,1.4788732394366197,PIT,0.0,,,,,
1285,19407,-0.9679045920750576,Ronel Blanco,0.0,0.0,0.0,0.0,0.0,55.1,2.0,0.0,52.0,,5.390199637023593,1.379310344827586,PIT,0.0,,,,,
1286,30158,-0.9742847545048141,Chad Dallas,0.0,0.0,0.0,0.0,0.0,17.2,1.0,0.0,15.0,,6.279069767441861,1.744186046511628,PIT,0.0,,,,,
1287,18413,-0.9819579351189495,José Urquidy,0.0,0.0,0.0,0.0,0.0,8.1,0.0,1.0,8.0,,7.777777777777778,2.345679012345679,PIT,0.0,,,,,
1288,19454,-0.9961129649447305,Michael Rucker,0.0,0.0,0.0,0.0,0.0,38.1,0.0,0.0,42.0,,5.196850393700787,1.4435695538057742,PIT,0.0,,,,,
1289,30187,-1.004882526909475,Mike Paredes,0.0,0.0,0.0,0.0,0.0,38.1,0.0,0.0,21.0,,4.724409448818897,1.4173228346456692,PIT,0.0,,,,,
1290,18439,-1.0080951158303324,Danny Young,0.0,0.0,0.0,0.0,0.0,23.1,1.0,0.0,25.0,,5.454545454545454,1.7748917748917747,PIT,0.0,,,,,
1291,31811,-1.0189611446072986,Elmer Rodríguez,0.0,0.0,0.0,0.0,0.0,23.0,0.0,0.0,15.0,,4.695652173913044,1.6956521739130435,PIT,0.0,,,,,
1292,27517,-1.0195239429089789,Jared Koenig,0.0,0.0,0.0,0.0,0.0,17.0,1.0,0.0,17.0,,5.823529411764706,1.9411764705882353,PIT,0.0,,,,,
1293,20010,-1.020284086844321,Wyatt Mills,0.0,0.0,0.0,0.0,0.0,18.1,0.0,0.0,15.0,,5.469613259668508,1.7127071823204418,PIT,0.0,,,,,
1294,33043,-1.0244937091754465,Brendan Beck,0.0,0.0,0.0,0.0,0.0,11.2,0.0,0.0,8.0,,8.035714285714286,1.517857142857143,PIT,0.0,,,,,
1295,27567,-1.0326195313292779,TJ Shook,0.0,0.0,0.0,0.0,0.0,12.2,0.0,0.0,11.0,,7.3770491803278695,1.639344262295082,PIT,0.0,,,,,
1296,29271,-1.0344420185791643,Yilber Díaz,0.0,0.0,0.0,0.0,0.0,16.2,1.0,0.0,16.0,,6.666666666666667,1.7901234567901236,PIT,0.0,,,,,
1297,22176,-1.039094458140761,Easton McGee,0.0,0.0,0.0,0.0,0.0,18.1,0.0,0.0,15.0,,5.966850828729282,1.6022099447513811,PIT,0.0,,,,,
1298,29114,-1.0418492815572593,Jedixson Paez,0.0,0.0,0.0,0.0,0.0,3.0,0.0,0.0,0.0,,18.0,2.3333333333333335,PIT,0.0,,,,,
1299,20302,-1.0516202959076693,David Peterson,0.0,0.0,0.0,0.0,0.0,131.0,8.0,1.0,110.0,,5.015267175572519,1.4580152671755726,PIT,0.0,,,,,
1300,27694,-1.0685824741591938,Justin Sterner,0.0,0.0,0.0,0.0,0.0,49.2,2.0,1.0,47.0,,6.036585365853658,1.3414634146341462,PIT,0.0,,,,,
1301,21267,-1.0813246376979535,Jake Bird,0.0,0.0,0.0,0.0,0.0,45.1,2.0,0.0,49.0,,5.587583148558758,1.4855875831485588,PIT,0.0,,,,,
1302,20385,-1.0870513363733565,Isaac Mattson,0.0,0.0,0.0,0.0,0.0,41.2,0.0,0.0,39.0,,4.805825242718447,1.5048543689320388,PIT,0.0,,,,,
1303,26259,-1.091896759330838,Hunter Bigge,0.0,0.0,0.0,0.0,0.0,25.1,1.0,0.0,20.0,,6.4541832669322705,1.4342629482071712,PIT,0.0,,,,,
1304,29633,-1.1093208496179747,Andrew Hoffmann,0.0,0.0,0.0,0.0,0.0,11.2,1.0,0.0,12.0,,8.035714285714286,2.053571428571429,PIT,0.0,,,,,
1305,31676,-1.1189911545352471,Carson Whisenhunt,0.0,0.0,0.0,0.0,0.0,57.0,5.0,0.0,46.0,,5.368421052631579,1.5789473684210527,PIT,0.0,,,,,
1306,31614,-1.1205359587348314,Gabriel Hughes,0.0,0.0,0.0,0.0,0.0,63.2,1.0,1.0,53.0,,5.268987341772152,1.3449367088607593,PIT,0.0,,,,,
1307,27626,-1.120659764127025,Eric Orze,0.0,0.0,0.0,0.0,0.0,51.1,2.0,1.0,45.0,,5.283757338551859,1.5068493150684932,PIT,0.0,,,,,
1308,19911,-1.1326761303562152,José Suarez,0.0,0.0,0.0,0.0,0.0,73.2,2.0,1.0,74.0,,5.0409836065573765,1.4617486338797814,PIT,0.0,,,,,
1309,11426,-1.1471661798543449,Drew Pomeranz,0.0,0.0,0.0,0.0,0.0,29.0,2.0,0.0,17.0,,5.586206896551724,1.6551724137931034,PIT,0.0,,,,,
1310,19320,-1.1495681188288307,Joey Lucchesi,0.0,0.0,0.0,0.0,0.0,3.1,0.0,0.0,4.0,,14.516129032258064,3.8709677419354835,PIT,0.0,,,,,
1311,27861,-1.152181957398106,Nick Frasso,0.0,0.0,0.0,0.0,0.0,17.0,0.0,0.0,14.0,,6.352941176470588,1.6470588235294117,PIT,0.0,,,,,
1312,23313,-1.1528690673685411,José Buttó,0.0,0.0,0.0,0.0,0.0,2.0,0.0,0.0,5.0,,22.5,5.0,PIT,0.0,,,,,
1313,31743,-1.1531759583132875,David Sandlin,0.0,0.0,0.0,0.0,0.0,32.2,2.0,0.0,31.0,,6.70807453416149,1.3975155279503104,PIT,0.0,,,,,
1314,23988,-1.1562158808747744,Wilkin Ramos,0.0,0.0,0.0,0.0,0.0,2.0,0.0,0.0,1.0,,22.5,4.5,PIT,0.0,,,,,
1315,11384,-1.1603700093858236,Tommy Kahnle,0.0,0.0,0.0,0.0,0.0,9.0,0.0,0.0,5.0,,8.0,2.0,PIT,0.0,,,,,
1316,21584,-1.1800401504348874,Tristan Beck,0.0,0.0,0.0,0.0,0.0,23.0,0.0,1.0,13.0,,6.260869565217392,1.4782608695652173,PIT,0.0,,,,,
1317,25703,-1.1827908717047975,Zak Kent,0.0,0.0,0.0,0.0,0.0,18.1,0.0,0.0,15.0,,5.966850828729282,1.7127071823204418,PIT,0.0,,,,,
1318,17878,-1.1869003445912292,Dennis Santana,0.0,0.0,0.0,0.0,0.0,47.2,2.0,2.0,42.0,,5.911016949152542,1.461864406779661,PIT,0.0,,,,,
1319,15038,-1.188743476171157,Germán Márquez,0.0,0.0,0.0,0.0,0.0,64.0,4.0,1.0,45.0,,5.34375,1.484375,PIT,0.0,,,,,
1320,22304,-1.1944140836427521,Brenan Hanifee,0.0,0.0,0.0,0.0,0.0,34.1,0.0,0.0,19.0,,5.0146627565982405,1.466275659824047,PIT,0.0,,,,,
1321,33827,-1.1955355701593957,Woo-Suk Go,0.0,0.0,0.0,0.0,0.0,11.0,0.0,0.0,11.0,,7.363636363636363,2.0,PIT,0.0,,,,,
1322,27775,-1.1968554999291547,Kyle Nicolas,0.0,0.0,0.0,0.0,0.0,11.1,1.0,0.0,11.0,,7.297297297297297,2.3423423423423424,PIT,0.0,,,,,
1323,31880,-1.1979392875977988,Alex Hoppe,0.0,0.0,0.0,0.0,0.0,44.2,0.0,0.0,47.0,,5.294117647058823,1.425339366515837,PIT,0.0,,,,,
1324,30128,-1.2019304176518333,Eric Cerantola,0.0,0.0,0.0,0.0,0.0,8.1,0.0,0.0,10.0,,8.88888888888889,2.2222222222222223,PIT,0.0,,,,,
1325,20517,-1.2283456193950415,Nick Sandlin,0.0,0.0,0.0,0.0,0.0,8.2,0.0,0.0,6.0,,10.975609756097562,1.5853658536585367,PIT,0.0,,,,,
1326,27472,-1.2302237196096346,Jared Shuster,0.0,0.0,0.0,0.0,0.0,12.0,0.0,0.0,6.0,,7.5,1.75,PIT,0.0,,,,,
1327,26410,-1.2317656707606432,Alek Manoah,0.0,0.0,0.0,0.0,0.0,7.1,0.0,0.0,5.0,,10.140845070422536,2.1126760563380285,PIT,0.0,,,,,
1328,20203,-1.2340643820848571,Eli Morgan,0.0,0.0,0.0,0.0,0.0,31.1,0.0,1.0,27.0,,5.209003215434083,1.6398713826366558,PIT,0.0,,,,,
1329,19362,-1.2411216585122453,Keegan Akin,0.0,0.0,0.0,0.0,0.0,25.1,0.0,0.0,17.0,,5.737051792828685,1.5139442231075697,PIT,0.0,,,,,
1330,17464,-1.243759016906496,Jonathan Hernández,0.0,0.0,0.0,0.0,0.0,22.1,0.0,0.0,18.0,,6.515837104072398,1.4479638009049773,PIT,0.0,,,,,
1331,27649,-1.2886606858328715,Connor Phillips,0.0,0.0,0.0,0.0,0.0,32.2,1.0,1.0,33.0,,5.590062111801242,1.7080745341614905,PIT,0.0,,,,,
1332,26215,-1.2936412741611358,Jackson Rutledge,0.0,0.0,0.0,0.0,0.0,1.1,0.0,0.0,2.0,,49.090909090909086,6.363636363636363,PIT,0.0,,,,,
1333,19795,-1.2983726856687468,Keegan Thompson,0.0,0.0,0.0,0.0,0.0,12.0,0.0,0.0,11.0,,8.25,1.75,PIT,0.0,,,,,
1334,30084,-1.3126493302754547,Carson Seymour,0.0,0.0,0.0,0.0,0.0,33.0,1.0,0.0,23.0,,5.454545454545454,1.5757575757575757,PIT,0.0,,,,,
1335,27636,-1.331929586275291,Mitchell Parker,0.0,0.0,0.0,0.0,0.0,39.2,3.0,1.0,34.0,,6.658163265306122,1.4795918367346939,PIT,0.0,,,,,
1336,18679,-1.3320324827521954,Freddy Peralta,0.0,0.0,0.0,0.0,0.0,166.1,8.0,0.0,165.0,,5.0391330523780855,1.4388922335942205,PIT,0.0,,The Fighting Phils,8.0,1,-8.0
1337,12304,-1.3444745418649022,Chris Bassitt,0.0,0.0,0.0,0.0,0.0,94.1,6.0,0.0,69.0,,4.877789585547291,1.5302869287991498,PIT,0.0,,,,,
1338,30094,-1.3601206927784766,Jordan Wicks,0.0,0.0,0.0,0.0,0.0,13.1,0.0,2.0,10.0,,8.931297709923664,1.83206106870229,PIT,0.0,,,,,
1339,11423,-1.3641931373373946,Jose Quintana,0.0,0.0,0.0,0.0,0.0,52.0,3.0,0.0,27.0,,5.1923076923076925,1.5192307692307692,PIT,0.0,,,,,
1340,18694,-1.3695265146289102,Kolby Allard,0.0,0.0,0.0,0.0,0.0,8.2,0.0,0.0,9.0,,9.878048780487806,2.1951219512195124,PIT,0.0,,,,,
1341,17964,-1.3739134056716402,Tyler Gilbert,0.0,0.0,0.0,0.0,0.0,10.2,0.0,0.0,9.0,,8.823529411764707,1.9607843137254903,PIT,0.0,,,,,
1342,25311,-1.3756636102043158,Roddery Muñoz,0.0,0.0,0.0,0.0,0.0,4.0,0.0,0.0,6.0,,15.75,3.25,PIT,0.0,,,,,
1343,33838,-1.3791238319308308,Yariel Rodríguez,0.0,0.0,0.0,0.0,0.0,16.1,0.0,0.0,13.0,,6.70807453416149,1.8012422360248446,PIT,0.0,,,,,
1344,15474,-1.3856604662585625,Lucas Giolito,0.0,0.0,0.0,0.0,0.0,37.2,2.0,0.0,25.0,,5.080645161290322,1.7204301075268815,PIT,0.0,,,,,
1345,21844,-1.4307769347337302,Braxton Garrett,0.0,0.0,0.0,0.0,0.0,9.1,0.0,0.0,10.0,,8.901098901098901,2.307692307692308,PIT,0.0,,,,,
1346,26020,-1.4417561985115488,Seth Johnson,0.0,0.0,0.0,0.0,0.0,35.0,2.0,1.0,40.0,,5.914285714285715,1.7714285714285714,PIT,0.0,,,,,
1347,33850,-1.4428700794594165,Brandon Sproat,0.0,0.0,0.0,0.0,0.0,113.2,4.0,0.0,117.0,,5.167844522968198,1.4134275618374559,PIT,0.0,,,,,
1348,17594,-1.4650289221271926,Mitch Keller,0.0,0.0,0.0,0.0,0.0,115.2,6.0,0.0,89.0,,5.3125,1.3715277777777777,PIT,0.0,,,,,
1349,19865,-1.470353078127757,Charlie Barnes,0.0,0.0,0.0,0.0,0.0,16.0,0.0,0.0,9.0,,6.75,1.8125,PIT,0.0,,,,,
1350,19479,-1.4820604433285434,Aaron Civale,0.0,0.0,0.0,0.0,0.0,96.0,6.0,1.0,77.0,,5.0625,1.5416666666666667,PIT,0.0,,,,,
1351,28052,-1.4874687265879079,Brandan Bidois,0.0,0.0,0.0,0.0,0.0,22.2,0.0,0.0,26.0,,6.081081081081082,1.8018018018018018,PIT,0.0,,,,,
1352,25098,-1.499024137087607,Jacob Lopez,0.0,0.0,0.0,0.0,0.0,120.0,7.0,0.0,114.0,,5.1,1.5,PIT,0.0,,,,,
1353,6576,-1.5118512716769412,Robert Stock,0.0,0.0,0.0,0.0,0.0,37.0,2.0,0.0,35.0,,6.081081081081081,1.5945945945945945,PIT,0.0,,,,,
1354,33527,-1.5184978260747457,Hurston Waldrep,0.0,0.0,0.0,0.0,0.0,10.2,0.0,0.0,9.0,,8.823529411764707,2.1568627450980395,PIT,0.0,,,,,
1355,19315,-1.5485170084098847,Matt Krook,0.0,0.0,0.0,0.0,0.0,8.1,0.0,0.0,9.0,,11.11111111111111,2.2222222222222223,PIT,0.0,,,,,
1356,31687,-1.5486106892253217,Shane Smith,0.0,0.0,0.0,0.0,0.0,19.1,0.0,0.0,21.0,,7.0680628272251305,1.7277486910994764,PIT,0.0,,,,,
1357,29640,-1.5500638490200893,Hayden Juenger,0.0,0.0,0.0,0.0,0.0,20.1,0.0,0.0,12.0,,6.26865671641791,1.7412935323383083,PIT,0.0,,,,,
1358,21504,-1.5567699546601632,Jake Irvin,0.0,0.0,0.0,0.0,0.0,103.1,4.0,0.0,97.0,,5.499515033947624,1.3482056256062076,PIT,0.0,,,,,
1359,19453,-1.5595532695345724,Shaun Anderson,0.0,0.0,0.0,0.0,0.0,26.0,2.0,0.0,21.0,,6.923076923076923,1.6923076923076923,PIT,0.0,,,,,
1360,22294,-1.571784232218853,Matthew Liberatore,0.0,0.0,0.0,0.0,0.0,156.2,7.0,0.0,148.0,,4.955185659411012,1.4596670934699105,PIT,0.0,,,,,
1361,20633,-1.573094379454919,Yusei Kikuchi,0.0,0.0,0.0,0.0,0.0,61.0,1.0,0.0,64.0,,5.163934426229508,1.5081967213114753,PIT,0.0,1.0,,,,
1362,24737,-1.5789404747599463,Gus Varland,0.0,0.0,0.0,0.0,0.0,36.2,1.0,6.0,35.0,,6.712707182320441,1.7679558011049723,PIT,0.0,,,,,
1363,27570,-1.5790822503927333,Cole Henry,0.0,0.0,0.0,0.0,0.0,18.2,0.0,0.0,19.0,,7.417582417582418,1.7032967032967035,PIT,0.0,,,,,
1364,20958,-1.60271657586794,Rodolfo Durán,94.0,3.0,8.0,8.0,0.0,3.0,0.0,0.0,0.0,0.1511627906976744,27.0,3.3333333333333335,TWO,0.0,,,,,
1365,17556,-1.6280178581628775,Jimmy Herget,0.0,0.0,0.0,0.0,0.0,50.0,1.0,4.0,51.0,,5.94,1.6,PIT,0.0,,,,,
1366,31741,-1.63265717147758,Mason Barnett,0.0,0.0,0.0,0.0,0.0,64.0,2.0,2.0,59.0,,5.765625,1.453125,PIT,0.0,,,,,
1367,23488,-1.6388866269501017,Ron Marinaccio,0.0,0.0,0.0,0.0,0.0,69.1,1.0,1.0,56.0,,5.209840810419682,1.4327062228654126,PIT,0.0,,,,,
1368,23563,-1.6432007516022067,Matt Seelinger,0.0,0.0,0.0,0.0,0.0,5.0,0.0,0.0,5.0,,16.2,2.8,PIT,0.0,,,,,
1369,29542,-1.6552593451369035,Andre Granillo,0.0,0.0,0.0,0.0,0.0,9.1,0.0,0.0,3.0,,9.89010989010989,2.197802197802198,PIT,0.0,,,,,
1370,12972,-1.6592294162555352,Joe Ross,0.0,0.0,0.0,0.0,0.0,11.2,0.0,0.0,7.0,,9.642857142857144,1.8750000000000002,PIT,0.0,,,,,
1371,11847,-1.6827344086805178,Chris Martin,0.0,0.0,0.0,0.0,0.0,14.0,1.0,0.0,9.0,,9.0,1.9285714285714286,PIT,0.0,,,,,
1372,31612,-1.7280528470054177,Carson Palmquist,0.0,0.0,0.0,0.0,0.0,26.1,0.0,0.0,24.0,,6.551724137931034,1.6091954022988504,PIT,0.0,,,,,
1373,19524,-1.7312089423414476,Alan Rangel,0.0,0.0,0.0,0.0,0.0,37.0,0.0,0.0,39.0,,5.594594594594595,1.6216216216216217,PIT,0.0,,,,,
1374,13799,-1.7493891338807295,Matt Strahm,0.0,0.0,0.0,0.0,0.0,35.2,3.0,0.0,30.0,,7.414772727272727,1.477272727272727,PIT,0.0,,,,,
1375,14120,-1.7953322438946593,Lance McCullers Jr.,0.0,0.0,0.0,0.0,0.0,54.0,3.0,0.0,58.0,,6.166666666666667,1.5185185185185186,PIT,0.0,,,,,
1376,27984,-1.799691066801658,Jose Corniell,0.0,0.0,0.0,0.0,0.0,4.1,0.0,0.0,4.0,,19.75609756097561,3.414634146341464,PIT,0.0,,,,,
1377,33876,-1.8050840568470052,Rhett Lowder,0.0,0.0,0.0,0.0,0.0,125.0,6.0,0.0,102.0,,5.112,1.448,PIT,0.0,,,,,
1378,33464,-1.8070930318043132,George Klassen,0.0,0.0,0.0,0.0,0.0,36.2,2.0,0.0,35.0,,5.718232044198895,1.8232044198895025,PIT,0.0,,,,,
1379,31942,-1.8301654075470037,Cameron Foster,0.0,0.0,0.0,0.0,0.0,13.0,0.0,0.0,13.0,,7.615384615384615,2.3846153846153846,PIT,0.0,,,,,
1380,6984,-1.834182478962707,Luis García,0.0,0.0,0.0,0.0,0.0,15.0,0.0,2.0,6.0,,9.0,1.9333333333333333,PIT,0.0,,,,,
1381,15043,-1.834279519574684,Lou Trivino III,0.0,0.0,0.0,0.0,0.0,6.0,0.0,0.0,7.0,,15.0,2.8333333333333335,PIT,0.0,,,,,
1382,25463,-1.8512819623980266,Brandon Williamson,0.0,0.0,0.0,0.0,0.0,47.0,3.0,0.0,34.0,,5.9361702127659575,1.5957446808510638,PIT,0.0,,,,,
1383,18064,-1.8778068213343282,Phil Maton,0.0,0.0,0.0,0.0,0.0,35.2,0.0,0.0,38.0,,5.8806818181818175,1.6477272727272725,PIT,0.0,,,,,
1384,31610,-1.8847054240878305,Zach Maxwell,0.0,0.0,0.0,0.0,0.0,19.0,0.0,1.0,19.0,,7.578947368421052,1.9473684210526316,PIT,0.0,,,,,
1385,22175,-1.88595487527001,Max Kranick,0.0,0.0,0.0,0.0,0.0,21.1,0.0,0.0,11.0,,6.824644549763033,1.7535545023696681,PIT,0.0,,,,,
1386,25501,-1.8928083338379713,Paxton Schultz,0.0,0.0,0.0,0.0,0.0,40.1,1.0,1.0,39.0,,6.059850374064838,1.6458852867830422,PIT,0.0,,,,,
1387,12791,-1.9145242100334194,Michael Kelly,0.0,0.0,0.0,0.0,0.0,5.0,0.0,0.0,6.0,,16.2,3.6,PIT,0.0,,,,,
1388,24452,-1.9243210874576344,Luinder Avila,0.0,0.0,0.0,0.0,0.0,70.0,5.0,0.0,61.0,,5.5285714285714285,1.6142857142857143,PIT,0.0,,,,,
1389,20423,-1.9315527945906399,Ryan Walker,0.0,0.0,0.0,0.0,0.0,39.1,1.0,3.0,32.0,,6.445012787723785,1.6624040920716112,PIT,0.0,,,,,
1390,33174,-1.9667595859164624,Hunter Barco,0.0,0.0,0.0,0.0,0.0,30.2,0.0,0.0,25.0,,5.960264900662252,1.7218543046357617,PIT,0.0,,,,,
1391,18674,-1.987966660775495,Jake Woodford,0.0,0.0,0.0,0.0,0.0,26.1,1.0,1.0,23.0,,7.241379310344827,1.800766283524904,PIT,0.0,,,,,
1392,24710,-2.0225606341240723,Luis Curvelo,0.0,0.0,0.0,0.0,0.0,17.1,0.0,0.0,12.0,,7.894736842105263,1.9298245614035086,PIT,0.0,,,,,
1393,25550,-2.0390652111924803,Matt Waldron,0.0,0.0,0.0,0.0,0.0,56.2,2.0,0.0,47.0,,6.085409252669039,1.4412811387900355,PIT,0.0,,,,,
1394,15047,-2.0435025255651595,Austin Voth,0.0,0.0,0.0,0.0,0.0,10.0,0.0,0.0,3.0,,9.9,2.5,PIT,0.0,,,,,
1395,17606,-2.073887931081578,Cristian Javier,0.0,0.0,0.0,0.0,0.0,65.1,3.0,0.0,56.0,,5.668202764976959,1.5360983102918588,PIT,0.0,,,,,
1396,15145,-2.0854251503589785,Justin Topa,0.0,0.0,0.0,0.0,0.0,19.0,0.0,2.0,12.0,,8.052631578947368,2.0,PIT,0.0,,,,,
1397,19666,-2.1419697138671596,Jason Alexander,0.0,0.0,0.0,0.0,0.0,28.1,1.0,0.0,22.0,,7.686832740213522,1.5658362989323842,PIT,0.0,,,,,
1398,27500,-2.1515201782550326,Slade Cecconi,0.0,0.0,0.0,0.0,0.0,129.0,5.0,0.0,104.0,,5.023255813953488,1.4651162790697674,PIT,0.0,,,,,
1399,3137,-2.152846014740131,Max Scherzer,0.0,0.0,0.0,0.0,0.0,68.0,3.0,0.0,56.0,,6.088235294117647,1.411764705882353,PIT,0.0,,,,,
1400,22191,-2.175078698821908,Tobias Myers,0.0,0.0,0.0,0.0,0.0,68.0,1.0,1.0,51.0,,5.823529411764706,1.3823529411764706,PIT,0.0,,,,,
1401,23391,-2.181101076090819,Ricky Vanasco,0.0,0.0,0.0,0.0,0.0,17.1,1.0,0.0,14.0,,8.94736842105263,2.046783625730994,PIT,0.0,,,,,
1402,31312,-2.2066118934493706,Colton Gordon,0.0,0.0,0.0,0.0,0.0,18.1,0.0,0.0,19.0,,8.453038674033149,1.9337016574585635,PIT,0.0,,,,,
1403,32056,-2.2364560806247824,Noah Schultz,0.0,0.0,0.0,0.0,0.0,76.1,3.0,0.0,69.0,,5.913272010512484,1.4323258869908018,PIT,0.0,,,,,
1404,16149,-2.2749854530022953,Aaron Nola,0.0,0.0,0.0,0.0,0.0,169.0,5.0,0.0,173.0,,5.272189349112426,1.3964497041420119,PIT,0.0,1.0,,,,
1405,15689,-2.3021838905496006,Luis Castillo,0.0,0.0,0.0,0.0,0.0,150.2,5.0,0.0,132.0,,5.213049267643143,1.4047936085219708,PIT,0.0,14.0,,,,
1406,21574,-2.3094087012653177,Brendon Little,0.0,0.0,0.0,0.0,0.0,29.1,1.0,0.0,38.0,,7.11340206185567,1.8900343642611683,PIT,0.0,,,,,
1407,31468,-2.3534032092096844,Jack Perkins,0.0,0.0,0.0,0.0,0.0,116.2,4.0,3.0,135.0,,6.118760757314974,1.3855421686746987,PIT,0.0,,,,,
1408,9323,-2.4188593520074892,Patrick Corbin,0.0,0.0,0.0,0.0,0.0,80.0,3.0,1.0,63.0,,5.5125,1.5375,PIT,0.0,,,,,
1409,16258,-2.427776893950055,Aaron Bummer,0.0,0.0,0.0,0.0,0.0,16.2,1.0,0.0,13.0,,10.0,2.0987654320987654,PIT,0.0,,,,,
1410,11674,-2.5322590304563244,Jameson Taillon,0.0,0.0,0.0,0.0,0.0,100.0,3.0,0.0,88.0,,5.76,1.38,PIT,0.0,,,,,
1411,26482,-2.5336971680559337,Jayden Murray,0.0,0.0,0.0,0.0,0.0,16.1,0.0,0.0,14.0,,9.50310559006211,2.111801242236025,PIT,0.0,,,,,
1412,33787,-2.581131167974166,Kade Morris,0.0,0.0,0.0,0.0,0.0,19.0,0.0,0.0,12.0,,8.526315789473685,2.0,PIT,0.0,,,,,
1413,16990,-2.7329114211543364,Tanner Banks,0.0,0.0,0.0,0.0,0.0,41.0,1.0,0.0,43.0,,6.365853658536586,1.8048780487804879,PIT,0.0,,,,,
1414,20070,-2.888664706272153,Bailey Falter,0.0,0.0,0.0,0.0,0.0,9.2,0.0,0.0,6.0,,13.695652173913045,3.1521739130434785,PIT,0.0,,,,,
1415,25873,-2.8973813163654314,Connor Thomas,0.0,0.0,0.0,0.0,0.0,12.1,0.0,0.0,8.0,,12.644628099173554,2.396694214876033,PIT,0.0,,,,,
1416,31261,-2.992080027717552,Chris Roycroft,0.0,0.0,0.0,0.0,0.0,32.2,1.0,1.0,26.0,,7.826086956521738,1.8322981366459625,PIT,0.0,,,,,
1417,31552,-3.0328266877910552,Zach Agnos,0.0,0.0,0.0,0.0,0.0,83.2,0.0,2.0,54.0,,5.625,1.4423076923076923,PIT,0.0,,,,,
1418,24621,-3.0761898953171674,Ryan Weiss,0.0,0.0,0.0,0.0,0.0,28.0,0.0,0.0,32.0,,7.392857142857143,2.0714285714285716,PIT,0.0,,,,,
1419,24492,-3.0959910284016283,Grayson Rodriguez,0.0,0.0,0.0,0.0,0.0,88.0,5.0,0.0,83.0,,6.238636363636363,1.5227272727272727,PIT,0.0,,,,,
1420,11836,-3.1118682787311656,Taijuan Walker,0.0,0.0,0.0,0.0,0.0,22.2,1.0,0.0,17.0,,9.324324324324325,2.0720720720720722,PIT,0.0,,,,,
1421,27688,-3.2199914200204587,Jack Kochanowicz,0.0,0.0,0.0,0.0,0.0,64.0,2.0,0.0,47.0,,6.1875,1.578125,PIT,0.0,,,,,
1422,17639,-3.2221278396332362,Justin Lawrence,0.0,0.0,0.0,0.0,0.0,34.1,0.0,1.0,43.0,,7.390029325513196,1.9648093841642227,PIT,0.0,,,,,
1423,33794,-3.259860487114093,Trey Gibson,0.0,0.0,0.0,0.0,0.0,44.0,1.0,0.0,40.0,,6.75,1.7727272727272727,PIT,0.0,,,,,
1424,19867,-3.3836899817590456,Griffin Canning,0.0,0.0,0.0,0.0,0.0,83.0,4.0,0.0,83.0,,6.397590361445783,1.5421686746987953,PIT,0.0,,,,,
1425,29629,-3.387904231706023,Matt Svanson,0.0,0.0,0.0,0.0,0.0,53.1,2.0,0.0,50.0,,6.779661016949152,1.694915254237288,PIT,0.0,,,,,
1426,24728,-3.399956318053879,Mike Burrows,0.0,0.0,0.0,0.0,0.0,115.2,5.0,0.0,94.0,,5.703125,1.5017361111111112,PIT,0.0,,,,,
1427,24494,-3.445743888031903,Simeon Woods Richardson,0.0,0.0,0.0,0.0,0.0,86.2,3.0,0.0,53.0,,5.533642691415313,1.5893271461716936,PIT,0.0,,,,,
1428,33026,-3.4479570310291057,Yunior Tur,0.0,0.0,0.0,0.0,0.0,17.2,0.0,0.0,16.0,,12.034883720930234,2.0930232558139537,PIT,0.0,,,,,
1429,21446,-3.4545543199763507,Ryan Feltner,0.0,0.0,0.0,0.0,0.0,116.0,5.0,0.0,86.0,,5.741379310344827,1.4741379310344827,PIT,0.0,,,,,
1430,33502,-3.4879495865942225,Sean Sullivan,0.0,0.0,0.0,0.0,0.0,28.1,0.0,0.0,20.0,,8.327402135231317,1.9217081850533806,PIT,0.0,,,,,
1431,27669,-3.4905438079044133,Tanner Gordon,0.0,0.0,0.0,0.0,0.0,94.1,1.0,0.0,79.0,,5.738575982996812,1.4665249734325188,PIT,0.0,,,,,
1432,35325,-3.498462492757171,Ryan Johnson,0.0,0.0,0.0,0.0,0.0,75.0,3.0,0.0,61.0,,6.36,1.5466666666666666,PIT,0.0,,,,,
1433,31838,-3.7040744652132567,Kodai Senga,0.0,0.0,0.0,0.0,0.0,69.2,1.0,4.0,79.0,,7.023121387283236,1.6040462427745663,PIT,0.0,,Producers,1.0,F,-1.0
1434,27707,-4.008413400997167,Mitch Spence,0.0,0.0,0.0,0.0,0.0,17.1,0.0,0.0,12.0,,13.157894736842104,2.222222222222222,PIT,0.0,,,,,
1435,32227,-4.158219118979427,Luis Morales,0.0,0.0,0.0,0.0,0.0,33.0,1.0,0.0,28.0,,9.0,1.9393939393939394,PIT,0.0,,,,,
1436,30091,-4.184940991927855,Andrew Painter,0.0,0.0,0.0,0.0,0.0,109.1,3.0,0.0,96.0,,6.021998166819432,1.5032080659945006,PIT,0.0,,,,,
1437,9803,-4.292473252487127,Miles Mikolas,1.0,0.0,1.0,1.0,0.0,123.0,3.0,0.0,63.0,0.0,5.853658536585366,1.3902439024390243,TWO,0.0,,,,,
1438,20099,-4.3638801378928695,Chris Paddack,0.0,0.0,0.0,0.0,0.0,57.0,0.0,0.0,40.0,,6.7894736842105265,1.6666666666666667,PIT,0.0,,,,,
1439,17677,-4.450460733177129,Jeffrey Springs,0.0,0.0,0.0,0.0,0.0,130.0,4.0,0.0,107.0,,5.953846153846154,1.4692307692307693,PIT,0.0,,,,,
1440,19291,-4.897645250851249,Zac Gallen,0.0,0.0,0.0,0.0,0.0,114.0,4.0,0.0,74.0,,6.078947368421052,1.5263157894736843,PIT,0.0,,,,,
1441,16256,-5.843998089963504,Kyle Freeland,0.0,0.0,0.0,0.0,0.0,154.2,5.0,0.0,129.0,,6.245136186770428,1.4785992217898833,PIT,0.0,,,,,
1442,14843,-9.121763187743777,Michael Lorenzen,0.0,0.0,0.0,0.0,0.0,152.0,5.0,0.0,110.0,,6.3355263157894735,1.763157894736842,PIT,0.0,,,,,
