fg_id,rp_R,rp_HR,rp_RBI,rp_SB,rp_AVG,rp_W,rp_SV,rp_K,rp_ERA,rp_WHIP,roto_points,PA,AB,H,HR,R,RBI,SB,IP,W,SV,K,ER,BB,name,w_2026,pt_scale,AVG,ERA,WHIP,role,rp_above_repl,redraft_value,keep_value,roto_points_ft,redraft_value_ft,upside_ft
19755,3.6400714297467505,3.0461492064780264,3.4972380115256083,1.0770989533427606,0.9559416808459896,1.7435122924068682,0.0,2.0959081598889853,0.07448599820347465,0.53156741324546,16.661973145683923,684.5,598.1791653858961,239.5940966761379,42.16236038850409,123.04973987966856,118.27735135687671,18.422124883663344,97.25,6.398648065531026,0.0,110.15770657691247,38.526070654471816,35.44945772297652,Shohei Ohtani,0.5,1.0,0.2816703294357716,3.565394713524384,1.0956733349434875,TWO,11.884421307985814,75.74843316540706,116.33190435891616,16.661973145683923,75.74843316540706,0.0
22267,0.0,0.0,0.0,0.0,0.0,3.261828398427838,0.0,3.824606728807205,2.4971121291200693,2.3017408183584083,11.885288074713522,0.0,0.0,132.4019928515594,0.0,0.0,0.0,0.0,167.75,11.970831557993911,0.0,201.0154423113391,50.16206202790445,29.140022597416948,Tarik Skubal,0.5,1.0,,2.691258171392787,0.9629926405304106,PIT,7.107736237015414,45.704923639225356,72.51818713197946,11.885288074713522,45.704923639225356,0.0
33677,0.0,0.0,0.0,0.0,0.0,3.4525431456338227,0.0,3.999416450787665,2.1417524107305796,1.4460882818081426,11.03980028896021,0.0,0.0,144.89146451011922,0.0,0.0,0.0,0.0,181.25,12.670750080847114,0.0,210.20317220773643,57.88468929361359,45.608016238908064,Paul Skenes,0.5,1.0,,2.8742742269932267,1.0510316179256678,PIT,6.262248451262102,40.38713107636136,64.76302592427213,11.03980028896021,40.38713107636136,0.0
27769,3.0225539024065684,2.1613722358612844,2.9116900354083346,2.0085872051358256,0.3927513732094177,0.0,0.0,0.0,0.0,0.0,10.49695475202143,659.0,597.5798431742858,158.4941404197555,29.915985385185266,102.17504756198731,98.47399125405127,34.3538021440871,0.0,0.0,0.0,0.0,0.0,0.0,Pete Crow-Armstrong,0.5,1.0,0.2652267177852755,,,HIT,5.7194029143233225,36.97284170665162,59.7838237160536,10.49695475202143,36.97284170665162,0.0
25764,2.7489696012456157,1.6553030860966527,2.4750398746005975,2.089620072997974,1.0409225943250742,0.0,0.0,0.0,0.0,0.0,10.009855229265915,636.0,576.5512749445676,164.43517090703077,22.911381070825275,92.92674632869029,83.70638769956403,35.73974501108647,0.0,0.0,0.0,0.0,0.0,0.0,Bobby Witt Jr.,0.5,1.0,0.2852047650451217,,,HIT,5.2323033915678065,33.90917329756161,55.315946844478646,10.009855229265915,33.90917329756161,0.0
28163,2.6357719729710025,2.9135136672471864,3.473614894658041,0.26820760802704696,0.6904900754339153,0.0,0.0,0.0,0.0,0.0,9.981598218337194,664.5,604.5998296014421,165.48956241399526,40.326525363259215,89.1001899044512,117.47841239856687,4.5872795944037525,0.0,0.0,0.0,0.0,0.0,0.0,Junior Caminero,0.5,1.0,0.27371751414995854,,,HIT,5.2040463806390855,33.73144758100186,55.056761935255,9.981598218337194,33.73144758100186,0.0
26668,2.9533227430347293,1.8610980881363648,2.6023416731469444,2.0138968448728476,0.46798784466685084,0.0,0.0,0.0,0.0,0.0,9.898647193857737,637.5,573.0634615384615,153.56142244358466,25.75983085250338,99.83474289580515,88.01176225668783,34.44461538461538,0.0,0.0,0.0,0.0,0.0,0.0,Elly De La Cruz,0.5,1.0,0.2679658235954,,,HIT,5.121095356159629,33.209717582660396,54.295901071239676,9.898647193857737,33.209717582660396,0.0
33825,0.0,0.0,0.0,0.0,0.0,3.7517327378436094,0.0,3.321844733117049,0.8213878902077459,1.9135193286505368,9.808484689818942,0.0,0.0,132.34636621594484,0.0,0.0,0.0,0.0,174.05,13.768768668818971,0.0,174.59104573749653,64.17797222007043,42.50506539574843,Yoshinobu Yamamoto,0.5,1.0,,3.3185966675129777,1.0046046056402944,PIT,5.030932852120833,32.642630155135336,53.468893554994565,9.808484689818942,32.642630155135336,0.0
31757,0.0,0.0,0.0,0.0,0.0,0.899997907415063,3.845385249490755,2.0966153570222663,1.5749709185625647,1.2040879195022571,9.621057351992906,0.0,0.0,35.41363076287479,0.0,0.0,0.0,0.0,64.13865791393143,3.3029706153167115,25.27788582980011,110.19487576962374,15.680917692784432,22.701758617742044,Mason Miller,0.4894237782640408,1.0,,2.200361900687755,0.9060898882325025,PIT,4.843505514294798,31.463784381176996,51.74973303716726,9.621057351992906,31.463784381176996,0.0
27867,0.0,0.0,0.0,0.0,0.0,2.1337130511160227,3.9445534953338632,1.77540277030022,1.0528959656078185,0.5827820086961927,9.489347291054116,0.0,0.0,51.48926292557474,0.0,0.0,0.0,0.0,69.69999999999999,7.8306754396749545,25.929774635140383,93.31243666560668,21.2132206507893,22.087353856817888,Cade Smith,0.5,1.0,,2.7391533121535687,1.0556186051993206,PIT,4.711795453356008,30.635378821313566,50.541634265702214,9.489347291054116,30.635378821313566,0.0
19709,2.963271294120822,1.7561739960729716,2.5019612531041475,1.5973592741566969,0.6546870836439957,0.0,0.0,0.0,0.0,0.0,9.473452901098634,670.5,595.0860423248829,162.43494854210883,24.30755550971798,100.17104580824785,84.61687458486664,27.320379377648646,0.0,0.0,0.0,0.0,0.0,0.0,Fernando Tatis Jr.,0.5,1.0,0.2729604409935541,,,HIT,4.695901063400526,30.535409229652092,50.39584439329962,9.473452901098634,30.535409229652092,0.0
25878,3.256682849579733,1.8785266403013852,2.6171763412586997,1.6099305186761994,0.01976571448021707,0.0,0.0,0.0,0.0,0.0,9.382082064296235,665.0,587.4166666666666,149.3965715070223,26.00106292868295,110.08959171420547,88.51347396367896,27.535391225689732,0.0,0.0,0.0,0.0,0.0,0.0,Corbin Carroll,0.5,1.0,0.2543281115171326,,,HIT,4.6045302265981265,29.960721854390318,49.55775355269169,9.382082064296235,29.960721854390318,0.0
25768,2.806806683671924,1.9146421682351427,2.5045541893474876,1.7257112890321094,0.3968603697372231,0.0,0.0,0.0,0.0,0.0,9.348574700023885,651.5,591.5006592136607,157.01776764096525,26.50094517382246,94.88188322237792,84.70456825343847,29.515643647255835,0.0,0.0,0.0,0.0,0.0,0.0,CJ Abrams,0.5,1.0,0.2654566232431663,,,HIT,4.571022862325777,29.749973437285846,49.25041024631156,9.348574700023885,29.749973437285846,0.0
29518,2.913895761201723,2.26104732886521,2.8006361802541995,0.9930396719600751,0.35448789854773677,0.0,0.0,0.0,0.0,0.0,9.323106840828943,653.5,576.9415683175272,152.57152967398875,31.295608282202902,98.50194491301134,94.71812568175888,16.98441985715958,0.0,0.0,0.0,0.0,0.0,0.0,James Wood,0.5,1.0,0.2644488420533066,,,HIT,4.545555003130835,29.589790410989067,49.01680858227807,9.323106840828943,29.589790410989067,0.0
23697,2.6695593011700525,1.970438441922618,2.724415165341804,1.3730831515193196,0.48821457841232657,0.0,0.0,0.0,0.0,0.0,9.22571063836612,654.5,594.009278002699,159.25232241510938,27.27323255703535,90.24234385015312,92.1403143541168,23.48448043184885,0.0,0.0,0.0,0.0,0.0,0.0,Julio Rodríguez,0.5,1.0,0.2680973653317007,,,HIT,4.448158800668012,28.97720580617833,48.12345061325109,9.22571063836612,28.97720580617833,0.0
21029,0.0,0.0,0.0,0.0,0.0,2.1946773273471916,3.3495440202752134,1.5009344520853567,1.1613598927358546,0.553767504560033,8.76028319700365,0.0,0.0,48.09075334825269,0.0,0.0,0.0,0.0,62.03442622950819,8.054412863191803,22.01844180309874,78.88680435919254,17.48412074613606,16.938262078404872,Jhoan Duran,0.453551912568306,1.1354118617277293,,2.5366090456459127,1.048273021597239,PIT,3.982731359305542,26.049846442819874,43.8543589728074,9.934414642145587,33.434681057831455,7.384834615011581
28806,2.604750980253638,1.689176433763006,2.5841219644234052,1.0766931267074311,0.6799797265139533,0.0,0.0,0.0,0.0,0.0,8.634722231661435,593.5,543.8800408917481,149.80358514103276,23.380228850453623,88.05154974495126,87.39556773883919,18.415183841771178,0.0,0.0,0.0,0.0,0.0,0.0,Jackson Chourio,0.5,1.0109519797809603,0.2754349744024696,,,HIT,3.857170393963327,25.260116326153618,42.70266223155093,8.728745965623078,25.85148940287813,0.591373076724512
17995,0.0,0.0,0.0,0.0,0.0,3.695883519192974,0.0,3.0998751856178584,1.2855899157673742,0.553349920015318,8.634698540593526,0.0,0.0,171.2976321776078,0.0,0.0,0.0,0.0,187.15,13.563803383264844,0.0,162.9246680066512,66.15377878014189,40.10540118218792,Logan Webb,0.5,1.0,,3.181319845157772,1.1295914152273347,PIT,3.8571467028954176,25.25996731846024,42.70244492734629,8.634698540593526,25.25996731846024,0.0
20123,2.55481671127323,2.240290905929106,2.46671696079944,0.8521814774924713,0.5142968232978778,0.0,0.0,0.0,0.0,0.0,8.628302878792125,560.5,471.4383386133386,128.46050628253144,31.008314481115562,86.36356121843268,83.4249049418197,14.575256575256576,0.0,0.0,0.0,0.0,0.0,0.0,Juan Soto,0.5,1.0704727921498662,0.2724863375778426,,,HIT,3.850751041094017,25.21974106879091,42.64378129064379,9.233896033302825,29.028688788016712,3.8089477192258023
19556,2.361645954455345,2.3524987421298262,2.623372168469563,0.09607192997869134,1.1408196939506052,0.0,0.0,0.0,0.0,0.0,8.574408488984032,578.0,504.8104111758664,147.78580882900587,32.56140558323494,79.83357634380808,88.72301818959399,1.6431629483895713,0.0,0.0,0.0,0.0,0.0,0.0,Yordan Alvarez,0.5,1.0380622837370241,0.29275507310708,,,HIT,3.796856651285924,24.88076611240379,42.149439813220326,8.897765698358079,26.91455842984772,2.033792317443929
26289,2.90032562441538,1.9003055125465567,2.542589196672718,1.0054067523402765,0.1302784847877064,0.0,0.0,0.0,0.0,0.0,8.478905570762636,681.5,608.636085219276,156.7164456078611,26.30250865514419,98.0432171561752,85.99092048638391,17.195939790869765,0.0,0.0,0.0,0.0,0.0,0.0,Gunnar Henderson,0.5,1.0,0.2574879298380742,,,HIT,3.7013537330645283,24.280089536340604,41.27344782481624,8.478905570762636,24.280089536340604,0.0
31505,2.564338593367291,1.9026421377234084,2.881153224706801,0.8148498914662983,0.2978098826956682,0.0,0.0,0.0,0.0,0.0,8.460793729959468,622.0,560.2631521274042,147.33996030912195,26.334850351535742,86.68544092256822,97.4412296642594,13.936757078302252,0.0,0.0,0.0,0.0,0.0,0.0,Sal Stewart,0.5,1.0,0.2629834922208426,,,HIT,3.6832418922613597,24.16617303281944,41.107318582544856,8.460793729959468,24.16617303281944,0.0
19251,2.432840540142395,2.373968350809212,3.0346124534335845,0.2294486584052676,0.35655556197431737,0.0,0.0,0.0,0.0,0.0,8.427425564764777,668.5,596.7345764520236,157.64642925507272,32.85857073083026,82.24025308592951,102.63125420798644,3.924367233310022,0.0,0.0,0.0,0.0,0.0,0.0,Pete Alonso,0.5,1.0,0.2641818246772017,,,HIT,3.6498737270666686,23.95630012430587,40.80125206727323,8.427425564764777,23.95630012430587,0.0
30279,0.0,0.0,0.0,0.0,0.0,3.1495454936720813,0.0,3.1878098824790686,0.5850069154380264,1.4760172131112386,8.398379504700415,0.0,0.0,140.16228990753905,0.0,0.0,0.0,0.0,167.2,11.558756005423064,0.0,167.54638031263318,63.078045682034606,33.57150280442626,Bryan Woo,0.5,1.0,,3.3953493489133466,1.039077707607448,PIT,3.620827667002307,23.773611592557135,40.53482967531972,8.398379504700415,23.773611592557135,0.0
31347,2.800404369042053,1.9344030776531824,2.5595533524141407,1.2636853480390937,-0.1962246660586597,0.0,0.0,0.0,0.0,0.0,8.36182148108981,655.5,586.0495269133726,145.28072255927466,26.774459873206236,94.66545803264249,86.56465192887894,21.613398864592096,0.0,0.0,0.0,0.0,0.0,0.0,Zach Neto,0.5,1.0,0.2478983701675259,,,HIT,3.5842696433917025,23.54367570306789,40.19950446860156,8.36182148108981,23.54367570306789,0.0
20778,0.0,0.0,0.0,0.0,0.0,3.1894011079165914,0.0,3.722015882491765,1.0541483218643783,0.2574428561016217,8.223008168374356,0.0,0.0,174.11194883471106,0.0,0.0,0.0,0.0,188.1,11.705025148518198,0.0,195.62342535078105,68.14175480351096,43.06527913477084,Cristopher Sánchez,0.5,1.0,,3.26037104323019,1.1545838807521631,PIT,3.4454563306762482,22.670593425093816,38.926251754577926,8.223008168374356,22.670593425093816,0.0
24262,2.569656063558989,1.4008765406636448,2.4295143743979337,1.2281401248297208,0.5357693795352679,0.0,0.0,0.0,0.0,0.0,8.163956482985556,618.5,569.6804817214786,153.87957116467237,19.389812370862785,86.86519380284392,82.16670536584175,21.005452362603087,0.0,0.0,0.0,0.0,0.0,0.0,Ceddanne Rafaela,0.5,1.0,0.27011557548834075,,,HIT,3.386404645287448,22.29918106565286,38.384605444017765,8.163956482985556,22.29918106565286,0.0
29490,2.4064790776780236,1.746867166013432,2.566344057609844,0.9256444539739838,0.4731748013574099,0.0,0.0,0.0,0.0,0.0,8.118509556632693,617.0,563.4774047994339,151.20886263467966,24.17873781352293,81.34912466669566,86.79431505782416,15.831728065520272,0.0,0.0,0.0,0.0,0.0,0.0,Jackson Merrill,0.5,1.0,0.26834946946719446,,,HIT,3.340957718934585,22.013337401159287,37.967747570728406,8.118509556632693,22.013337401159287,0.0
19611,2.561780785179151,1.569995030814345,2.6395103607469492,0.4104793866447753,0.9353473850251034,0.0,0.0,0.0,0.0,0.0,8.117112948410323,652.5,578.0972143269895,162.99081152904367,21.73061521628143,86.59897623683688,89.26881536781481,7.0206200641745395,0.0,0.0,0.0,0.0,0.0,0.0,Vladimir Guerrero Jr.,0.5,1.0,0.2819436030647452,,,HIT,3.339561110712215,22.004553273294523,37.954937306534184,8.117112948410323,22.004553273294523,0.0
25931,2.2443797872548297,1.6675943493784302,2.449362962758516,0.8516031620749601,0.8642109178862218,0.0,0.0,0.0,0.0,0.0,8.077151179352958,611.5,568.0819624993313,159.18970514621336,23.081506904127927,75.86948617437064,82.83798894783578,14.565365377414006,0.0,0.0,0.0,0.0,0.0,0.0,Michael Harris II,0.5,1.0,0.2802231291517212,,,HIT,3.29959934165485,21.75320913577655,37.58839154868043,8.077151179352958,21.75320913577655,0.0
18401,2.6578262677810494,1.672191298999536,1.8360118620617683,1.3517082353411236,0.479290177019713,0.0,0.0,0.0,0.0,0.0,7.997027841203191,502.0,430.9253155064857,117.53378716298806,23.145134203211203,89.84571792278314,62.094321115348286,23.118895288542845,0.0,0.0,0.0,0.0,0.0,0.0,Ronald Acuña Jr.,0.5,1.1952191235059761,0.27274746442975945,,,HIT,3.2194760035050827,21.2492641954661,36.853467384994886,9.55169731999347,31.0275364914479,9.7782722959818
25976,2.544841471046333,1.9314918856087153,2.807070345842887,0.20405401421523336,0.4359141036430394,0.0,0.0,0.0,0.0,0.0,7.923371820356208,647.5,582.9510418456574,155.52162855864017,26.734165481888194,86.02635610066325,94.93573056352943,3.4900308102793214,0.0,0.0,0.0,0.0,0.0,0.0,Riley Greene,0.5,1.0,0.2667833443890065,,,HIT,3.1458199826581,20.785996190333115,36.17786411169903,7.923371820356208,20.785996190333115,0.0
18345,2.5815169899043737,1.720604566704852,2.580109723615967,0.8886380449364069,0.11030470917542601,0.0,0.0,0.0,0.0,0.0,7.881174034337026,601.5,526.4012721376902,135.47733832394954,23.815231924043704,87.26614305059894,87.25987288074093,15.1987902220005,0.0,0.0,0.0,0.0,0.0,0.0,Kyle Tucker,0.5,1.0,0.2573651423253265,,,HIT,3.103622196638918,20.520588367247655,35.790808687952705,7.881174034337026,20.520588367247655,0.0
13510,2.311094062375385,1.4344371207950721,2.1729862048850412,1.8062867728037266,0.1520978174161812,0.0,0.0,0.0,0.0,0.0,7.876901978275407,574.5,512.6889275956285,132.71643068304655,19.85433107248756,78.12470955618656,73.49086679311135,30.893763661202186,0.0,0.0,0.0,0.0,0.0,0.0,José Ramírez,0.5,1.0443864229765014,0.2588634619152992,,,HIT,3.0993501405772985,20.49371877985039,35.75162363524765,8.226008565427502,22.68946476706198,2.195745987211591
22186,2.5450868729564133,1.1926876688173156,2.306969979428514,1.4127542278774579,0.3116514310802383,0.0,0.0,0.0,0.0,0.0,7.769150180159939,642.5,578.3865361262903,152.19266037724475,16.508228558423774,86.03465171842355,78.0222272339999,24.16299332119004,0.0,0.0,0.0,0.0,0.0,0.0,Brice Turang,0.5,1.0,0.26313313134248617,,,HIT,2.991598342461831,19.816001466473566,34.7632798899134,7.769150180159939,19.816001466473566,0.0
29715,2.317215975988181,2.4674022405235703,2.734890911294948,0.20307850222600307,0.02378767569009298,0.0,0.0,0.0,0.0,0.0,7.746375305722794,600.5,549.0210292102796,139.720853911263,34.15180788489313,78.33165601099081,92.49460636419504,3.473346174540573,0.0,0.0,0.0,0.0,0.0,0.0,Hunter Goodman,0.5,1.0,0.254490896482125,,,HIT,2.968823468024686,19.672756277196108,34.55437938807116,7.746375305722794,19.672756277196108,0.0
24816,2.373221952847396,1.7875194482730734,2.651404989634287,0.6347755682721138,0.284510496549474,0.0,0.0,0.0,0.0,0.0,7.7314324555763445,636.0,577.4946286990508,151.49262804507725,24.74141418262565,80.22489382712692,89.67109430780424,10.856862088218872,0.0,0.0,0.0,0.0,0.0,0.0,Andy Pages,0.5,1.0,0.2623273369422531,,,HIT,2.9538806178782364,19.57877150448176,34.41731742958872,7.7314324555763445,19.57877150448176,0.0
33333,2.3299051416063135,1.8079440567095502,2.24375051980936,0.9561401218502162,0.36351228898406324,0.0,0.0,0.0,0.0,0.0,7.701252128959503,542.0,479.8733121843798,128.01585567291337,25.024115272861636,78.76060323324626,75.88413133851789,16.353309671632832,0.0,0.0,0.0,0.0,0.0,0.0,Wyatt Langford,0.5,1.1070110701107012,0.26677010874013,,,HIT,2.9237002912613947,19.38894887294031,34.14049107897937,8.522561643712518,24.55466942261286,5.16572054967255
16252,2.639571025334315,1.3032397981177766,1.987877546442086,1.2935386587927795,0.47388288886487734,0.0,0.0,0.0,0.0,0.0,7.698109917551834,625.0,571.6127513862451,153.29441130512686,18.03840269019973,89.2286138692324,67.23045164215439,22.1239939377638,0.0,0.0,0.0,0.0,0.0,0.0,Trea Turner,0.5,1.0,0.26817878175979337,,,HIT,2.920558079853726,19.369185573296946,34.111669425460796,7.698109917551834,19.369185573296946,0.0
20454,2.1621430787413383,1.7926145985419413,2.4163851782407435,1.9165901974937307,-0.60639691602307,0.0,0.0,0.0,0.0,0.0,7.681336136994683,562.5,501.2576398032563,116.72130416390446,24.81193717651339,73.08953919078927,81.7226730918588,32.78033448965639,0.0,0.0,0.0,0.0,0.0,0.0,Jazz Chisholm Jr.,0.5,1.0666666666666667,0.23285690809564036,,,HIT,2.903784299296575,19.263684953416963,33.957813421299235,8.196156269163309,22.501705320109476,3.2380203666925134
16478,2.6588159036844687,2.872462402822054,2.7900421888576648,0.26575469327971885,-0.9516317608106846,0.0,0.0,0.0,0.0,0.0,7.635443427833222,652.5,564.0133940566709,126.5545366787278,39.75832660220857,89.87917178291791,94.35983458502764,4.545326251431858,0.0,0.0,0.0,0.0,0.0,0.0,Kyle Schwarber,0.5,1.0,0.22438214768001036,,,HIT,2.8578915901351136,18.975037486734685,33.53686664500908,7.635443427833222,18.975037486734685,0.0
14344,2.6351202127322875,2.4089419846873765,2.620163576355253,0.0553904362927573,-0.12328847446484424,0.0,0.0,0.0,0.0,0.0,7.596327735602831,666.0,590.4334365325077,147.66470450176388,33.34264779197057,89.0781576643192,88.614502905357,0.9473684210526316,0.0,0.0,0.0,0.0,0.0,0.0,Matt Olson,0.5,1.0,0.2500954305179054,,,HIT,2.8187758979047226,18.72901484662201,33.17808145129103,7.596327735602831,18.72901484662201,0.0
35110,2.4006065793777274,1.987966043848057,2.6782183413968568,0.2965666269624469,0.2316136929504417,0.0,0.0,0.0,0.0,0.0,7.5949712845355295,523.0,465.31814553778497,122.04454905074327,27.515835600758557,81.15060949955084,90.57792770519532,5.072317098882563,0.0,0.0,0.0,0.0,0.0,0.0,Nick Kurtz,0.5,1.147227533460803,0.2622819467091531,,,HIT,2.8174194468374214,18.720483291797528,33.16563952501539,8.71062466790739,25.73751341901922,7.017030127221691
31623,0.0,0.0,0.0,0.0,0.0,2.782397823207165,0.0,3.67264949330488,0.16975293296222763,0.9322602064738672,7.55706045594814,0.0,0.0,105.57368654894996,0.0,0.0,0.0,0.0,145.35,10.211332909173201,0.0,193.02880392657772,57.1752477809703,51.13360641894178,Jacob Misiorowski,0.5,1.0319917440660475,,3.5402630204935175,1.0781375505186912,PIT,2.7795086182500315,18.482038779988986,32.81790583546125,7.795118596690208,19.97933280563771,1.4972940256487242
19569,0.0,0.0,0.0,0.0,0.0,1.7825021482633965,3.6470487578045385,1.4522365545729474,0.39158307214445537,0.2805146319386051,7.553885164723943,0.0,0.0,50.50425783474808,0.0,0.0,0.0,0.0,64.75,6.541739896221421,23.97410821911956,76.32731782836636,23.467931549895923,21.64272284436463,David Bednar,0.5,1.0427916555437204,,3.261951875661209,1.1142390838473006,PIT,2.776333327025835,18.462067421039176,32.7887807602798,7.87570800855214,20.48620917010598,2.0241417490668034
18839,1.9522887602733585,1.324390355281735,2.441209585052892,1.2669272212750105,0.5400230647768857,0.0,0.0,0.0,0.0,0.0,7.524838986659883,608.0,549.3343755682758,148.76556175097278,18.331151781960582,65.995579690685,82.56223993777263,21.668846131924145,0.0,0.0,0.0,0.0,0.0,0.0,Josh Naylor,0.5,1.0,0.27081058161903243,,,HIT,2.7472871489617745,18.279378147117775,32.52235728598458,7.524838986659883,18.279378147117775,0.0
15640,2.2177191979211717,2.1335739795020827,2.2977642965139835,0.3845781566830502,0.42598154977367836,0.0,0.0,0.0,0.0,0.0,7.459617180393967,450.5,382.7563618145283,104.35193717872463,29.53122415934111,74.96824600756064,77.71088903254677,6.577619268830214,0.0,0.0,0.0,0.0,0.0,0.0,Aaron Judge,0.5,1.3318534961154274,0.27263279618403913,,,HIT,2.682065342695859,17.869158103562185,31.924116092707774,9.925339448402276,33.37760158417386,15.508443480611675
29576,2.441013826745177,2.2994926720727493,2.5644514385542414,0.21191621491491883,-0.1762038778007046,0.0,0.0,0.0,0.0,0.0,7.340670274486382,578.5,512.9777279467172,127.11526650899953,31.8277379665036,82.51654458455658,86.73030626909247,3.6245016893944917,0.0,0.0,0.0,0.0,0.0,0.0,Ben Rice,0.5,1.0371650821089022,0.2477988021386436,,,HIT,2.5631184367882742,17.121027873570203,30.833086220940398,7.613896693689489,18.83951682692828,1.7184889533580758
21711,2.040429429144828,1.6611263903271136,1.9667426753049482,1.7358324463702606,-0.10719396061207392,0.0,0.0,0.0,0.0,0.0,7.296936980535076,488.0,432.70683877105364,107.95670501227367,22.991982589324255,68.9751053914235,66.51566569646491,29.68875051350241,0.0,0.0,0.0,0.0,0.0,0.0,Oneil Cruz,0.5,1.2295081967213115,0.2494915618132716,,,HIT,2.519385142836968,16.845962296937902,30.4319464878167,8.97307930759192,27.388252027572882,10.54228973063498
11579,2.3236040865827667,1.8221396926399875,2.3860105818390926,0.49427796415746605,0.2107430819705792,0.0,0.0,0.0,0.0,0.0,7.236775407189892,598.5,527.8646142813236,137.58846257335205,25.220599908863793,78.54760104453128,80.69539762502427,8.453866151009118,0.0,0.0,0.0,0.0,0.0,0.0,Bryce Harper,0.5,1.0025062656641603,0.2606510435647894,,,HIT,2.459223569491784,16.467569169685135,29.88011982909624,7.254873449544129,16.581398886276496,0.11382971659136132
22250,0.0,0.0,0.0,0.0,0.0,2.445422235317611,0.0,3.3568296218833704,0.31162634138999334,1.0848184162670906,7.198696614858065,0.0,0.0,140.21690702047042,0.0,0.0,0.0,0.0,167.89999999999998,8.974640628326634,0.0,176.42979763755616,65.23530361741527,40.40770116287497,Logan Gilbert,0.5,1.0,,3.496829854417734,1.0757868265833557,PIT,2.421144777159957,16.22806823060934,29.5308455070964,7.198696614858065,16.22806823060934,0.0
31912,2.097082843834768,0.0,1.192997370157668,2.7870328830666993,1.0878411141194806,0.0,0.0,0.0,0.0,0.0,7.164954211178616,569.0,524.1262384889739,151.8202637947302,0.0,70.89022933210317,40.34743093062002,47.66792100891806,0.0,0.0,0.0,0.0,0.0,0.0,Chandler Simpson,0.5,1.054481546572935,0.289663544096589,,,HIT,2.3874023734805077,16.01584150615127,29.22134632274507,7.551003500481765,18.44394286272628,2.428101356575013
26319,2.4823660395516454,1.8424238417447132,2.641952619278619,0.177122441429559,0.0018517289825382272,0.0,0.0,0.0,0.0,0.0,7.145716670987075,644.5,572.8040205616655,145.37554786267108,25.50135687339752,83.91442347992724,89.35141308335565,3.029407581901456,0.0,0.0,0.0,0.0,0.0,0.0,Michael Busch,0.5,1.0,0.253796311904589,,,HIT,2.368164833288967,15.894844787000293,29.044891703365533,7.145716670987075,15.894844787000293,0.0
17350,2.5191634223882935,2.1048574684561103,2.6254331924271477,0.059861912111433296,-0.1727385628143148,0.0,0.0,0.0,0.0,0.0,7.13657743256867,665.5,586.7127081215407,145.8585752466472,29.1337531867289,85.15832994541579,88.79272246879455,1.0238461538461539,0.0,0.0,0.0,0.0,0.0,0.0,Rafael Devers,0.5,1.0,0.24860306113640857,,,HIT,2.3590255948705616,15.837362497000877,28.961062855161348,7.13657743256867,15.837362497000877,0.0
35041,2.2499889734266025,1.9463740956460296,2.3453769001476146,0.2609841825305559,0.31400728635184666,0.0,0.0,0.0,0.0,0.0,7.116731438102649,572.0,515.3692725999284,136.1969606911621,26.94015312741661,76.05910028296557,79.32115765894034,4.46373398499506,0.0,0.0,0.0,0.0,0.0,0.0,Jac Caglianone,0.5,1.048951048951049,0.2642706267761704,,,HIT,2.339179600404541,15.712538834787928,28.77902724328775,7.463967613074575,17.896520649708926,2.1839818149209975
27691,0.0,0.0,0.0,0.0,0.0,1.4803703692359318,3.3495440202752134,1.84508678323404,0.3157655775663564,0.11703898541235383,7.107805735723895,0.0,0.0,79.98130243805333,0.0,0.0,0.0,0.0,91.1,5.43292355358425,22.01844180309874,96.97492111829955,34.49024322764438,25.473766655853826,Louis Varland,0.5,1.1354118617277293,,3.407378584509324,1.1575748528420107,PIT,2.330253898025787,15.656399604242115,28.697157035337224,8.065970349679295,21.682886023027766,6.026486418785652
5361,2.2578381744078375,1.3298055728793634,2.206193642271638,0.3819253286992651,0.8948722498339726,0.0,0.0,0.0,0.0,0.0,7.070634968092076,604.5,536.9964821763602,151.77211739117192,18.406104891758297,76.32443632310789,74.61394955913751,6.532246716697937,0.0,0.0,0.0,0.0,0.0,0.0,Freddie Freeman,0.5,1.0,0.2826314928099044,,,HIT,2.293083130393968,15.422609790835978,28.356211488806178,7.070634968092076,15.422609790835978,0.0
19290,2.449693015119136,1.409251799654927,2.0459678269606436,1.3995017529727674,-0.3191639888367108,0.0,0.0,0.0,0.0,0.0,6.985250405870763,628.0,553.2151029574087,134.82658261698987,19.505736005590375,82.80993769301452,69.19507758315969,23.93633007269821,0.0,0.0,0.0,0.0,0.0,0.0,Randy Arozarena,0.5,1.0,0.24371457304080507,,,HIT,2.2076985681726553,14.885573777288675,27.57302921718316,6.985250405870763,14.885573777288675,0.0
30116,2.1971688937993736,1.8297218687413024,2.5300956472428457,0.2654928656942019,0.1453993543230698,0.0,0.0,0.0,0.0,0.0,6.967878629800793,593.0,527.3188513021308,136.31815410610903,25.3255463246969,74.27355920664496,85.56838592318246,4.540848092332908,0.0,0.0,0.0,0.0,0.0,0.0,Seiya Suzuki,0.5,1.0118043844856661,0.258511816464541,,,HIT,2.1903267921026845,14.77631199592974,27.41368815258483,7.049997504002779,15.292808089498976,0.516496093569236
19612,2.223198002459455,1.1950306176803072,2.4203491713708294,0.21202249945933999,0.8947758044512839,0.0,0.0,0.0,0.0,0.0,6.945376095421215,641.0,587.7640612576909,164.75628204126392,16.540657782219906,75.15345266800637,81.85673620299914,3.6263195234425645,0.0,0.0,0.0,0.0,0.0,0.0,Bo Bichette,0.5,1.0,0.2803102348393338,,,HIT,2.1678242577231073,14.634779720732306,27.20728566559903,6.945376095421215,14.634779720732306,0.0
18525,0.0,0.0,0.0,0.0,0.0,2.8656189620998522,0.0,4.011739895515199,0.17569981377760358,-0.11730068878864522,6.93575798260401,0.0,0.0,134.05760123434513,0.0,0.0,0.0,0.0,167.05,10.516752481897795,0.0,210.8508734926937,65.82861939507283,64.24637595221061,Dylan Cease,0.5,1.0,,3.546588294257141,1.1870935479590288,PIT,2.1582061449059022,14.574285495185867,27.119064384738206,6.93575798260401,14.574285495185867,0.0
24617,2.3953906634366766,1.3894799850517852,2.2480167679345047,1.2570551791995197,-0.360547632644202,0.0,0.0,0.0,0.0,0.0,6.929394962978283,625.0,565.5,137.21515971183118,19.23207036535859,80.97428958051421,76.02841677943167,21.5,0.0,0.0,0.0,0.0,0.0,0.0,Jarren Duran,0.5,1.0,0.24264396058679255,,,HIT,2.151843125280175,14.53426455223055,27.060700155476923,6.929394962978283,14.53426455223055,0.0
21479,2.316933648498837,0.6873542220402001,1.9548837271857602,1.4011899551909686,0.5606284304518052,0.0,0.0,0.0,0.0,0.0,6.920989983367571,655.5,598.597374345513,161.6873150075314,9.51380725625261,78.32211215318605,66.11459348782667,23.96520418124326,0.0,0.0,0.0,0.0,0.0,0.0,Nico Hoerner,0.5,1.0,0.2701102977344581,,,HIT,2.143438145669463,14.481400467357881,26.983606230612605,6.920989983367571,14.481400467357881,0.0
35376,2.233191550815303,0.8540581544101702,1.8573184001664638,1.7253867588981298,0.23909641603760426,0.0,0.0,0.0,0.0,0.0,6.909051280327671,469.5,423.464111739846,111.52903895441986,11.821189724523109,75.49127667761586,62.81491287527497,29.510093057276958,0.0,0.0,0.0,0.0,0.0,0.0,Konnor Griffin,0.5,1.2779552715654952,0.26337306010700956,,,HIT,2.131499442629563,14.40631062300341,26.87409954317669,8.82446874574792,26.45354882564201,12.0472382026386
13613,2.4330748700971117,1.752432228583763,2.3529755751499297,0.2630306291168881,0.08086563509168239,0.0,0.0,0.0,0.0,0.0,6.882378938039375,608.0,539.4204999616761,138.27393207774577,24.255764957556416,82.24817442498299,79.5781465027461,4.498735313762634,0.0,0.0,0.0,0.0,0.0,0.0,Ketel Marte,0.5,1.0,0.25633792576954273,,,HIT,2.104827100341267,14.238551861913221,26.62944986553695,6.882378938039375,14.238551861913221,0.0
22799,2.5542041795534365,0.9230431549010546,1.9818474951509115,1.2560040944100843,0.15416838748223202,0.0,0.0,0.0,0.0,0.0,6.869267311497719,633.5,547.0629011176312,141.48740712162626,12.776024913131845,86.3428550674015,67.02651399395438,21.482022807473534,0.0,0.0,0.0,0.0,0.0,0.0,Geraldo Perdomo,0.5,1.0,0.25863096699222743,,,HIT,2.091715473799611,14.15608478044244,26.509184642030263,6.869267311497719,14.15608478044244,0.0
20373,0.0,0.0,0.0,0.0,0.0,1.3828357242574834,2.853702791059672,1.5789949227712914,0.6839107951725875,0.34882745612629334,6.848271689387327,0.0,0.0,43.34860179603859,0.0,0.0,0.0,0.0,60.4386895475819,5.074973758718126,18.75899777639737,82.98954253715371,19.88708483403284,22.75992086631318,Andrés Muñoz,0.45397815912636513,1.3326937983571319,,2.961410395329403,1.0938113178365017,PIT,2.070719851689219,14.024030403084561,26.316604173257293,9.106387618227279,28.22670996251875,14.20267955943419
27465,2.429761955854879,2.1491611453954875,2.6913043152941594,0.058284685311358164,-0.4909072008827182,0.0,0.0,0.0,0.0,0.0,6.837604900973165,637.0,566.5259928776508,135.20576949456787,29.74696923986295,82.13618397544977,91.02049819293373,0.996870109546166,0.0,0.0,0.0,0.0,0.0,0.0,Spencer Torkelson,0.5,1.0,0.23865766300994323,,,HIT,2.060053063275057,13.95694041189334,26.21876400913638,6.837604900973165,13.95694041189334,0.0
15998,2.1890930744340578,1.3245746147176936,2.3591467797968275,0.6461335254571512,0.29921671983422954,0.0,0.0,0.0,0.0,0.0,6.818164714239961,562.5,507.5728236377561,133.9574353031351,18.333702153665072,74.00056251100418,79.78685798818427,11.051122518086244,0.0,0.0,0.0,0.0,0.0,0.0,Cody Bellinger,0.5,1.0666666666666667,0.2639176667164073,,,HIT,2.0406128765418527,13.834669124037404,26.040450632450984,7.2712301139464435,16.68427600618,2.849606882142595
27467,2.0591484483286235,1.8451567342622062,2.691820832149312,0.20557900624140157,0.006826392783684501,0.0,0.0,0.0,0.0,0.0,6.808531413765228,591.0,533.9581921065826,135.60350571704592,25.53918338530329,69.6078870512957,91.0379669054884,3.516113458921281,0.0,0.0,0.0,0.0,0.0,0.0,Tyler Soderstrom,0.5,1.015228426395939,0.25395903222696187,,,HIT,2.0309795760671197,13.7740793739741,25.952090044157828,6.912189722456679,14.426050215335602,0.6519708413615017
16578,2.1333041563539905,1.2593518554325178,2.2041033552795417,0.1378177766683657,1.0728332736907655,0.0,0.0,0.0,0.0,0.0,6.8074104174251815,609.0,545.9342745462498,157.14750393564992,17.430940898022666,72.11466219547162,74.54325559773537,2.3571616006997593,0.0,0.0,0.0,0.0,0.0,0.0,Yandy Díaz,0.5,1.0,0.28785059166007154,,,HIT,2.0298585797270734,13.767028738707046,25.94180780534043,6.8074104174251815,13.767028738707046,0.0
18568,2.127622857725179,0.465073401119473,1.8919351312831154,0.5514622467802006,1.770798119492014,0.0,0.0,0.0,0.0,0.0,6.806891756399982,649.0,597.1664919997813,182.4690791735415,6.4371739583229735,71.92261038221844,63.98565826223954,9.431915561037165,0.0,0.0,0.0,0.0,0.0,0.0,Luis Arraez,0.5,1.0,0.3055581343194459,,,HIT,2.029339918701874,13.763766560602372,25.93705043340632,6.806891756399982,13.763766560602372,0.0
27615,1.9910021277375842,1.4832617079798451,2.3725167129596265,0.2700733591655605,0.685184932562197,0.0,0.0,0.0,0.0,0.0,6.802038840404813,598.0,543.9730134932535,149.9176546889346,20.530121948498014,67.30425450333021,80.2390320401369,4.619190404797601,0.0,0.0,0.0,0.0,0.0,0.0,Alec Burleson,0.5,1.0033444816053512,0.2755975957818244,,,HIT,2.024487002706705,13.733243587920606,25.892537494835047,6.824622014124718,13.875283053513332,0.14203946559272573
20503,2.4516637155230634,1.2911267906890387,2.355945230336407,0.232267392775428,0.43737943754459613,0.0,0.0,0.0,0.0,0.0,6.768382566868533,638.0,566.1267633666943,151.2610349390134,17.87074413180969,82.87655566377805,79.67858088803591,3.9725773596125444,0.0,0.0,0.0,0.0,0.0,0.0,William Contreras,0.5,1.0,0.2671858048884326,,,HIT,1.9908307291704253,13.521558588893118,25.58382833153,6.768382566868533,13.521558588893118,0.0
19608,2.1464481712082004,0.8025672372809168,1.9334702002285131,1.128880755664568,0.7413720388248569,0.0,0.0,0.0,0.0,0.0,6.752738403207055,593.0,542.6604094479094,150.55744891573556,11.10849364249229,72.55898523692841,65.3903833416012,19.307773157773156,0.0,0.0,0.0,0.0,0.0,0.0,Otto Lopez,0.5,1.0118043844856661,0.2774432154888715,,,HIT,1.9751865655089471,13.423162824255177,25.44033363746245,6.831813592489713,13.920515311848737,0.49735248759355954
20391,1.9544690450646354,1.5468044593434127,2.249574053723571,0.5223527483265302,0.47644219122159864,0.0,0.0,0.0,0.0,0.0,6.749642497679749,528.5,488.4066158348737,132.1340762350588,21.409629878500382,66.06928249614036,76.0810845240431,8.934042255942913,0.0,0.0,0.0,0.0,0.0,0.0,Luis García Jr.,0.5,1.1352885525070955,0.27054112690343296,,,HIT,1.9720906599816406,13.40369077076623,25.411936720496108,7.658004408993637,19.116937369674897,5.7132465989086665
10603,0.0,0.0,0.0,0.0,0.0,2.768031457658758,0.0,3.1467367025157333,0.7309699679423668,0.08563280742059022,6.7313709355374485,0.0,0.0,126.92968638669738,0.0,0.0,0.0,0.0,141.35,10.158608694078552,0.0,165.3876371991842,51.78821731874691,38.027209943702815,Chris Sale,0.5,1.0611956137247966,,3.297445743676846,1.167010232263178,PIT,1.9538190978393404,13.28876968153292,25.244342448505613,7.138060772348588,15.84669213296105,2.55792245142813
11493,2.241780918906556,1.7941596434829385,2.483757390943486,0.3297602980651724,-0.2690447218882536,0.0,0.0,0.0,0.0,0.0,6.580413529509901,621.5,562.4764915719223,138.0421116614421,24.83332245254656,75.78163348235388,84.00121600122638,5.640043910336498,0.0,0.0,0.0,0.0,0.0,0.0,Manny Machado,0.5,1.0,0.24541845522408118,,,HIT,1.8028616918117928,12.339305733491031,23.85969912311695,6.580413529509901,12.339305733491031,0.0
20178,2.652764728641362,1.6208852313981907,2.0912346595439266,0.624907750567411,-0.4513561687848752,0.0,0.0,0.0,0.0,0.0,6.538436201366015,623.0,550.5559853717577,131.85760484915423,22.43499666046557,89.6746165895951,70.72601172164867,10.688088207675133,0.0,0.0,0.0,0.0,0.0,0.0,Miguel Vargas,0.5,1.0,0.23949899438495548,,,HIT,1.7608843636679072,12.075284505539681,23.47466582954357,6.538436201366015,12.075284505539681,0.0
14161,2.183634799870793,1.932182369690909,1.8895925551049155,0.6459971461873277,-0.11645074238703391,0.0,0.0,0.0,0.0,0.0,6.53495612846691,469.5,422.37150478292864,105.17823973395127,26.743722610164795,73.81604985015007,63.90643182560695,11.048789959937864,0.0,0.0,0.0,0.0,0.0,0.0,Byron Buxton,0.5,1.2779552715654952,0.24901831336374364,,,HIT,1.7574042907688021,12.05339618723051,23.44274517166785,8.353328691074669,23.49025932456841,11.4368631373379
33572,2.3727186642553098,1.1861422899967242,2.1311411162585077,0.5987233723358952,0.24548810808791655,0.0,0.0,0.0,0.0,0.0,6.534213550934353,554.0,490.415247610025,128.66576447043673,16.417632661109824,80.20788055375142,72.07565678060176,10.240244595642064,0.0,0.0,0.0,0.0,0.0,0.0,Kevin McGonigle,0.5,1.0830324909747293,0.2623608566362335,,,HIT,1.7566617132362445,12.048725660528026,23.435933945567076,7.075262313261273,15.451714009892955,3.4029883493649287
21622,1.980585968225492,0.7631474587281631,1.646580878748118,1.3986073488262634,0.7433316343041522,0.0,0.0,0.0,0.0,0.0,6.532253288832188,501.0,453.26353963824704,127.75511698400643,10.562876603694026,66.95214445734761,55.68772399572779,23.921032662156467,0.0,0.0,0.0,0.0,0.0,0.0,Jake McCarthy,0.5,1.1976047904191616,0.2818561516904023,,,HIT,1.7547014511340802,12.036396366830582,23.417953616498103,7.8124816335440075,20.08853962069253,8.052143253861948
23772,2.2082268403302185,1.6883606613925786,2.3157856657739195,0.46146720705133243,-0.16446866576535812,0.0,0.0,0.0,0.0,0.0,6.509371708782691,564.5,501.6647290776007,124.45133829210148,23.36893758192226,74.64736435593524,78.32037566653186,7.89268849591916,0.0,0.0,0.0,0.0,0.0,0.0,Wilyer Abreu,0.5,1.0628875110717448,0.24807671554053096,,,HIT,1.731819871084583,11.892480040345298,23.20807436695601,6.919373778194341,14.471235159242156,2.578755118896858
20599,2.2438349567353995,1.2307699856391772,2.123675195012663,0.5079860805490288,0.39136654998197384,0.0,0.0,0.0,0.0,0.0,6.497632767918242,584.5,514.1998775399129,137.23670501955414,17.035333521916016,75.85106860894966,71.82315769775772,8.68832244799226,0.0,0.0,0.0,0.0,0.0,0.0,Iván Herrera,0.5,1.0265183917878529,0.26689369448342903,,,HIT,1.720080930220134,11.818646623143124,23.100399980234464,6.669196507757832,12.897716475066801,1.079069851923677
12916,2.2838093549279463,1.480334592693632,1.9797268336470821,0.7316211101509627,5.805181394501321e-05,0.0,0.0,0.0,0.0,0.0,6.475549943233569,542.0,483.27920401565075,122.62513125237075,20.48960716040636,77.20237156944718,66.95479275994892,12.513256481121466,0.0,0.0,0.0,0.0,0.0,0.0,Francisco Lindor,0.5,1.1070110701107012,0.2537355843857076,,,HIT,1.6979981055354605,11.679754160290384,22.897847242942586,7.1683812740079365,16.037396411536438,4.3576422512460535
27463,0.0,0.0,0.0,0.0,0.0,2.6450781756748514,0.0,2.779007998688178,0.9146780121360678,0.11937319669158561,6.4581373831906825,0.0,0.0,106.94767403308529,0.0,0.0,0.0,0.0,120.96296296296296,9.707373114413695,0.0,146.06038258403456,42.45392804281493,33.5488544442671,Garrett Crochet,0.35185185185185186,1.2400489895897122,,3.15869703441642,1.1614838545280204,PIT,1.6805855454925744,11.570235863448307,22.738132090994945,7.9823289198302705,21.156813640796766,9.58657777734846
31539,1.9844650832794262,1.7110964078451294,2.3342623683751316,0.054497042159003146,0.34028355934599425,0.0,0.0,0.0,0.0,0.0,6.424604461004685,549.0,492.77438367450407,130.89994411351964,23.683627595660106,67.08327487815453,78.94526177330467,0.9320882852292021,0.0,0.0,0.0,0.0,0.0,0.0,Drake Baldwin,0.5,1.092896174863388,0.26563869480679814,,,HIT,1.6470526233065765,11.359326696909706,22.43055435693434,7.019107627608463,15.09852266311505,3.739195966205344
30122,0.0,0.0,0.0,0.0,0.0,2.8809897736708043,0.0,3.532755939760394,0.15726676401521333,-0.15751140859269683,6.413501068853715,0.0,0.0,139.4882083378274,0.0,0.0,0.0,0.0,166.25,10.573162989671355,0.0,185.67621409546064,65.63461249287299,58.49819629829829,Gavin Williams,0.5,1.0,,3.553151954501395,1.1908956669842146,PIT,1.6359492311556068,11.289490636356353,22.328709484028884,6.413501068853715,11.289490636356353,0.0
35177,2.3165500248846875,1.1114552893739902,2.0489346522182323,0.9475573567390928,-0.030701718484763173,0.0,0.0,0.0,0.0,0.0,6.39379560473124,580.5,520.101686150141,131.43759862389507,15.383874948291478,78.30914405988244,69.29541625963805,16.206514643902498,0.0,0.0,0.0,0.0,0.0,0.0,Carson Benge,0.5,1.0335917312661498,0.2527151942090651,,,HIT,1.616243767033132,11.16555085588405,22.14796287418126,6.608607430647186,12.51663451376713,1.3510836578830805
25816,1.8739071580406061,1.9138498436799594,2.298111270725058,0.17053666092625053,0.12654010865813323,0.0,0.0,0.0,0.0,0.0,6.382945042030007,485.0,441.1074831643988,114.08871459979035,26.489978451191387,63.34595153029398,77.72262377594707,2.916767911691197,0.0,0.0,0.0,0.0,0.0,0.0,Shea Langeliers,0.5,1.2371134020618557,0.25864153058874767,,,HIT,1.6053932043318992,11.097304995201277,22.048437056824334,7.894028854339563,20.601440234487274,9.504135239285997
34985,2.3816097269116034,1.0612646509485728,2.1152775083040893,0.848777729144819,-0.03447510945474493,0.0,0.0,0.0,0.0,0.0,6.37245450585434,611.5,542.6101186121994,137.08264665854358,14.689176283852694,80.50843590499267,71.53914610399673,14.517040682521362,0.0,0.0,0.0,0.0,0.0,0.0,JJ Wetherholt,0.5,1.0,0.2526356253900157,,,HIT,1.594902668156232,11.031323562712913,21.952213550620634,6.37245450585434,11.031323562712913,0.0
21636,2.0880704283086944,1.212734980961946,1.7793975855389679,0.7618605035454826,0.5053243068731571,0.0,0.0,0.0,0.0,0.0,6.347387805228249,534.5,487.8832877225734,132.49828994796462,16.78570741522607,70.58557174293932,60.17961395099903,13.030454905454905,0.0,0.0,0.0,0.0,0.0,0.0,Jeremy Peña,0.5,1.1225444340505144,0.27157784101698423,,,HIT,1.5698359675301408,10.87366366932226,21.722291477734068,7.120684719452699,15.737403452014155,4.863739782691894
26294,2.0171653151779454,0.8435591815469384,1.8678302892732457,1.4560121061254963,0.14805945379411925,0.0,0.0,0.0,0.0,0.0,6.332626345917745,570.0,511.8588094673317,132.43569193003668,11.675871341356807,68.18868039196819,63.17042725468234,24.90285295322709,0.0,0.0,0.0,0.0,0.0,0.0,Bryson Stott,0.5,1.0526315789473684,0.25873481022600064,,,HIT,1.5550745082196373,10.780819775109793,21.586893310495057,6.6653164423797016,12.873312358107427,2.092492582997634
20220,1.9545851982545845,1.9430395389969333,2.695869540744639,0.32993741071702753,-0.5931174832989914,0.0,0.0,0.0,0.0,0.0,6.330314205414194,574.5,523.601935612816,122.59106249342115,26.893998861934115,66.07320896299281,91.17489511211687,5.64307315048275,0.0,0.0,0.0,0.0,0.0,0.0,Jo Adell,0.5,1.0443864229765014,0.23413026987752134,,,HIT,1.5527623677160856,10.766277301781061,21.565685408214204,6.613110339424665,12.544956075842448,1.7786787740613867
21780,1.7141942746598013,0.7402928459319993,1.2490205395593434,2.605859326425012,0.018741745911597784,0.0,0.0,0.0,0.0,0.0,6.328108732487754,377.0,332.1142071366942,84.57854435181731,10.24654133712128,57.94698364333492,42.24214672337135,44.56922531739183,0.0,0.0,0.0,0.0,0.0,0.0,Esteury Ruiz,0.5,1.5915119363395225,0.2546670468601959,,,HIT,1.5505568947896462,10.75240572643315,21.545455904758356,10.069814007865904,34.286290923966284,23.533885197533134
22266,2.1055806470910072,0.4049200319834609,1.5697576163937135,1.4414053364998538,0.7970765425099056,0.0,0.0,0.0,0.0,0.0,6.3187401744779415,614.0,551.6790927638774,153.8289051328927,5.604579145599522,71.1774908599083,53.08954452840877,24.653026571579076,0.0,0.0,0.0,0.0,0.0,0.0,Xavier Edwards,0.5,1.0,0.27883765607686817,,,HIT,1.5411883367798334,10.693481104518057,21.4595236430816,6.3187401744779415,10.693481104518057,0.0
25880,0.0,0.0,0.0,0.0,0.0,2.6421847519633976,0.0,2.7342033920397206,1.0351816511256609,-0.09527680977446212,6.316292985354317,0.0,0.0,110.40876372820135,0.0,0.0,0.0,0.0,135.25,9.696754319172225,0.0,143.70552142793497,47.31811254045512,50.12836914198921,Hunter Brown,0.5,1.1090573012939002,,3.1487098917862926,1.186965862256492,PIT,1.538741147656209,10.678089227378239,21.437077019393776,6.994369347820732,14.942928410318089,4.26483918293985
31370,2.309788508668446,0.9303547028484797,1.9406670690406254,1.802554681895973,-0.6769696054833222,0.0,0.0,0.0,0.0,0.0,6.306395356970203,618.0,540.1660997732426,125.31802761079597,12.877225510562065,78.0805763442048,65.63378301252843,30.82993197278911,0.0,0.0,0.0,0.0,0.0,0.0,Jakob Marsee,0.5,1.0,0.23199906040642584,,,HIT,1.5288435192720948,10.615836956561413,21.346291906957887,6.306395356970203,10.615836956561413,0.0
31791,2.1982828678620807,0.37609350340497016,1.5299938169477658,1.5426994991398397,0.6544390834597843,0.0,0.0,0.0,0.0,0.0,6.30150877081444,520.5,473.0421367458054,131.27906300155664,5.2055853983165115,74.31121622005647,51.74472416935604,26.38550779658506,0.0,0.0,0.0,0.0,0.0,0.0,Justin Crawford,0.5,1.1527377521613833,0.2775208650642912,,,HIT,1.5239569331163318,10.585102211536377,21.301470131845516,7.256739093026853,16.593133065296655,6.008030853760278
37120,2.1410144688794213,2.061286331617392,2.1789801965839626,0.32556621310434397,-0.4101490866322097,0.0,0.0,0.0,0.0,0.0,6.29669812355291,522.5,450.1933572559599,107.19650956793657,28.530676367634115,72.37530322105479,73.69358489804647,5.568310522534674,0.0,0.0,0.0,0.0,0.0,0.0,Munetaka Murakami,0.5,1.1483253588516746,0.23811215301204325,,,HIT,1.5191462858548022,10.554845092910906,21.2573448994587,7.234581506212639,16.453770377441078,5.898925284530172
16556,2.3279496365066707,1.4284768972773092,2.19891217671341,0.39566045717798487,-0.0597270271273245,0.0,0.0,0.0,0.0,0.0,6.29127214054805,629.5,570.95073798627,143.8328219546209,19.771834426749543,78.69449892774334,74.36768880782884,6.767165013984236,0.0,0.0,0.0,0.0,0.0,0.0,Ozzie Albies,0.5,1.0,0.2519180944785463,,,HIT,1.5137203028499417,10.520717749434542,21.207575554919345,6.29127214054805,10.520717749434542,0.0
29995,2.250629078499833,0.9847530999848436,2.1417674618234965,0.8492403496074735,0.05504914550031054,0.0,0.0,0.0,0.0,0.0,6.281439135415957,612.0,557.4448994907531,142.40254428570748,13.630164604859477,76.0807385294332,72.43504210235785,14.524953095684804,0.0,0.0,0.0,0.0,0.0,0.0,Daylen Lile,0.5,1.0,0.2554558206843359,,,HIT,1.5038872977178492,10.458871933985588,21.11738319349138,6.281439135415957,10.458871933985588,0.0
21837,2.116263840698291,1.3210183257797417,2.2713655633401992,0.036819014027934346,0.5329641165189084,0.0,0.0,0.0,0.0,0.0,6.2784308603650745,565.5,500.9985622987545,136.31853982521142,18.284478847226666,71.53862778258453,76.81807812614522,0.6297327394209354,0.0,0.0,0.0,0.0,0.0,0.0,Jonathan Aranda,0.5,1.0610079575596818,0.272093674679893,,,HIT,1.5008790226669664,10.439951042445585,21.08979005924411,6.659148136914399,12.834516092233953,2.3945650497883673
14212,0.0,0.0,0.0,0.0,0.0,1.5335921745547447,2.5561980535303475,1.3352494548890774,0.41038688822013836,0.44168548091550647,6.277112052109814,0.0,0.0,32.99054367191307,0.0,0.0,0.0,0.0,50.24778761061948,5.628246295574887,16.803331360376546,70.17865595143452,17.554341550965297,19.848751784026263,Josh Hader,0.3805309734513274,1.4878002143641458,,3.1441996050249563,1.0515745661361646,PIT,1.499560214411706,10.431656246412052,21.077693408300195,9.31632987943218,29.54716593370887,19.11550968729682
18360,2.1643435769394532,1.6657287078373884,2.223745635793956,0.27908833125472104,-0.07079420186629302,0.0,0.0,0.0,0.0,0.0,6.262112049959225,586.5,529.7822041719157,133.1991043013926,23.05568418643508,73.16392529449892,75.20756180343174,4.773377669703805,0.0,0.0,0.0,0.0,0.0,0.0,Austin Riley,0.5,1.0230179028132993,0.2514223831085295,,,HIT,1.4845602122611172,10.337312009601732,20.940107228163807,6.40634076898071,11.244455107689769,0.9071430980880368
27475,1.955965767049613,1.4932955393843705,2.1865612324446926,0.7624971607863834,-0.15675850857392312,0.0,0.0,0.0,0.0,0.0,6.241561191091136,598.5,543.9144500862776,135.29141713711604,20.669002215707323,66.1198780007831,73.94997718224147,13.041343950666176,0.0,0.0,0.0,0.0,0.0,0.0,Jordan Walker,0.5,1.0025062656641603,0.24873657450294923,,,HIT,1.4640093533930276,10.208055021753204,20.751606310510837,6.2572291004010445,10.30660013737498,0.0985451156217767
10233,0.0,0.0,0.0,0.0,0.0,1.4008504165409086,3.5478805119614303,1.3199520154281903,0.37261928199527883,-0.4015151331051323,6.239787092820676,0.0,0.0,40.78732357711677,0.0,0.0,0.0,0.0,51.7335463258786,5.141087244945028,23.322219413779287,69.37464608126935,18.38639046155642,25.834632666696812,Aroldis Chapman,0.44089456869009586,1.0719391476623121,,3.1986501198204387,1.2877902439579592,PIT,1.4622352551225681,10.19689662686281,20.73533355256263,6.6888159009944745,13.02111490281436,2.8242182759515497
32095,0.0,0.0,0.0,0.0,0.0,3.012150835225949,0.0,3.3079893861533907,-0.3769953457556133,0.26193217112905587,6.205077046752782,0.0,0.0,133.84630618324397,0.0,0.0,0.0,0.0,157.75,11.054520922418853,0.0,173.86283002912083,65.87310753145964,47.659152824141756,Cam Schlittler,0.5,1.0,,3.758212157103878,1.1505892805539506,PIT,1.4275252090546742,9.978583804434447,20.41695875481954,6.205077046752782,9.978583804434447,0.0
18314,2.376900053955742,1.4117901195249754,2.1325363627576013,0.9232331431446765,-0.6414939969067943,0.0,0.0,0.0,0.0,0.0,6.202965682476201,593.5,537.9871126612252,125.38355553545139,19.54086939856886,80.3492291302571,72.12284432112915,15.790486293728584,0.0,0.0,0.0,0.0,0.0,0.0,Dansby Swanson,0.5,1.0109519797809603,0.23306051870875655,,,HIT,1.4254138447780926,9.965304136251543,20.397592454550047,6.271383618356213,10.395626604204248,0.43032246795270446
22244,1.846812400767377,1.8251985142692817,2.395386163899489,0.6231314378879463,-0.5122233388616126,0.0,0.0,0.0,0.0,0.0,6.178305177962482,467.5826771653543,399.8577929261121,92.73078519358398,25.262937670790944,62.43003465917764,81.0124818525999,10.657707104887894,0.0,0.0,0.0,0.0,0.0,0.0,Jack Suwinski,0.015748031496062992,1.2831955273394744,0.23190941088078101,,,HIT,1.400753340264374,9.810199059975739,20.171396179228477,7.93734194575689,20.87386289900689,11.063663839031152
31846,0.0,0.0,0.0,0.0,0.0,2.3340815445489507,0.07699190745264124,2.322662592340496,0.4174431281835469,1.0236563016254439,6.174835474151078,0.0,0.0,111.74176865482545,0.0,0.0,0.0,0.0,126.41095890410958,8.566022978365424,0.5061112268696969,122.07557049530617,47.9347063510451,21.50791536543951,Spencer Schwellenbach,0.0410958904109589,1.0,,3.4127765575028866,1.054099147537857,PIT,1.3972836364529702,9.788375959234923,20.13957063088367,6.174835474151078,9.788375959234923,0.0
15986,2.3366511122096276,1.7556745137889076,2.277987725069155,0.4977760696547598,-0.7202596137303634,0.0,0.0,0.0,0.0,0.0,6.147829806992087,639.0,572.36052500049,132.6850501242394,24.300642075529133,78.98864544175628,77.04204107833105,8.513695878006232,0.0,0.0,0.0,0.0,0.0,0.0,Willy Adames,0.5,1.0,0.23182075689815576,,,HIT,1.370277969293979,9.61852071307627,19.891863560635386,6.147829806992087,9.61852071307627,0.0
19804,0.0,0.0,0.0,0.0,0.0,0.8383174099345858,4.2420582328631875,1.2392205837118646,-0.20054298957033734,0.012029734960804086,6.131082971900105,0.0,0.0,48.68169265383217,0.0,0.0,0.0,0.0,59.871812080536905,3.076604677087728,27.885441051161205,65.13152630305726,25.280670524100273,21.6022670046376,Bryan Baker,0.4780014914243102,1.0,,3.800219616049779,1.1739073399670434,PIT,1.3535311342019973,9.513189569795113,19.738254711346695,6.131082971900105,9.513189569795113,0.0
13611,2.269297598475694,1.3544247026180218,2.0245756468353022,0.28687910483931023,0.18836527018756466,0.0,0.0,0.0,0.0,0.0,6.123542322955894,548.5,485.01554343260597,126.30872277400486,18.746863190230748,76.71181310346371,68.47158939143927,4.906626897613856,0.0,0.0,0.0,0.0,0.0,0.0,Mookie Betts,0.5,1.0938924339106655,0.26042201014853816,,,HIT,1.3459904852577855,9.465761791948541,19.669088782330952,6.697168236025289,13.073647873553657,3.607886081605116
17722,0.0,0.0,0.0,0.0,0.0,1.4937024076725416,2.6553662993734557,1.2601758931716915,0.465723469944506,0.21886122582363798,6.093829295985833,0.0,0.0,43.36405274033758,0.0,0.0,0.0,0.0,54.628387585162756,5.481851813123066,17.45522016571682,66.23290511100383,18.954217055715873,17.794628006727923,Trevor Megill,0.4700984102952309,1.4322363031032754,,3.1226979422650043,1.1195402875789142,PIT,1.3162774582877246,9.278878295221517,19.396548695999048,8.71094369030258,25.73951994702484,16.46064165180332
29646,2.1512981626310284,0.8007232633448107,1.8940753176053073,1.144437162094347,0.09252553057466356,0.0,0.0,0.0,0.0,0.0,6.083059436250156,543.0,482.9689836544234,124.13841690144001,11.08297083045282,72.72293536662109,64.05803982985513,19.57384161982208,0.0,0.0,0.0,0.0,0.0,0.0,Caleb Durbin,0.5,1.1049723756906078,0.25703186147097223,,,HIT,1.3055075985520483,9.211140025112222,19.29776311938643,6.720817717124708,13.222394001913198,4.011253976800976
29712,2.1631147189145086,2.07654336413389,2.742573480607105,0.11794314180510435,-1.0263400048947073,0.0,0.0,0.0,0.0,0.0,6.0738347005659,595.0,535.7712250712251,118.15276846552527,28.741852006060398,73.12238471947538,92.75443253183444,2.0172364672364673,0.0,0.0,0.0,0.0,0.0,0.0,Colson Montgomery,0.5,1.0084033613445378,0.2205283952116281,,,HIT,1.296282862867792,9.153119990236831,19.21315005514665,6.125470551658975,9.477889607902279,0.32476961766544754
22542,2.184481729148321,1.291748408217292,2.0844006687592502,0.8731010802387434,-0.38397853449529884,0.0,0.0,0.0,0.0,0.0,6.049753351868309,547.0,494.0999352159859,118.74958257533656,17.87934806434008,73.84467962550137,70.49488466465542,14.933054280947793,0.0,0.0,0.0,0.0,0.0,0.0,Lawrence Butler,0.5,1.0968921389396709,0.24033515107308717,,,HIT,1.2722015141702006,9.001657581003222,18.992266034826425,6.638432088896677,12.704220128250956,3.7025625472477337
25436,0.0,0.0,0.0,0.0,0.0,2.985559871011572,0.0,2.817005732120548,-0.09018550475815727,0.3252218297684651,6.037601928142428,0.0,0.0,153.83907823476883,0.0,0.0,0.0,0.0,161.5,10.956932725035944,0.0,148.0574849619615,65.42369977794695,31.08610461104375,George Kirby,0.5,1.0,,3.6459027740032353,1.145047571800697,PIT,1.2600500904443201,8.925229805455734,18.880808185895585,6.037601928142428,8.925229805455734,0.0
24610,2.3184955856860543,0.5374232174113417,1.58125335070514,0.8162201781198094,0.738353823733798,0.0,0.0,0.0,0.0,0.0,5.991746155656143,628.0,563.570726534216,155.84636210388044,7.438582235387236,78.3749122062358,53.47833276694927,13.960193728926651,0.0,0.0,0.0,0.0,0.0,0.0,Steven Kwan,0.5,1.0,0.27653381335522326,,,HIT,1.214194317958035,8.636814656235472,18.460200207959815,5.991746155656143,8.636814656235472,0.0
35101,2.2694792832199946,0.5085364115133792,1.8897717335352158,1.2873433761976991,0.021915050628335053,0.0,0.0,0.0,0.0,0.0,5.977045855094623,542.5,468.2922684791844,119.19740911699085,7.038754177670116,76.71795481275646,63.912491679150335,22.018033135089212,0.0,0.0,0.0,0.0,0.0,0.0,Sam Antonacci,0.5,1.1059907834101383,0.25453635932127117,,,HIT,1.199494017396515,8.544355427000994,18.325363013884015,6.610278132707596,12.527142586315685,3.9827871593146913
17919,2.384447539412228,1.6304654269691243,2.198717777654244,0.3822890109185032,-0.6209382349708672,0.0,0.0,0.0,0.0,0.0,5.974981519983232,632.0,557.5474300167618,130.6765790731637,22.567598063376185,80.60436591536981,74.36111418930169,6.538466943019743,0.0,0.0,0.0,0.0,0.0,0.0,Ian Happ,0.5,1.0,0.23437751128946127,,,HIT,1.197429682285124,8.53137155415553,18.30642808443225,5.974981519983232,8.53137155415553,0.0
29695,2.1346863873812887,1.3114406159524064,1.916693702570249,1.0323022247804885,-0.4637926567095162,0.0,0.0,0.0,0.0,0.0,5.931330273974917,544.0,483.49387755102043,114.69294774147819,18.151911849990334,72.16138742371102,64.82299853635635,17.65594557823129,0.0,0.0,0.0,0.0,0.0,0.0,Matt McLain,0.5,1.1029411764705883,0.2372169598556608,,,HIT,1.1537784362768093,8.256822027486802,17.906040928738268,6.545097589798483,12.11718207338327,3.860360045896469
13743,0.0,0.0,0.0,0.0,0.0,2.8899295170610113,0.0,2.4675201450035487,0.2668852900889784,0.29636050155523275,5.920695453708771,0.0,0.0,122.36759089323377,0.0,0.0,0.0,0.0,143.2,10.605971632317129,0.0,129.68906047883263,55.657995558789295,41.544703501333856,Max Fried,0.5,1.047486033519553,,3.498058380091506,1.1446389273363662,PIT,1.1431436160106632,8.189933103635205,17.808493989600084,6.199051800529962,9.940687326102013,1.7507542224668082
19326,2.1768261997845846,1.2459097762611289,2.139426187990397,0.36998024971397275,-0.02501051631545,0.0,0.0,0.0,0.0,0.0,5.907131897434633,636.5,571.2521781857988,144.51389514703126,17.24488639183182,73.58589050143341,72.35585971132026,6.32794446932378,0.0,0.0,0.0,0.0,0.0,0.0,Bryan Reynolds,0.5,1.0,0.2529774076415484,,,HIT,1.1295800597365249,8.104623558191761,17.684083480982228,5.907131897434633,8.104623558191761,0.0
25385,0.0,0.0,0.0,0.0,0.0,2.5572313866345997,0.0,2.5994244515307225,0.08162714192138536,0.664552907417817,5.902835887504525,0.0,0.0,131.02094975964775,0.0,0.0,0.0,0.0,149.2,9.38497751720253,0.0,136.62174778485524,59.31532933993749,34.28030539351547,Drew Rasmussen,0.5,1.0053619302949062,,3.578002440076659,1.1079172597397,PIT,1.1252840498064165,8.077603310186682,17.644678713557685,5.934067247549729,8.27403653722442,0.1964332270377387
19959,0.0,0.0,0.0,0.0,0.0,3.0510230697241245,0.0,3.7626553813774746,-0.8352343569451515,-0.07758583776914904,5.900858256387298,0.0,0.0,153.4594394429097,0.0,0.0,0.0,0.0,173.6,11.197181085560722,0.0,197.7593748543709,75.42564883607795,51.93508401808944,Jesús Luzardo,0.5,1.0,,3.9103158958796174,1.1831481766186587,PIT,1.1233064186891903,8.065164772073556,17.62653906874921,5.900858256387298,8.065164772073556,0.0
37123,1.8808256578513796,1.7446464179684307,2.529765310368867,0.05950950319939191,-0.32539321843429214,0.0,0.0,0.0,0.0,0.0,5.889353670953777,555.5,495.00712040451486,119.9892701761834,24.147999995688433,63.57982595240455,85.55721385814685,1.017818740146053,0.0,0.0,0.0,0.0,0.0,0.0,Kazuma Okamoto,0.5,1.08010801080108,0.24239907918522335,,,HIT,1.1118018332556687,7.992805360278263,17.521014286288505,6.3628560586259315,10.970953026146503,2.9781476658682404
33656,2.0643197330122187,0.4585215143226411,1.60847279411663,1.8075959443791334,-0.05177499016374582,0.0,0.0,0.0,0.0,0.0,5.8871349956668775,541.5,488.75957057430384,123.12282701453607,6.3464879828083,69.78269824592228,54.398900272366205,30.916155032191302,0.0,0.0,0.0,0.0,0.0,0.0,A.J. Ewing,0.5,1.10803324099723,0.2519087797500597,,,HIT,1.1095831579687694,7.978850747167476,17.50066368536039,6.523409618842772,11.980773088421845,4.001922341254369
10954,0.0,0.0,0.0,0.0,0.0,2.743600361644292,0.0,3.0550027556875428,-0.41898113811044113,0.4772757727071325,5.856897751928527,0.0,0.0,127.19474520062704,0.0,0.0,0.0,0.0,146.45,10.068947160900622,0.0,160.56624216325994,61.600297898439216,37.75935916964895,Jacob deGrom,0.5,1.02424035506999,,3.785610659514872,1.1263510028697576,PIT,1.0793459142304185,7.7886701288513365,17.22331526753704,5.998739419002691,8.680799589478813,0.8921294606274763
29478,2.1403083392633,1.438627608512799,2.249750338189738,0.2874398749780777,-0.3040051112411377,0.0,0.0,0.0,0.0,0.0,5.812121049702776,596.5,535.1378809359054,130.5147993715505,19.91233245107488,72.35143306705865,76.08704650308911,4.916218010385197,0.0,0.0,0.0,0.0,0.0,0.0,Carter Jensen,0.5,1.0058675607711651,0.2438900403449154,,,HIT,1.0345692120046683,7.507041916004339,16.8126049651986,5.846341923244827,7.722278031632534,0.215236115628195
35333,0.0,0.0,0.0,0.0,0.0,2.547665762032967,0.0,2.9273104843283724,-0.05839461993218117,0.37309135712084623,5.7896729835500045,0.0,0.0,114.30267952052719,0.0,0.0,0.0,0.0,135.0,9.349871905604955,0.0,153.85493294193031,54.55999232803624,38.828923692605834,Chase Burns,0.5,1.1111111111111112,,3.6373328218690824,1.1343081719491335,PIT,1.0121211458518964,7.3658522249770115,16.606702083158837,6.4293534023955425,11.389195709372471,4.023343484395459
19956,1.6853601514560281,1.5803733698754427,1.9159219791074376,0.29220454478475244,0.31398019201575805,0.0,0.0,0.0,0.0,0.0,5.787840237239418,435.5,401.4953627544026,107.21762552053362,21.874263882865957,56.97226888062779,64.79689868073872,4.997710376463145,0.0,0.0,0.0,0.0,0.0,0.0,Mickey Moniak,0.5,1.3777267508610793,0.26704573817486243,,,HIT,1.0102883995413103,7.354324956500427,16.58989138130019,7.965123926478067,21.04860085850216,13.694275902001731
12927,2.105702746420673,1.2753802899949496,1.943303399054336,0.43844215296143496,-0.006397888143666304,0.0,0.0,0.0,0.0,0.0,5.756430700287727,606.0,540.4711701734957,137.02704209351361,17.65279366644505,71.1816183313178,65.7229442678667,7.498880275624462,0.0,0.0,0.0,0.0,0.0,0.0,Brandon Nimmo,0.5,1.0,0.2535325650201227,,,HIT,0.9788788625896192,7.156771065339379,16.30179020867027,5.756430700287727,7.156771065339379,0.0
21534,1.9592072120031228,2.13072934269404,2.5954283734995487,0.25693611893456864,-1.2146183880676198,0.0,0.0,0.0,0.0,0.0,5.72768265906366,565.0,496.91700755167057,105.13483915395759,29.491850972361288,66.22945248745503,87.77795295668149,4.3944980685819495,0.0,0.0,0.0,0.0,0.0,0.0,Cal Raleigh,0.5,1.0619469026548674,0.21157424188791812,,,HIT,0.9501308213655522,6.9759569573247475,16.038101367914496,6.08758620251092,9.239611641569537,2.2636546842447896
20202,1.9262515223408125,1.1611451582148935,1.8132028584709357,0.67226809178632,0.14597136788760395,0.0,0.0,0.0,0.0,0.0,5.718838998700566,522.5,468.60046097969825,121.40749847815422,16.071642360758435,65.11541142568815,61.32291564539678,11.498114173961634,0.0,0.0,0.0,0.0,0.0,0.0,Brandon Marsh,0.5,1.1483253588516746,0.2590853159306092,,,HIT,0.9412871610024576,6.920333739461868,15.956983683025761,6.56540341599083,12.24489790006699,5.324564160605122
13066,1.8451834227806834,1.418987719802908,2.181942583382636,0.23237709325398376,0.036876829796909906,0.0,0.0,0.0,0.0,0.0,5.715367649017121,502.5,459.9212631195104,117.3294644133707,19.640492823516404,62.37496834484812,73.79377346487746,3.9744536179725403,0.0,0.0,0.0,0.0,0.0,0.0,Teoscar Hernández,0.5,1.1940298507462686,0.2551077191290516,,,HIT,0.9378158113190125,6.898500286819762,15.925143038066645,6.823586050872268,13.868767243619791,6.970266956800029
11609,1.8472599125860367,1.47965625360905,2.1298389448394843,0.20574262672441523,0.04462914994153394,0.0,0.0,0.0,0.0,0.0,5.707126887700521,528.5,464.08869675943015,118.52054299525372,20.48021813347067,62.44516244277803,72.03161705955701,3.518911936222042,0.0,0.0,0.0,0.0,0.0,0.0,Willson Contreras,0.5,1.1352885525070955,0.25538338645789355,,,HIT,0.9295750500024127,6.846669071774229,15.849555390839395,6.478665478135029,11.699349674983203,4.852680603208975
21390,0.0,0.0,0.0,0.0,0.0,2.6913722395409723,0.0,2.973024867128968,-0.5125766588997389,0.5220631651335199,5.673883612903721,0.0,0.0,131.1111937559347,0.0,0.0,0.0,0.0,146.75,9.877271212346576,0.0,156.25761053213512,62.35489273428284,33.508407720225726,Joe Ryan,0.5,1.0221465076660987,,3.824150150654485,1.1217690049482822,PIT,0.8963317752056126,6.6375816757663015,15.544634421588967,5.799534404436823,7.427876764579877,0.7902950888135756
33266,1.8066052385466125,0.7616015642799739,2.0057537773721323,0.32238674940174367,0.7749476470644286,0.0,0.0,0.0,0.0,0.0,5.671294976664892,514.5,473.9462115141849,133.58217339515087,10.54147956946191,61.07086329453524,67.83502966620698,5.513930674508084,0.0,0.0,0.0,0.0,0.0,0.0,Jacob Wilson,0.5,1.1661807580174928,0.281850915040288,,,HIT,0.8937431389667836,6.621300150745168,15.520890386869002,6.6043376241197445,12.48977907507352,5.868478924328351
33321,1.9122801732244985,0.6739630108316612,1.6946141285216827,1.0815581404301402,0.29988545751270057,0.0,0.0,0.0,0.0,0.0,5.662300910520682,483.5,426.54699595609475,113.35193855197302,9.328456823709027,64.64312100290101,57.3122189662037,18.498392436564014,0.0,0.0,0.0,0.0,0.0,0.0,Luke Keaschall,0.5,1.2409513960703207,0.2657431411464929,,,HIT,0.884749072822574,6.5647309384425085,15.438393118385127,7.02138882614746,15.112870523402925,8.548139584960417
22275,1.8141437256484911,1.7967676804732133,2.3937041169212607,0.08524495976140756,-0.43166392997753567,0.0,0.0,0.0,0.0,0.0,5.658196552826837,546.5,501.85706511694764,119.88841338398721,24.869420814129334,61.32569589737703,80.95559465739414,1.4579842358529957,0.0,0.0,0.0,0.0,0.0,0.0,Jake Burger,0.5,1.0978956999085088,0.23888955983124327,,,HIT,0.8806447151287289,6.538916109195488,15.400746263982017,6.215015224527633,10.041091115302851,3.5021750061073638
10310,0.0,0.0,0.0,0.0,0.0,2.553032509008667,0.0,2.8390575626188177,0.02712012536325429,0.22794552075707922,5.647155717747818,0.0,0.0,121.53079955075381,0.0,0.0,0.0,0.0,139.05,9.369567737578043,0.0,149.21649522777432,55.61135960559183,38.55677944093705,Zack Wheeler,0.5,1.0787486515641855,,3.5994407511709916,1.151295066463077,PIT,0.8696038800497101,6.469473508533076,15.29947519023231,6.089795091329042,9.253504701560622,2.7840311930275465
29805,1.9597987053087595,1.0712259288098185,1.8827192112297348,0.1554265899862972,0.5751297782089781,0.0,0.0,0.0,0.0,0.0,5.644300213543588,566.5,509.1166666666666,139.11690369970972,14.827052322958954,66.24944745151106,63.673973838520524,2.658333333333333,0.0,0.0,0.0,0.0,0.0,0.0,TJ Rumfield,0.5,1.059135039717564,0.27325152132721986,,,HIT,0.8667483758454795,6.451513486784264,15.273283332932603,5.975626606686861,8.535428901089173,2.083915414304909
21483,0.0,0.0,0.0,0.0,0.0,2.417277273253959,0.0,2.408641451782258,0.5057216025601671,0.30155809841339726,5.633198426009782,0.0,0.0,108.61587708481059,0.0,0.0,0.0,0.0,128.0,8.871349296314044,0.0,126.59448699721285,47.97983651447798,37.39371843282121,Shane McClanahan,0.5,1.171875,,3.373582254924233,1.1406999649814984,PIT,0.8556465883116742,6.381687518654913,15.171453178234785,6.586855228975432,12.379821542337975,5.998134023683062
22515,1.975751105420264,1.30271303208692,2.000158478853829,0.2902145039188423,0.05704504965309464,0.0,0.0,0.0,0.0,0.0,5.625882169932949,555.5,501.0572385235835,128.12022024317497,18.031111616214858,66.78870573862484,67.64579545148813,4.963673780993792,0.0,0.0,0.0,0.0,0.0,0.0,Heliot Ramos,0.5,1.08010801080108,0.2556997691934245,,,HIT,0.8483303322348412,6.335671085527229,15.104345472755451,6.076146791538356,9.167662152034044,2.8319910665068146
26368,2.012093529012119,1.772936831391142,2.1280884726575087,0.31707987523457226,-0.6337122252236896,0.0,0.0,0.0,0.0,0.0,5.5964864830716525,528.5,470.8871619248332,108.58596434798595,24.539573265878715,68.01723266615429,71.97241570905537,5.42316473480857,0.0,0.0,0.0,0.0,0.0,0.0,JJ Bleday,0.5,1.1352885525070955,0.23059869354713755,,,HIT,0.8189346453735444,6.150783535872085,14.834716160230816,6.359425095647673,10.949373590326516,4.798590054454431
18882,2.077508723543755,1.6539335926972651,2.051917893094024,0.17989329207695823,-0.38038464987124115,0.0,0.0,0.0,0.0,0.0,5.582868851540761,557.0,503.18364159270095,121.10898508821435,22.89242563878936,70.22854165463085,69.39631011589985,3.0767987305994944,0.0,0.0,0.0,0.0,0.0,0.0,Brandon Lowe,0.5,1.0771992818671454,0.24068545770859004,,,HIT,0.8053170138426529,6.065133877888822,14.709809651149635,6.015839021278921,8.788349502493167,2.723215624604345
31448,1.6896870999180666,0.7251160133564677,1.8390155917339392,1.396222862486453,-0.0693173233709795,0.0,0.0,0.0,0.0,0.0,5.580724244123947,486.5,436.8365628329381,109.65191576450934,10.036475762117686,57.11853795611228,62.19590790716674,23.880249682097812,0.0,0.0,0.0,0.0,0.0,0.0,Henry Bolte,0.5,1.2332990750256938,0.25101359431409165,,,HIT,0.8031724064258388,6.051645123156268,14.690138431145176,6.883563655940129,14.246003281257037,8.19435815810077
27479,2.3009438021950976,0.7670505255368796,1.8781876038811443,0.7008439580073895,-0.07696709610979888,0.0,0.0,0.0,0.0,0.0,5.570058793510713,612.0,555.509427310893,139.61664181443044,10.616899731996325,77.7815880271175,63.52071389086634,11.986860518528806,0.0,0.0,0.0,0.0,0.0,0.0,Masyn Winn,0.5,1.0,0.25133082347546454,,,HIT,0.7925069558126046,5.984563546217676,14.5923105378838,5.570058793510713,5.984563546217676,0.0
21618,1.8084542125858496,1.1116210904370092,2.2158618792178517,0.14486071802710382,0.2724662874065509,0.0,0.0,0.0,0.0,0.0,5.553264187674365,582.0,531.0392078362293,139.46497111779516,15.38616983396449,61.1333664016757,74.9409314387008,2.477620305869165,0.0,0.0,0.0,0.0,0.0,0.0,Alec Bohm,0.5,1.0309278350515463,0.26262650489793155,,,HIT,0.7757123499762573,5.878931943351661,14.438263515708629,5.724380552866982,6.955187981036302,1.076256037684641
27815,2.0115837503178455,1.3727133488205536,1.921927301730603,0.1754030482603981,0.06638460608484337,0.0,0.0,0.0,0.0,0.0,5.548012055214243,470.0,433.0,111.0,19.0,68.0,65.0,3.0,0.0,0.0,0.0,0.0,0.0,0.0,Jordan Westburg,0.0,1.2765957446808511,0.25635103926096997,,,HIT,0.7704602175161348,5.845898052849351,14.390088799764989,7.080933880970802,15.487385986583474,9.641487933734123
20253,0.0,0.0,0.0,0.0,0.0,2.150864746893155,0.0,1.9303797538632381,0.9237534392188295,0.5175985665337205,5.522596506508944,0.0,0.0,68.51717168337585,0.0,0.0,0.0,0.0,84.75,7.893621749536311,0.0,101.4577883600312,28.015353532167357,23.61532958473396,Griffin Jax,0.5,1.7699115044247788,,2.975081791026622,1.0871091595057205,PIT,0.7450446688108361,5.686044039386903,14.15696694902611,9.657699479441106,31.694249251415116,26.008205212028212
33824,1.9585785118589911,0.699969229653692,1.7333211305633602,0.42951974301663903,0.6868842997441615,0.0,0.0,0.0,0.0,0.0,5.508272914836844,571.0,519.9101088214865,143.80336190973455,9.688414099598518,66.20819977560836,58.62129820684071,7.346276144169175,0.0,0.0,0.0,0.0,0.0,0.0,Jung Hoo Lee,0.5,1.0507880910683012,0.27659274068685225,,,HIT,0.7307210771387362,5.595954163990859,14.025585083596159,5.785496635546305,7.33958460440551,1.743630440414651
24064,1.9964936483221558,1.1939359726173828,1.9022845020499868,0.40927507048908285,0.0011144040426216586,0.0,0.0,0.0,0.0,0.0,5.50310359752123,563.0,518.493642891396,131.57995179619098,16.525506580977904,67.48989101967803,64.33567623598958,7.0000220842482515,0.0,0.0,0.0,0.0,0.0,0.0,Ezequiel Tovar,0.5,1.0657193605683837,0.2537735102448533,,,HIT,0.725551759823122,5.5634411488542,13.978169982169634,5.864682965354968,7.837636123105826,2.2741949742516256
20036,1.893940167770744,1.5995138489302079,2.368653147994476,0.0,-0.3609300346592547,0.0,0.0,0.0,0.0,0.0,5.501177130036172,599.5,525.4063358699432,127.06632266432163,22.13919108150725,64.02315160284085,80.10836543141104,0.0,0.0,0.0,0.0,0.0,0.0,0.0,Isaac Paredes,0.5,1.0008340283569641,0.24184391011183975,,,HIT,0.7236252923380642,5.551324410283563,13.960499631208007,5.505784890594825,5.580305449682528,0.028981039398964903
22715,1.9509858611028736,0.5758031437470148,1.6815643242088503,0.8892389031992642,0.39533479746954286,0.0,0.0,0.0,0.0,0.0,5.492927029727546,527.0,475.5476295818586,127.46192063040607,7.9698064716812445,65.95153621321161,56.87087174169094,15.209066980622712,0.0,0.0,0.0,0.0,0.0,0.0,Maikel Garcia,0.5,1.1385199240986716,0.26803187041954407,,,HIT,0.7153751920294376,5.499434456574761,13.884826322910419,6.249798226560502,10.259862802654515,4.760428346079754
28833,1.7502861452913077,0.8134401729973862,2.0507990421215245,0.2725337504729207,0.6037354592201603,0.0,0.0,0.0,0.0,0.0,5.490794570103299,535.0617760617761,488.4490598332089,134.33807108536627,11.258988120301819,59.16704082591786,69.35847033228943,4.661271622856725,0.0,0.0,0.0,0.0,0.0,0.0,Gabriel Gonzalez,0.03474903474903475,1.1213658438025416,0.27502984882648523,,,HIT,0.7132427324051909,5.486022106779165,13.865266527448412,6.151844107624963,9.643769118092063,4.157747011312898
33253,1.9186781527015473,0.7584627535787598,1.6208739752676433,1.1179129550687061,0.06554055937093486,0.0,0.0,0.0,0.0,0.0,5.481468395987592,443.5,401.88294906728146,103.0842408143841,10.498034662792714,64.85939964621903,54.818310920255975,19.12018575770279,0.0,0.0,0.0,0.0,0.0,0.0,Cole Carrigg,0.5,1.3528748590755355,0.2565031461365289,,,HIT,0.7039165582894835,5.427364063235348,13.779723028255201,7.413701395079934,17.580365496767193,12.153001433531845
17130,0.0,0.0,0.0,0.0,0.0,1.0999345206379676,3.250375774432105,1.1364154715601713,-0.06329244762663,0.057398773070675146,5.480832092074289,0.0,0.0,50.35559267832083,0.0,0.0,0.0,0.0,56.167741935483875,4.036733164051882,21.366552997758465,59.72824785997288,22.92047683543797,14.923273221137302,Raisel Iglesias,0.46236559139784955,1.170053026457881,,3.6726470463399914,1.1622127514835758,PIT,0.7032802543761809,5.423361956670477,13.773886587436177,6.413046674676401,11.286632671974793,5.863270715304316
19361,0.0,0.0,0.0,0.0,0.0,2.571164119784811,0.07699190745264124,2.1445740655149432,0.6679101898546086,0.008873741336741032,5.469514023943744,0.0,0.0,108.62367378349175,0.0,0.0,0.0,0.0,124.57831325301207,9.436110311853545,0.5061112268696969,112.71551166343303,45.53376125825843,37.784564554589835,Corbin Burnes,0.1566265060240964,1.0,,3.289528013531822,1.1752305398511382,PIT,0.691962186245636,5.352175666880407,13.670072618279915,5.469514023943744,5.352175666880407,0.0
27464,1.8205052825502184,1.4819735091827697,2.23675972260673,0.036279407463931254,-0.13254709281052848,0.0,0.0,0.0,0.0,0.0,5.442970828993121,517.5,471.09476496472723,117.25350771971947,20.512291731311404,61.5407433043016,75.64770105431217,0.6205035971223021,0.0,0.0,0.0,0.0,0.0,0.0,Dillon Dingler,0.5,1.1594202898550725,0.24889579855233313,,,HIT,0.665418991295013,5.185229192807681,13.426607533061352,6.312003904721363,10.65111256198369,5.465883369176009
12552,1.791809978364522,2.027515730638797,2.339379506108086,0.08638606960354615,-0.8070219809455407,0.0,0.0,0.0,0.0,0.0,5.438069303769411,524.0,467.8473001402525,104.8408904564394,28.06325072546009,60.57072120886609,79.11832448610475,1.4775011687704536,0.0,0.0,0.0,0.0,0.0,0.0,Eugenio Suárez,0.5,1.1450381679389312,0.22409211386922595,,,HIT,0.6605174660713029,5.154400486798507,13.381648730682382,6.234774363820623,10.165368491926616,5.010968005128109
30134,0.0,0.0,0.0,0.0,0.0,2.8663033191137472,0.0,2.82731963318571,-0.3051653498431716,0.04227747512013581,5.43073507757642,0.0,0.0,154.65761614166155,0.0,0.0,0.0,0.0,171.7,10.51926405563442,0.0,148.59956772538735,71.0039320943977,46.63369351736226,Tanner Bibee,0.5,1.0,,3.7218135634803686,1.1723430964416064,PIT,0.6531832398783122,5.1082710285607416,13.31437619591743,5.43073507757642,5.1082710285607416,0.0
29766,1.8427645873946965,1.2507008771026207,1.707489118517672,0.7914504690122808,-0.20367912077444464,0.0,0.0,0.0,0.0,0.0,5.388725931252825,441.5,396.7729204708407,97.20379313777116,17.31120097678618,62.29320152493763,57.74765393244084,13.53654586157449,0.0,0.0,0.0,0.0,0.0,0.0,Zack Gelof,0.5,1.3590033975084939,0.24498595575126902,,,HIT,0.611174093554717,4.8440496765126575,12.929051052932214,7.328001256327989,17.041344628375278,12.19729495186262
12856,1.9955082111087712,1.2012028915156556,1.7447296290114334,0.6419861882713125,-0.19645311379861669,0.0,0.0,0.0,0.0,0.0,5.386973806108556,508.5,452.09772012578617,111.34237623202512,16.626089458813116,67.4565790929439,59.007136109479916,10.980188679245284,0.0,0.0,0.0,0.0,0.0,0.0,George Springer,0.5,1.1799410029498525,0.24627944640164645,,,HIT,0.609421968410448,4.833029484123836,12.912979841521661,6.358553411066108,10.94389103000676,6.1108615458829245
27899,1.9955946780962996,1.0281730510449594,1.897040816231377,0.23773313876313543,0.21826979554474613,0.0,0.0,0.0,0.0,0.0,5.3768114796805175,515.0,464.59115028550514,121.63048711208495,14.231148831355872,67.45950204116865,64.15833363936653,4.066060558027543,0.0,0.0,0.0,0.0,0.0,0.0,Colt Keith,0.5,1.1650485436893203,0.2618011278031004,,,HIT,0.5992596419824094,4.769112364549755,12.819766809916993,6.2615245129831045,10.333616628290883,5.564504263741129
17678,2.2488307720656904,1.2603256085472907,2.101778986243064,0.13659686898761345,-0.38292298250739765,0.0,0.0,0.0,0.0,0.0,5.364609253336261,624.0,551.5924852084953,133.30837798130128,17.44441880963224,76.01994820066744,71.08262314749541,2.3362798481955545,0.0,0.0,0.0,0.0,0.0,0.0,Alex Bregman,0.5,1.0,0.24167910469431492,,,HIT,0.587057415638153,4.692365060097503,12.707842978506077,5.364609253336261,4.692365060097503,0.0
17548,2.2100659780140592,1.3011661580587195,2.0722784909263243,0.2631581003187342,-0.49823225699441887,0.0,0.0,0.0,0.0,0.0,5.348436470323419,624.5,551.6849187076332,131.32863348216134,18.009701023419893,74.70953495284994,70.08490996975895,4.500915513076904,0.0,0.0,0.0,0.0,0.0,0.0,Taylor Ward,0.5,1.0,0.23805006993812583,,,HIT,0.5708846326253108,4.590644483318409,12.559499570647011,5.348436470323419,4.590644483318409,0.0
27676,1.6649955105406122,1.3564860843126831,2.1796484486446586,0.21918995329328053,-0.07462880715919734,0.0,0.0,0.0,0.0,0.0,5.345691189632038,539.0,483.9484622084177,121.50892453152304,18.775395186537345,56.283858277773454,73.71618532830527,3.7489078234469058,0.0,0.0,0.0,0.0,0.0,0.0,Vinnie Pasquantino,0.5,1.1131725417439704,0.25107823253955064,,,HIT,0.5681393519339295,4.573377725016757,12.534318728675297,5.9511366300646396,8.381396379578142,3.808018654561385
20352,1.9642082159041392,0.7567325961371435,1.6890465035801303,0.3573315075423884,0.5404046970559903,0.0,0.0,0.0,0.0,0.0,5.307723520219792,555.0,513.0171130952381,139.5115799736968,10.47408720761647,66.39850747470842,57.12392067787873,6.111607142857143,0.0,0.0,0.0,0.0,0.0,0.0,Ernie Clement,0.5,1.0810810810810811,0.27194332589017833,,,HIT,0.5301716825216838,4.334575706310091,12.186063671731382,5.734836945374751,7.020954663002805,2.686378956692714
31680,2.0590865703209285,1.0475393173943992,2.116244339078576,0.3557434646756501,-0.29703880965192014,0.0,0.0,0.0,0.0,0.0,5.281574881817633,602.0,536.9777971664797,131.10125054283282,14.49920119709961,69.60579531411469,71.57184453139564,6.084446106333181,0.0,0.0,0.0,0.0,0.0,0.0,Cole Young,0.5,1.0,0.2441465014654738,,,HIT,0.504023044119525,4.170110840977795,11.946217621217349,5.281574881817633,4.170110840977795,0.0
19627,1.5064399637637278,1.551936404176825,2.0592247263112506,0.24600309785453914,-0.08321475380138642,0.0,0.0,0.0,0.0,0.0,5.280389438304956,427.06181015452535,383.7762070214594,95.95863887481127,21.480662153314796,50.92401324068537,69.64342880696172,4.207505518763796,0.0,0.0,0.0,0.0,0.0,0.0,Brent Rooker,0.4481236203090508,1.4049488522115798,0.2500380094419079,,,HIT,0.5028376006068482,4.162654857814429,11.935344246464513,7.4205681104497625,17.62355449197242,13.460899634157991
31781,2.009915123444903,1.043903182484979,1.5719309335047091,0.7707297680850164,-0.13597255064689795,0.0,0.0,0.0,0.0,0.0,5.26050645687271,506.5,451.932999932433,112.33771361440509,14.44887272660113,67.94359338638417,53.163046586518625,13.182150066300116,0.0,0.0,0.0,0.0,0.0,0.0,Jackson Holliday,0.5,1.1846001974333662,0.24857161046261356,,,HIT,0.4829546191746017,4.037598561828133,11.752969374946366,6.233129145554542,10.155020702630214,6.117422140802081
19950,1.679485991533806,0.7999403690463243,1.8016345711862656,1.1366642718095261,-0.15894009964979722,0.0,0.0,0.0,0.0,0.0,5.258785103926124,528.5,477.38773921301606,118.39455243083862,11.072134633890718,56.77369754366605,60.9316736494969,19.44089825831422,0.0,0.0,0.0,0.0,0.0,0.0,Andrés Giménez,0.5,1.1352885525070955,0.24800501291887928,,,HIT,0.4812332662280161,4.026771914711924,11.73718041877092,5.97159481094841,8.51007045859693,4.483298543885006
31394,1.6565983826146962,1.1559691358488873,1.774086740059018,0.5262091447811943,0.14066104077242347,0.0,0.0,0.0,0.0,0.0,5.25352444407622,470.0,428.0,111.0,16.0,56.0,59.99999999999999,9.0,0.0,0.0,0.0,0.0,0.0,0.0,Brooks Baldwin,0.0,1.2765957446808511,0.25934579439252337,,,HIT,0.4759726063781118,3.993684390211906,11.688927486106055,6.703549967777114,13.113786508575823,9.120102118363917
20039,0.0,0.0,0.0,0.0,0.0,2.6908597371195624,0.37449664498196605,1.5125047304655466,0.4789423492062156,0.1836724296697995,5.240475891443091,0.0,0.0,61.32532135144761,0.0,0.0,0.0,0.0,73.05,9.875390340819822,2.461777642890519,79.49492038030945,26.224017585350083,21.961474886693637,Adrian Morejon,0.5,1.0,,3.2308851234517557,1.1401341031915297,PIT,0.4629240537449828,3.9116140193350892,11.569240802392454,5.240475891443091,3.9116140193350892,0.0
11477,1.9722178448656402,0.9914704398409904,1.8060755241510658,0.7897759489791832,-0.34713525592463684,0.0,0.0,0.0,0.0,0.0,5.212404501912243,502.0,446.0756762763525,107.235021660979,13.723140649258294,66.66926665602315,61.081867646143955,13.50790576581153,0.0,0.0,0.0,0.0,0.0,0.0,Christian Yelich,0.5,1.1952191235059761,0.24039647836468186,,,HIT,0.4348526642141346,3.7350557898824905,11.311758488863688,6.234434638381268,10.163231749746233,6.428175959863742
18564,2.1310544175141373,1.5907845810504317,1.9699668860546988,0.4356848127840351,-0.9331474712778316,0.0,0.0,0.0,0.0,0.0,5.19434322612547,534.5,466.02718965178735,102.21560996772007,22.01836753895319,72.03861155075656,66.62470920635474,7.45172020278514,0.0,0.0,0.0,0.0,0.0,0.0,Trent Grisham,0.5,1.1225444340505144,0.2193340050482783,,,HIT,0.4167913884273622,3.6214573208411442,11.146093049689444,5.838522669013454,7.673097933824626,4.051640612983482
25714,1.8340910664662708,1.1559691358488873,1.921927301730603,0.11693536550693207,0.16071562352390073,0.0,0.0,0.0,0.0,0.0,5.189638493076594,521.0,466.0,120.99999999999999,16.0,62.0,65.0,2.0,0.0,0.0,0.0,0.0,0.0,0.0,Blaine Crim,0.0,1.1516314779270633,0.259656652360515,,,HIT,0.4120866553784861,3.5918663618241755,11.102939305959422,5.974677069655317,8.52945667884115,4.937590317016975
28824,1.668412999205314,1.6596378942032501,2.0984669421976627,0.026496695996865157,-0.2773797071883905,0.0,0.0,0.0,0.0,0.0,5.1756348244147015,469.5,425.65189748622055,103.25992001718399,22.971380016778642,56.39938378306897,70.97060909641385,0.4531853281853282,0.0,0.0,0.0,0.0,0.0,0.0,Samuel Basallo,0.5,1.2779552715654952,0.2425924109043277,,,HIT,0.39808298671659337,3.5037886789553747,10.974491905769558,6.619350762893262,12.584205936182961,9.080417257227587
27490,1.9478186407308826,0.6784780614548859,1.7646845001976814,0.25591660864910426,0.5238977383053451,0.0,0.0,0.0,0.0,0.0,5.1707955493379,556.5,506.9701965841207,137.68457261614296,9.39095054238305,65.84447082989792,59.68201419978967,4.377060909497619,0.0,0.0,0.0,0.0,0.0,0.0,Nick Gonzales,0.5,1.0781671159029649,0.27158316907746904,,,HIT,0.39324371163979155,3.4733515023968264,10.930104087303794,5.5719878729108325,5.996696712728168,2.5233452103313416
23690,1.924900816694835,0.7876882240649534,1.8287676492089708,0.8979562844379421,-0.27537408456249174,0.0,0.0,0.0,0.0,0.0,5.16393888984421,588.0,528.2548559528747,129.26863172864907,10.902550244807548,65.06975188806663,61.84932025865207,15.358164410658299,0.0,0.0,0.0,0.0,0.0,0.0,Brayan Rocchio,0.5,1.0204081632653061,0.244708837546741,,,HIT,0.3863870521461017,3.4302257547798485,10.867211990438618,5.269695144266532,4.0953918668394085,0.66516611205956
15194,1.7046002621607597,1.4896200669524835,1.7996855299227887,0.6068788833353714,-0.4373586246689854,0.0,0.0,0.0,0.0,0.0,5.163426117702417,436.0,384.1013395131181,90.0226432418529,20.618129266692982,57.62266562782512,60.865756649404375,10.37973209737639,0.0,0.0,0.0,0.0,0.0,0.0,Jake Bauers,0.5,1.3761467889908257,0.23437211480690082,,,HIT,0.3858742800043089,3.427000615483909,10.86250863376164,7.116503069876199,15.71110248659145,12.284101871107541
19918,1.921252269770884,1.3843816445337151,1.9574787121287558,0.54125474176446,-0.6469166533478831,0.0,0.0,0.0,0.0,0.0,5.157450714849932,497.5,451.9390085399045,103.57801911241245,19.161503214593605,64.94641564079905,66.20235644386712,9.257331850258316,0.0,0.0,0.0,0.0,0.0,0.0,Daulton Varsho,0.5,1.2060301507537687,0.22918583515737148,,,HIT,0.3798988771518239,3.3894176327554844,10.807699784736428,6.2292284696434015,10.13048695335562,6.741069320600135
17338,1.974385281936492,0.975531669132966,1.5140795952894925,0.6511807828931342,0.041725912693078314,0.0,0.0,0.0,0.0,0.0,5.156903241945163,500.5,448.6715848234,114.55675519682217,13.50252893617729,66.74253515443623,51.206501726261386,11.137448111957736,0.0,0.0,0.0,0.0,0.0,0.0,Willi Castro,0.5,1.1988011988011988,0.2553242930280785,,,HIT,0.37935140424705516,3.38597423902419,10.80267813841004,6.181292533504433,9.82898837586096,6.443014136836771
13419,1.9059523058591494,1.7416970817103479,2.2002283065847332,0.12697227442999978,-0.8183394046815996,0.0,0.0,0.0,0.0,0.0,5.156510563902631,574.5,515.9952667814114,116.77644560748448,24.107177642681,64.42921244414687,74.41220060677097,2.1716659263783242,0.0,0.0,0.0,0.0,0.0,0.0,Christian Walker,0.5,1.0443864229765014,0.2263130170474101,,,HIT,0.3789587262045231,3.3835044453626333,10.799076334133412,5.387879984117749,4.838728994819455,1.4552245494568217
33703,0.0,0.0,0.0,0.0,0.0,3.035418680583413,0.0,3.1941828499276106,-0.6104245636877709,-0.465870348516342,5.153306618306911,0.0,0.0,136.24616322849596,0.0,0.0,0.0,0.0,159.1,11.139913353739244,0.0,167.8813336715904,68.01140997635689,58.08300401794561,Nolan McLean,0.5,1.0,,3.8472827767895157,1.2214278268161003,PIT,0.3757547806088031,3.3633528614511516,10.76968842928817,5.153306618306911,3.3633528614511516,0.0
17969,0.0,0.0,0.0,0.0,0.0,2.179850836677855,0.0,2.625647674161906,0.4533017013510522,-0.1138564054521167,5.144943806738698,0.0,0.0,113.0,0.0,0.0,0.0,0.0,142.2,8.0,0.0,138.0,54.0,56.0,Peter Lambert,1.0,1.0548523206751055,,3.417721518987342,1.188466947960619,PIT,0.36739196904058957,3.310753997326278,10.692981287027811,5.4252269297952855,5.073626900284451,1.7628729029581733
20437,1.55319375131439,1.2239287983518348,1.826078594580056,0.6907960672839062,-0.17594148702234721,0.0,0.0,0.0,0.0,0.0,5.11805572450784,455.0,414.0719808910664,102.05918280525975,16.940643280452864,52.504488104305985,61.75837584534254,11.815006765304975,0.0,0.0,0.0,0.0,0.0,0.0,Royce Lewis,0.5,1.3186813186813187,0.24647691105694342,,,HIT,0.3405038868097323,3.141638315081937,10.446352754031794,6.7526880386953625,13.42284605087273,10.281207735790794
27789,1.705073960014174,1.4899273271196154,1.9393569068975869,0.5378685540159002,-0.5671388860840192,0.0,0.0,0.0,0.0,0.0,5.105087861963257,460.13138686131384,419.9750983810508,96.87515901984425,20.62238211611746,57.63867860964956,65.58947304345685,9.199416304625391,0.0,0.0,0.0,0.0,0.0,0.0,Shay Whitcomb,0.08759124087591241,1.3039753799295664,0.23066881677815027,,,HIT,0.3275360242651493,3.060075453787159,10.327406192949274,6.668802843384895,12.895240477766848,9.83516502397969
25979,1.802086699333551,0.24130011652720165,1.2056690417450235,2.51911225944164,-0.6672877639829977,0.0,0.0,0.0,0.0,0.0,5.100880353064419,488.0,431.9325080936964,98.18162692441629,3.3398831722267763,60.91811764502418,40.77598962398811,43.08554984235807,0.0,0.0,0.0,0.0,0.0,0.0,Nasim Nuñez,0.5,1.2295081967213115,0.2273077971318574,,,HIT,0.3233285153663106,3.0336118431857435,10.28881319333038,6.281879953167575,10.461644507877997,7.428032664692253
22274,1.7647322859089951,0.5152587244949965,1.2772618657918051,1.3015800734247374,0.2360110726794301,0.0,0.0,0.0,0.0,0.0,5.094844022299965,423.5185185185186,375.04297350290244,99.16252300882084,7.1317990560931825,59.655381200434974,43.19727452839137,22.26152999620253,0.0,0.0,0.0,0.0,0.0,0.0,Samad Taylor,0.38271604938271603,1.4167031045037164,0.26440309515105054,,,HIT,0.3172921846018566,2.99564564735525,10.233445488473857,7.210607516383495,16.302983214144554,13.307337566789304
27496,1.6951706210937716,1.2258828186878679,1.9407843967923555,0.3000571297228609,-0.07510462626954631,0.0,0.0,0.0,0.0,0.0,5.086790340027309,464.5,414.2935183863755,103.83582861649482,16.967689266722708,57.303904058761006,65.63775106264957,5.132016792731078,0.0,0.0,0.0,0.0,0.0,0.0,Owen Caissie,0.5,1.2917115177610334,0.25063348570096666,,,HIT,0.309238502329201,2.9449910874492913,10.159573807069908,6.5718514116348326,12.28545330945177,9.340462222002479
26438,1.7382275229845572,1.4246552541831505,1.8352469387844264,0.17966310339085054,-0.10378513082658727,0.0,0.0,0.0,0.0,0.0,5.074007688516397,473.0,431.55880980582174,107.72393623745094,19.71893830036496,58.759408622322326,62.068451243484525,3.0728617063278416,0.0,0.0,0.0,0.0,0.0,0.0,Dominic Canzone,0.5,1.2684989429175475,0.24961588963024745,,,HIT,0.2964558508182886,2.8645931322288654,10.042326077653279,6.438041940374703,11.443843267180267,8.579250134951401
17586,0.0,0.0,0.0,0.0,0.0,1.3352201611008634,1.9611885784716983,1.3573932354136682,0.21071501732151976,0.1936493665990745,5.058166358906824,0.0,0.0,48.70901684396294,0.0,0.0,0.0,0.0,61.331147540983615,4.900225790259193,12.891998528334904,71.34249896908881,23.252175857474572,20.677928932212698,Tanner Scott,0.47839046199701946,1.939187314135455,,3.4121256670997377,1.131349217456087,PIT,0.2806145212087161,2.7649572697088582,9.897022896534933,9.776876570335245,32.44382725632497,29.678869986616114
31595,1.730289401566736,1.17910810593636,2.0001726911041304,0.3703502170692118,-0.2246484443753095,0.0,0.0,0.0,0.0,0.0,5.055271971301129,563.5,516.2119056001726,127.0970403410123,16.320271112712444,58.49106669704751,67.6462761128892,6.334272193252896,0.0,0.0,0.0,0.0,0.0,0.0,Brooks Lee,0.5,1.064773735581189,0.2462109822772166,,,HIT,0.2777201336030206,2.74675268633939,9.870474384707812,5.383683124294308,4.812332362801178,2.065579676461788
26151,1.6529368110906608,1.4556441383550436,1.9793575028166888,0.11910276647698101,-0.18810328897077477,0.0,0.0,0.0,0.0,0.0,5.018937929768599,476.5,425.3000981127083,104.69633936465341,20.14786164388155,55.87622346641294,66.94230191081328,2.037070067907223,0.0,0.0,0.0,0.0,0.0,0.0,Kyle Stowers,0.5,1.2591815320041972,0.24617050367316856,,,HIT,0.2413860920704911,2.5182255578625132,9.537203633597855,6.322845797444658,10.719303891844163,8.20107833398165
33644,1.9524195223673204,0.8669768518866654,2.010631638733554,0.40927377927426223,-0.22337217179205943,0.0,0.0,0.0,0.0,0.0,5.015929620469743,565.0,496.0,122.0,12.0,66.0,68.0,7.0,0.0,0.0,0.0,0.0,0.0,0.0,Kristian Campbell,0.0,1.0619469026548674,0.24596774193548387,,,HIT,0.2383777827716349,2.499304450915949,9.509610185214106,5.327527071513781,4.459132417316435,1.959827966400486
33189,1.9465089085426845,0.8488958536679042,1.7325100258150885,0.23326802045188283,0.2538129287847517,0.0,0.0,0.0,0.0,0.0,5.014995737262312,576.0,506.0553942978053,132.7872500173537,11.749737287503153,65.80019636765721,58.59386646757035,3.9896915606434638,0.0,0.0,0.0,0.0,0.0,0.0,Nolan Schanuel,0.5,1.0416666666666667,0.2623966694428922,,,HIT,0.2374438995642043,2.493430685193085,9.501044224895303,5.223180680273407,3.8028338017127097,1.3094031165196247
5417,1.9410834929272316,1.1384320769103995,1.6064815089573803,0.39065554243332556,-0.07175091173275125,0.0,0.0,0.0,0.0,0.0,5.004901709495586,530.0,479.9304173174035,120.53944946310706,15.757266059867812,65.61679447758303,54.331554574516616,6.681563626876714,0.0,0.0,0.0,0.0,0.0,0.0,Jose Altuve,0.5,1.1320754716981132,0.25116026222482146,,,HIT,0.227349871797478,2.42994313789586,9.408457656662044,5.666442037107821,6.590777029868115,4.160833891972255
23793,0.0,0.0,0.0,0.0,0.0,2.5479239366182855,0.0,2.6741109620798538,0.014553834632006012,-0.23207838382860457,5.00451034950154,0.0,0.0,133.74570318564952,0.0,0.0,0.0,0.0,142.05,9.35081940010678,0.0,140.54715581168426,56.9001497697884,36.88173648013442,Braxton Ashcraft,0.5,1.0559662090813093,,3.6050781269137318,1.2011787375275178,PIT,0.2269585118034323,2.4274816342516825,9.404867942067447,5.285922676740889,4.197456796646628,1.7699751623949451
10155,2.035435348062283,1.5610531522505402,1.75123772704647,0.3439817502520059,-0.6888896984994325,0.0,0.0,0.0,0.0,0.0,5.0028182791118665,511.5,441.67619047619047,100.26977672049573,21.606848886728162,68.80628442458112,59.22724140269078,5.883280028429282,0.0,0.0,0.0,0.0,0.0,0.0,Mike Trout,0.5,1.1730205278592376,0.2270210142239963,,,HIT,0.2252664414137584,2.416839163141313,9.389347577530167,5.876248069361155,7.910376173416615,5.493537010275302
13145,1.7166667023929318,1.3292450990168776,2.0053936824403573,0.026176707637989696,-0.08633700577532069,0.0,0.0,0.0,0.0,0.0,4.991145185712835,548.0,487.49962188732246,122.20782386122502,18.39834726093437,58.03056211021521,67.82285117717448,0.4477124183006536,0.0,0.0,0.0,0.0,0.0,0.0,Josh Bell,0.5,1.094890510948905,0.25068291004638227,,,HIT,0.21359334801472674,2.3434199011378056,9.282277170804589,5.465215913744054,5.325142208988504,2.9817223078506987
31580,2.20965523786348,0.7086044048983107,1.5488326690252254,0.5156952738306012,0.0003105544655019631,0.0,0.0,0.0,0.0,0.0,4.983098140083119,600.0,527.6530942987113,133.89049380404452,9.80793528717109,74.69565020644802,52.38185825030294,8.820176369996982,0.0,0.0,0.0,0.0,0.0,0.0,Chase Meidroth,0.5,1.0,0.25374719726034123,,,HIT,0.20554630238501126,2.2928070831600733,9.208466363415317,4.983098140083119,2.2928070831600733,0.0
23401,1.451037805805746,0.7086163768145669,1.2870759816419433,2.116879612897931,-0.5928350986243709,0.0,0.0,0.0,0.0,0.0,4.970774678535816,411.0,362.81100857346985,82.00589062551846,9.808100992858343,49.05118704563011,43.52919006426235,36.20597761371755,0.0,0.0,0.0,0.0,0.0,0.0,José Caballero,0.5,1.4598540145985401,0.22602922372161738,,,HIT,0.19322284083770747,2.2152972559700763,9.095430512931477,7.27484444797908,16.707008775313188,14.491711519343111
31793,1.9524195223673204,0.2889922839622218,1.5079737290501656,0.9354829240554565,0.2847501462476561,0.0,0.0,0.0,0.0,0.0,4.969618605682821,544.0,493.0,130.0,4.0,66.0,51.0,16.0,0.0,0.0,0.0,0.0,0.0,0.0,Rhylan Thomas,0.0,1.1029411764705883,0.26369168356997974,,,HIT,0.19206676798471278,2.208026002945047,9.084826537931603,5.479009795162067,5.411900410885391,3.2038744079403436
16997,1.9834925173837625,1.0112019502678424,1.6971008681448565,0.18663124812348597,0.09012687986953154,0.0,0.0,0.0,0.0,0.0,4.96855346378948,529.0,465.381787909836,119.63035929066898,13.996248431325325,67.05039805615063,57.39632104194858,3.192041129976581,0.0,0.0,0.0,0.0,0.0,0.0,Gleyber Torres,0.5,1.1342155009451795,0.2570585321526299,,,HIT,0.1910016260913716,2.2013266706374157,9.07505661903847,5.634424719950585,6.3894004352791,4.188073764641684
27493,1.5912967851065039,1.2760962535691345,1.9100886684856118,0.526122378855581,-0.34186551085354944,0.0,0.0,0.0,0.0,0.0,4.961738575163282,417.48684210526324,384.30585263828084,91.69722959832201,17.66270346146613,53.792531069185934,64.5996148448323,8.998516001977038,0.0,0.0,0.0,0.0,0.0,0.0,Rece Hinds,0.17763157894736842,1.4371710422641744,0.23860482209369305,,,HIT,0.18418673746517378,2.1584636456904,9.012547661724975,7.141062054834472,15.865569043960143,13.707105398269743
31532,1.5950293841524161,1.2716618927057308,1.7461676222876048,0.726058389161676,-0.39168218982683606,0.0,0.0,0.0,0.0,0.0,4.947235098480592,389.4231625835189,352.56960976550914,82.82473195028012,17.601326585895524,53.91870863205496,59.05576935531964,12.418114674104036,0.0,0.0,0.0,0.0,0.0,0.0,Spencer Jones,0.44320712694877507,1.540740401827842,0.23491738838570378,,,HIT,0.16968326078248364,2.0672423628540515,8.879515817100192,7.6367110278581505,18.98301020272046,16.915767839866408
30028,1.804508952491008,1.3727133488205536,2.010631638733554,0.11693536550693207,-0.37244069323988876,0.0,0.0,0.0,0.0,0.0,4.932348612312159,473.0,435.0,104.0,19.0,60.99999999999999,68.0,2.0,0.0,0.0,0.0,0.0,0.0,0.0,Bob Seymour,0.0,1.2684989429175475,0.23908045977011494,,,HIT,0.15479677461405128,1.9736120978548537,8.742970852172476,6.263522021750057,10.346180189165617,8.372568091310763
17998,0.0,0.0,0.0,0.0,0.0,1.3218327222664314,2.5561980535303475,1.1571627776805058,0.10897114117244441,-0.21333711026213903,4.930827584387591,0.0,0.0,45.65430359541115,0.0,0.0,0.0,0.0,54.180422420796106,4.85109421259644,16.803331360376546,60.818694332582744,21.032258634064693,21.162870347774675,Pete Fairbanks,0.4313566206336312,1.4878002143641458,,3.493703431037238,1.2332346437657036,PIT,0.15327574668948252,1.9640454179790783,8.729019359371257,7.33950658830654,17.1137087356513,15.149663317672223
26599,1.6623785379967655,0.8740461735303818,1.5899487080485546,1.3329094825778784,-0.5299289734675439,0.0,0.0,0.0,0.0,0.0,4.929353928686036,436.1475409836066,391.87279060633,90.41239616262676,12.09784789471598,56.19539358772341,53.7724116464225,22.797371467554218,0.0,0.0,0.0,0.0,0.0,0.0,Jonatan Clase,0.18032786885245902,1.3756812629205035,0.23071873916720545,,,HIT,0.1518020909879283,1.9547766911423388,8.715502384055018,6.794720921773683,13.687216697966669,11.73244000682433
28312,1.761961320195269,1.472207867076107,1.9770648198459493,0.2038280504922167,-0.49232020391217135,0.0,0.0,0.0,0.0,0.0,4.92274185369737,476.5,428.8122199356799,100.38554129250744,20.377123525810948,59.561710892895654,66.8647628733253,3.4861660475185077,0.0,0.0,0.0,0.0,0.0,0.0,Coby Mayo,0.5,1.2591815320041972,0.23410140062604762,,,HIT,0.14519001599926185,1.9131892858689423,8.654853716719309,6.207270982683003,9.992382816519205,8.079193530650263
15816,0.0,0.0,0.0,0.0,0.0,1.4921441576110168,2.0603568243148063,1.3210103261110755,0.1534242206678916,-0.11525892066394901,4.911676608040841,0.0,0.0,39.69075080831011,0.0,0.0,0.0,0.0,52.52530120481928,5.4761330729769755,13.543887333675178,69.43026926166607,20.087778408742327,23.774818726460367,Devin Williams,0.39759036144578314,1.8458511492369427,,3.4419603796977976,1.2082856847843724,PIT,0.13412477034273262,1.8435931520748547,8.553358739127397,9.064578155552471,27.96374454372049,26.120151391645635
12161,1.7590526656765042,0.7508402595526698,1.5657583339025998,0.9473813336278248,-0.13873030290402563,0.0,0.0,0.0,0.0,0.0,4.884302289855573,553.5,497.73179788786814,123.89870816956653,10.392530198499314,59.463386124043865,52.95428792339134,16.203504038676186,0.0,0.0,0.0,0.0,0.0,0.0,Xander Bogaerts,0.5,1.084010840108401,0.2489266482377305,,,HIT,0.10675045215746515,1.6714192329337432,8.302270250263332,5.295355968051586,4.256788566094555,2.5853693331608114
26323,1.8148521214064468,1.2928913225937055,1.834944585611828,0.3411930188403247,-0.4107233259031994,0.0,0.0,0.0,0.0,0.0,4.873157722549106,500.5,448.16198720139295,106.67303318362107,17.895167370803815,61.34964265650818,62.05822559332534,5.835583056694656,0.0,0.0,0.0,0.0,0.0,0.0,Spencer Steer,0.5,1.1988011988011988,0.23802338491435876,,,HIT,0.09560588485099775,1.6013241965094545,8.200047701921259,5.847414796657233,7.729025992217564,6.127701795708109
22664,1.572500993764816,0.7348632457224455,1.64571579704432,0.23029119128984796,0.67335837663352,0.0,0.0,0.0,0.0,0.0,4.85672960445495,447.5,400.61196985181397,113.1135787082084,10.171389154715422,53.15715418714818,55.658466744063674,3.9387774655084313,0.0,0.0,0.0,0.0,0.0,0.0,Gabriel Moreno,0.5,1.3407821229050279,0.2823519695381269,,,HIT,0.07917776675684163,1.497997660402114,8.04936225583179,6.495414325671597,11.804693475765786,10.306695815363673
33252,2.0104101282267246,0.6531859600744365,1.6428836505366327,0.37960306180514225,0.1699580305680582,0.0,0.0,0.0,0.0,0.0,4.856040831210994,517.5,464.94793067509414,120.89138172086045,9.040877508824057,67.96032663209593,55.5626829322442,6.49252790478752,0.0,0.0,0.0,0.0,0.0,0.0,Kyle Karros,0.5,1.1594202898550725,0.26001058128235743,,,HIT,0.0784889935128863,1.4936655419541318,8.043044544763179,5.628111497687616,6.349692698557854,4.856027156603723
18900,1.780821932303858,0.7320699204026543,1.5313803510200412,1.0092502449563612,-0.20209561312880228,0.0,0.0,0.0,0.0,0.0,4.851426835554112,487.0,442.90689905160826,108.91740376870175,10.132726180306646,60.1992789897653,51.79161705371059,17.261676834567755,0.0,0.0,0.0,0.0,0.0,0.0,Leody Taveras,0.5,1.2320328542094456,0.24591489543722483,,,HIT,0.07387499785600404,1.464645286188528,8.00072308165783,5.980168876209944,8.563998027095945,7.099352740907417
35108,1.886992310402427,1.0582388250108066,1.7434106062919197,0.5750759172411305,-0.42030464049165916,0.0,0.0,0.0,0.0,0.0,4.843413018454624,538.5,485.83805979202776,116.03440808594745,14.647295221891026,63.788284771683124,58.96252647378184,9.835791161178511,0.0,0.0,0.0,0.0,0.0,0.0,Cam Smith,0.5,1.1142061281337048,0.23883350788865365,,,HIT,0.06586118075651548,1.4142414628691373,7.927217059994556,5.399801381491014,4.913709993195454,3.4994685303263164
31792,1.9006098585753963,1.0253927330068147,1.9881216961473136,0.4309980326992525,-0.5227133542657392,0.0,0.0,0.0,0.0,0.0,4.822408966163039,478.2635379061372,422.39038919672504,98.24382836957459,14.192665893333789,64.24861523300028,67.23870883836858,7.371560020885255,0.0,0.0,0.0,0.0,0.0,0.0,Otto Kemp,0.09747292418772563,1.2545384551513825,0.23259011303833974,,,HIT,0.04485712846493062,1.2821340629181393,7.734559266137459,6.058768304632081,9.058358162099193,7.776224099181054
23733,1.6864300908385133,0.897151108358862,1.6157517740727714,0.6804279093458289,-0.060544167969678146,0.0,0.0,0.0,0.0,0.0,4.819216714646297,482.0,442.6665951934245,111.28077329749131,12.417647918601746,57.00843733645146,54.64507696007086,11.637675332797285,0.0,0.0,0.0,0.0,0.0,0.0,Ezequiel Duran,0.5,1.2448132780082988,0.2513873296648166,,,HIT,0.041664876948188656,1.2620560302598713,7.705278624187292,5.999801246474787,8.687478075353244,7.425422045093373
31500,1.813318719301648,0.8300156898501024,1.7079273900341083,0.4081059017469227,0.051689121396079084,0.0,0.0,0.0,0.0,0.0,4.811056822328861,454.5671641791045,401.4421920249499,102.73638554685421,11.488413164119017,61.29780720938357,57.76247637059587,6.98002524689983,0.0,0.0,0.0,0.0,0.0,0.0,Ryan Ritter,0.06716417910447761,1.3199369582348306,0.2559182556986164,,,HIT,0.03350498463075269,1.210733450075262,7.630432740632787,6.348782289090747,10.882434435781551,9.67170098570629
20348,0.0,0.0,0.0,0.0,0.0,0.6441948483888814,3.845385249490755,1.1464524478631548,-0.25560471293792725,-0.5795001581507049,4.800927674654158,0.0,0.0,49.59240100067932,0.0,0.0,0.0,0.0,58.72810650887574,2.3641795577926783,25.27788582980011,60.25577588417889,25.16994299563223,27.83998046226696,Riley O'Brien,0.48224852071005925,1.0,,3.857258481957937,1.3184893242087365,PIT,0.023375836956049945,1.147025012082047,7.537524038180031,4.800927674654158,1.147025012082047,0.0
27449,1.7999495998851522,1.4361675424511067,1.9512502390887392,0.2655738707835299,-0.6547918353832426,0.0,0.0,0.0,0.0,0.0,4.798149416825285,457.8571428571429,419.4428247489472,95.24418015143026,19.878282184708407,60.845874685978536,65.99170812889884,4.542233560090704,0.0,0.0,0.0,0.0,0.0,0.0,Ryan Ward,0.20634920634920634,1.3104524180967239,0.22707309442815618,,,HIT,0.020597579127176857,1.129550840285542,7.51204071635973,6.301876337941773,10.587414067211908,9.457863226926365
25183,1.982001636342583,0.4334884259433327,1.2122926057069958,1.1693536550693207,-0.004274182504395894,0.0,0.0,0.0,0.0,0.0,4.792862140557836,471.0,422.0,107.0,6.0,67.0,41.0,20.0,0.0,0.0,0.0,0.0,0.0,0.0,Drew Avans,0.0,1.2738853503184713,0.25355450236966826,,,HIT,0.015310302859727898,1.0962959087695343,7.4635436469819405,6.105321931456655,9.351162546353535,8.254866637584001
33270,1.8915886211515984,0.3676234641827158,1.2972218577439811,1.8798924140123283,-0.6518531932740828,0.0,0.0,0.0,0.0,0.0,4.78447316381654,467.46938775510205,421.3819308580425,95.78360454780771,5.088349891456244,63.94365942655109,43.872325804120266,32.15267521271631,0.0,0.0,0.0,0.0,0.0,0.0,Jonah Cox,0.14965986394557823,1.2835065048458918,0.2273082862209292,,,HIT,0.006921326118431992,1.0435324757825573,7.386596507008189,6.153549734755779,9.654496855883322,8.610964380100764
33541,1.7716383077018094,0.9650349490205267,1.4454901166773566,0.9583090074132957,-0.3620106976522269,0.0,0.0,0.0,0.0,0.0,4.778461683160761,446.0,403.051951648064,96.09687509274039,13.35724173378525,59.88883381300314,48.886790618679775,16.390405131225865,0.0,0.0,0.0,0.0,0.0,0.0,Dylan Crews,0.5,1.345291479820628,0.23842304869087955,,,HIT,0.0009098454626528252,1.0057225775654937,7.331456737554223,6.436821636934646,11.43616802849874,10.430445450933245
27781,1.715762610565221,1.0837210648583318,1.8627910770619691,0.8185475585485243,-0.7032704733359381,0.0,0.0,0.0,0.0,0.0,4.777551837698108,444.0,394.0,88.0,15.0,58.0,63.0,13.999999999999998,0.0,0.0,0.0,0.0,0.0,0.0,Pedro León,0.0,1.3513513513513513,0.2233502538071066,,,HIT,0.0,1.0,7.323111261302681,6.472841720951287,11.662720485110242,10.662720485110242
20572,1.7210860204358958,1.435876819137696,1.81328188185959,0.39008607279164326,-0.5937443675561814,0.0,0.0,0.0,0.0,0.0,4.766586426668644,465.5,423.9413970932958,97.4221110933511,19.87425822518361,58.179953666432574,61.325588233614816,6.671823722456634,0.0,0.0,0.0,0.0,0.0,0.0,Kody Clemens,0.5,1.288936627282492,0.22980089173011725,,,HIT,-0.010965411029464356,0.9310317875623977,7.222532007911692,6.155654433368455,9.667734599607304,8.736702812044905
29931,1.820154345941925,0.47829074395647,1.369220506498381,1.2315918780349848,-0.15490579989012526,0.0,0.0,0.0,0.0,0.0,4.744351674541636,491.5,441.39129241640984,109.34151874591709,6.620117843962838,61.52888016941588,46.307335788536406,21.064489304768532,0.0,0.0,0.0,0.0,0.0,0.0,Jacob Young,0.5,1.2207527975584944,0.24772015357920557,,,HIT,-0.03320016315647223,0.7911837596068219,7.018585729723031,5.793817923105755,7.391922298506758,6.600738538899936
22201,0.0,0.0,0.0,0.0,0.0,2.883073228067162,0.0,3.4495377818363373,-0.9552979696918424,-0.6338555260742228,4.743457514137434,0.0,0.0,144.04975446062087,0.0,0.0,0.0,0.0,164.35,10.580809217060134,0.0,181.30239581567736,72.49794778665252,59.082986151622215,MacKenzie Gore,0.5,1.0,,3.9700731979304695,1.23597651726342,PIT,-0.03409432356067388,0.7855598350184443,7.010384123269362,4.743457514137434,0.7855598350184443,0.0
26546,1.7232697700756814,1.0053000449185698,1.6525540059800612,0.5745170536417777,-0.21722883408969387,0.0,0.0,0.0,0.0,0.0,4.738412040526396,447.55928411633107,406.25185109919505,99.37401662306343,13.91455897902086,58.253773598355345,55.88973645984478,9.826232656838442,0.0,0.0,0.0,0.0,0.0,0.0,Agustín Ramírez,0.4407158836689038,1.3406045216661087,0.2446118494086545,,,HIT,-0.03913979717171223,0.7538257490895733,6.964104967163076,6.357171579514555,10.935199841710725,10.181374092621152
19566,1.4861198122863815,1.2276327450877125,1.871423723224894,0.02488757115435147,0.10864226663627001,0.0,0.0,0.0,0.0,0.0,4.718706118389609,481.0,430.5572412563251,111.10228600717917,16.991910348003525,50.237106568148754,63.291957973688625,0.42566371681415927,0.0,0.0,0.0,0.0,0.0,0.0,Nathaniel Lowe,0.5,1.2474012474012475,0.2580430088296582,,,HIT,-0.0588457193084988,0.6298830878836362,6.7833541562200805,5.883958975077847,7.9588748007937475,7.328991712910112
29005,1.5582110739557031,1.4312748687540187,1.9554786151653138,0.047300882083434685,-0.2816383420000094,0.0,0.0,0.0,0.0,0.0,4.710627097958461,449.0,401.8215664644236,97.15472034760373,19.810561709545443,52.67409473368712,66.13471272888026,0.8090090090090091,0.0,0.0,0.0,0.0,0.0,0.0,Esmerlyn Valdez,0.5,1.3363028953229399,0.2417857289305192,,,HIT,-0.06692473973964752,0.5790691607188454,6.709250062820202,6.30104116704721,10.582161163921448,10.003092003202603
33704,1.782150420289752,1.018519739419953,1.80330244801504,0.24276354290119198,-0.14049867929840246,0.0,0.0,0.0,0.0,0.0,4.706237471327534,474.99999999999994,418.39860139860133,103.76052161262318,14.097535414517822,60.24418747693443,60.98808160716143,4.152097902097902,0.0,0.0,0.0,0.0,0.0,0.0,CJ Kayfus,0.09090909090909091,1.2631578947368423,0.24799442748082293,,,HIT,-0.07131436637057398,0.5514600997187599,6.668986604567936,5.946957089055729,8.355108676233538,7.803648576514778
9777,1.6050379500221192,1.0949719189205531,1.9531977563373397,0.19567012550885884,-0.14279710124616243,0.0,0.0,0.0,0.0,0.0,4.7060806495427085,516.5,469.5944614231346,116.69705040283802,15.155725321215733,54.257040296860005,66.05757358647627,3.3466372582939297,0.0,0.0,0.0,0.0,0.0,0.0,Nolan Arenado,0.5,1.1616650532429815,0.24850601953264206,,,HIT,-0.07147118815539955,0.5504737510865352,6.667548170751746,5.468336492890854,5.344769450041899,4.794295698955364
27963,1.7602176618769763,0.8423871549639307,1.558995138368625,1.1329498973057444,-0.5906283946538539,0.0,0.0,0.0,0.0,0.0,4.703921457861422,523.6850393700787,475.117600250238,110.3945189504771,11.659649087019234,59.50276790052699,52.72555517719823,19.37736958180683,0.0,0.0,0.0,0.0,0.0,0.0,Maximo Acosta,0.015748031496062992,1.1457268298550551,0.23235198799693763,,,HIT,-0.07363037983668619,0.5368932669470587,6.647743177883873,5.395320032762391,4.885524035524357,4.348630768577298
33390,1.5372285322311074,1.4548238537275238,1.963384354272229,0.05860216367696008,-0.311699620634163,0.0,0.0,0.0,0.0,0.0,4.702339283273658,501.0,451.12506738544477,109.12003766484432,20.136507920297333,51.96479648197523,66.4020865475917,1.0023000898472596,0.0,0.0,0.0,0.0,0.0,0.0,Bryce Eldridge,0.5,1.1976047904191616,0.24188422580297742,,,HIT,-0.07521255442444996,0.5269419981082473,6.633230822775261,5.635635783120759,6.397017556221627,5.870075558113379
24878,1.5951554013367537,1.376117185599235,1.8560635809881099,0.4396364481075635,-0.5661503312032852,0.0,0.0,0.0,0.0,0.0,4.7008222848283765,463.5,411.5498964249139,94.7646745712624,19.047113185611924,53.92296854344746,62.77247461732445,7.519306861558514,0.0,0.0,0.0,0.0,0.0,0.0,Heriberto Hernández,0.5,1.2944983818770226,0.2302629046792919,,,HIT,-0.0767295528697316,0.5174006621053773,6.619316290012947,6.096409017369106,9.295103749234443,8.777703087129066
24257,1.6861804965899587,1.5894575617922198,2.1289040880708217,0.05846768275346603,-0.7697152384774599,0.0,0.0,0.0,0.0,0.0,4.693294590729007,496.0,458.0,103.0,22.0,57.0,72.0,1.0,0.0,0.0,0.0,0.0,0.0,0.0,Jhonkensy Noel,0.0,1.2096774193548387,0.22489082969432314,,,HIT,-0.0842572469691012,0.47005436524376576,6.550269188154576,5.688718168424107,6.730885316988532,6.260830951744766
33357,1.6218433309979343,0.7888970247432047,1.5276690992089388,0.9733323965560629,-0.22969027234107617,0.0,0.0,0.0,0.0,0.0,4.682051579165064,424.8881578947369,386.7639110539344,94.22614898565855,10.919281496752106,54.825132928436915,51.66610170903317,16.647357150448425,0.0,0.0,0.0,0.0,0.0,0.0,Andrew Pinckney,0.17763157894736842,1.4121363207035906,0.2436270455764387,,,HIT,-0.09550025853304422,0.3993401523522567,6.447143668652469,6.617926069729591,12.575245164853326,12.175905012501069
29622,1.7352966479472953,0.5059971985916764,1.5183084540833722,0.6815538871447843,0.2304717238752348,0.0,0.0,0.0,0.0,0.0,4.671627911642363,479.5,434.28314225738734,114.13291797458541,7.003608423785076,58.66033270639175,51.34952265184721,11.656933455334878,0.0,0.0,0.0,0.0,0.0,0.0,Sal Frelick,0.5,1.251303441084463,0.26280761758636734,,,HIT,-0.10592392605574474,0.33377929793897143,6.3515335091963365,5.841249371958876,7.69024784525875,7.356468547319779
34967,1.976844363445986,0.8818215674702732,1.6437255435784621,0.7627350100255497,-0.5973646073240316,0.0,0.0,0.0,0.0,0.0,4.667761877196239,486.5,429.0208800305655,98.64247546909263,12.205468677295874,66.82566246276687,55.59115593830933,13.045411996943454,0.0,0.0,0.0,0.0,0.0,0.0,Travis Bazzana,0.5,1.2332990750256938,0.22992464949972802,,,HIT,-0.10978996050186929,0.30946343013839794,6.316072653499253,5.766063321623552,7.217356543880495,6.907893113742097
26202,1.3495933963171514,0.2757024367847619,1.1550196422444088,1.187793150379587,0.6949433321895447,0.0,0.0,0.0,0.0,0.0,4.663051957915454,433.0,400.184983974359,113.37217700275106,3.816052567283116,45.62193890016539,39.06301589986468,20.315379273504274,0.0,0.0,0.0,0.0,0.0,0.0,Jake Mangum,0.5,1.3856812933025404,0.2832994278716243,,,HIT,-0.11449987978265419,0.2798398517200156,6.272871339520209,6.441799185532225,11.467474892251854,11.187635040531838
29606,1.8045089524910083,1.0114729938677762,1.8036548523933351,0.2338707310138641,-0.19475395168247148,0.0,0.0,0.0,0.0,0.0,4.658753578083512,499.0,423.0,104.0,14.0,61.0,61.0,3.9999999999999996,0.0,0.0,0.0,0.0,0.0,0.0,Justyn-Henry Malloy,0.0,1.2024048096192386,0.2458628841607565,,,HIT,-0.11879825961459645,0.252804697945084,6.233444834382739,5.604086400950521,6.19858409249233,5.9457793945472455
12533,1.9480619974409088,1.1320625033319613,1.7266115924508212,0.49529049395646335,-0.6456010169269105,0.0,0.0,0.0,0.0,0.0,4.656425570253243,524.5,471.89797267318386,108.6366475179493,15.66910351807108,65.85269731128561,58.394380166328816,8.47118391958337,0.0,0.0,0.0,0.0,0.0,0.0,Marcus Semien,0.5,1.1439466158245948,0.23021215137363252,,,HIT,-0.12112626744486477,0.23816242524204334,6.212091390464622,5.333049117406779,4.493863959363987,4.255701534121943
7304,1.4567080196215307,1.530311045718939,2.141117418112336,0.0,-0.47804489525318417,0.0,0.0,0.0,0.0,0.0,4.650091588199622,570.0,524.2670640428273,124.75087264929743,21.181341241885715,49.242864145533325,72.41305748244669,0.0,0.0,0.0,0.0,0.0,0.0,0.0,Salvador Perez,0.5,1.0526315789473684,0.23795290836562366,,,HIT,-0.127460249498486,0.19832411743248646,6.153993505740254,4.896572387513382,1.7485934218100203,1.550269304377534
29591,1.6509664513679985,1.127778206020908,1.6488213684875817,0.7017524824812094,-0.4905910479805486,0.0,0.0,0.0,0.0,0.0,4.638727460377149,449.5,399.820756551394,93.08982150623895,15.609803702140859,55.809617012110515,55.763497846764714,12.002399435602888,0.0,0.0,0.0,0.0,0.0,0.0,Colton Cowser,0.5,1.3348164627363737,0.23282888639692956,,,HIT,-0.13882437732095898,0.12684812991843986,6.049757058173188,6.202852799595457,9.96459414640449,9.83774601648605
17277,0.0,0.0,0.0,0.0,0.0,2.894437560930509,0.0,2.603584744858723,0.07500672288075538,-0.9374675804120808,4.635561448257906,0.0,0.0,144.1109470431189,0.0,0.0,0.0,0.0,147.5,10.62251604459946,0.0,136.8404063980857,58.67833762624019,43.74400854314589,Ranger Suarez,0.5,1.0169491525423728,,3.5803731432960113,1.273592919228914,PIT,-0.1419903894402017,0.10693513296527202,6.020717094753247,4.715688910785975,0.6109060140268816,0.5039708810616096
27962,1.4797833775801543,0.823669252242752,1.5042569555629266,0.8167202366690619,0.010693790863351291,0.0,0.0,0.0,0.0,0.0,4.635123612918247,465.6281588447653,410.61495584939746,104.3661346772675,11.400570851925242,50.02290839720243,50.874297911032855,13.968746463115913,0.0,0.0,0.0,0.0,0.0,0.0,Adael Amador,0.09747292418772563,1.288581862163608,0.2541703198836873,,,HIT,-0.14242822477986117,0.10418131729550972,6.0167010892015345,5.972189904698262,8.513813369104325,8.409632051808815
31475,0.0,0.0,0.0,0.0,0.0,2.5101915029249335,0.0,2.0145421568307813,-0.3260913351771275,0.43186489469714984,4.630507219275737,0.0,0.0,81.84303211640254,0.0,0.0,0.0,0.0,97.4,9.212342278430484,0.0,105.88123470578977,41.203194835823915,26.359949378012356,Logan Henderson,0.5,1.5400410677618068,,3.807276730209602,1.110913567704465,PIT,-0.14704461842237126,0.0751459791238055,5.974357630787167,7.125527101145011,15.767860167987862,15.692714188864057
31986,0.0,0.0,0.0,0.0,0.0,2.3680231381224615,0.0,2.7339017611039966,-0.20485056867621243,-0.2788397713025164,4.618234559247729,0.0,0.0,133.3123590400821,0.0,0.0,0.0,0.0,148.25,8.690587808224109,0.0,143.68966817026467,60.87554701163088,45.33761026413266,Parker Messick,0.5,1.0118043844856661,,3.6956487224598846,1.2050588148682277,PIT,-0.1593172784503789,0.0,5.861787752702193,4.6733625789461835,0.3446896872346358,0.3446896872346358
27577,1.414985649619082,1.1796993015934807,1.5828949677541835,0.35632122425227203,0.0792525645249134,0.0,0.0,0.0,0.0,0.0,4.6131537077439315,421.5,383.01063344337655,98.52512646873696,16.32845397004019,47.83247237848995,53.533852613143104,6.09432779737023,0.0,0.0,0.0,0.0,0.0,0.0,Casey Schmitt,0.5,1.4234875444839858,0.25723861915521123,,,HIT,-0.16439812995417658,0.0,5.815184096034029,6.563903638270802,12.235464875794017,12.235464875794017
33322,1.543077285131634,0.9025265203348317,1.4909336088595981,0.7742999356214159,-0.10155096283944204,0.0,0.0,0.0,0.0,0.0,4.609286387108037,394.2779097387173,352.3276592060426,87.67337688556904,12.492050070829068,52.16250895463413,50.42369942328748,13.243212303903295,0.0,0.0,0.0,0.0,0.0,0.0,Matt Shaw,0.40617577197149646,1.5217692525498372,0.2488404602781904,,,HIT,-0.16826545059007092,0.0,5.779711442876146,7.017357052695205,15.087512221082273,15.087512221082273
25961,1.4607526933427935,1.4427208089248866,1.9000611376746883,0.025767007623723012,-0.2204433085689994,0.0,0.0,0.0,0.0,0.0,4.608858338997092,412.5,376.9621310062486,91.9007696359927,19.96898725660765,49.37959114633675,64.26048156849916,0.44070512820512825,0.0,0.0,0.0,0.0,0.0,0.0,Kerry Carpenter,0.5,1.4545454545454546,0.24379310831747536,,,HIT,-0.1686934987010158,0.0,5.77578520980576,6.710394351199586,13.15683504443253,13.15683504443253
23003,1.4673345584796285,1.1185544528459652,1.7438092879186509,0.022842035380803254,0.2536664031730515,0.0,0.0,0.0,0.0,0.0,4.606206737798098,461.0,429.6657443332653,113.35529983313907,15.482135889720668,49.60208589915729,58.97600997324313,0.3906779661016949,0.0,0.0,0.0,0.0,0.0,0.0,Yainer Diaz,0.5,1.3015184381778742,0.26382205546555354,,,HIT,-0.17134509990000968,0.0,5.751463634611831,5.989176223214952,8.62065077089838,8.62065077089838
26143,1.48419283496207,0.573959923464663,1.657929229952769,0.548134525813744,0.3359943329055071,0.0,0.0,0.0,0.0,0.0,4.6002108470987535,450.0,407.53205128205127,109.12913201600936,7.944294091114117,50.17196662156067,56.07152770549252,9.375,0.0,0.0,0.0,0.0,0.0,0.0,Troy Johnston,0.5,1.3333333333333333,0.26778048909944885,,,HIT,-0.1773409905993546,0.0,5.696466862640982,6.125331892772643,9.477017496906779,9.477017496906779
26299,1.6404404288095429,1.0048677701921342,1.669994181129439,0.14726547593529257,0.12869499507315443,0.0,0.0,0.0,0.0,0.0,4.591262851139565,496.0,458.703125,118.59604552319338,13.908575778078484,55.453793132611644,56.47956698240866,2.5187500000000003,0.0,0.0,0.0,0.0,0.0,0.0,Josh Jung,0.5,1.2096774193548387,0.2585464084710419,,,HIT,-0.18628898655854353,0.0,5.614392168814866,5.551764929938906,5.86950218958137,5.86950218958137
27531,1.5364574896950078,0.6168415132817978,1.16422570242579,1.8472136610402392,-0.5780663258546539,0.0,0.0,0.0,0.0,0.0,4.586672040588181,392.5,353.9851363571308,80.02787166061756,8.537826751975617,51.938731997985194,39.37436686056489,31.593755285790493,0.0,0.0,0.0,0.0,0.0,0.0,David Hamilton,0.5,1.5286624203821657,0.22607692651783698,,,HIT,-0.1908797971099272,0.0,5.572283369019132,7.032328478484395,15.181676723584562,15.181676723584562
26208,1.715762610565221,0.9392249228772208,1.6853824030560673,0.6431445102881264,-0.39998515156349873,0.0,0.0,0.0,0.0,0.0,4.583529295223137,467.0,425.0,101.0,13.0,58.0,57.0,11.0,0.0,0.0,0.0,0.0,0.0,0.0,Tyler Fitzgerald,0.0,1.284796573875803,0.2376470588235294,,,HIT,-0.19402254247497108,0.0,5.543456817824221,5.896642978141824,8.038652295273891,8.038652295273891
25705,1.5864174280538321,0.5769648582734275,1.3378582627920503,1.2304111992991493,-0.15374592914785243,0.0,0.0,0.0,0.0,0.0,4.577905819270606,426.17218543046357,382.01724374383474,94.31428706058787,7.985885994781101,53.62758825756835,45.24665787471736,21.044295606639363,0.0,0.0,0.0,0.0,0.0,0.0,Dustin Harris,0.17218543046357615,1.4078816509199403,0.246884894870953,,,HIT,-0.19964601842750174,0.0,5.491875986859662,6.449058046948049,11.513130335065304,11.513130335065304
22168,1.715762610565221,0.9392249228772208,1.6558142907217503,0.9939506068089226,-0.7343986348452068,0.0,0.0,0.0,0.0,0.0,4.570353796127908,462.0,408.0,91.0,13.0,58.0,56.0,17.0,0.0,0.0,0.0,0.0,0.0,0.0,Akil Baddoo,0.0,1.2987012987012987,0.22303921568627452,,,HIT,-0.20719804157019972,0.0,5.422605729024089,5.95028913535087,8.376065964210952,8.376065964210952
26123,1.691843815168801,1.1265666420448535,1.729997891763397,0.32224516889874655,-0.3051651665003869,0.0,0.0,0.0,0.0,0.0,4.565488351375412,473.0,427.5311069180141,103.26072930637079,15.593034202838753,57.191444011864,58.50890554672131,5.511509157247103,0.0,0.0,0.0,0.0,0.0,0.0,Brett Baty,0.5,1.2684989429175475,0.24152799091218569,,,HIT,-0.21206348632269645,0.0,5.377977871545122,5.796774185421514,7.4105160499736815,7.4105160499736815
17929,1.6971572426215842,1.0693301808742208,1.5795652747494007,1.1897998401422214,-0.9740900358884711,0.0,0.0,0.0,0.0,0.0,4.561762502498956,488.5,437.1470228952876,94.24655040324335,14.800812896637861,57.37106023054352,53.42124167041078,20.34970062280583,0.0,0.0,0.0,0.0,0.0,0.0,Cedric Mullins,0.5,1.2282497441146367,0.21559462942017743,,,HIT,-0.215789335199152,0.0,5.343802855466417,5.61822441769308,6.287506773049136,6.287506773049136
17901,1.6013297879666253,1.0763079056263285,1.7871344448943585,0.1776406398408608,-0.09573822690588614,0.0,0.0,0.0,0.0,0.0,4.546674551422287,476.5,430.96271165887646,107.71040182759647,14.897392980457953,54.13168880715258,60.441276219726646,3.0382705705970543,0.0,0.0,0.0,0.0,0.0,0.0,Andrew Benintendi,0.5,1.2591815320041972,0.249929747780252,,,HIT,-0.23087728627582127,0.0,5.205409971659919,5.726536730935423,6.968749510711561,6.968749510711561
13624,1.683417576751373,1.3695328586161237,1.6328386572474316,0.11759383438380935,-0.2662818340352566,0.0,0.0,0.0,0.0,0.0,4.537101092963482,441.0,390.85526805658975,94.63991051599513,18.95597819899101,56.90660167691545,55.22295907109183,2.0112620997766197,0.0,0.0,0.0,0.0,0.0,0.0,Corey Seager,0.5,1.3605442176870748,0.24213543541721624,,,HIT,-0.24045074473462602,0.0,5.117598278913618,6.179144768262325,9.815479759623432,9.815479759623432
26477,1.6985884893491903,0.8520732942262069,1.5872514052604974,0.08644428416375584,0.3119161763114033,0.0,0.0,0.0,0.0,0.0,4.536273649311053,484.5,429.23794738190827,114.24232909604994,11.79371687775018,57.41944239582092,53.68118827857406,1.4784968394977365,0.0,0.0,0.0,0.0,0.0,0.0,Spencer Horwitz,0.5,1.238390092879257,0.2661515129145944,,,HIT,-0.24127818838705473,0.0,5.110008625907382,5.612263331789191,6.25001383841372,6.25001383841372
26197,1.3742863296139003,1.0437905280817281,1.9787891881239956,0.0,0.1374028955568806,0.0,0.0,0.0,0.0,0.0,4.534268941376505,467.5,423.35464285714284,109.76399497750961,14.44731345447516,46.45666400863458,66.9230813841098,0.0,0.0,0.0,0.0,0.0,0.0,0.0,Andrew Vaughn,0.5,1.2834224598930482,0.25927197641375216,,,HIT,-0.24328289632160338,0.0,5.091620621410139,5.816309268475267,7.533384199139932,7.533384199139932
16442,1.5368707396620294,1.0458483812382668,1.600241993754125,0.11584554140628704,0.22702527982781956,0.0,0.0,0.0,0.0,0.0,4.525831935888528,438.5,393.08955049164973,103.59899481882421,14.475796611579902,51.95270158674978,54.12053281118228,1.9813602309973468,0.0,0.0,0.0,0.0,0.0,0.0,Ryan O'Hearn,0.5,1.3683010262257698,0.263550620181202,,,HIT,-0.25171990180958037,0.0,5.014232942046711,6.18643434192905,9.861328370667318,9.861328370667318
21501,1.7101737308187068,1.022066592511424,1.6329685241146938,0.17541889213603162,-0.03376512293782578,0.0,0.0,0.0,0.0,0.0,4.50686261664303,473.5,423.0477134649526,106.7621075418275,14.146628117517942,57.81107233407363,55.22735119683168,3.000270985181683,0.0,0.0,0.0,0.0,0.0,0.0,Trevor Larnach,0.5,1.2671594508975712,0.2523642230976677,,,HIT,-0.2706892210550782,0.0,4.840238555341018,5.711232739149528,6.872493296165953,6.872493296165953
14551,1.5382699267136464,1.5894575617922198,1.981063526399237,0.05846768275346603,-0.6630846325526429,0.0,0.0,0.0,0.0,0.0,4.504174065105927,476.0,423.0,96.0,22.0,52.0,67.0,1.0,0.0,0.0,0.0,0.0,0.0,0.0,Anthony Santander,0.0,1.2605042016806722,0.22695035460992907,,,HIT,-0.2733777725921813,0.0,4.8155780564706685,5.6891969016518775,6.733896364624145,6.733896364624145
26288,1.6425005532058063,1.0496301664898342,1.820047987138779,0.02583096036991753,-0.03970776256294249,0.0,0.0,0.0,0.0,0.0,4.498301904641394,501.0,444.16028097062576,112.01654901271881,14.528141057593718,55.52343401081211,61.55441938802491,0.44179894179894175,0.0,0.0,0.0,0.0,0.0,0.0,Adley Rutschman,0.5,1.1976047904191616,0.25219848287183283,,,HIT,-0.27924993305671375,0.0,4.761716189028787,5.38750170933018,4.8363497920847145,4.8363497920847145
31812,1.8044907694749928,0.8008744475004441,1.4522078917452623,0.3210005624572511,0.1159491055795918,0.0,0.0,0.0,0.0,0.0,4.494522776757542,430.16157205240177,372.11335479919137,96.38036798347731,11.085063400587368,60.99938533750391,49.11398723481644,5.490222073804042,0.0,0.0,0.0,0.0,0.0,0.0,Roman Anthony,0.45414847161572053,1.3948247332676864,0.2590080864888291,,,HIT,-0.28302906094056635,0.0,4.727052476012867,6.265520673852952,10.358750941183112,10.358750941183112
24336,1.6270162686394338,0.36124035495277723,1.2418607180413128,1.4032243860831848,-0.14620841598371756,0.0,0.0,0.0,0.0,0.0,4.4871333117329915,438.0,400.0,99.0,5.0,55.0,42.0,24.0,0.0,0.0,0.0,0.0,0.0,0.0,Johan Rojas,0.0,1.36986301369863,0.2475,,,HIT,-0.29041852596511664,0.0,4.659273267998592,6.150173896476094,9.63326413318805,9.63326413318805
28080,1.4637076559510471,0.9059823311483359,1.280066913927841,0.9035885485375015,-0.07608934469458206,0.0,0.0,0.0,0.0,0.0,4.477256104870143,368.35281837160755,331.66079449970346,82.86306634553785,12.53988263945164,49.479481323581176,43.29214186737873,15.454495645869182,0.0,0.0,0.0,0.0,0.0,0.0,Jasson Domínguez,0.4780793319415449,1.628873107724395,0.24984281446510234,,,HIT,-0.30029573282796473,0.0,4.568675470142752,7.295511219900874,16.836994811629726,16.836994811629726
29795,1.7401912113622715,0.4067426375955246,1.458528560031218,1.1447052180599706,-0.29076604262332284,0.0,0.0,0.0,0.0,0.0,4.459401584425661,488.7297297297297,449.5505017737685,109.08039537894746,5.629806194392312,58.82578955707758,49.32775361308536,19.578426305805856,0.0,0.0,0.0,0.0,0.0,0.0,James Triantos,0.03474903474903475,1.227672399491235,0.24264325131115305,,,HIT,-0.3181502532724467,0.0,4.4049064758811785,5.479157495982883,5.412829392166609,5.412829392166609
31396,1.5449942086935093,0.7639203506453964,1.6590868213194987,0.47856034681836884,0.011835727470773908,0.0,0.0,0.0,0.0,0.0,4.458397454947547,409.79646017699116,363.10389586580254,92.32722376855912,10.573574355296754,52.22730904172318,56.110677697674674,8.185040423720217,0.0,0.0,0.0,0.0,0.0,0.0,Tyler Locklear,0.26253687315634217,1.4641414904873993,0.2542721926692899,,,HIT,-0.3191543827505612,0.0,4.39569618791794,6.526808070203083,12.002148038685636,12.002148038685636
19913,1.4410657141147891,1.0512040889700225,1.6434445802165456,0.33485223603006703,-0.02846831833063342,0.0,0.0,0.0,0.0,0.0,4.442098301000791,422.5,383.1036076589267,96.71833314084292,14.549926033422262,48.71408836163153,55.581653696206764,5.727133696096697,0.0,0.0,0.0,0.0,0.0,0.0,Jesús Sánchez,0.5,1.4201183431952662,0.252459990475867,,,HIT,-0.33545353669731703,0.0,4.246193653953232,6.3086642824100805,10.630107623782376,10.630107623782376
24598,1.6198584257559199,1.1392920508461692,1.9277028961496467,0.19029553879568295,-0.4446526013401924,0.0,0.0,0.0,0.0,0.0,4.432496310207227,461.45323741007195,415.78961122257505,97.90864792841231,15.769169131105272,54.75803477434035,65.19533186135594,3.2547131993939336,0.0,0.0,0.0,0.0,0.0,0.0,Addison Barger,0.10071942446043165,1.30024009229522,0.23547641712481637,,,HIT,-0.34505552749088153,0.0,4.158120250914455,5.772331952359156,7.25678381706746,7.25678381706746
26467,1.5718963045204608,0.9395498694913373,1.6560318494548132,0.4494619519310272,-0.18482545842932843,0.0,0.0,0.0,0.0,0.0,4.43211451696831,444.43173431734317,410.4023672063289,100.97787700757762,13.004497651074434,53.13671314480547,56.00735788374324,7.687357028090576,0.0,0.0,0.0,0.0,0.0,0.0,Luis Matos,0.07749077490774908,1.3500386081151767,0.24604603939043854,,,HIT,-0.3454373207297978,0.0,4.154618286526914,5.987767111808098,8.611788002818365,8.611788002818365
28253,1.4868554746310962,0.4699380898315109,1.635767902071925,0.5561481352249118,0.2726949926026798,0.0,0.0,0.0,0.0,0.0,4.421404594362123,482.0,441.9417566445183,116.80351437076749,6.504507087710938,50.26197505271108,55.32202676913671,9.512060492801773,0.0,0.0,0.0,0.0,0.0,0.0,Javier Sanoja,0.5,1.2448132780082988,0.2642961716439932,,,HIT,-0.35614724333598513,0.0,4.05638247788179,5.498778692182253,5.536239159855372,5.536239159855372
24273,1.6270162686394338,0.8669768518866654,1.8332229647276521,0.5846768275346603,-0.4918329728961083,0.0,0.0,0.0,0.0,0.0,4.420059939892303,491.0,451.0,106.0,12.0,55.0,62.0,10.0,0.0,0.0,0.0,0.0,0.0,0.0,Liover Peguero,0.0,1.2219959266802445,0.23503325942350334,,,HIT,-0.35749189780580526,0.0,4.0440487548430495,5.408840003805138,4.970559446647653,4.970559446647653
31695,1.6679681398109856,0.7798388249533335,1.4737106376185922,0.6372085840984469,-0.13917312040333066,0.0,0.0,0.0,0.0,0.0,4.419553066078028,447.5,394.81536118777956,97.80570534319673,10.793905141844922,56.38434566257831,49.841214784218494,10.898475090680286,0.0,0.0,0.0,0.0,0.0,0.0,Dylan Beavers,0.5,1.3407821229050279,0.24772517728021987,,,HIT,-0.3579987716200801,0.0,4.039399500048477,5.928527322745602,8.239192543711297,8.239192543711297
26121,1.4933486434154795,1.4511990437507518,1.7667235082316315,0.027504958284560635,-0.3231396463052574,0.0,0.0,0.0,0.0,0.0,4.415636507377166,437.5,389.8144505638605,93.40940806408729,20.086336200456593,50.48147149538631,59.750973895657154,0.47043010752688175,0.0,0.0,0.0,0.0,0.0,0.0,Francisco Alvarez,0.5,1.3714285714285714,0.2396253087307873,,,HIT,-0.3619153303209419,0.0,4.003475215136933,6.063636654959652,9.08897821078778,9.08897821078778
27790,1.7004456681451083,0.7984711295081424,1.4738742057553982,1.0815583070841805,-0.6390935004347366,0.0,0.0,0.0,0.0,0.0,4.415255810058093,450.5,397.8432040031552,90.06185458202562,11.05179859559879,57.48222285828115,49.84674669423549,18.498395286925657,0.0,0.0,0.0,0.0,0.0,0.0,Evan Carter,0.5,1.3318534961154274,0.2263752495350187,,,HIT,-0.36229602764001534,0.0,3.9999833029762786,5.894698718738874,8.026423652391632,8.026423652391632
33927,0.0,0.0,0.0,0.0,0.0,1.28975002399281,1.2670108575699404,1.5557747377772313,0.2673734116381985,0.023027766419638412,4.402936797397818,0.0,0.0,59.80868976957221,0.0,0.0,0.0,0.0,70.55,4.733351483658101,8.328776890952986,81.76912535753226,26.581075134578402,22.8705121979932,Grant Taylor,0.5,2.0,,3.3909238300666993,1.1719234864289922,PIT,-0.3746150403002897,0.0,3.886988259511405,8.777538771725375,26.158377362449155,26.158377362449155
29993,1.5866386076501864,0.978565387281323,1.7321196768953437,0.19479689593171443,-0.0961365280937826,0.0,0.0,0.0,0.0,0.0,4.395984039664786,450.0,417.09046275601804,104.18616417869251,13.544519235804163,53.63506505914308,58.580664782074464,3.3317020062705773,0.0,0.0,0.0,0.0,0.0,0.0,Brady House,0.5,1.3333333333333333,0.24979272719462164,,,HIT,-0.3815677980333225,0.0,3.8232147101280014,5.86323642857841,7.8285379638634245,7.8285379638634245
22530,1.4704255216372515,1.0448035411836678,1.7844938810086732,0.09779606970868521,-0.004124027695592014,0.0,0.0,0.0,0.0,0.0,4.3933949858426855,458.3065693430657,413.98129895039693,104.96769320881735,14.461334771418999,49.706573467564596,60.35197177391593,1.6726517129308967,0.0,0.0,0.0,0.0,0.0,0.0,Johnathan Rodríguez,0.08759124087591241,1.3091673568197746,0.2535566062403088,,,HIT,-0.3841568518554226,0.0,3.7994668451627764,5.75142173980691,7.125266632937865,7.125266632937865
26420,1.6861804965899587,0.8669768518866654,1.4784056167158486,1.2278213378227867,-0.891872235470877,0.0,0.0,0.0,0.0,0.0,4.367512067544383,422.0,371.0,79.0,12.0,57.0,50.0,21.0,0.0,0.0,0.0,0.0,0.0,0.0,Kyren Paris,0.0,1.4218009478672986,0.21293800539083557,,,HIT,-0.41003977015372506,0.0,3.562058088570969,6.23504899114349,10.16709579202451,10.16709579202451
20191,0.0,0.0,0.0,0.0,0.0,1.628545943299271,0.37449664498196605,1.3638142444883896,0.5900160271816923,0.4083141007521256,4.365186960703445,0.0,0.0,54.74904584037294,0.0,0.0,0.0,0.0,64.74045801526717,5.976724336904497,2.461777642890519,71.67997732196584,22.1987672892563,15.543503608777554,Garrett Whitlock,0.46564885496183206,1.004008961207405,,3.085997716546773,1.0857592238932574,PIT,-0.41236487699466284,0.0,3.5407312537184117,4.382494831480713,0.0,0.0
24151,1.4929069837669309,1.1604139151253245,1.9464106309600442,0.27463023582394136,-0.5094795502011801,0.0,0.0,0.0,0.0,0.0,4.364882215475061,485.7131782945736,440.61698422756666,103.0744120611582,16.06152107890906,50.46654153977469,65.82803152776938,4.697128787914226,0.0,0.0,0.0,0.0,0.0,0.0,Eddys Leonard,0.031007751937984496,1.235296934101537,0.23393199933464906,,,HIT,-0.4126696222230475,0.0,3.5379360053266247,5.400120239626195,4.91571548806888,4.91571548806888
27468,0.0,0.0,0.0,0.0,0.0,2.3269470636019545,0.0,3.131918127208931,-0.9547943679350268,-0.14624975087503334,4.357821072000825,0.0,0.0,124.42206109833613,0.0,0.0,0.0,0.0,145.15,8.539839605349428,0.0,164.60879569182492,64.69863491791381,48.54572191292509,Reid Detmers,0.5,1.0334137099552188,,4.011627380373573,1.191648522295978,PIT,-0.41973076569728285,0.0,3.4731682974115357,4.507347921377042,0.0,0.0
23989,1.638690620372799,1.143659829820564,1.7535148871973802,0.7201380614314283,-0.9082568869431978,0.0,0.0,0.0,0.0,0.0,4.347746511878974,463.22972972972974,409.7600818724129,88.47910006287434,15.829624433433908,55.394642240345895,59.304255455030784,12.316856552498443,0.0,0.0,0.0,0.0,0.0,0.0,Junior Perez,0.1554054054054054,1.2952536538405437,0.21592903744690312,,,HIT,-0.42980532581913433,0.0,3.380760294412313,5.649593127366072,6.48480387635034,6.48480387635034
17085,0.0,0.0,0.0,0.0,0.0,2.4523321912625873,0.07699190745264124,2.568568376897517,-0.5257539396556562,-0.22967415995096613,4.342464376006123,0.0,0.0,133.0,0.0,0.0,0.0,0.0,140.7,9.0,0.5061112268696969,135.0,60.0,36.0,Pablo López,0.0,1.0,,3.8379530916844353,1.2011371712864252,PIT,-0.4350874616919853,0.0,3.332310374844906,4.342464376006123,0.0,0.0
25779,1.4133993487827077,0.3762706078227117,0.8684243401116812,1.8505251373970582,-0.1667943276781332,0.0,0.0,0.0,0.0,0.0,4.341825106436025,324.1034482758621,290.26475130101767,70.84257328213876,5.208036735982879,47.77884873152203,29.370300352375946,31.65039300770573,0.0,0.0,0.0,0.0,0.0,0.0,Tyler Tolbert,0.3842364532019704,1.851260772422598,0.24406192265719445,,,HIT,-0.4357267312620827,0.0,3.3264467318037823,8.046775068146701,21.562155094567146,21.562155094567146
31357,1.7111383450452802,0.6288542706702969,1.463154607930852,0.6695070935687057,-0.13142327348827493,0.0,0.0,0.0,0.0,0.0,4.34123104372686,466.0,422.60986978395977,104.98292147102427,8.704097729508975,57.84368035618388,49.48420756074793,11.450891535957386,0.0,0.0,0.0,0.0,0.0,0.0,Nathan Church,0.5,1.2875536480686696,0.2484156877942582,,,HIT,-0.4363207939712481,0.0,3.320997744657315,5.591903955055446,6.121961199447688,6.121961199447688
20043,1.3789536010790686,1.0093378061036051,1.5849438153117419,0.803748252040517,-0.4359321884033332,0.0,0.0,0.0,0.0,0.0,4.3410512861315995,384.0,348.9768270944742,81.16764254035687,13.970446439124302,46.6144374344645,53.60314508384238,13.746880570409983,0.0,0.0,0.0,0.0,0.0,0.0,Luis Robert Jr.,0.5,1.5625,0.23258748500909304,,,HIT,-0.4365005515665086,0.0,3.3193489341682167,6.799590050822271,13.717841644510559,13.717841644510559
13301,1.7865001054436134,1.4835571460179056,1.764681082591164,0.1456694830994474,-0.8433067510325492,0.0,0.0,0.0,0.0,0.0,4.3371010661195815,462.0,397.5512820512821,86.51153535125984,20.53421116546962,60.39122514832934,59.68189861559279,2.4914529914529915,0.0,0.0,0.0,0.0,0.0,0.0,Max Muncy,0.5,1.2987012987012987,0.2176110083330087,,,HIT,-0.44045077157852663,0.0,3.2831158938862486,5.64918923032115,6.482263519484354,6.482263519484354
27768,0.0,0.0,0.0,0.0,0.0,2.184459928829474,0.0,2.619992761417339,-0.6213076446176778,0.1475943329592919,4.330739378588427,0.0,0.0,108.72540464114854,0.0,0.0,0.0,0.0,132.75,8.016915257040774,0.0,137.7027864909562,57.42875256289852,45.18788714608407,Eury Pérez,0.5,1.1299435028248588,,3.893474750027018,1.1594221603558013,PIT,-0.44681245910968137,0.0,3.2247638831434684,4.900097278454799,1.770763628345262,1.770763628345262
29189,1.6822001964745985,0.8726080808584895,1.4870534924023726,0.3986847444186088,-0.11287981348927899,0.0,0.0,0.0,0.0,0.0,4.32766670066479,435.8440860215054,409.56311013511095,101.99203858390192,12.077942966429655,56.86544909810406,50.29247303949422,6.818890806733303,0.0,0.0,0.0,0.0,0.0,0.0,Héctor Rodríguez,0.3279569892473118,1.3766390763195875,0.24902642855274665,,,HIT,-0.4498851370333181,0.0,3.1965800192974223,5.960303578128479,8.439052952575956,8.439052952575956
27482,1.6944281843390376,0.640886513939454,1.519160664301901,0.7480858771855797,-0.2935613378540385,0.0,0.0,0.0,0.0,0.0,4.308999901911934,518.8650793650794,475.55939578579114,115.61569242301184,8.870638415013643,57.27880657061818,51.378344587075716,12.79486105751698,0.0,0.0,0.0,0.0,0.0,0.0,Robert Hassell III,0.007936507936507936,1.1563699772091103,0.24311514701959386,,,HIT,-0.4685519357861745,0.0,3.025360474793595,4.985890731061695,2.310371404948306,2.310371404948306
17982,1.5010349478409841,1.0750413433663966,1.6403822168198912,0.05848406455758223,0.027751101835683377,0.0,0.0,0.0,0.0,0.0,4.302693674420537,478.0,430.44483845547677,109.69059872344724,14.879862238909192,50.741300946112254,55.47808389905403,1.0002801856229753,0.0,0.0,0.0,0.0,0.0,0.0,Ty France,0.5,1.2552301255230125,0.25483079113467666,,,HIT,-0.47485816327757124,0.0,2.967517166312582,5.400078907663276,4.915455525939654,4.915455525939654
16939,1.5354561696883653,0.9771810140820074,1.5608467661003464,0.6991396701955058,-0.4709109319508845,0.0,0.0,0.0,0.0,0.0,4.301712688115341,443.0,396.58311918746944,92.60677088707133,13.525357849481523,51.90488316596866,52.78817763042709,11.957711290585738,0.0,0.0,0.0,0.0,0.0,0.0,Lane Thomas,0.5,1.3544018058690745,0.23351163074415943,,,HIT,-0.4758391495827672,0.0,2.9585191570361147,5.837480117981772,7.666540689336767,7.666540689336767
29949,1.5397842006748568,0.6000169065979468,1.5559358674934904,0.9044909753350902,-0.3059525583798214,0.0,0.0,0.0,0.0,0.0,4.294275391721563,417.3884892086331,360.7750580696198,86.3522482742528,8.304954005988387,52.05118883533734,52.622089969796946,15.469930271547677,0.0,0.0,0.0,0.0,0.0,0.0,Tyler Black,0.10071942446043165,1.437509695434097,0.2393520459432347,,,HIT,-0.4832764459765455,0.0,2.890301220059223,6.181593226141551,9.83087961674737,9.83087961674737
32119,1.6592320552543336,0.32768319683242647,1.3639103322934283,1.4703112736398936,-0.5401525232812706,0.0,0.0,0.0,0.0,0.0,4.280984334738811,486.5378787878788,442.4831944623445,103.02056858457654,4.535528663114929,56.08902922359909,46.127744540204006,25.147418272750546,0.0,0.0,0.0,0.0,0.0,0.0,Nick Morabito,0.05303030303030303,1.2332030580944522,0.2328236865803581,,,HIT,-0.4965675029592971,0.0,2.768390186855797,5.2879708422378116,4.210338968844235,4.210338968844235
21032,0.0,0.0,0.0,0.0,0.0,1.6348881275083915,0.07699190745264124,1.1225595128663222,0.8773076208067918,0.5655737643687679,4.2773209330029145,0.0,0.0,51.0,0.0,0.0,0.0,0.0,61.3,6.0,0.5061112268696969,59.0,19.0,13.0,Emmanuel Clase,0.0,1.0603588907014683,,2.7895595432300166,1.0440456769983688,PIT,-0.5002309046951936,0.0,2.7347879615969672,4.531296363117997,0.0,0.0
19953,1.422332073686417,0.9368889696643752,1.3808938633020837,0.7691192872733903,-0.2321345162420742,0.0,0.0,0.0,0.0,0.0,4.277099677684192,408.5,370.56853070175436,90.08307942508623,12.967667604396649,48.080812442133755,46.70213125845738,13.154605263157894,0.0,0.0,0.0,0.0,0.0,0.0,Josh Lowe,0.5,1.4687882496940023,0.243094251026912,,,HIT,-0.500452160013916,0.0,2.7327585169454087,6.2892976635486715,10.508299049507984,10.508299049507984
31437,1.8071728471305464,1.1140259898459195,1.8844678921013447,0.1575196523172245,-0.6875748533415375,0.0,0.0,0.0,0.0,0.0,4.275611528053497,515.8939393939394,446.4284411207665,101.49093635327996,15.419456527656624,61.090050854437436,63.733114606515386,2.69413195288446,0.0,0.0,0.0,0.0,0.0,0.0,Jace Jung,0.05303030303030303,1.1630297512408587,0.22733976378943327,,,HIT,-0.5019403096446107,0.0,2.7191085973585225,4.980050993938954,2.273641707413141,2.273641707413141
25616,1.8932552944167957,1.300465277829998,1.921927301730603,0.29233841376733016,-1.1334194096931887,0.0,0.0,0.0,0.0,0.0,4.274566878051538,516.0,451.0,95.0,18.0,64.0,65.0,5.0,0.0,0.0,0.0,0.0,0.0,0.0,Marco Luciano,0.0,1.1627906976744187,0.2106430155210643,,,HIT,-0.5029849596465699,0.0,2.7095266385090433,4.982825708937565,2.291093596171693,2.291093596171693
19968,1.456269650022177,0.4682918167220385,1.137587957788921,1.5264100056607095,-0.31557652103084055,0.0,0.0,0.0,0.0,0.0,4.272982909163005,339.544061302682,306.6237883287938,72.48544497931015,6.48172069235254,49.22804540743637,38.473472534417695,26.106901005414347,0.0,0.0,0.0,0.0,0.0,0.0,Jared Oliva,0.0421455938697318,1.767075523860033,0.236398634869072,,,HIT,-0.5045689285351029,0.0,2.694997825336867,7.566821349149538,18.543431039165217,18.543431039165217
27969,1.5213858190862726,1.0563278239213707,1.669853872086297,0.31177623006482924,-0.2924305888064126,0.0,0.0,0.0,0.0,0.0,4.266913156352357,462.4791666666667,429.4758469444006,103.97063636441176,14.620844673617071,51.42924607614273,56.474821700005926,5.332454022155458,0.0,0.0,0.0,0.0,0.0,0.0,Deyvison De Los Santos,0.13194444444444445,1.2973557367448985,0.2420872724371661,,,HIT,-0.5106386813457515,0.0,2.6393235597464133,5.541637523553012,5.805804703624169,5.805804703624169
10815,1.6861804965899587,0.8669768518866654,1.4488375043815316,0.3508060965207962,-0.08664820613701016,0.0,0.0,0.0,0.0,0.0,4.266152743241942,459.0,396.0,99.0,12.0,57.0,49.0,6.0,0.0,0.0,0.0,0.0,0.0,0.0,Jurickson Profar,0.0,1.3071895424836601,0.25,,,HIT,-0.5113990944561664,0.0,2.632348738400571,5.5781081877626395,6.03519113612463,6.03519113612463
29794,1.5399309328506205,1.3403569859857956,1.7638583106816124,0.0516953642878136,-0.43020114242903124,0.0,0.0,0.0,0.0,0.0,4.265640451376811,458.0,407.9755340408607,96.17982498695541,18.552149110818643,52.056149000655026,59.65407229038647,0.8841698841698842,0.0,0.0,0.0,0.0,0.0,0.0,Kyle Manzardo,0.5,1.3100436681222707,0.23574900199118937,,,HIT,-0.5119113863212972,0.0,2.6276497870183855,5.597078403757097,6.154506489026349,6.154506489026349
29547,1.698116238626463,0.6059681955660329,1.5057080754325043,1.352524202191009,-0.8993205447286319,0.0,0.0,0.0,0.0,0.0,4.262996167087378,469.6153846153846,420.6181552526918,91.36500164396301,8.38732698683744,57.40347833310646,50.92337510112096,23.132851149481034,0.0,0.0,0.0,0.0,0.0,0.0,Ryan Bliss,0.038461538461538464,1.2776412776412778,0.21721602004809876,,,HIT,-0.5145556706107302,0.0,2.60339532552396,5.463685306641079,5.315515279769629,5.315515279769629
31583,1.4408493338782709,1.1851011074623536,1.7570783424521133,0.6920020651522272,-0.8179709677318794,0.0,0.0,0.0,0.0,0.0,4.2570598812130855,417.6864686468647,370.41355598706184,80.10597915986095,16.403221445417895,48.70677379862568,59.42477228797711,11.835633508345333,0.0,0.0,0.0,0.0,0.0,0.0,Zach Cole,0.17491749174917492,1.4364841694387598,0.21626092745552478,,,HIT,-0.5204919564850226,0.0,2.548945273487838,6.139383303634514,9.565395459827235,9.565395459827235
26540,1.532139611249596,0.9399002420231267,1.5520570931463602,0.5907653411033452,-0.35803130205134714,0.0,0.0,0.0,0.0,0.0,4.256830985471081,449.5,408.7936215508065,97.617135186634,13.009347227360495,51.792769527249575,52.49090897645946,10.10413468230574,0.0,0.0,0.0,0.0,0.0,0.0,Angel Martínez,0.5,1.3348164627363737,0.23879319549143638,,,HIT,-0.5207208522270275,0.0,2.5468457477360564,5.690187333418334,6.740125799005615,6.740125799005615
9218,1.4839272239264636,1.1316890302598588,1.5317741818350916,0.14050032347149052,-0.04339602775945021,0.0,0.0,0.0,0.0,0.0,4.244494731733455,416.5,376.57883877548653,94.80949435225962,15.663934202586496,50.16298785027243,51.80493649766418,2.4030424476359378,0.0,0.0,0.0,0.0,0.0,0.0,Paul Goldschmidt,0.5,1.440576230492197,0.25176532664594126,,,HIT,-0.5330571059646534,0.0,2.4336925620289067,6.115355294639366,9.414268536780112,9.414268536780112
31855,1.4418381741691184,1.0304408422443698,1.758608793522896,0.293262643668291,-0.28238916723167545,0.0,0.0,0.0,0.0,0.0,4.2417612863729985,398.6063829787234,362.716460456038,87.24289987781698,14.26253778289905,48.740200763705815,59.47653247657077,5.015807534306737,0.0,0.0,0.0,0.0,0.0,0.0,Colby Thomas,0.3351063829787234,1.5052443353171956,0.24052644252242586,,,HIT,-0.5357905513251096,0.0,2.408620278573138,6.394409030184895,11.16940906574856,11.16940906574856
18684,0.0,0.0,0.0,0.0,0.0,3.054481912493516,0.0,2.7421601231372543,-1.2882971676792196,-0.2735026416983456,4.234842226253204,0.0,0.0,169.26930792146413,0.0,0.0,0.0,0.0,181.1,11.209874955108834,0.0,144.12371496633884,81.60787868792745,48.02275263109477,Sandy Alcantara,0.5,1.0,,4.05560965318248,1.1998457236474815,PIT,-0.5427096114449039,0.0,2.3451558175377656,4.234842226253204,0.0,0.0
25845,1.523060616956021,1.483554916158131,1.8109658148500867,0.1782419889053402,-0.76749572292357,0.0,0.0,0.0,0.0,0.0,4.228327613946009,443.38194444444446,396.0683596137392,87.42842507865723,20.534180301534516,51.48586129543196,61.24725834284207,3.0485557236279184,0.0,0.0,0.0,0.0,0.0,0.0,Michael Toglia,0.13194444444444445,1.3532350776074051,0.22074074577408992,,,HIT,-0.5492242237520992,0.0,2.2854011179438505,5.74038732369891,7.055864405131122,7.055864405131122
31522,1.5428492580262787,1.1766847979392787,1.9118845864172977,0.055775447126368755,-0.4797144266500264,0.0,0.0,0.0,0.0,0.0,4.207479662859198,480.609375,446.297577648628,105.0194951634101,16.286729622069764,52.15480067842554,64.66035318048864,0.9539534405964177,0.0,0.0,0.0,0.0,0.0,0.0,Tim Elko,0.0234375,1.2484150980200917,0.23531271605084175,,,HIT,-0.5700721748389102,0.0,2.0941751484467708,5.260995558704152,4.040674823987743,4.040674823987743
28820,1.3782179416236002,0.9036515579389192,1.7585259629495855,0.08639214880567508,0.0770477241865212,0.0,0.0,0.0,0.0,0.0,4.203835335504301,464.5,421.2604223426369,108.20113875265471,12.507621941311735,46.58956904757087,59.47373112853833,1.4776051441948699,0.0,0.0,0.0,0.0,0.0,0.0,Moisés Ballesteros,0.5,1.2917115177610334,0.2568509478078814,,,HIT,-0.5737165021938067,0.0,2.060747881244207,5.428218588113927,5.092443278977995,5.092443278977995
16530,1.7114619752120515,0.5909271063962368,1.4938709261746255,0.3040042904158871,0.10110648647353715,0.0,0.0,0.0,0.0,0.0,4.2013707846723385,502.5,464.03510217188716,119.47689845595795,8.179140263460946,57.85462041837963,50.52304013472067,5.1995269198156375,0.0,0.0,0.0,0.0,0.0,0.0,Mauricio Dubón,0.5,1.1940298507462686,0.25747383742469876,,,HIT,-0.5761810530257696,0.0,2.038142008837153,5.01492967552343,2.4930151822968396,2.4930151822968396
23818,1.7271717291012574,0.26053202460579145,1.189250721646292,1.1281264271742208,-0.10571568703940858,0.0,0.0,0.0,0.0,0.0,4.199365215488154,385.7547169811321,345.0528134358051,85.75845597656726,3.606075858272385,58.38567624158223,40.22071846182885,19.29487152639625,0.0,0.0,0.0,0.0,0.0,0.0,Ji Hwan Bae,0.05660377358490566,1.5553925165077034,0.24853718803983055,,,HIT,-0.5781866222099543,0.0,2.0197461046045393,6.535111797402098,12.05437528488249,12.05437528488249
25855,1.3903593568373345,1.1559691358488873,1.8627910770619691,0.40927377927426223,-0.6218587693739309,0.0,0.0,0.0,0.0,0.0,4.196534579648521,364.0,337.0,75.0,16.0,47.00000000000001,63.0,7.0,0.0,0.0,0.0,0.0,0.0,0.0,Matt Gorski,0.0,1.6483516483516483,0.22255192878338279,,,HIT,-0.5810172580495871,0.0,1.9937823501582137,6.945635395212025,14.636410616556415,14.636410616556415
29575,1.7453447245404834,0.9392249228772208,1.6262461783874333,0.5262091447811943,-0.6483137724357189,0.0,0.0,0.0,0.0,0.0,4.188711198150614,470.0,422.0,96.0,13.0,58.99999999999999,55.0,9.0,0.0,0.0,0.0,0.0,0.0,0.0,Trey Sweeney,0.0,1.2765957446808511,0.22748815165876776,,,HIT,-0.5888406395474943,0.0,1.922023082043408,5.359515121416417,4.660324932145262,4.660324932145262
25479,1.4573878873270454,0.7461830452871966,1.1535869897645374,1.0566584438248905,-0.2309174760962933,0.0,0.0,0.0,0.0,0.0,4.182898890107377,371.71635610766043,341.73271446810134,82.80091067806443,10.328068764420584,49.26584653638217,39.01456328091922,18.072521332517674,0.0,0.0,0.0,0.0,0.0,0.0,Brenton Doyle,0.4824016563146998,1.6141339764619387,0.242297290170015,,,HIT,-0.5946529475907312,0.0,1.8687102055906815,6.7611909495426366,13.476326085508644,13.476326085508644
20003,1.4199414708125968,1.300465277829998,2.040199751067871,0.05846768275346603,-0.6401162707799476,0.0,0.0,0.0,0.0,0.0,4.178957911683985,408.0,362.0,81.0,18.0,48.0,69.0,1.0,0.0,0.0,0.0,0.0,0.0,0.0,Keston Hiura,0.0,1.4705882352941178,0.22375690607734808,,,HIT,-0.5985939260141233,0.0,1.8325619329550555,6.165821883466452,9.731683945092225,9.731683945092225
20311,1.5974341546641713,0.7224807099055545,1.5671099537187994,0.5262091447811943,-0.24726660245590548,0.0,0.0,0.0,0.0,0.0,4.165967360613815,431.0,391.0,95.0,10.0,54.0,53.0,9.0,0.0,0.0,0.0,0.0,0.0,0.0,Corey Julks,0.0,1.3921113689095128,0.24296675191815856,,,HIT,-0.6115844770842935,0.0,1.7134072633978077,5.80588533656701,7.467821681843312,7.467821681843312
22182,0.0,0.0,0.0,0.0,0.0,1.7162250463814286,0.0,2.3997705449300333,-0.5635702042419072,0.6121947723953274,4.1646201594648815,0.0,0.0,87.6946483592401,0.0,0.0,0.0,0.0,111.0991769547325,6.298504530693473,0.0,126.12824578836606,48.291333897494894,33.861153095032556,Hunter Greene,0.27983539094650206,1.350145015575747,,3.912018225432411,1.0941197296520093,PIT,-0.6129316782332266,0.0,1.7010501811723375,5.621298152402611,6.306839380632578,6.306839380632578
35061,1.6758302375239107,0.48309159223353154,1.3829937372197152,0.6921492800453899,-0.07296998794422287,0.0,0.0,0.0,0.0,0.0,4.161094859078324,427.0,376.70824843359986,94.34022475047476,6.68656734512238,56.650117666550024,46.77314945176945,11.838151393204624,0.0,0.0,0.0,0.0,0.0,0.0,Ryan Waldschmidt,0.5,1.405152224824356,0.2504331273412601,,,HIT,-0.6164569786197838,0.0,1.6687146782070459,5.848537273768956,7.7360859409681995,7.7360859409681995
25493,1.6410872780699282,0.5790403132309534,1.4605960764486121,0.6233064125462053,-0.151531380323858,0.0,0.0,0.0,0.0,0.0,4.152498699971841,453.0,409.611096886648,101.34512556648505,8.014612781933621,55.47565936099973,49.397677468690944,10.660699777934248,0.0,0.0,0.0,0.0,0.0,0.0,Joey Ortiz,0.5,1.3245033112582782,0.24741791991668227,,,HIT,-0.6250531377262671,0.0,1.5898671764912367,5.503085678970227,5.563328448069083,5.563328448069083
25327,0.0,0.0,0.0,0.0,0.0,0.8590524479597546,0.8703378741975073,1.3954064441583045,0.7470940045916407,0.2791867135001809,4.151077484407388,0.0,0.0,45.795711005944135,0.0,0.0,0.0,0.0,66.60259067357512,3.152701766581317,5.721221669591889,73.34041470560675,21.938053715027134,28.543194379653695,Abner Uribe,0.48186528497409326,2.0,,2.964486537812416,1.1161563631952252,PIT,-0.6264743532907202,0.0,1.576831203649339,8.205348850962368,22.5595231194299,22.5595231194299
15362,1.437176899982025,0.6010549356488507,1.4556090894858211,0.3151059998534786,0.3044795589233905,0.0,0.0,0.0,0.0,0.0,4.113426483893566,474.5,426.3323282041692,113.37582694742018,8.319321573684963,48.58263007112477,49.22901648328867,5.389404625152495,0.0,0.0,0.0,0.0,0.0,0.0,Jeff McNeil,0.5,1.2644889357218125,0.2659329810267751,,,HIT,-0.6641253538045424,0.0,1.2314807638957872,5.1954395529294475,3.6283527942269176,3.6283527942269176
26031,1.6268441993715625,0.7177851756942746,1.5498326293348448,0.2841817131537108,-0.06685209893859666,0.0,0.0,0.0,0.0,0.0,4.111791618615796,454.0,409.61405633624696,102.78981004062028,9.935008171887471,54.994183334293986,52.415677125796684,4.860492151741112,0.0,0.0,0.0,0.0,0.0,0.0,Vaughn Grissom,0.5,1.3215859030837005,0.2509430729990414,,,HIT,-0.665760219082312,0.0,1.216485108138691,5.435224890891708,5.136510225222123,5.136510225222123
18353,1.4199414708125968,0.9392249228772209,1.5079737290501656,0.6431445102881264,-0.39930047358819565,0.0,0.0,0.0,0.0,0.0,4.110984159439915,373.0,334.0,78.0,13.000000000000002,48.0,51.0,11.0,0.0,0.0,0.0,0.0,0.0,0.0,Daz Cameron,0.0,1.6085790884718498,0.23353293413173654,,,HIT,-0.6665676782581933,0.0,1.2090787609588522,6.62909562024588,12.645497336046,12.645497336046
17295,0.0,0.0,0.0,0.0,0.0,3.117102127150878,0.0,2.6486532416285344,-0.49964979239630913,-1.1675065975294214,4.098598978853682,0.0,0.0,158.23590000194986,0.0,0.0,0.0,0.0,167.55,11.439689632714193,0.0,139.20913721274812,70.66761602222964,56.97197647045391,Framber Valdez,0.5,1.0,,3.7959328212477867,1.2844397282745672,PIT,-0.6789528588444265,0.0,1.0954767981023128,4.098598978853682,0.0,0.0
25971,1.5551730397130388,0.880492306850774,1.6019728054429434,0.38325019079877115,-0.32702706915141133,0.0,0.0,0.0,0.0,0.0,4.093861273654116,448.4801444043321,408.3903365559728,98.04370932990841,12.187070115212839,52.57139638544856,54.17906923952267,6.5549064500260465,0.0,0.0,0.0,0.0,0.0,0.0,Kevin Alcántara,0.09747292418772563,1.3378518703362339,0.24007352905734297,,,HIT,-0.6836905640439923,0.0,1.0520206202646987,5.484420503296324,5.445931681308228,5.445931681308228
31872,0.0,0.0,0.0,0.0,0.0,2.033962579720852,0.0,1.8172665371159324,-0.21727319163025777,0.4541840134748715,4.088139938681398,0.0,0.0,92.67245744426825,0.0,0.0,0.0,0.0,111.69143968871595,7.464593615297676,0.0,95.51273180703778,46.24468157887654,31.935083298078062,Cade Horton,0.09208819714656291,1.3429856434660528,,3.7263566068254135,1.1156409218972156,PIT,-0.6894118990167097,0.0,0.9995421861768723,5.48197122088049,5.430526638166568,5.430526638166568
33829,0.0,0.0,0.0,0.0,0.0,2.390290023509704,0.0,2.6673480151343387,-1.1010434340790027,0.12304214791031538,4.079636752475356,0.0,0.0,141.78675285061598,0.0,0.0,0.0,0.0,151.2,8.772306740593548,0.0,140.19170573067558,68.14822528900065,34.16858929724264,Shota Imanaga,0.5,1.0,,4.056441981488134,1.163725807856208,PIT,-0.6979150852227525,0.0,0.9215474700873189,4.079636752475356,0.0,0.0
25477,1.7215518382127644,0.5943674325194674,1.4060844337784408,0.7206476665120082,-0.3640058199572301,0.0,0.0,0.0,0.0,0.0,4.078645551065451,482.5,421.93573337846163,100.8396366366845,8.226758505388545,58.19570026849279,47.55408183925657,12.32557256545775,0.0,0.0,0.0,0.0,0.0,0.0,Isaac Collins,0.5,1.2435233160621761,0.2389928812837354,,,HIT,-0.6989062866326572,0.0,0.9124557636751807,5.077659154741745,2.8875594485540708,2.8875594485540708
17312,0.0,0.0,0.0,0.0,0.0,2.0748140353185387,0.07699190745264124,2.108787660037227,0.005749669321002278,-0.1912277241805952,4.075115547948814,0.0,0.0,112.49699059550487,0.0,0.0,0.0,0.0,121.9041095890411,7.614517472142652,0.5061112268696969,110.83463327882602,48.872198390476356,33.776859478189216,Justin Steele,0.0410958904109589,1.0,,3.6081620791710263,1.1999090971322248,PIT,-0.7024362897492944,0.0,0.880077125338212,4.075115547948814,0.0,0.0
32127,1.4117326731747484,0.8173321887726502,1.4396689459038852,0.2343912239755864,0.17025167510385977,0.0,0.0,0.0,0.0,0.0,4.07337670693073,387.5,348.6846818373367,91.34714511128546,11.312858289039927,47.7225080788779,48.68991735508914,4.0089022334597555,0.0,0.0,0.0,0.0,0.0,0.0,Chase DeLauter,0.5,1.5483870967741935,0.26197636394563323,,,HIT,-0.7041751307673785,0.0,0.8641277613887363,6.299985781222663,10.575523193529328,10.575523193529328
30038,1.619591207808358,1.0537112656178127,1.6523264411955427,0.6105176816346669,-0.8649416440468048,0.0,0.0,0.0,0.0,0.0,4.071204952209575,414.9843342036553,373.5712391823843,80.10438141718073,14.584628366832908,54.749001682662545,55.882040169261685,10.44196815887106,0.0,0.0,0.0,0.0,0.0,0.0,Carson Williams,0.3472584856396867,1.4458377113232121,0.21442866317145015,,,HIT,-0.7063468854885331,0.0,0.8442075351596283,5.9128269527124235,8.140443262641247,8.140443262641247
17432,0.0,0.0,0.0,0.0,0.0,1.8083417944707825,0.7711696283543991,1.5544974520439383,0.0682276355519801,-0.13862192746108568,4.063614582960015,0.0,0.0,50.410652404346465,0.0,0.0,0.0,0.0,61.532846715328475,6.636570774637915,5.069332864251615,81.70199318556227,24.23936360499776,23.993825133361803,Jeff Hoffman,0.48905109489051096,2.0,,3.5453304062825897,1.2091830869117475,PIT,-0.7139372547380933,0.0,0.7745855510833981,8.134206630645933,22.112065951533268,22.112065951533268
33381,1.690994430439225,0.7564500312434892,1.4591675639961426,0.3671258404655891,-0.23393770837179267,0.0,0.0,0.0,0.0,0.0,4.039800157772653,416.40047961630694,366.59739894203324,89.04680835622065,10.470176170411184,57.162731231895464,49.34936486637403,6.279124178969201,0.0,0.0,0.0,0.0,0.0,0.0,Max Clark,0.40047961630695444,1.4409205305259765,0.24290081875431097,,,HIT,-0.7377516799254549,0.0,0.5561498628228934,5.8276052633550455,7.604431656683406,7.604431656683406
29592,1.535764097287392,0.7847422800954165,1.3984206336420268,0.5180909026983642,-0.20323150569516887,0.0,0.0,0.0,0.0,0.0,4.03378640802803,418.0,380.8562441399752,93.17944272327138,10.861774845144323,51.91529241526316,47.29489044922931,8.861149925899042,0.0,0.0,0.0,0.0,0.0,0.0,Connor Norby,0.5,1.4354066985645932,0.24465777877341394,,,HIT,-0.743765429670078,0.0,0.5009892803541497,5.795896192061729,7.404993809868525,7.404993809868525
25690,1.6602354003716733,0.6886180980415436,1.3127053104214632,1.0041658407330534,-0.6392895103345715,0.0,0.0,0.0,0.0,0.0,4.026435139233162,404.3421052631579,364.82605827809203,81.7271235861854,9.531300816759003,56.122946512883374,44.395979546449695,17.174715901897535,0.0,0.0,0.0,0.0,0.0,0.0,Grant McCray,0.34210526315789475,1.4838919622518711,0.22401668338035258,,,HIT,-0.751116698464946,0.0,0.4335604238454835,5.995973768648526,8.663404713842906,8.663404713842906
29780,1.5527391054411628,1.118273156159351,1.7257106291922768,0.13522588649994596,-0.5099349084156294,0.0,0.0,0.0,0.0,0.0,4.022013868877107,427.0,387.64571114059106,89.68465921513203,15.478242406022662,52.48911915962517,58.363909392667054,2.3128312963956077,0.0,0.0,0.0,0.0,0.0,0.0,Joe Mack,0.5,1.405152224824356,0.2313572848548949,,,HIT,-0.7555379688210007,0.0,0.39300671635045215,5.665675089802381,6.585953226679353,6.585953226679353
14710,0.0,0.0,0.0,0.0,0.0,1.2087731605545213,1.2670108575699404,1.2963784725439245,0.20993738028728579,0.034843384421455806,4.016943255377128,0.0,0.0,37.32063803166112,0.0,0.0,0.0,0.0,48.43298969072165,4.43616834772684,8.328776890952986,68.1356569548752,18.091895801176822,19.18945770834391,Edwin Díaz,0.27835051546391754,2.0,,3.361904009030942,1.1667686859898867,PIT,-0.7606085823209803,0.0,0.3464969668579947,8.017281275767115,21.376650498983807,21.376650498983807
18679,0.0,0.0,0.0,0.0,0.0,3.056737734637542,0.0,3.072809802330964,-1.1477989095516823,-0.9700000242958056,4.011748603121019,0.0,0.0,140.72708832356577,0.0,0.0,0.0,0.0,157.55,11.218153767974632,0.0,161.50215312381047,71.04989322634758,59.54899009644753,Freddy Peralta,0.5,1.0,,4.058705420737088,1.2711905961282977,PIT,-0.7658032345770893,0.0,0.2988494829523427,4.011748603121019,0.0,0.0
22184,1.2970137223588727,1.2679135654621017,1.7362025893346762,0.02279906794276522,-0.3158266574591442,0.0,0.0,0.0,0.0,0.0,4.008102287639272,411.0,373.08431479754285,89.29999015252777,17.549445238861093,43.844524547619535,58.71874977015786,0.3899430740037951,0.0,0.0,0.0,0.0,0.0,0.0,Mark Vientos,0.5,1.4598540145985401,0.23935605601909885,,,HIT,-0.7694495500588365,0.0,0.2654039798337923,5.860976393931192,7.8143232163043175,7.8143232163043175
23986,1.396329294150848,0.9869233763330193,1.373480417361199,0.3297851518576921,-0.08580169611769356,0.0,0.0,0.0,0.0,0.0,4.000716543585065,393.0,355.17658959537573,88.66233541073869,13.660203833844005,47.20180901603266,46.45140690185783,5.640468996321597,0.0,0.0,0.0,0.0,0.0,0.0,Curtis Mead,0.5,1.5267175572519085,0.2496288832317034,,,HIT,-0.7768352941130434,0.0,0.19765890208768716,6.11053622727136,9.383958458927605,9.383958458927605
25505,1.340098869369597,0.6102517502276033,1.2556287806389221,0.981397499123873,-0.19718601524809526,0.0,0.0,0.0,0.0,0.0,3.9901908841119007,361.3166023166023,321.6883779343466,78.29308572392452,8.446616523607638,45.30098391515337,42.465638876162885,16.785298354682862,0.0,0.0,0.0,0.0,0.0,0.0,Cade Marlowe,0.03474903474903475,1.6605934965431017,0.243381766623547,,,HIT,-0.7873609535862074,0.0,0.1011132305744204,6.634361653277849,12.678618655791915,12.678618655791915
16609,0.0,0.0,0.0,0.0,0.0,1.0598213888924275,0.7711696283543991,1.5915299630441502,0.782325203352666,-0.2222203176672264,3.982625865976416,0.0,0.0,46.23078846092684,0.0,0.0,0.0,0.0,63.6328125,3.8895189379384165,5.069332864251615,83.6483649582566,20.531928381606413,31.850813845438864,Bryan Abreu,0.453125,2.0,,2.903963351210631,1.2270650822854279,PIT,-0.7949259717216921,0.0,0.03172377732804184,7.914917701530209,20.73282303872051,20.73282303872051
31991,1.4552413516739822,0.9991674493465887,1.4786668138681276,0.1111041356463834,-0.06245606821708713,0.0,0.0,0.0,0.0,0.0,3.9817236823179947,491.41379310344826,446.4256346397829,112.20145118807532,13.829676497206464,49.193284593890226,50.00883374458693,1.9002657607427929,0.0,0.0,0.0,0.0,0.0,0.0,Rafael Flores Jr.,0.21630094043887146,1.2209669496877413,0.25133290403139535,,,HIT,-0.7958281553801134,0.0,0.023448578291567653,4.862273756679847,1.5328682427638394,1.5328682427638394
29844,1.4637632568318297,0.7132945497496869,1.561918210735772,0.1703924906043281,0.046284376154369485,0.0,0.0,0.0,0.0,0.0,3.9556528840759864,472.5,414.1399578062959,105.86802333282496,9.872852520075332,49.48136086744437,52.824414121391115,2.9143020995513464,0.0,0.0,0.0,0.0,0.0,0.0,Liam Hicks,0.5,1.2698412698412698,0.2556334430843358,,,HIT,-0.8218989536221217,0.0,0.0,5.021884535813319,2.536758575103372,2.536758575103372
25980,1.6360037710344184,0.9257273098869906,1.6652380239404712,0.4603617061217733,-0.733189478527477,0.0,0.0,0.0,0.0,0.0,3.9541413324561767,479.1825396825397,446.70319471243755,100.77861511015284,12.813176839115958,55.303815420442916,56.318712710238984,7.873780598812641,0.0,0.0,0.0,0.0,0.0,0.0,Matthew Lugo,0.007936507936507936,1.25213243453633,0.22560531534821116,,,HIT,-0.8234105052419314,0.0,0.0,4.964208286688057,2.173997180059752,2.173997180059752
29218,1.3858590763472398,0.4357243354734207,1.34936759809598,0.7700986887918162,0.011002213406367636,0.0,0.0,0.0,0.0,0.0,3.9520519121148245,415.3577981651376,379.3877374119288,96.44593348758244,6.030947670981836,46.847871572198734,45.63590610178703,13.171356423325394,0.0,0.0,0.0,0.0,0.0,0.0,Pedro Ramírez,0.42660550458715596,1.444537703759332,0.25421468323016483,,,HIT,-0.8254999255832836,0.0,0.0,5.7080270945768214,6.852331026343525,6.852331026343525
25629,1.5825087222809402,0.8147797440521508,1.5350017464552252,0.2300652132823616,-0.21770519377493613,0.0,0.0,0.0,0.0,0.0,3.944650232295741,458.7950530035336,423.2391840291269,103.66852975884426,11.277529391181421,53.495457545876796,51.91409343618094,3.934912458433682,0.0,0.0,0.0,0.0,0.0,0.0,Cody Freeman,0.1166077738515901,1.3077734733015502,0.24494076557833525,,,HIT,-0.832901605402367,0.0,0.0,5.163160277013163,3.4253285799275806,3.4253285799275806
33280,1.3717688034569055,0.9335721232448522,1.4489218785776459,0.8325686991306531,-0.6460890572447909,0.0,0.0,0.0,0.0,0.0,3.940742447165266,383.2685370741483,342.2041040174487,75.90389190398803,12.921758469743676,46.37156102515274,49.00285355369191,14.239810095454784,0.0,0.0,0.0,0.0,0.0,0.0,Brice Matthews,0.49899799599198397,1.5654820105515788,0.22180882991431847,,,HIT,-0.8368093905328422,0.0,0.0,6.193931977701627,9.9084856122293,9.9084856122293
12564,1.3166645818482294,0.7455775061021452,1.4513748672756015,0.6523238353965654,-0.22562447275913122,0.0,0.0,0.0,0.0,0.0,3.9403163178634104,385.0,355.09278840089337,86.27402151277047,10.31968737545408,44.5088063330859,49.085814165793906,11.15699827111576,0.0,0.0,0.0,0.0,0.0,0.0,Trevor Story,0.5,1.5584415584415585,0.242961908354412,,,HIT,-0.8372355198346977,0.0,0.0,6.149145038087837,9.626793010154095,9.626793010154095
35111,1.440207279697044,0.8153998084335111,1.4085436120567123,0.4507092112448723,-0.1747572274218089,0.0,0.0,0.0,0.0,0.0,3.9401026840103306,382.71638141809296,346.3563200329301,84.92149531195518,11.286111826295036,48.68506966410156,47.637251784313136,7.708689484844578,0.0,0.0,0.0,0.0,0.0,0.0,Kaelen Culpepper,0.38875305623471884,1.5677405753492917,0.24518534930698307,,,HIT,-0.8374491536877775,0.0,0.0,6.183394554049872,9.842209275573383,9.842209275573383
24496,1.3730834875712774,0.49847178028363937,1.2562403306824679,1.2084573062429367,-0.39688595504823965,0.0,0.0,0.0,0.0,0.0,3.939366949732082,400.8095238095238,365.3772816057116,85.97548687119243,6.899447603920132,46.41600288334689,42.4863216318502,20.668807952223794,0.0,0.0,0.0,0.0,0.0,0.0,DaShawn Keirsey Jr.,0.007936507936507936,1.4969704170131877,0.23530605541033853,,,HIT,-0.8381848879660261,0.0,0.0,5.910535368857483,8.12603008271562,8.12603008271562
22566,1.5382699267136464,0.7947287808961099,1.5375418413844824,0.29233841376733016,-0.22440743905454422,0.0,0.0,0.0,0.0,0.0,3.938471523707025,473.0,425.0,104.0,11.0,52.0,52.0,5.0,0.0,0.0,0.0,0.0,0.0,0.0,Tirso Ornelas,0.0,1.2684989429175475,0.2447058823529412,,,HIT,-0.839080313991083,0.0,0.0,4.999854291177311,2.398196820507403,2.398196820507403
27647,1.4571874964379288,0.6293862608535217,1.4637735968631809,0.8586959651736545,-0.478310575189149,0.0,0.0,0.0,0.0,0.0,3.930732744139137,429.72527472527474,390.4213400874102,90.92374221137871,8.711461112031593,49.2590724806374,49.505141901274314,14.686676891136926,0.0,0.0,0.0,0.0,0.0,0.0,Anthony Volpe,0.45054945054945056,1.396240889911776,0.23288619979384856,,,HIT,-0.8468190935589712,0.0,0.0,5.501196313965066,5.551445069808295,5.551445069808295
19779,1.360777242862072,0.36124035495277723,1.005315819366777,1.6370951170970487,-0.43495110027987416,0.0,0.0,0.0,0.0,0.0,3.929477433998801,318.0,281.0,64.0,5.0,46.0,34.0,27.999999999999996,0.0,0.0,0.0,0.0,0.0,0.0,Dairon Blanco,0.0,1.8867924528301887,0.2277580071174377,,,HIT,-0.8480744036993073,0.0,0.0,7.43966564466058,17.743670627422965,17.743670627422965
23800,1.4780509158760278,0.6756922639068251,1.3483698562786102,0.7602650563781038,-0.3349987902741529,0.0,0.0,0.0,0.0,0.0,3.927379302165414,405.15131578947376,359.74967542587876,85.60070923620286,9.352391761368331,49.964343897532956,45.602162256184414,13.003167229729733,0.0,0.0,0.0,0.0,0.0,0.0,Parker Meadows,0.17763157894736842,1.480928178231005,0.23794520213219666,,,HIT,-0.8501725355326939,0.0,0.0,5.82676434039863,7.599142575139096,7.599142575139096
25346,1.4456956950883437,0.46480784094186495,1.1068117618569413,0.8576670075979179,0.04096827325573301,0.0,0.0,0.0,0.0,0.0,3.915950578740801,382.4556962025316,343.3779784520611,87.81317041286978,6.433498286793379,48.870601211843194,37.4326148839866,14.66907815064852,0.0,0.0,0.0,0.0,0.0,0.0,Ronny Simon,0.2088607594936709,1.5688091613159463,0.25573326166322385,,,HIT,-0.861601258957307,0.0,0.0,6.141091552196375,9.576139685410219,9.576139685410219
33323,1.3183355351872448,0.9591525873914213,1.515226861599173,0.689878396117234,-0.5704997780914265,0.0,0.0,0.0,0.0,0.0,3.9120936022036465,398.4328358208955,362.42256208245016,82.28631509078969,13.27582279002031,44.56529159104998,51.24530252276502,11.799311408084446,0.0,0.0,0.0,0.0,0.0,0.0,Charles McAdoo,0.2537313432835821,1.5058999812699008,0.2270452331057407,,,HIT,-0.8654582354944615,0.0,0.0,5.911072307763789,8.129407221653375,8.129407221653375
19901,1.3433052633755602,1.2382017488534678,1.7726993921542953,0.16954416594767807,-0.6162841260587653,0.0,0.0,0.0,0.0,0.0,3.9074664442722353,478.0,432.97557592358476,99.31715127844086,17.13819804289765,45.40937353222551,59.9530795916548,2.8997928079786486,0.0,0.0,0.0,0.0,0.0,0.0,Gavin Sheets,0.5,1.2552301255230125,0.2293828030982727,,,HIT,-0.8700853934258728,0.0,0.0,4.915568264346342,1.8680701715035588,1.8680701715035588
26548,1.4201365232623202,0.204434633058083,0.8415935328587181,1.4524037544730442,-0.012883409388381676,0.0,0.0,0.0,0.0,0.0,3.9056850342637834,375.5100401606426,344.6546374942802,87.22688162576924,2.8296206425332446,48.006593594017204,28.462876606497414,24.841137634908986,0.0,0.0,0.0,0.0,0.0,0.0,Luisangel Acuña,0.4979919678714859,1.5978267844538085,0.2530848917627485,,,HIT,-0.8718668034343247,0.0,0.0,6.240468035185645,10.201179492097754,10.201179492097754
30063,1.6920397816587185,0.6141899106952592,1.4705829706602804,0.44166741582541613,-0.3201380386075781,0.0,0.0,0.0,0.0,0.0,3.898342040232096,485.0,438.13245123506556,105.68752411734651,8.501125390261956,57.19806850428808,49.73543640638537,7.554043448031701,0.0,0.0,0.0,0.0,0.0,0.0,Tristan Peters,0.5,1.2371134020618557,0.24122277137751513,,,HIT,-0.8792097974660122,0.0,0.0,4.8277574396030705,1.3157739010817802,1.3157739010817802
26991,1.3965380180137434,0.4291916930565478,1.2491448137686123,0.5009255357679445,0.31899761146810135,0.0,0.0,0.0,0.0,0.0,3.894797672074949,417.1768292682927,377.874989869626,101.29186190001609,5.940528060778999,47.208864761374926,42.2463497041996,8.56756266329452,0.0,0.0,0.0,0.0,0.0,0.0,Jesus Rodriguez,0.23780487804878048,1.438239034158177,0.26805653884360986,,,HIT,-0.882754165623159,0.0,0.0,5.5912843857551495,6.1180643471538865,6.1180643471538865
23789,1.2806028182666302,0.6504426162979895,1.2937178344449736,0.5644718236931777,0.10468818787833938,0.0,0.0,0.0,0.0,0.0,3.893923280581111,385.0,342.9854248925843,88.79049271202747,9.002906338952883,43.28976689554755,43.7538189728627,9.654424412086268,0.0,0.0,0.0,0.0,0.0,0.0,Blaze Alexander,0.5,1.5584415584415585,0.25887541063832303,,,HIT,-0.8836285571169973,0.0,0.0,6.063746027717124,9.089666123311256,9.089666123311256
11739,1.5136584122262837,0.8387595124251459,1.484461432736386,0.3512718235938071,-0.29727893862106136,0.0,0.0,0.0,0.0,0.0,3.8908722423605617,459.5,416.4975050680156,100.60285599812649,11.609438161121172,51.16802719008034,50.20480901695944,6.007965546966769,0.0,0.0,0.0,0.0,0.0,0.0,J.T. Realmuto,0.5,1.3057671381936888,0.24154491869452535,,,HIT,-0.8866795953375464,0.0,0.0,5.0866346729978025,2.9440120017833102,2.9440120017833102
30011,1.2045205692101635,1.0771940426384,1.5898099419269642,0.07386039750744898,-0.057122649174841576,0.0,0.0,0.0,0.0,0.0,3.888262302108135,337.289156626506,311.85618642657613,78.15978637454444,14.90965818006705,40.71786655333099,53.767718545962744,1.2632687671048577,0.0,0.0,0.0,0.0,0.0,0.0,Christian Encarnacion-Strand,0.39759036144578314,1.7788890873370247,0.2506276603653219,,,HIT,-0.889289535589973,0.0,0.0,6.919087165835225,14.469432477881863,14.469432477881863
35466,0.0,0.0,0.0,0.0,0.0,1.6268004011688069,0.0,2.5696727335203264,-0.4576534052155122,0.14736318785696725,3.8861829173305886,0.0,0.0,110.15922425406846,0.0,0.0,0.0,0.0,124.85,5.970318239382249,0.0,135.05804328411898,53.14304532355218,34.480953440957165,Payton Tolle,0.5,1.2014417300760913,,3.8308963389024404,1.1585116355228324,PIT,-0.8913689203675195,0.0,0.0,4.675781847309162,0.35990595354267907,0.35990595354267907
29976,1.3452446214998848,0.6044925285226562,1.1727659021541803,0.8514614408558673,-0.08922001003810749,0.0,0.0,0.0,0.0,0.0,3.8847444829944813,338.3978494623656,299.9375882125622,74.59728684663365,8.366901984160627,45.474932001980115,39.66319827569985,14.562941453420123,0.0,0.0,0.0,0.0,0.0,0.0,Jordan Lawlar,0.3279569892473118,1.773060913221696,0.24870936414200756,,,HIT,-0.8928073547036268,0.0,0.0,6.891761283435579,14.29756320117899,14.29756320117899
18373,1.2490478118765032,0.9340223349947859,1.4577443011742117,0.09922297510428231,0.13762402075176616,0.0,0.0,0.0,0.0,0.0,3.8776614439015495,402.51470588235287,372.1849078203866,96.7663145068798,12.927989940615646,42.22307482558546,49.301229807705475,1.6970567402622136,0.0,0.0,0.0,0.0,0.0,0.0,Ryan Mountcastle,0.08088235294117647,1.4906287676738157,0.2599952670664938,,,HIT,-0.8998903937965586,0.0,0.0,5.774733600336838,7.271889257937852,7.271889257937852
26536,1.5382699267136464,0.650232638914999,1.5671099537187994,0.29233841376733016,-0.17143508175855504,0.0,0.0,0.0,0.0,0.0,3.8765158513562197,481.0,453.0,112.0,9.0,52.0,53.0,5.0,0.0,0.0,0.0,0.0,0.0,0.0,Warming Bernabel,0.0,1.2474012474012475,0.24724061810154527,,,HIT,-0.9010359863418884,0.0,0.0,4.8383871092119515,1.3826304292827702,1.3826304292827702
28552,1.5382699267136464,1.0837210648583318,1.921927301730603,0.05846768275346603,-0.7261355829363438,0.0,0.0,0.0,0.0,0.0,3.8762503931197028,494.0,459.0,104.0,15.0,52.0,65.0,1.0,0.0,0.0,0.0,0.0,0.0,0.0,Yanquiel Fernández,0.0,1.214574898785425,0.22657952069716775,,,HIT,-0.9013014445784053,0.0,0.0,4.719000607716599,0.6317353123383207,0.6317353123383207
11899,1.4166648798653538,1.380369134613387,1.4032032641389331,0.14576343172951076,-0.471341643013538,0.0,0.0,0.0,0.0,0.0,3.8746590673336465,401.5,353.01624135892894,81.5894974764821,19.10596526229516,47.88923743076702,47.45664005444017,2.493059838614345,0.0,0.0,0.0,0.0,0.0,0.0,Joc Pederson,0.5,1.4943960149439601,0.23112108712733714,,,HIT,-0.9028927703644616,0.0,0.0,5.805688741153446,7.466585172403722,7.466585172403722
26517,1.274483868800275,0.835019853836233,1.2872991911392873,0.6759237722368268,-0.20708399788976095,0.0,0.0,0.0,0.0,0.0,3.865642688122861,362.93548387096774,332.64391552993527,80.9013996821987,11.557676798670377,43.082920641372745,43.536739058084486,11.560638978748601,0.0,0.0,0.0,0.0,0.0,0.0,Noelvi Marte,0.4959677419354839,1.6531863834325837,0.24320721319466979,,,HIT,-0.9119091495752469,0.0,0.0,6.399518646559071,11.201546584955263,11.201546584955263
21987,1.508687812738384,1.0114729938677762,1.7445186277247013,0.40927377927426223,-0.8235111537511703,0.0,0.0,0.0,0.0,0.0,3.8504420598539535,465.0,418.0,92.0,14.0,51.0,59.00000000000001,7.0,0.0,0.0,0.0,0.0,0.0,0.0,Rodolfo Castro,0.0,1.2903225806451613,0.22009569377990432,,,HIT,-0.9271097778441546,0.0,0.0,4.9847195424425825,2.3030050795756942,2.3030050795756942
22707,1.2851544679954983,0.5576832728858971,1.3697378546056322,0.7869852380907211,-0.15327773647187198,0.0,0.0,0.0,0.0,0.0,3.846283097105877,346.1764705882353,303.47694992011134,74.41778803486065,7.719005715167118,43.443631819895906,46.32483261421813,13.460174938163899,0.0,0.0,0.0,0.0,0.0,0.0,Gustavo Campero,0.0196078431372549,1.7332200509770603,0.24521726626833018,,,HIT,-0.9312687405922313,0.0,0.0,6.673294618064838,12.923492010656563,12.923492010656563
26221,0.0,0.0,0.0,0.0,0.0,2.4523321912625873,0.07699190745264124,2.4734362147902016,-0.95726255337041,-0.19927893546081035,3.8462188246742097,0.0,0.0,116.0,0.0,0.0,0.0,0.0,136.0,9.0,0.5061112268696969,130.0,61.0,47.0,Ryan Pepiot,0.0,1.0,,4.036764705882353,1.1985294117647058,PIT,-0.9313330130238984,0.0,0.0,3.8462188246742097,0.0,0.0
21306,0.0,0.0,0.0,0.0,0.0,0.5955046594824543,3.151207528588997,1.3586092858903276,-0.8681869865528861,-0.3944895513180817,3.842644936090811,0.0,0.0,59.383363483773984,0.0,0.0,0.0,0.0,72.0,2.1854877387482814,20.71466419241819,71.40641271023176,34.44193557735461,31.055071526905515,Jacob Latz,0.5,1.2068745004879342,,4.305241947169327,1.2560893751483264,PIT,-0.9349069016072971,0.0,0.0,4.654500318185548,0.22605333117853998,0.22605333117853998
27684,1.3568113998592082,0.8306335443956582,1.4645510796933348,0.20624184074838828,-0.03125854355811185,0.0,0.0,0.0,0.0,0.0,3.8269793211384777,437.5,402.0846745069715,101.48650547659118,11.4969650124533,45.86593780937427,49.53143653995003,3.5274502261022485,0.0,0.0,0.0,0.0,0.0,0.0,Michael Massey,0.5,1.3714285714285714,0.25240082975316575,,,HIT,-0.9505725165596304,0.0,0.0,5.24883007379334,3.9641586090022045,3.9641586090022045
24586,0.0,0.0,0.0,0.0,0.0,1.8734874077230486,0.0,2.505363082630003,-0.05862912686135909,-0.4964742179581688,3.823747145533523,0.0,0.0,118.48445526734963,0.0,0.0,0.0,0.0,134.15,6.875653604182525,0.0,131.67802702748338,54.22008145785905,46.84586348883336,Kyle Bradish,0.5,1.1181513231457323,,3.6375753493904694,1.2324287644888778,PIT,-0.9538046921645851,0.0,0.0,4.282551980435962,0.0,0.0
33575,1.7056036104992884,0.8005300846024955,1.6547935598149541,0.4025531597648029,-0.7403411220617002,0.0,0.0,0.0,0.0,0.0,3.8231392926198406,501.0,448.4259775196546,101.09039638658007,11.080297004845209,57.65658302599916,55.96547865838525,6.885054115488082,0.0,0.0,0.0,0.0,0.0,0.0,Colt Emerson,0.5,1.1976047904191616,0.22543385409055444,,,HIT,-0.9544125450782674,0.0,0.0,4.588585377118522,0.0,0.0
31661,1.3552107626608854,0.8152402993061657,1.225238239103997,1.005922076604171,-0.5845868098908124,0.0,0.0,0.0,0.0,0.0,3.8170245677844066,354.2919708029197,324.90721636962286,72.57653263261058,11.283904028562052,45.81182953301304,41.43782414144769,17.204753621684088,0.0,0.0,0.0,0.0,0.0,0.0,Jacob Melton,0.08759124087591241,1.693518480365899,0.22337617933990617,,,HIT,-0.9605272699137015,0.0,0.0,6.492324322918722,11.785258548454772,11.785258548454772
27735,1.5382699267136464,0.650232638914999,1.4192693920472146,0.40927377927426223,-0.2018081074955318,0.0,0.0,0.0,0.0,0.0,3.81523762945459,432.0,384.0,94.0,9.0,52.0,48.0,7.0,0.0,0.0,0.0,0.0,0.0,0.0,Brett Wisely,0.0,1.3888888888888888,0.24479166666666666,,,HIT,-0.9623142082435181,0.0,0.0,5.303930107788844,4.310716603017195,4.310716603017195
20505,1.6242754668415877,0.677967207996788,1.3154199683011738,0.5996630524899567,-0.4042880139353006,0.0,0.0,0.0,0.0,0.0,3.813037681694206,426.95366795366795,385.21232506038325,90.8655856966946,9.383879717500202,54.90734935981458,44.48778986727832,10.256316382821037,0.0,0.0,0.0,0.0,0.0,0.0,Drew Waters,0.03474903474903475,1.4053047087655204,0.23588441954044728,,,HIT,-0.9645141560039021,0.0,0.0,5.369525644926432,4.723287269826461,4.723287269826461
27555,1.4420464384340814,0.5928821061764874,1.325647787143257,0.7576370389651316,-0.3077912374570548,0.0,0.0,0.0,0.0,0.0,3.810422133261903,380.5,338.79107849494545,80.75735079968709,8.206199806414087,48.747240972702954,44.83369692845425,12.95821902434158,0.0,0.0,0.0,0.0,0.0,0.0,Garrett Mitchell,0.5,1.5768725361366622,0.2383691777199261,,,HIT,-0.9671297044362053,0.0,0.0,6.020206896549662,8.81582175581445,8.81582175581445
27845,1.4495235847878591,1.2282172068394426,1.7149505153903843,0.1754030482603981,-0.7610674742540697,0.0,0.0,0.0,0.0,0.0,3.807026881024015,425.0,386.0,85.0,17.0,49.0,58.0,3.0,0.0,0.0,0.0,0.0,0.0,0.0,Matt Mervis,0.0,1.411764705882353,0.22020725388601037,,,HIT,-0.970524956674093,0.0,0.0,5.396307521303914,4.891734958154476,4.891734958154476
23788,1.567852040688909,0.7224807099055545,1.5671099537187994,0.9939506068089226,-1.0571775086674637,0.0,0.0,0.0,0.0,0.0,3.7942158024547217,455.0,410.0,86.0,10.0,53.0,53.0,17.0,0.0,0.0,0.0,0.0,0.0,0.0,Jordyn Adams,0.0,1.3186813186813187,0.2097560975609756,,,HIT,-0.9833360352433864,0.0,0.0,5.026639196686365,2.566663560906446,2.566663560906446
29869,0.0,0.0,0.0,0.0,0.0,2.7522307887754582,0.0,2.118808348748588,-0.6256831835696772,-0.45823078859365785,3.787125165360711,0.0,0.0,155.70491252240458,0.0,0.0,0.0,0.0,158.0,10.100620620335375,0.0,111.3613052522884,67.67069201862007,37.207380663290394,Michael McGreevy,0.5,1.0,,3.854659671946713,1.2209638809221202,PIT,-0.9904266723373971,0.0,0.0,3.787125165360711,0.0,0.0
12768,0.0,0.0,0.0,0.0,0.0,2.929242469440161,0.0,2.738954533844661,-0.9156357361689064,-0.9683540185910141,3.784207248524902,0.0,0.0,151.0334919027213,0.0,0.0,0.0,0.0,152.6,10.750249219453552,0.0,143.95523412759908,67.45742864471919,43.344868811948004,Sonny Gray,0.5,1.0,,3.978485306700345,1.2737769378418697,PIT,-0.9933445891732062,0.0,0.0,3.784207248524902,0.0,0.0
24574,1.2162219596936477,1.0583427352016321,1.4907956062650183,0.0,0.004957255181432966,0.0,0.0,0.0,0.0,0.0,3.770317556341731,317.9830508474576,289.48379950031773,73.5268920425846,14.648733463624001,41.11342281727038,50.41903214547754,0.0,0.0,0.0,0.0,0.0,0.0,0.0,Eduardo Valencia,0.2937853107344633,1.886893022759981,0.2539931152261386,,,HIT,-1.0072342813563773,0.0,0.0,7.112850095564042,15.688126684981007,15.688126684981007
30080,1.381422531332236,0.741524166454717,1.4357841293312599,0.3537322582165535,-0.14637393416688319,0.0,0.0,0.0,0.0,0.0,3.766089151167883,394.76782077393074,355.60982852228744,87.7466973821132,10.263584290737008,46.697897671796824,48.55853201236922,6.050047505869109,0.0,0.0,0.0,0.0,0.0,0.0,Hao-Yu Lee,0.4908350305498982,1.5198807208341287,0.24674992180823196,,,HIT,-1.011462686530225,0.0,0.0,5.728744812433376,6.9826374929697,6.9826374929697
16505,1.5762431331901727,0.938214174724846,1.468036014692182,0.12362641171594857,-0.3671607234733921,0.0,0.0,0.0,0.0,0.0,3.7389590108497575,430.5,383.4440971602072,91.04936274491226,12.98601003267607,53.28365425500966,49.64929780073815,2.114440078585462,0.0,0.0,0.0,0.0,0.0,0.0,Matt Chapman,0.5,1.3937282229965158,0.23745146533543016,,,HIT,-1.0385928268483506,0.0,0.0,5.220674533549176,3.787071103970501,3.787071103970501
22239,1.2309903762113916,0.8952227596648658,1.6069765136827405,0.2818413618389962,-0.28692220700447413,0.0,0.0,0.0,0.0,0.0,3.72810880439352,395.0,365.47706664993973,87.8648712498117,12.390957258663596,41.61265747406651,54.348295742155706,4.82046403356542,0.0,0.0,0.0,0.0,0.0,0.0,Jeremiah Jackson,0.5,1.518987341772152,0.24041144921952162,,,HIT,-1.049443033304588,0.0,0.0,5.673062853568302,6.632419415632761,6.632419415632761
19853,0.0,0.0,0.0,0.0,0.0,2.47609070926903,0.0,2.652379702841053,-0.5037893676105315,-0.9131210925818017,3.71155995191775,0.0,0.0,127.75995955048958,0.0,0.0,0.0,0.0,143.7,9.087193188108783,0.0,139.40499427780225,61.06358673977484,55.21627032867931,Michael King,0.5,1.0438413361169103,,3.824441758232245,1.2733210151647105,PIT,-1.0659918857803583,0.0,0.0,3.880882336934534,0.0,0.0
23691,1.3942326129077403,0.5775928024352128,1.2545827090016584,0.5223940127683384,-0.038013733191570795,0.0,0.0,0.0,0.0,0.0,3.710788403921379,405.0,369.49937263931287,93.10488628774613,7.994577495511513,47.13093236249596,42.43026050552373,8.934748020903399,0.0,0.0,0.0,0.0,0.0,0.0,José Tena,0.5,1.4814814814814814,0.251975762834733,,,HIT,-1.066763433776729,0.0,0.0,5.498207837882847,5.532648706156325,5.532648706156325
29487,1.375317658610164,0.4711096415032289,1.0615322889236858,0.7885969834920928,0.0025509866202649925,0.0,0.0,0.0,0.0,0.0,3.6991075591494362,354.3827160493828,311.92781677453763,79.18237119077718,6.520722768706368,46.4915272708452,35.90125324610809,13.48774137017332,0.0,0.0,0.0,0.0,0.0,0.0,Blake Dunn,0.38271604938271603,1.693084828427103,0.2538483807233211,,,HIT,-1.0784442785486719,0.0,0.0,6.26197915236149,10.336476134892754,10.336476134892754
31443,1.3301817457034846,0.6895925849009564,1.4690661805668561,0.2795750508623106,-0.0788510654634076,0.0,0.0,0.0,0.0,0.0,3.6895644965702,394.5,355.1011642142009,88.76087644735466,9.544788884274885,44.965743381822804,49.684138235021756,4.781702261763352,0.0,0.0,0.0,0.0,0.0,0.0,Sterlin Thompson,0.2469879518072289,1.520912547528517,0.24995940704326483,,,HIT,-1.0879873411279082,0.0,0.0,5.6137828510492565,6.259571029370776,6.259571029370776
27572,0.0,0.0,0.0,0.0,0.0,2.2485129616274957,0.27532839913885776,1.905933008455858,0.1137740444165734,-0.8578886393083444,3.6856597743304413,0.0,0.0,114.93912464997521,0.0,0.0,0.0,0.0,120.19999999999999,8.25198834266764,1.809888837550245,100.17290505317423,47.47059970729992,39.34267977370559,Carmen Mlodzinski,0.5,1.0,,3.554371026336933,1.2835424660871948,PIT,-1.0918920633676668,0.0,0.0,3.6856597743304413,0.0,0.0
25055,1.3588319982523274,0.5732906811094746,1.30843401648399,0.8445361029448721,-0.40109187540135655,0.0,0.0,0.0,0.0,0.0,3.684000923389308,380.8839590443686,344.0324358781036,80.50667827991556,7.935030973829286,45.934242542254715,44.25152345506385,14.44449417477225,0.0,0.0,0.0,0.0,0.0,0.0,Nate Eaton,0.14675767918088736,1.5752829326427655,0.23400897672462606,,,HIT,-1.0935509143088002,0.0,0.0,5.818909831680891,7.549740740188957,7.549740740188957
27573,1.5678090909873994,0.8950325064139226,1.5332466763221004,0.4980821526325335,-0.8110009015290814,0.0,0.0,0.0,0.0,0.0,3.6831695248268748,382.5,344.179008908686,73.61445612690717,12.388323925367153,52.99854811926067,51.85473658196986,8.518930957683741,0.0,0.0,0.0,0.0,0.0,0.0,Gage Workman,0.16666666666666666,1.5686274509803921,0.2138842120567492,,,HIT,-1.0943823128712333,0.0,0.0,5.809187676125385,7.488592125886961,7.488592125886961
35423,1.5172469733732412,0.685725062025019,1.5844949915901894,0.2802278484613094,-0.3861276065180816,0.0,0.0,0.0,0.0,0.0,3.6815672689316776,461.0,417.95874536691133,99.45600442374284,9.49125772665487,51.28933566553136,53.587965767811724,4.792867363033935,0.0,0.0,0.0,0.0,0.0,0.0,Braden Montgomery,0.5,1.3015184381778742,0.23795651012502178,,,HIT,-1.0959845687664305,0.0,0.0,4.79949744819487,1.1380294384539367,1.1380294384539367
22054,1.1669667064023779,0.5892907355473387,1.2385994376778477,0.7009662047799454,-0.016984946076726626,0.0,0.0,0.0,0.0,0.0,3.6788381383307827,348.5,315.47739590573593,79.75420451897843,8.156490927271582,39.448387879859936,41.88970278769944,11.988951361996493,0.0,0.0,0.0,0.0,0.0,0.0,Dane Myers,0.5,1.721664275466284,0.2528048143988384,,,HIT,-1.0987136993673254,0.0,0.0,6.333754404808217,10.787914831099132,10.787914831099132
27498,0.0,0.0,0.0,0.0,0.0,2.2454680685711197,0.0,2.3270199610027595,-0.5916067179633843,-0.3049871525943508,3.6758941590161442,0.0,0.0,89.72428084037001,0.0,0.0,0.0,0.0,103.875,8.240813658583233,0.0,122.30458708474035,45.55562022119762,37.00164941302219,Spencer Strider,0.375,1.444043321299639,,3.9470573476849924,1.2199848881192992,PIT,-1.1016576786819638,0.0,0.0,5.350587227365672,4.604171916826665,4.604171916826665
20450,1.4048230257516605,0.7855803884696502,1.3613282966942555,0.7676419992948589,-0.6473918749296799,0.0,0.0,0.0,0.0,0.0,3.6719818352807447,358.2274368231047,316.6008690484468,69.42173952100227,10.873375270771511,47.48893290474174,46.04041953379242,13.129338519053112,0.0,0.0,0.0,0.0,0.0,0.0,Brewer Hicklen,0.09747292418772563,1.6749135837305626,0.21927210664219385,,,HIT,-1.1055700024173634,0.0,0.0,6.179589811451214,9.818278909889003,9.818278909889003
31431,1.2863425966831445,0.7258302795906306,1.273206336603453,0.5645597856597805,-0.1788221341667515,0.0,0.0,0.0,0.0,0.0,3.6711168643702567,402.30541871921184,365.70984039772,89.75640649633173,10.04636206391606,43.48379557183871,43.06011564782106,9.655928866555135,0.0,0.0,0.0,0.0,0.0,0.0,Jordan Beck,0.3842364532019704,1.4914042219718862,0.2454306572629248,,,HIT,-1.1064349733278513,0.0,0.0,5.480769651264635,5.4229692280246065,5.4229692280246065
23698,1.3196825972864612,0.9092872772670378,1.307624191054268,0.5268182820662141,-0.3961655221804414,0.0,0.0,0.0,0.0,0.0,3.66724682549354,395.28289473684214,365.21582178332227,85.94686935988916,12.58562705966092,44.61082796145078,44.224134982625515,9.01041835859287,0.0,0.0,0.0,0.0,0.0,0.0,Ronny Mauricio,0.17763157894736842,1.5179002380040942,0.2353317250611347,,,HIT,-1.110305012204568,0.0,0.0,5.580656523386449,6.051219185797638,6.051219185797638
27569,1.8027053026272104,0.6687164604555063,1.498092364425774,0.4295579211262201,-0.7328049454799261,0.0,0.0,0.0,0.0,0.0,3.6662671031547838,483.22222222222223,422.59536310621877,94.70702229960024,9.255838270656714,60.93902904081479,50.6658100959349,7.346929122152621,0.0,0.0,0.0,0.0,0.0,0.0,Trei Cruz,0.0421455938697318,1.2416647505173604,0.22410804889923924,,,HIT,-1.1112847345433243,0.0,0.0,4.564082900543685,0.0,0.0
17932,1.153702445035235,0.4334884259433327,1.1531563810383618,0.9354829240554565,-0.01115440548539226,0.0,0.0,0.0,0.0,0.0,3.6646757705869937,349.0,320.0,81.0,6.0,39.0,39.0,16.0,0.0,0.0,0.0,0.0,0.0,0.0,Andrew Stevenson,0.0,1.7191977077363896,0.253125,,,HIT,-1.1128760671111144,0.0,0.0,6.300044234779624,10.575890843891305,10.575890843891305
33197,1.4218904277465219,0.3237437737052094,1.2327694142190797,0.5821362675102537,0.10180830357509248,0.0,0.0,0.0,0.0,0.0,3.662348186756157,408.5,372.5386904761905,96.2484730514906,4.4810023197370965,48.065882949932345,41.692530124363685,9.956547619047619,0.0,0.0,0.0,0.0,0.0,0.0,Ben Williamson,0.5,1.4687882496940023,0.2583583276369572,,,HIT,-1.1152036509419512,0.0,0.0,5.375285359060809,4.759513653582823,4.759513653582823
22165,1.2365929268914704,0.825516051840024,1.39645300435836,0.32415757252988897,-0.12618993112751273,0.0,0.0,0.0,0.0,0.0,3.6565296244922307,361.5,324.05452839850244,80.0894371392973,11.42613277450603,41.8020472751052,47.22834479824491,5.544217886943237,0.0,0.0,0.0,0.0,0.0,0.0,Ryan Vilade,0.5,1.6597510373443984,0.24714802639884176,,,HIT,-1.1210222132058774,0.0,0.0,6.073981123062097,9.154040931348499,9.154040931348499
19470,1.3654665842839906,0.6542579071773417,1.200126484107911,0.434225224303259,0.0015717052568902632,0.0,0.0,0.0,0.0,0.0,3.655647905129393,352.0,320.9154085475684,81.44674601317753,9.055714543061901,46.158519483287776,40.58853911735972,7.426756181431145,0.0,0.0,0.0,0.0,0.0,0.0,Tommy Edman,0.5,1.7045454545454546,0.25379506201275126,,,HIT,-1.1219039325687152,0.0,0.0,6.230325861173688,10.137389123459835,10.137389123459835
29539,1.3946696684260138,1.0675104753802795,1.4620342232861787,0.1410531535962899,-0.41248506908718074,0.0,0.0,0.0,0.0,0.0,3.652782451601581,388.71794871794873,351.2204092204092,82.13153754259136,14.77562598896002,47.14570667911982,49.446315908010504,2.4124977586516048,0.0,0.0,0.0,0.0,0.0,0.0,Abimelec Ortiz,0.358974358974359,1.5435356200527703,0.23384614158640626,,,HIT,-1.1247693860965269,0.0,0.0,5.653347147071226,6.508415214568703,6.508415214568703
22823,1.338031540415375,0.7693721171617143,1.1817680800433885,0.9645517810982498,-0.6274048950966931,0.0,0.0,0.0,0.0,0.0,3.6263186236220344,416.5,379.48074050362777,85.62686599028773,10.649033345987737,45.23109949256103,39.96765389286687,16.497178196121858,0.0,0.0,0.0,0.0,0.0,0.0,Oswald Peraza,0.5,1.440576230492197,0.2256421916871145,,,HIT,-1.1512332140760737,0.0,0.0,5.243080964277775,3.927998924214181,3.927998924214181
17988,1.3871158493375966,1.0196519430058262,1.5758178724386132,0.0,-0.3611254312213269,0.0,0.0,0.0,0.0,0.0,3.621460233560709,428.0,381.303900988367,90.61053185991318,14.113206470787562,46.890355790581765,53.29450370795931,0.0,0.0,0.0,0.0,0.0,0.0,0.0,Tyler Stephenson,0.5,1.4018691588785046,0.23763337229187587,,,HIT,-1.1560916041373992,0.0,0.0,5.086427101074609,2.942706454325359,2.942706454325359
33530,1.4626143311312874,0.3891700247622359,1.2393009501992127,0.9952580038897444,-0.46696200637248714,0.0,0.0,0.0,0.0,0.0,3.619381303609993,410.0,364.0933917369673,84.46307555280707,5.386580145691498,49.44252234151944,41.91342809398322,17.022361020982046,0.0,0.0,0.0,0.0,0.0,0.0,Cooper Pratt,0.5,1.4634146341463414,0.23198189659488763,,,HIT,-1.1581705340881152,0.0,0.0,5.3111025958472595,4.355828790676168,4.355828790676168
37122,1.3554237062715435,0.5087052319753191,1.2115949125733079,0.9175667612822108,-0.38321111913045103,0.0,0.0,0.0,0.0,0.0,3.6100794929719306,391.73348519362185,353.9772244318199,83.32409349461581,7.041090855447464,45.81902792359582,40.97640386623944,15.693571526533885,0.0,0.0,0.0,0.0,0.0,0.0,Sung-Mun Song,0.4305239179954442,1.5316535927569184,0.23539393990209953,,,HIT,-1.1674723447261774,0.0,0.0,5.543113531952669,5.815088228025918,5.815088228025918
33433,1.609026025618697,0.6619588769128765,1.433384065371876,0.7695355736568349,-0.8763670058800881,0.0,0.0,0.0,0.0,0.0,3.5975375356801966,425.34883720930225,374.17749560236376,80.06314201193871,9.162305205344657,54.3918540427577,48.47736132645437,13.161725202992006,0.0,0.0,0.0,0.0,0.0,0.0,George Lombard Jr.,0.4186046511627907,1.4106068890103884,0.2139710243210921,,,HIT,-1.1800143020179115,0.0,0.0,5.098933226286507,3.0213651656192444,3.0213651656192444
23590,0.0,0.0,0.0,0.0,0.0,1.6323584595770622,0.17616015329574952,1.6959979103787317,-0.0985884985598888,0.19058644275337688,3.596514467445031,0.0,0.0,72.20317056608711,0.0,0.0,0.0,0.0,87.15,5.990716179699031,1.158000032209971,89.13903945889155,35.59705902889919,27.533690923064977,Ben Brown,0.5,1.0,,3.6761162508329623,1.1444275558135637,PIT,-1.181037370253077,0.0,0.0,3.596514467445031,0.0,0.0
23695,1.3900923678512649,0.9759301823646723,1.1855884471810563,0.3670364644314791,-0.32334270892386935,0.0,0.0,0.0,0.0,0.0,3.5953047529046036,331.62149532710276,298.6838844761417,70.34565090365078,13.508044837518911,46.99097464818462,40.09685954165744,6.277595539045383,0.0,0.0,0.0,0.0,0.0,0.0,Everson Pereira,0.4158878504672897,1.8092916425944454,0.23551873589373334,,,HIT,-1.1822470847935045,0.0,0.0,6.522377787373148,11.97428326585107,11.97428326585107
27932,0.0,0.0,0.0,0.0,0.0,2.1120400742650234,0.27532839913885776,2.40069341898244,-1.1288537938475203,-0.0651861064541541,3.5940219920846457,0.0,0.0,108.33665399865326,0.0,0.0,0.0,0.0,121.69999999999999,7.75113613731047,1.809888837550245,126.17675062794731,56.33448588477584,35.8012004298955,Ian Seymour,0.5,1.0,,4.166067156639134,1.1843702089445256,PIT,-1.1835298456134624,0.0,0.0,3.5940219920846457,0.0,0.0
20404,1.2969583447824458,0.9065976140043913,1.399764571428218,0.2354042301373181,-0.24928821179211488,0.0,0.0,0.0,0.0,0.0,3.589436548560258,365.5,323.87452908378543,77.96852885942765,12.548398892517218,43.842652552383726,47.34034271790969,4.026228149487642,0.0,0.0,0.0,0.0,0.0,0.0,Jared Young,0.5,1.6415868673050615,0.24073683435370558,,,HIT,-1.18811528913785,0.0,0.0,5.902681376081319,8.076631492839294,8.076631492839294
29905,1.1372710352321929,0.7170777011519385,1.343438362141127,0.9383532375259946,-0.5469393815212101,0.0,0.0,0.0,0.0,0.0,3.5892009545300425,354.42028985507244,316.8272697640366,71.17077113370202,9.925215875253993,38.44454916856914,45.43537805022211,16.049092307670907,0.0,0.0,0.0,0.0,0.0,0.0,Kahlil Watson,0.2753623188405797,1.6929053363320385,0.22463587552519665,,,HIT,-1.1883508831680656,0.0,0.0,6.101778413746594,9.32887518461696,9.32887518461696
25353,1.2608626645714653,0.2788288812591183,1.2629269882222667,0.22484263961590276,0.5604040562810043,0.0,0.0,0.0,0.0,0.0,3.5878652299497578,412.843137254902,359.96629745000325,100.82364406894241,3.8593263105331617,42.62246658997533,42.71246584640793,3.8455883494471794,0.0,0.0,0.0,0.0,0.0,0.0,Michael Stefanic,0.0196078431372549,1.45333649964379,0.2800918996672073,,,HIT,-1.1896866077483503,0.0,0.0,5.196557472889658,3.635384080249566,3.635384080249566
24618,1.3267028753965546,0.8835593788626738,1.36614099599417,0.0896279100806056,-0.08150312641574743,0.0,0.0,0.0,0.0,0.0,3.584528033918257,382.5,338.69886659718605,84.55649695444161,12.22952207233569,44.84814291858887,46.203186072470935,1.532947875812512,0.0,0.0,0.0,0.0,0.0,0.0,Ryan Jeffers,0.5,1.5686274509803921,0.24965095928414932,,,HIT,-1.1930238037798513,0.0,0.0,5.625331417154588,6.332207062654166,6.332207062654166
16375,1.3311951288868094,0.5057364969338881,1.2418607180413128,0.9354829240554565,-0.42991625824117025,0.0,0.0,0.0,0.0,0.0,3.5843590096762963,386.0,340.0,79.0,6.999999999999999,45.0,42.0,16.0,0.0,0.0,0.0,0.0,0.0,0.0,Óscar Mercado,0.0,1.5544041450777202,0.2323529411764706,,,HIT,-1.1931928280218118,0.0,0.0,5.587279056473811,6.092872368484265,6.092872368484265
31567,1.3914228534406752,0.48114966356253647,1.4181198028495499,0.5534840698800684,-0.2634747875281524,0.0,0.0,0.0,0.0,0.0,3.5807016022046776,471.9805447470817,441.6877583699574,107.55751232167205,6.65968872200663,47.035950662762986,47.96112064291874,9.46649574285133,0.0,0.0,0.0,0.0,0.0,0.0,Trey Lipscomb,0.027237354085603113,1.2712388395617442,0.2435148139912493,,,HIT,-1.1968502354934305,0.0,0.0,4.556809372807523,0.0,0.0
31837,1.1666521255101976,0.5483129988505145,1.291714395941934,0.2046368896371311,0.3654542904656951,0.0,0.0,0.0,0.0,0.0,3.5767707004054725,374.0,338.5,92.0559190859267,7.589309878213802,39.43775372124493,43.68606224627876,3.4999999999999996,0.0,0.0,0.0,0.0,0.0,0.0,Masataka Yoshida,0.5,1.6042780748663101,0.27195249360687357,,,HIT,-1.2007811372926356,0.0,0.0,5.721873297833933,6.939418312458448,6.939418312458448
21797,1.2302537434577885,1.0068742525670555,1.4915830427571724,0.04950043768206366,-0.20541094180452477,0.0,0.0,0.0,0.0,0.0,3.5728005346595553,343.49433106575964,309.2227878301737,74.99677548666592,13.936347901920843,41.58775618559811,50.44566341917032,0.846629032499654,0.0,0.0,0.0,0.0,0.0,0.0,Andrés Chaparro,0.4331065759637188,1.746753718288102,0.24253314580377705,,,HIT,-1.2047513030385528,0.0,0.0,6.250695825380266,10.265508353552596,10.265508353552596
25621,1.508687812738384,0.9392249228772208,1.7740867400590183,0.29233841376733016,-0.9418337954986048,0.0,0.0,0.0,0.0,0.0,3.5725040939433494,474.0,430.0,93.0,13.0,51.0,60.00000000000001,5.0,0.0,0.0,0.0,0.0,0.0,0.0,Bryan Ramos,0.0,1.2658227848101267,0.21627906976744185,,,HIT,-1.2050477437547586,0.0,0.0,4.53953203308399,0.0,0.0
26365,1.1268293452645282,0.6771583354180082,1.1770000408397412,0.7731682278479857,-0.18412584222981815,0.0,0.0,0.0,0.0,0.0,3.570030107140445,329.5,300.51685229688513,73.14917384312297,9.372683950364973,38.09157608569898,39.806397768372456,13.22385617894445,0.0,0.0,0.0,0.0,0.0,0.0,Jonny DeLuca,0.5,1.8209408194233687,0.24341122064881004,,,HIT,-1.207521730557663,0.0,0.0,6.51059436863353,11.900170099943157,11.900170099943157
17954,1.4495235847878591,0.7947287808961099,1.2418607180413128,0.5262091447811943,-0.4461892005402681,0.0,0.0,0.0,0.0,0.0,3.566133027966207,393.0,349.0,81.0,11.0,49.0,42.0,9.0,0.0,0.0,0.0,0.0,0.0,0.0,Sam Hilliard,0.0,1.5267175572519085,0.23209169054441262,,,HIT,-1.2114188097319012,0.0,0.0,5.460140978078557,5.293222818083347,5.293222818083347
14107,0.0,0.0,0.0,0.0,0.0,2.755235384844298,0.0,2.9272526076446166,-1.0776575866799492,-1.0424763358630047,3.56235406994596,0.0,0.0,158.15056361263933,0.0,0.0,0.0,0.0,160.55,10.111647415447353,0.0,153.85189103252378,71.79134521854854,46.8050095946498,Kevin Gausman,0.5,1.0,,4.024429193191758,1.2765840747884718,PIT,-1.215197767752148,0.0,0.0,3.56235406994596,0.0,0.0
20529,1.3730797287654823,0.7121005938869466,1.3730961374766346,0.460363427847651,-0.3564297493859301,0.0,0.0,0.0,0.0,0.0,3.5622101385907845,430.57142857142856,378.40743701474446,89.95757704216767,9.856326738191186,46.415875819885564,46.43841047245377,7.8738100462919425,0.0,0.0,0.0,0.0,0.0,0.0,Nolan Jones,0.007936507936507936,1.3934970139349703,0.23772676814135268,,,HIT,-1.2153416991073236,0.0,0.0,4.973091166272783,2.2298670717228095,2.2298670717228095
16496,1.360777242862072,0.36124035495277723,1.034883931701094,1.2278213378227867,-0.42658466660830613,0.0,0.0,0.0,0.0,0.0,3.558138200730424,361.0,320.0,74.0,5.0,46.0,35.0,21.0,0.0,0.0,0.0,0.0,0.0,0.0,Forrest Wall,0.0,1.6620498614958448,0.23125,,,HIT,-1.2194136369676842,0.0,0.0,5.932558713865696,8.264548441309902,8.264548441309902
18123,1.3298521606712908,0.5418605324291659,1.301392765593989,0.14877937129230195,0.2353210593925692,0.0,0.0,0.0,0.0,0.0,3.5572058893793166,405.0,364.82142857142856,96.55142156409369,7.5,44.95460202010439,44.01338681616083,2.544642857142857,0.0,0.0,0.0,0.0,0.0,0.0,Nathan Lukes,0.5,1.4814814814814814,0.2646539210763214,,,HIT,-1.2203459483187915,0.0,0.0,5.261428365135318,4.043397009759788,4.043397009759788
29614,1.407585412910565,0.6865945082686042,1.4621511756364833,0.4514185010647975,-0.4632724020392428,0.0,0.0,0.0,0.0,0.0,3.544477195841207,438.09790209790214,393.3542014042804,91.92074740277775,9.503291905999243,47.58231322101036,49.45027126197366,7.720820798871781,0.0,0.0,0.0,0.0,0.0,0.0,Chad Stevens,0.1258741258741259,1.3695568892861703,0.23368441744010693,,,HIT,-1.2330746418569012,0.0,0.0,4.865912188419918,1.5557525771964156,1.5557525771964156
25822,1.4495235847878591,0.8669768518866654,1.5671099537187994,0.1754030482603981,-0.5158133315488945,0.0,0.0,0.0,0.0,0.0,3.543200107104827,464.0,417.0,97.0,12.0,49.0,53.0,3.0,0.0,0.0,0.0,0.0,0.0,0.0,Andre Lipcius,0.0,1.293103448275862,0.23261390887290168,,,HIT,-1.2343517305932812,0.0,0.0,4.591970526081078,0.0,0.0
29837,0.0,0.0,0.0,0.0,0.0,1.6898642275529543,0.0,2.1320035358362937,-0.5892425936363539,0.30882417707110477,3.541449346823999,0.0,0.0,104.97606634012831,0.0,0.0,0.0,0.0,120.5,6.201760961326501,0.0,112.0548239737919,52.26135094611651,32.12994499454869,Bryce Miller,0.5,1.2448132780082988,,3.903337415062644,1.137809222694415,PIT,-1.2361024908741092,0.0,0.0,4.415884554972764,0.0,0.0
25977,0.0,0.0,0.0,0.0,0.0,2.4523321912625873,0.07699190745264124,2.2451190257326443,-0.7059484898160393,-0.5277870494541737,3.540707585177659,0.0,0.0,126.0,0.0,0.0,0.0,0.0,137.7,9.0,0.5061112268696969,118.0,60.0,44.0,Quinn Priester,0.0,1.0,,3.9215686274509807,1.234567901234568,PIT,-1.236844252520449,0.0,0.0,3.540707585177659,0.0,0.0
27782,0.0,0.0,0.0,0.0,0.0,2.54073998898444,0.0,2.1906426614243677,-0.9703899379754496,-0.22059923162502756,3.5403934808083304,0.0,0.0,136.5968920946966,0.0,0.0,0.0,0.0,141.25,9.324454485543015,0.0,115.13680614938491,63.22025750175263,32.912792446311485,Brandon Pfaadt,0.5,1.0619469026548674,,4.02819339834176,1.200068563122181,PIT,-1.2371583568897777,0.0,0.0,3.7675590163529584,0.0,0.0
19363,1.3006387237227686,0.8219996438859205,1.2215000216768317,0.21618281056664115,-0.029994658491082384,0.0,0.0,0.0,0.0,0.0,3.5303265413610796,331.7535410764873,303.82833710418964,76.57967030174387,11.377461468741158,43.96706485582494,41.31139681376108,3.697475261302802,0.0,0.0,0.0,0.0,0.0,0.0,Austin Hays,0.29178470254957506,1.8085715017633144,0.25204913745580937,,,HIT,-1.2472252963370285,0.0,0.0,6.385642615285269,11.114271692102557,11.114271692102557
26244,1.4791056987631217,0.650232638914999,1.4488375043815316,0.9354829240554565,-0.9834176829690309,0.0,0.0,0.0,0.0,0.0,3.5302410831460778,452.0,405.0,86.0,9.0,50.0,49.0,16.0,0.0,0.0,0.0,0.0,0.0,0.0,Kenedy Corona,0.0,1.3274336283185841,0.2123456790123457,,,HIT,-1.2473107545520303,0.0,0.0,4.70826393347852,0.5642057662286979,0.5642057662286979
25467,1.4495235847878591,1.1559691358488873,1.5375418413844824,0.11693536550693207,-0.73040017159564,0.0,0.0,0.0,0.0,0.0,3.529569755932521,416.0,376.0,83.0,16.0,49.0,52.0,2.0,0.0,0.0,0.0,0.0,0.0,0.0,Will Robertson,0.0,1.4423076923076923,0.22074468085106383,,,HIT,-1.2479820817655871,0.0,0.0,5.11295334535741,3.109546315225435,3.109546315225435
19966,1.4791056987631217,1.0114729938677762,1.4192693920472146,0.29233841376733016,-0.6730908671875208,0.0,0.0,0.0,0.0,0.0,3.529095631257922,432.0,388.0,87.0,14.0,50.0,48.0,5.0,0.0,0.0,0.0,0.0,0.0,0.0,Bobby Dalbec,0.0,1.3888888888888888,0.22422680412371135,,,HIT,-1.2484562064401863,0.0,0.0,4.919388041447122,1.892095098416286,1.892095098416286
19858,1.3183568465827262,0.5198259719478723,1.3502824436534167,0.5254256310916535,-0.18875654456805727,0.0,0.0,0.0,0.0,0.0,3.525134348707611,418.0,382.3167787250756,93.79535585803177,7.195015241525632,44.56601200594322,45.666846377821315,8.986599200572998,0.0,0.0,0.0,0.0,0.0,0.0,Luis Rengifo,0.5,1.4354066985645932,0.24533413409375923,,,HIT,-1.2524174889904969,0.0,0.0,5.0653475857478725,2.81012442094516,2.81012442094516
27494,0.0,0.0,0.0,0.0,0.0,1.0617831438615726,1.9611885784716983,1.322739938428423,-0.24517299032471473,-0.5765396339432757,3.5239990364937035,0.0,0.0,48.68259560416151,0.0,0.0,0.0,0.0,61.35245901639344,3.8967185313643036,12.891998528334904,69.52117502261139,26.16039108799546,31.809496036378814,Clayton Beeter,0.4262295081967213,1.939187314135455,,3.8375563680185727,1.3119619479152866,PIT,-1.2535528012044046,0.0,0.0,6.900592709957913,14.353109472894918,14.353109472894918
17684,1.2128666729857598,0.650232638914999,1.2714288303756298,0.29233841376733016,0.0933492804113642,0.0,0.0,0.0,0.0,0.0,3.520215836455083,417.0,380.0,98.00000000000001,9.0,41.0,43.0,5.0,0.0,0.0,0.0,0.0,0.0,0.0,Vimael Machín,0.0,1.4388489208633093,0.2578947368421053,,,HIT,-1.2573360012430252,0.0,0.0,5.0616465399500035,2.786846268202609,2.786846268202609
19343,0.0,0.0,0.0,0.0,0.0,1.6348881275083915,0.07699190745264124,1.312823837080953,0.4312162900191322,0.05072957296240366,3.506649735023522,0.0,0.0,47.0,0.0,0.0,0.0,0.0,56.7,6.0,0.5061112268696969,69.0,20.0,19.0,A.J. Puk,0.0,1.146384479717813,,3.1746031746031744,1.164021164021164,PIT,-1.2709021026745861,0.0,0.0,4.0166437814085745,0.0,0.0
33549,1.4842404428249902,0.696828917060842,1.3440382463014358,0.2365030262019786,-0.2700736965790969,0.0,0.0,0.0,0.0,0.0,3.4915369358101493,385.06434316353887,341.04310265145136,81.96462521197927,9.644948404946815,50.17357596776763,45.45566626319716,4.045021370168094,0.0,0.0,0.0,0.0,0.0,0.0,Kyle Teel,0.3297587131367292,1.558181147261347,0.2403350912970896,,,HIT,-1.2860149018879588,0.0,0.0,5.450213197315076,5.23078090041242,5.23078090041242
19955,1.567852040688909,0.5057364969338881,1.2418607180413128,0.1754030482603981,-0.0016244805769456293,0.0,0.0,0.0,0.0,0.0,3.489227823347562,462.0,410.0,104.0,7.0,53.0,42.0,3.0,0.0,0.0,0.0,0.0,0.0,0.0,Gavin Lux,0.0,1.2987012987012987,0.25365853658536586,,,HIT,-1.2883240143505459,0.0,0.0,4.531152697953012,0.0,0.0
25332,1.3734805222573239,0.7289748572675238,1.1406953825237864,0.30966059151768816,-0.0655695355208127,0.0,0.0,0.0,0.0,0.0,3.4872418180455096,335.0,302.18506772938184,75.56475110629816,10.089886792449008,46.429424327344385,38.57856631584448,5.296269271067206,0.0,0.0,0.0,0.0,0.0,0.0,Endy Rodríguez,0.5,1.791044776119403,0.25006116838959513,,,HIT,-1.2903100196525985,0.0,0.0,6.248536093242379,10.25192447014924,10.25192447014924
30661,0.0,0.0,0.0,0.0,0.0,1.973530360106591,0.27532839913885776,1.7897149936258852,-0.45651062225569583,-0.10175441664987603,3.480308713965763,0.0,0.0,78.23335661379674,0.0,0.0,0.0,0.0,88.3734693877551,7.242808826733478,1.809888837550245,94.06466509228325,38.41165460368469,27.230762640683743,Didier Fuentes,0.489795918367347,1.0,,3.9118628455822804,1.1933911838601354,PIT,-1.2972431237323452,0.0,0.0,3.480308713965763,0.0,0.0
19455,1.2752469012633671,0.5342886768327736,1.1056259067531886,0.4652800994363802,0.09910708644208344,0.0,0.0,0.0,0.0,0.0,3.4795486707277927,345.0,308.5847672766705,79.95845782341993,7.3951964323395964,43.108714351170846,37.39250900606161,7.957902169618615,0.0,0.0,0.0,0.0,0.0,0.0,Andruw Monasterio,0.5,1.7391304347826086,0.25911343106489404,,,HIT,-1.2980031669703154,0.0,0.0,6.045428244604651,8.974454321975916,8.974454321975916
26224,1.3637731865768767,0.35979084564241065,1.2168526994110036,0.4340244103395265,0.09914844890865594,0.0,0.0,0.0,0.0,0.0,3.4735895908784733,422.3299232736573,381.48213427695964,98.47495909166142,4.979937051737256,46.10127551118592,41.15422336239961,7.423321566712801,0.0,0.0,0.0,0.0,0.0,0.0,Darell Hernaiz,0.36061381074168797,1.4206902398701637,0.2581378005507531,,,HIT,-1.3039622468196348,0.0,0.0,4.931474589784793,1.9681148327563844,1.9681148327563844
19197,1.370516890611768,0.8619089921906362,1.3053513532425876,0.04566226078288854,-0.11085990864738346,0.0,0.0,0.0,0.0,0.0,3.472579588180497,365.5,319.40419144649184,79.1689096737741,11.929854740388963,46.329241100140464,44.1472671127398,0.7809829059829061,0.0,0.0,0.0,0.0,0.0,0.0,Will Smith,0.5,1.6415868673050615,0.24786434177723324,,,HIT,-1.3049722495176113,0.0,0.0,5.70464958155873,6.831087770188641,6.831087770188641
31665,1.516254325603827,0.7084748176909612,1.3625090732075258,0.37902614553980574,-0.4967337353090074,0.0,0.0,0.0,0.0,0.0,3.4695306267331123,422.5330578512396,374.17835582241594,86.50649645297378,9.806141644717073,51.2557799916453,46.08035365268102,6.482660637296022,0.0,0.0,0.0,0.0,0.0,0.0,Alex Freeland,0.4834710743801653,1.4200072369514833,0.23119054083937857,,,HIT,-1.3080212109649958,0.0,0.0,4.94068064687921,2.026017386495081,2.026017386495081
27562,1.289047316745732,1.1360384804109982,1.6188174530731734,0.23066856535817742,-0.8053309957412975,0.0,0.0,0.0,0.0,0.0,3.469240819846784,418.5,375.24313584645444,81.53726568339938,15.72413581200674,43.575226497459816,54.74875889166458,3.9452318699000113,0.0,0.0,0.0,0.0,0.0,0.0,Austin Wells,0.5,1.4336917562724014,0.21729182467114755,,,HIT,-1.3083110178513242,0.0,0.0,4.997721392562449,2.384781709629898,2.384781709629898
22766,1.4453475933765625,0.3437157649985334,1.0434756563905017,1.383860890178325,-0.7501477921498793,0.0,0.0,0.0,0.0,0.0,3.4662521127940433,371.7859922178988,324.8952252567683,69.78197770097773,4.757438645572493,48.85883390839516,35.29057400054031,23.668817114122554,0.0,0.0,0.0,0.0,0.0,0.0,Steward Berroa,0.027237354085603113,1.613831646589708,0.2147830201131096,,,HIT,-1.3112997249040648,0.0,0.0,5.624645061730691,6.327890151363211,6.327890151363211
26466,1.3469594076136504,1.1248925496592994,1.4164302340323696,0.10362287140506772,-0.5274016910233608,0.0,0.0,0.0,0.0,0.0,3.4645033716870266,371.83777239709445,325.0877735396344,73.5863402853678,15.56986275531633,45.532898992277005,47.90397905748113,1.7723102152346688,0.0,0.0,0.0,0.0,0.0,0.0,Matt Wallner,0.3946731234866828,1.6136069128535055,0.2263583754139441,,,HIT,-1.3130484660110815,0.0,0.0,5.611719454765122,6.246593061387203,6.246593061387203
15491,1.6653590963431597,0.8130078929039612,1.379499376427804,0.19922129556543663,-0.5930735004087794,0.0,0.0,0.0,0.0,0.0,3.464014160831582,525.0,461.6159377462569,106.94411255712342,11.253004845073868,56.29614900868104,46.65496940860668,3.407374573154715,0.0,0.0,0.0,0.0,0.0,0.0,J.P. Crawford,0.5,1.1428571428571428,0.23167335399911804,,,HIT,-1.3135376768665261,0.0,0.0,3.9645202936284765,0.0,0.0
27770,1.1675493154495964,0.5915914474360261,1.167640991384003,0.6623643558395965,-0.1251761792704455,0.0,0.0,0.0,0.0,0.0,3.463969930838777,349.2857142857143,314.3015772010363,77.63422214328612,8.18833554065909,39.46808251857662,39.48987267708768,11.328725967001501,0.0,0.0,0.0,0.0,0.0,0.0,Zac Veen,0.2857142857142857,1.7177914110429449,0.2470055124592297,,,HIT,-1.3135819068593313,0.0,0.0,5.9558462371534775,8.411017994429407,8.411017994429407
23395,1.2853245166794185,0.7176114049324964,1.2654400939190098,0.20040477992839667,-0.013988202648875894,0.0,0.0,0.0,0.0,0.0,3.4547925928104455,389.33333333333337,357.6073172564045,90.49486281526461,9.932602976020016,43.449380181357235,42.79745962850427,3.427616257230862,0.0,0.0,0.0,0.0,0.0,0.0,Eric Wagaman,0.1830065359477124,1.5410958904109588,0.2530565188362177,,,HIT,-1.3227592448876626,0.0,0.0,5.324082926311943,4.437470070386804,4.437470070386804
24388,1.301613014911547,0.5057364969338881,1.1531563810383618,0.6431445102881264,-0.14897221231734892,0.0,0.0,0.0,0.0,0.0,3.4546781908545743,359.0,341.0,84.0,7.0,44.0,39.0,11.0,0.0,0.0,0.0,0.0,0.0,0.0,José Rodríguez,0.0,1.6713091922005572,0.24633431085043989,,,HIT,-1.3228736468435338,0.0,0.0,5.780433432624399,7.307739007939096,7.307739007939096
33795,1.762411817023021,0.0,1.0441686292929417,0.9264504591448024,-0.2839191216912787,0.0,0.0,0.0,0.0,0.0,3.4491117837694865,453.09929078014187,391.2352367890726,94.43609163874166,0.0,59.57693958237094,35.31401049505186,15.845513547223339,0.0,0.0,0.0,0.0,0.0,0.0,Rikuu Nishida,0.11347517730496454,1.3242130636905787,0.2413793103448276,,,HIT,-1.3284400539286216,0.0,0.0,4.573192134072782,0.0,0.0
22217,1.2173790324078744,0.8062747549007464,1.2443778091783915,0.023531782225577752,0.1551742131960412,0.0,0.0,0.0,0.0,0.0,3.446737591908631,336.7717842323651,301.7854350395923,79.17387116580296,11.159810135361894,41.15253674655868,42.08512857055665,0.4024750275259158,0.0,0.0,0.0,0.0,0.0,0.0,Luis Campusano,0.48132780082987553,1.7816219413025802,0.26235153182729265,,,HIT,-1.330814245789477,0.0,0.0,6.131410700651946,9.515250857431127,9.515250857431127
19844,1.360777242862072,0.7224807099055545,1.3305650550442636,0.23387073101386413,-0.20258926852565473,0.0,0.0,0.0,0.0,0.0,3.445104470300099,431.0,388.0,95.0,10.0,46.0,45.0,4.0,0.0,0.0,0.0,0.0,0.0,0.0,Abraham Toro,0.0,1.3921113689095128,0.24484536082474226,,,HIT,-1.332447367398009,0.0,0.0,4.801086349050093,1.14802301292468,1.14802301292468
19294,1.3643063618081799,0.5387354480219497,1.3615440159987586,0.27055358004909164,-0.09791375627384429,0.0,0.0,0.0,0.0,0.0,3.4372256496041356,385.0,343.7235576923077,85.55331988709841,7.456745081711252,46.11929907879671,46.04771520766108,4.627403846153847,0.0,0.0,0.0,0.0,0.0,0.0,Nick Solak,0.038461538461538464,1.5584415584415585,0.24890153139775045,,,HIT,-1.3403261880939725,0.0,0.0,5.3598742767378065,4.662583880800911,4.662583880800911
22514,1.1832845590104972,1.0837210648583318,1.4784056167158488,0.0,-0.3086214662317647,0.0,0.0,0.0,0.0,0.0,3.4367897743529126,377.0,324.0,77.0,15.0,40.0,50.00000000000001,0.0,0.0,0.0,0.0,0.0,0.0,0.0,Triston Casas,0.0,1.5915119363395225,0.23765432098765432,,,HIT,-1.3407620633451955,0.0,0.0,5.4812659822696075,5.426090958901667,5.426090958901667
21454,1.563044837329722,0.7508789541202818,1.2342557947746333,0.1947642978025871,-0.31064478782342636,0.0,0.0,0.0,0.0,0.0,3.4322990962037982,424.0,372.0242026266417,89.11963573438993,10.393065777748442,52.83749628700617,41.74279983853237,3.3311444652908064,0.0,0.0,0.0,0.0,0.0,0.0,Lars Nootbaar,0.5,1.4150943396226414,0.23955332772752194,,,HIT,-1.3452527414943098,0.0,0.0,4.865375145353855,1.5523747831339039,1.5523747831339039
29912,1.4791056987631217,0.07224807099055545,0.9461795946981431,1.0524182895623886,-0.12968791953477807,0.0,0.0,0.0,0.0,0.0,3.420263734479431,433.0,391.0,97.0,1.0,50.0,32.0,18.0,0.0,0.0,0.0,0.0,0.0,0.0,Darren Baker,0.0,1.3856812933025404,0.24808184143222506,,,HIT,-1.3572881032186772,0.0,0.0,4.742467293705913,0.7793317298523289,0.7793317298523289
22557,1.6168353116936012,0.5020776299832745,1.234389929112707,1.1600648552219937,-1.0936057146640656,0.0,0.0,0.0,0.0,0.0,3.419762011347511,453.19123505976097,398.62812939826006,82.52091083637717,6.949356890773015,54.655840791014924,41.74733629106464,19.841129331454884,0.0,0.0,0.0,0.0,0.0,0.0,Michael Siani,0.00398406374501992,1.3239444048843527,0.2070122621826631,,,HIT,-1.3577898263505972,0.0,0.0,4.551512076487928,0.0,0.0
25679,0.0,0.0,0.0,0.0,0.0,1.2446888186052987,0.5728331366681826,1.0436583346180623,0.07087673530577493,0.48181591637432497,3.413872941571644,0.0,0.0,56.05035200619184,0.0,0.0,0.0,0.0,65.15,4.567977946609353,3.7655552535710672,54.853075526694425,25.67345166372537,13.661512141708402,Kevin Kelly,0.5,1.0,,3.546601150783243,1.0700209385709936,PIT,-1.3636788961264643,0.0,0.0,3.413872941571644,0.0,0.0
14854,1.5918559301591633,0.9501845550583033,1.3546892245784217,0.14593438882952997,-0.6388058761792897,0.0,0.0,0.0,0.0,0.0,3.4038582224461287,417.5,368.05939963509934,82.55121156931183,13.151694460915298,53.811432526097605,45.815884668638766,2.495983797491595,0.0,0.0,0.0,0.0,0.0,0.0,Mike Yastrzemski,0.5,1.437125748502994,0.22428774173721572,,,HIT,-1.3736936152519794,0.0,0.0,4.910469738896564,1.8360024099400472,1.8360024099400472
14162,1.3139319146544983,0.7353411078698041,1.195773106123717,0.056364267318297086,0.10224668457782529,0.0,0.0,0.0,0.0,0.0,3.4036570805441415,376.93350383631713,340.30058018982083,88.06726235409225,10.178003340268155,44.41643067676816,40.44130692563332,0.9640243064867445,0.0,0.0,0.0,0.0,0.0,0.0,Carlos Correa,0.36061381074168797,1.5917927005516315,0.25879257186387405,,,HIT,-1.3738947571539666,0.0,0.0,5.412978224416035,4.996587260601832,4.996587260601832
19600,1.0862743254119578,0.9201465449460058,1.3893039537993916,0.23114054631709197,-0.22326728635660711,0.0,0.0,0.0,0.0,0.0,3.40359808411784,373.4327485380117,345.7596178780878,83.95009355109836,12.73593235542982,36.72064566853935,46.986562351055305,3.9533043799891265,0.0,0.0,0.0,0.0,0.0,0.0,Bryan De La Cruz,0.26900584795321636,1.6067150038366975,0.242799011828786,,,HIT,-1.3739537535802682,0.0,0.0,5.477662487399611,5.403426363927165,5.403426363927165
24679,1.3023291219944373,0.6041860593327678,1.1226653562173556,0.18875983360061163,0.1832492429219659,0.0,0.0,0.0,0.0,0.0,3.4011896140671385,391.9656652360515,346.7210170406094,91.0678543529871,8.362660082810368,44.02420743438042,37.96878689866116,3.2284473184362987,0.0,0.0,0.0,0.0,0.0,0.0,Brendan Donovan,0.463519313304721,1.5307463209530483,0.2626545547491886,,,HIT,-1.3763622236309696,0.0,0.0,5.199034623164151,3.6509644014898712,3.6509644014898712
22272,1.1540526413320875,0.3841010748571887,1.1062526731622147,0.7983583865172944,-0.04174149838956255,0.0,0.0,0.0,0.0,0.0,3.4010232774792226,376.3114754098361,337.02006929651947,84.8022757066558,5.316419796279404,39.01183810924214,37.41370638254406,13.654695190908123,0.0,0.0,0.0,0.0,0.0,0.0,Raynel Delgado,0.18032786885245902,1.594423872794598,0.25162381541155177,,,HIT,-1.3765285602188855,0.0,0.0,5.423716988861424,5.064129953310462,5.064129953310462
27630,1.3714060465623625,0.5819088270976494,1.3269657331832914,0.28591960166954783,-0.1692449479316263,0.0,0.0,0.0,0.0,0.0,3.3969552605812243,398.0,352.8626496246703,86.66336845621797,8.054316456057613,46.3592983148256,44.8782701506178,4.890216068167986,0.0,0.0,0.0,0.0,0.0,0.0,Nick Loftin,0.5,1.5075376884422111,0.24560085503070178,,,HIT,-1.3805965771168838,0.0,0.0,5.126389367765995,3.194053721769677,3.194053721769677
23985,1.2238857964571144,0.5656157998502308,1.2456708858106644,0.2903414865065982,0.06690251134778244,0.0,0.0,0.0,0.0,0.0,3.3924164799723906,363.3048128342246,335.4525455800864,86.23905688145054,7.828801407364501,41.372492766425324,42.128860703932375,4.965845623313785,0.0,0.0,0.0,0.0,0.0,0.0,Osleivis Basabe,0.3315508021390374,1.6515057846860373,0.2570827320219626,,,HIT,-1.3851353577257175,0.0,0.0,5.598714461281101,6.164796660783015,6.164796660783015
22543,0.0,0.0,0.0,0.0,0.0,2.1646617443643335,0.0,3.035056333509796,-1.0952628977263321,-0.7181737729584478,3.3862814071893492,0.0,0.0,142.67215434101217,0.0,0.0,0.0,0.0,158.75,7.944256397518757,0.0,159.51788891784304,71.17960725431497,55.139303975042814,Taj Bradley,0.5,1.0,,4.0353793089060455,1.2460564303373542,PIT,-1.3912704305087589,0.0,0.0,3.3862814071893492,0.0,0.0
21523,1.6462676699836698,0.7314181294440459,1.2654627567036323,0.15793669589687384,-0.42020925262125974,0.0,0.0,0.0,0.0,0.0,3.380875999406962,447.6103896103896,387.66932273539237,91.2161743378721,10.12370461129211,55.65077841834883,42.79822608881687,2.701264843397803,0.0,0.0,0.0,0.0,0.0,0.0,Jonathan India,0.18831168831168832,1.340451459409273,0.23529376452655923,,,HIT,-1.396675838291146,0.0,0.0,4.541182805048212,0.0,0.0
29782,1.5382699267136464,1.300465277829998,1.8332229647276521,0.05846768275346603,-1.3509024159971599,0.0,0.0,0.0,0.0,0.0,3.3795234360276023,493.0,422.0,84.0,18.0,52.0,62.0,1.0,0.0,0.0,0.0,0.0,0.0,0.0,Niko Kavadas,0.0,1.2170385395537526,0.1990521327014218,,,HIT,-1.3980284016705058,0.0,0.0,4.132375699656906,0.0,0.0
21716,1.301613014911547,0.8669768518866654,1.3009969427099466,0.1754030482603981,-0.2680851075423889,0.0,0.0,0.0,0.0,0.0,3.3769047502261684,389.0,345.0,83.0,12.0,44.0,44.0,3.0,0.0,0.0,0.0,0.0,0.0,0.0,Enmanuel Valdez,0.0,1.5424164524421593,0.24057971014492754,,,HIT,-1.4006470874719397,0.0,0.0,5.218022133035378,3.7703885262163506,3.7703885262163506
28142,1.4973112943090117,0.8197408728146015,1.2589315086094734,0.2146565862279738,-0.41438793680944563,0.0,0.0,0.0,0.0,0.0,3.3762523251516146,404.98165137614683,370.0155088687455,86.85152791185484,11.346197366594899,50.6154257792771,42.577337855563684,3.6713715358464194,0.0,0.0,0.0,0.0,0.0,0.0,Jhostynxon Garcia,0.23547400611620795,1.4815486034025778,0.23472402056169875,,,HIT,-1.4012995125464935,0.0,0.0,5.015712837462978,2.4979409692896546,2.4979409692896546
26149,1.3903593568373342,0.5779845679244436,1.3601331673785806,0.29233841376733016,-0.24953333554981952,0.0,0.0,0.0,0.0,0.0,3.371282170357869,440.0,403.0,98.0,8.0,47.0,46.0,5.0,0.0,0.0,0.0,0.0,0.0,0.0,Dominic Fletcher,0.0,1.3636363636363635,0.24317617866004962,,,HIT,-1.406269667340239,0.0,0.0,4.60324907103218,0.0,0.0
15711,1.2424487869610221,1.0837210648583318,1.240180256988483,0.2046368896371311,-0.40352597159217773,0.0,0.0,0.0,0.0,0.0,3.36746102685279,343.0,304.5,70.46911144996237,15.0,42.0,41.943166441136675,3.4999999999999996,0.0,0.0,0.0,0.0,0.0,0.0,Tyler O'Neill,0.5,1.749271137026239,0.23142565336605048,,,HIT,-1.4100908108453183,0.0,0.0,5.9106639311680045,8.126838690137603,8.126838690137603
16426,1.2720309009362847,0.650232638914999,1.3305650550442636,0.40927377927426223,-0.300226078662646,0.0,0.0,0.0,0.0,0.0,3.3618762955071633,384.0,359.0,86.0,9.0,43.0,45.0,7.0,0.0,0.0,0.0,0.0,0.0,0.0,Thairo Estrada,0.0,1.5625,0.2395543175487465,,,HIT,-1.4156755421909448,0.0,0.0,5.2645484837559104,4.063021354280694,4.063021354280694
31776,0.0,0.0,0.0,0.0,0.0,1.9097417540372785,0.17616015329574952,1.3328590607944497,0.0878514039123745,-0.1479242486888524,3.3586881233509995,0.0,0.0,51.40614479773032,0.0,0.0,0.0,0.0,63.26578349735049,7.008706180823897,1.158000032209971,70.05302051744054,24.809517492079003,25.172623922005993,Orion Kerkering,0.4700984102952309,1.0274116023983506,,3.52932730909848,1.210429468923646,PIT,-1.4188637143471086,0.0,0.0,3.4508569024369713,0.0,0.0
29779,1.195895548697621,0.6903435638136244,1.4138782687882656,0.21755571329193454,-0.16156970493459993,0.0,0.0,0.0,0.0,0.0,3.3561033896568455,339.10810810810807,306.63766243523673,75.07933671771784,9.555183333598883,40.42630454664834,47.81767103702823,3.7209566558209044,0.0,0.0,0.0,0.0,0.0,0.0,Max Muncy,0.4802494802494803,1.769347254323743,0.2448470814754366,,,HIT,-1.4214484480412626,0.0,0.0,5.945976120807008,8.348938763734083,8.348938763734083
31490,1.2780062151338203,0.2877541279806011,1.0219089834191497,0.3843783663993514,0.3828195828039145,0.0,0.0,0.0,0.0,0.0,3.354867275736837,374.5,334.3689496417575,91.29732912520997,3.982862435430525,43.201990777350545,34.56118442275784,6.574202162588101,0.0,0.0,0.0,0.0,0.0,0.0,Wade Meckler,0.5,1.6021361815754338,0.27304368190594797,,,HIT,-1.4226845619612711,0.0,0.0,5.358217196929667,4.652161486973016,4.652161486973016
24770,1.4983634930157164,0.904038000112612,1.1747044745164987,0.6742113253592086,-0.8968329902796062,0.0,0.0,0.0,0.0,0.0,3.3544843027244293,364.6081081081081,322.9769432274191,66.82577719601827,12.512970764725212,50.65099452556699,39.728761215274744,11.531350202505513,0.0,0.0,0.0,0.0,0.0,0.0,James Outman,0.4369369369369369,1.6456024609910678,0.2069057206630504,,,HIT,-1.4230675349736788,0.0,0.0,5.559396908186089,5.917504393571399,5.917504393571399
31382,1.2498881422985444,1.0155840378608705,1.350379244331952,0.02396025463731981,-0.28607262361404195,0.0,0.0,0.0,0.0,0.0,3.3537390555146445,320.6432865731463,283.3249506046571,67.08404375573853,14.056901782106149,42.25148153183857,45.670120197855574,0.4098033906756706,0.0,0.0,0.0,0.0,0.0,0.0,Dalton Rushing,0.49899799599198397,1.871238304760595,0.23677421848153973,,,HIT,-1.4238127821834636,0.0,0.0,6.291813751081542,10.52412427110819,10.52412427110819
33098,1.3311951288868094,1.0114729938677762,1.5375418413844824,0.1754030482603981,-0.7037852956543555,0.0,0.0,0.0,0.0,0.0,3.35182771674511,432.0,398.0,89.0,14.0,45.0,52.0,3.0,0.0,0.0,0.0,0.0,0.0,0.0,Carson McCusker,0.0,1.3888888888888888,0.2236180904522613,,,HIT,-1.425724120952998,0.0,0.0,4.674476880476902,0.3516982147292883,0.3516982147292883
25999,1.1477303025029861,0.8818235099846693,1.2444654366955579,0.4084398611723732,-0.3333258579274371,0.0,0.0,0.0,0.0,0.0,3.3491332524281496,343.0,313.1851572598018,73.84708959526903,12.205495564026128,38.79811643828961,42.08809215227521,6.985737110440902,0.0,0.0,0.0,0.0,0.0,0.0,Victor Mesa Jr.,0.5,1.749271137026239,0.2357937082376142,,,HIT,-1.4284185852699585,0.0,0.0,5.875422597415532,7.905184272779778,7.905184272779778
27471,1.567852040688909,0.5779845679244436,1.3305650550442636,0.40927377927426223,-0.5412133097586993,0.0,0.0,0.0,0.0,0.0,3.344462133173179,437.0,391.0,90.0,8.0,53.0,45.0,7.0,0.0,0.0,0.0,0.0,0.0,0.0,Zach DeLoach,0.0,1.3729977116704806,0.23017902813299232,,,HIT,-1.433089704524929,0.0,0.0,4.605583130940926,0.0,0.0
31545,1.4278982096327346,0.7272745646438313,1.4456055701196748,0.19748559248916786,-0.4567982185242975,0.0,0.0,0.0,0.0,0.0,3.341465718361111,446.0,400.783441498993,93.90862001910554,10.066352702190533,48.268971271856756,48.89069527924833,3.377688035318292,0.0,0.0,0.0,0.0,0.0,0.0,Drew Gilbert,0.5,1.345291479820628,0.23431262446340737,,,HIT,-1.4360861193369971,0.0,0.0,4.505888277886612,0.0,0.0
27931,1.4789348726202214,0.5476693362689662,1.0866682030379216,0.7344634836887869,-0.5068221858072389,0.0,0.0,0.0,0.0,0.0,3.340913709808657,384.88095238095235,349.9945365779708,80.22562795374414,7.580400815691808,49.994225357151855,36.751355336834486,12.561870919114662,0.0,0.0,0.0,0.0,0.0,0.0,Petey Halpin,0.40476190476190477,1.5589236003711724,0.22921965793563664,,,HIT,-1.4366381278894509,0.0,0.0,5.2276350707772075,3.8308502025316744,3.8308502025316744
29868,0.0,0.0,0.0,0.0,0.0,2.313719125487482,0.0,2.4529568528506727,-0.5458126140425151,-0.8861095078354425,3.334753856460197,0.0,0.0,121.38559313623864,0.0,0.0,0.0,0.0,139.55,8.49129339148231,0.0,128.92363626107715,59.67050821672306,56.258403920660705,Bubba Chandler,0.5,1.0748835542816193,,3.848330877466911,1.2729774063554233,PIT,-1.442797981237911,0.0,0.0,3.5958686663153845,0.0,0.0
22210,0.0,0.0,0.0,0.0,0.0,1.168191971735628,0.17616015329574952,1.4905867081748587,0.3706791254079496,0.12876444454287345,3.3343824031570595,0.0,0.0,41.4640333637784,0.0,0.0,0.0,0.0,57.64861730597681,4.2872363634421164,1.158000032209971,78.34294286791133,20.762855909580637,24.531375881615748,Jeremiah Estrada,0.37555753791257807,1.127520538003624,,3.241460279860904,1.1447873744328636,PIT,-1.4431694345410486,0.0,0.0,3.7565792855421294,0.0,0.0
31349,1.303427057371443,0.39318593938941043,0.8892207895857625,1.3820143270751595,-0.6351436487656646,0.0,0.0,0.0,0.0,0.0,3.3327044646561106,378.7755102040816,335.31174510620576,74.3496190058187,5.442165223218336,44.06132227268859,30.07364080370211,23.637234485630987,0.0,0.0,0.0,0.0,0.0,0.0,Victor Scott II,0.4897959183673469,1.584051724137931,0.22173282054963325,,,HIT,-1.4448473730419975,0.0,0.0,5.304110285196504,4.3118498495224635,4.3118498495224635
28763,1.2221881688887095,0.6990845983565426,1.3000495820967788,0.22334151671959257,-0.11678413292148226,0.0,0.0,0.0,0.0,0.0,3.327879733140141,366.12500000000006,344.7395937666934,85.49192326636891,9.676169740890794,41.31510580720312,43.96796005769809,3.8199139456463684,0.0,0.0,0.0,0.0,0.0,0.0,Felix Reyes,0.13194444444444445,1.6387845681119833,0.24798985904771523,,,HIT,-1.4496721045579672,0.0,0.0,5.458395989902073,5.282247514473342,5.282247514473342
28816,1.2957053505637306,0.8692766445518922,1.462764862098341,0.3527228029511551,-0.6561159439612644,0.0,0.0,0.0,0.0,0.0,3.324353716203855,433.5,391.68888408199814,88.21932300444442,12.031831890231748,43.800296072391696,49.471026271793654,6.032782322474466,0.0,0.0,0.0,0.0,0.0,0.0,Denzer Guzman,0.5,1.3840830449826989,0.22522804856003045,,,HIT,-1.4531981214942533,0.0,0.0,4.618469725928469,0.0,0.0
19677,0.0,0.0,0.0,0.0,0.0,0.9662922725833225,1.6636838409423733,1.267199950805201,-0.16540417738620689,-0.4075772134567696,3.3241946734879204,0.0,0.0,50.23469881703071,0.0,0.0,0.0,0.0,58.72810650887574,3.5462693366890186,10.936332112314082,66.6020787678364,24.597353933601095,24.729238314884718,Gregory Soto,0.48224852071005925,2.0,,3.7695100108319117,1.2764575871450228,PIT,-1.4533571642101877,0.0,0.0,6.697713170322023,13.077075300418072,13.077075300418072
29573,1.305691230557946,0.5207587879560194,1.144699934515473,0.8480701619044094,-0.49570255385017303,0.0,0.0,0.0,0.0,0.0,3.3235175610836745,375.546052631579,338.832595017352,77.59358295308127,7.207926534455087,44.1378608590924,38.714001136519144,14.504938830573627,0.0,0.0,0.0,0.0,0.0,0.0,Billy Cook,0.17763157894736842,1.5976735630573022,0.2290027113510364,,,HIT,-1.4540342766144336,0.0,0.0,5.3300239580057385,4.474836871763898,4.474836871763898
29896,1.456615323831192,0.4953198554064032,1.1450313218048889,0.6427208702251364,-0.41733943805633905,0.0,0.0,0.0,0.0,0.0,3.3223479332112813,407.6184210526316,356.63287420445965,83.41786173596968,6.855821181317815,49.23973063754887,38.725208726833635,10.992754286760837,0.0,0.0,0.0,0.0,0.0,0.0,Christian Franklin,0.17763157894736842,1.4719648794344555,0.2339040166222751,,,HIT,-1.4552039044868268,0.0,0.0,4.903283262209329,1.7908022391930198,1.7908022391930198
27883,1.4586785372060118,0.590979894582022,1.2695040568498759,0.2680737566650162,-0.2681365746893331,0.0,0.0,0.0,0.0,0.0,3.3190996706135927,423.2608695652174,387.70032977798627,93.80962274722314,8.179870915297894,49.30947593622986,42.93490374008354,4.584990272239317,0.0,0.0,0.0,0.0,0.0,0.0,Thomas Saggese,0.2753623188405797,1.4175654853620956,0.24196425832534765,,,HIT,-1.4584521670845154,0.0,0.0,4.712538063431145,0.591088397601703,0.591088397601703
19287,1.2070652059042002,0.950868270130041,1.4201846112065477,0.32804289760533656,-0.5884239099993294,0.0,0.0,0.0,0.0,0.0,3.317737074846796,377.0,343.5050622050622,77.20685979606031,13.161157897964394,40.80388598710657,48.03095291133181,5.61067041067041,0.0,0.0,0.0,0.0,0.0,0.0,Adolis García,0.5,1.5915119363395225,0.2247619272346273,,,HIT,-1.459814762851312,0.0,0.0,5.304217412438794,4.31252363862022,4.31252363862022
18036,1.5157256535256503,0.6230305177666031,1.3065813324374658,0.3729036126048084,-0.5018587005398267,0.0,0.0,0.0,0.0,0.0,3.316382415794701,455.0,397.94061499101633,92.42292810682741,8.623490000834044,51.23790864956952,44.18886527703825,6.377944105929224,0.0,0.0,0.0,0.0,0.0,0.0,Jake Cronenworth,0.5,1.3186813186813187,0.23225306647554408,,,HIT,-1.4611694219034073,0.0,0.0,4.383799968577221,0.0,0.0
17027,1.567852040688909,0.650232638914999,1.1827244933726788,0.11693536550693207,-0.20492779352093518,0.0,0.0,0.0,0.0,0.0,3.3128167449625834,441.0,400.0,98.0,9.0,53.0,40.0,2.0,0.0,0.0,0.0,0.0,0.0,0.0,Alex Verdugo,0.0,1.3605442176870748,0.245,,,HIT,-1.4647350927355247,0.0,0.0,4.5120346520990084,0.0,0.0
29958,1.4026354308638236,0.6110846992387279,1.3063987200292895,0.4098199555854776,-0.4215214057711942,0.0,0.0,0.0,0.0,0.0,3.3084173999461246,387.60112359550567,338.02893016267404,78.64349410542066,8.458145537458174,47.41498298724543,44.182689285615076,7.009341507744002,0.0,0.0,0.0,0.0,0.0,0.0,Harry Ford,0.29775280898876405,1.5479831287232035,0.23265314618951116,,,HIT,-1.4691344377519835,0.0,0.0,5.136465570380224,3.2574291557224186,3.2574291557224186
21626,1.2025521636920895,1.031398052704337,1.3377940144963008,0.1264906291695395,-0.3923243949799935,0.0,0.0,0.0,0.0,0.0,3.305910465082273,355.5,317.33472568578554,73.90326031372837,14.27578672431497,40.651326159371315,45.24448498335983,2.1634281232402865,0.0,0.0,0.0,0.0,0.0,0.0,Griffin Conine,0.5,1.6877637130801688,0.23288740352641063,,,HIT,-1.471641372615835,0.0,0.0,5.5975731518635845,6.157618264081534,6.157618264081534
18400,1.2128666729857598,0.8669768518866654,1.5079737290501656,0.05846768275346603,-0.3471564557994565,0.0,0.0,0.0,0.0,0.0,3.2991284808766004,411.0,374.0,89.0,12.0,41.0,51.0,1.0,0.0,0.0,0.0,0.0,0.0,0.0,Juan Yepez,0.0,1.4598540145985401,0.23796791443850268,,,HIT,-1.4784233568215077,0.0,0.0,4.827022075167807,1.3111487419834063,1.3111487419834063
22532,1.2956527158320796,0.2910303124455088,1.0074925964701553,0.5717293945733738,0.13160905244124285,0.0,0.0,0.0,0.0,0.0,3.297514071762361,372.0,329.8391992250565,85.9054231482815,4.028208759837386,43.79851679685733,34.07361907580593,9.778554025890157,0.0,0.0,0.0,0.0,0.0,0.0,Tyler Freeman,0.5,1.6129032258064515,0.26044637311184576,,,HIT,-1.480037765935747,0.0,0.0,5.312284864525424,4.363264805353124,4.363264805353124
22872,0.0,0.0,0.0,0.0,0.0,1.1652041620943991,2.258693316001023,1.4865209536638628,-0.8615869103068965,-0.7543956201237412,3.2944359013286473,0.0,0.0,70.35334936611791,0.0,0.0,0.0,0.0,80.21440984793628,4.27627117411464,14.847664944355726,78.12925306937562,37.73129006937537,35.03021833294984,Yoendrys Gómez,0.49312092686459086,1.6837664436591182,,4.233424035259107,1.3137735214763162,PIT,-1.4831159363694608,0.0,0.0,5.653922240397194,6.5120323301123175,6.5120323301123175
21127,1.2720309009362847,0.21674421297166635,1.2714288303756298,0.5262091447811943,0.0028104005801653353,0.0,0.0,0.0,0.0,0.0,3.2892234896449404,438.0,390.0,99.0,3.0,43.0,43.0,9.0,0.0,0.0,0.0,0.0,0.0,0.0,Alejo Lopez,0.0,1.36986301369863,0.25384615384615383,,,HIT,-1.4883283480531677,0.0,0.0,4.5052856349477075,0.0,0.0
35121,1.1436809066650164,0.1360050094021381,1.0948936079883107,0.42445309431423117,0.4843313759787194,0.0,0.0,0.0,0.0,0.0,3.283363994348416,397.6649484536082,365.0004523827718,100.81800607927434,1.8824725357707783,38.66122981006027,37.02954032400537,7.259618892439672,0.0,0.0,0.0,0.0,0.0,0.0,Joshua Kuroda-Grauer,0.3556701030927835,1.5088078603186128,0.27621337294548787,,,HIT,-1.494187843349692,0.0,0.0,4.9357832291503545,1.995214515046686,1.995214515046686
17128,1.1873891798730751,0.8544587709796697,1.2043989325500262,0.4390336719292207,-0.4086873300913291,0.0,0.0,0.0,0.0,0.0,3.2765932252406627,324.42105263157896,292.7800869097163,67.4188879367486,11.826734738583788,40.138753466571394,40.733034254344055,7.508997299934797,0.0,0.0,0.0,0.0,0.0,0.0,Ramón Laureano,0.4517543859649123,1.8494484101232964,0.23027142538398918,,,HIT,-1.5009586124574454,0.0,0.0,6.083308806411005,9.212708467387921,9.212708467387921
23735,0.0,0.0,0.0,0.0,0.0,1.907369482093123,0.07699190745264124,1.750431782774604,-0.4432532208993252,-0.016114244725997987,3.2754257066950454,0.0,0.0,85.0,0.0,0.0,0.0,0.0,95.0,6.999999999999999,0.5061112268696969,92.0,41.0,27.0,Luis Garcia,0.0,1.0,,3.8842105263157896,1.1789473684210525,PIT,-1.5021261310030627,0.0,0.0,3.2754257066950454,0.0,0.0
25007,0.0,0.0,0.0,0.0,0.0,1.2652026459336116,0.37449664498196605,1.4238199073759,0.1973142226136398,0.013266126924153541,3.2740995478292714,0.0,0.0,41.442253996317405,0.0,0.0,0.0,0.0,58.57578616352201,4.643263198180333,2.461777642890519,74.83378259445716,22.23382560799643,27.30019239415664,Alex Vesia,0.449685534591195,1.109673540164599,,3.416162950222299,1.1735642130106536,PIT,-1.5034522898688367,0.0,0.0,3.6321415123040532,0.0,0.0
20970,1.2128666729857598,0.7224807099055545,1.3305650550442636,0.11693536550693207,-0.11063764928477748,0.0,0.0,0.0,0.0,0.0,3.272210154157732,390.0,370.0,92.0,10.0,41.0,45.0,2.0,0.0,0.0,0.0,0.0,0.0,0.0,Oscar Gonzalez,0.0,1.5384615384615385,0.24864864864864866,,,HIT,-1.505341683540376,0.0,0.0,5.03793544483837,2.6377126114346847,2.6377126114346847
21464,1.2019994667463694,0.3563222429796176,0.9862565390273297,0.5067891036055044,0.22083121533424332,0.0,0.0,0.0,0.0,0.0,3.2721985676930645,345.4655172413793,299.5545233307717,79.71023953899966,4.931927428570342,40.63264267562224,33.35541098721656,8.667849994028733,0.0,0.0,0.0,0.0,0.0,0.0,Bryan Torres,0.46120689655172414,1.7367869441533164,0.26609593022563927,,,HIT,-1.5053532700050436,0.0,0.0,5.67123988796928,6.6209536640652225,6.6209536640652225
33666,0.0,0.0,0.0,0.0,0.0,2.1362714935205767,0.0,2.025702083360125,-0.4354769844827017,-0.46708934445542605,3.2594072479425735,0.0,0.0,94.2736888730045,0.0,0.0,0.0,0.0,105.95,7.840064861598716,0.0,106.46778326529557,45.36816004570798,37.309246659187664,Connelly Early,0.5,1.4157621519584709,,3.8538314338024713,1.2419342664671273,PIT,-1.5181445897555346,0.0,0.0,4.65454207103463,0.2263159405196431,0.2263159405196431
16400,0.0,0.0,0.0,0.0,0.0,1.8914147172261178,0.07699190745264124,1.8296057999428674,0.004498207890398012,-0.5459543460252142,3.2565562864868105,0.0,0.0,87.54719398791536,0.0,0.0,0.0,0.0,98.45,6.941446397712896,0.5061112268696969,96.16126446695019,39.46498238011075,36.34518955936393,Reynaldo López,0.5,1.0,,3.607768831091892,1.2584294926082202,PIT,-1.5209955512112976,0.0,0.0,3.2565562864868105,0.0,0.0
26047,1.2669925855808473,0.6288390605369314,1.2846271900715882,0.77266163145075,-0.7036060961618971,0.0,0.0,0.0,0.0,0.0,3.24951437147822,352.2917847025496,321.37591317509305,69.6791811323029,8.703887203011076,42.82968372849721,43.446371399930065,13.215191624897185,0.0,0.0,0.0,0.0,0.0,0.0,Jase Bowen,0.29178470254957506,1.7031336694569752,0.21681519452996487,,,HIT,-1.528037466219888,0.0,0.0,5.568667658447186,5.975813842414245,5.975813842414245
19716,0.0,0.0,0.0,0.0,0.0,2.3090094472985037,0.0,2.325751537571592,-0.9243206581962147,-0.4640159513846282,3.2464243752892528,0.0,0.0,119.08513172800478,0.0,0.0,0.0,0.0,134.35,8.47400898611022,0.0,122.23792070172803,60.108992254585985,45.988840654526285,Dustin May,0.5,1.1164867882396725,,4.026653742398763,1.22868606164891,PIT,-1.5311274624088553,0.0,0.0,3.641781133012434,0.0,0.0
26148,1.2424487869610221,0.7224807099055545,1.4488375043815316,0.05846768275346603,-0.23237810151087707,0.0,0.0,0.0,0.0,0.0,3.239856582490697,421.0,390.0,95.0,10.0,42.0,49.0,1.0,0.0,0.0,0.0,0.0,0.0,0.0,Tristin English,0.0,1.4251781472684086,0.24358974358974358,,,HIT,-1.537695255207411,0.0,0.0,4.623997389146301,0.034201654639002266,0.034201654639002266
27784,1.360777242862072,0.7224807099055545,1.4488375043815316,0.29233841376733016,-0.5845826270672501,0.0,0.0,0.0,0.0,0.0,3.2398512438492375,433.0,386.0,88.0,10.0,46.0,49.0,5.0,0.0,0.0,0.0,0.0,0.0,0.0,Tyler Gentry,0.0,1.3856812933025404,0.22797927461139897,,,HIT,-1.5377005938488706,0.0,0.0,4.5046220127218835,0.0,0.0
22581,0.9026672947809575,0.720183136680318,1.3446493452283923,0.023085951988493024,0.24624219123274424,0.0,0.0,0.0,0.0,0.0,3.236827919910905,368.0,327.8832618025751,87.3420788753846,9.968198829481041,30.513955004561154,45.47633376202316,0.3948497854077253,0.0,0.0,0.0,0.0,0.0,0.0,Alejandro Kirk,0.5,1.6304347826086956,0.26638163349727495,,,HIT,-1.540723917787203,0.0,0.0,5.2659256976449225,4.071683499257674,4.071683499257674
22100,0.0,0.0,0.0,0.0,0.0,2.48707222943652,0.0,2.8073465389691337,-0.7762575090448818,-1.288560119891681,3.229601139469091,0.0,0.0,133.20174278428374,0.0,0.0,0.0,0.0,153.25,9.127495102286456,0.0,147.54981263866676,66.77343581539908,66.87270519810403,José Soriano,0.5,1.0,,3.9214415813284944,1.3055428905865434,PIT,-1.547950698229017,0.0,0.0,3.229601139469091,0.0,0.0
27914,0.0,0.0,0.0,0.0,0.0,1.17584030889749,0.9695061200406156,1.0600155572475174,0.06738343617024725,-0.04426239634599605,3.228483026009874,0.0,0.0,39.59578112683085,0.0,0.0,0.0,0.0,49.83073852295409,4.315305576374203,6.373110474932163,55.712785968837174,19.55049986742926,19.685503838188914,Daniel Palencia,0.3013972055888223,2.0,,3.5310433684584352,1.189652947602058,PIT,-1.549068811688234,0.0,0.0,6.456044814183478,11.557074410271456,11.557074410271456
19996,0.0,0.0,0.0,0.0,0.0,0.9684544681083234,0.17616015329574952,1.4363441260483687,0.23487654139540576,0.40879715328313815,3.2246324421309853,0.0,0.0,52.23465427117978,0.0,0.0,0.0,0.0,64.55,3.5542045421209503,1.158000032209971,75.49203624890163,24.387143735289936,17.827820576138734,Dylan Lee,0.5,1.0069713400464757,,3.4002214348196658,1.0853985259073355,PIT,-1.5529193955671228,0.0,0.0,3.2468991305113533,0.0,0.0
14691,1.0057918751589228,0.7224807099055545,1.2418607180413128,0.11693536550693207,0.1357604692930686,0.0,0.0,0.0,0.0,0.0,3.2228291379057907,352.0,326.0,85.0,10.0,34.0,42.0,2.0,0.0,0.0,0.0,0.0,0.0,0.0,Harold Castro,0.0,1.7045454545454546,0.2607361963190184,,,HIT,-1.5547226997923174,0.0,0.0,5.485759685259027,5.454354620115369,5.454354620115369
27758,0.0,0.0,0.0,0.0,0.0,1.5952058296355842,0.0,2.58006201201609,-0.7354895987781848,-0.21704158644234928,3.2227366564311404,0.0,0.0,103.02036171726311,0.0,0.0,0.0,0.0,119.4,5.854366923809213,0.0,135.60408776926607,52.78745567231543,40.691428205106796,Kyle Harrison,0.5,1.2562814070351758,,3.9789539451494043,1.2036163310081232,PIT,-1.5548151812669677,0.0,0.0,4.07467301022558,0.0,0.0
31765,1.4067303252834542,0.48794094904816976,1.3184412170182647,0.2810477739845771,-0.2724710861699261,0.0,0.0,0.0,0.0,0.0,3.2216891791645392,450.0980392156863,401.06775171942417,97.12004091334836,6.753688262652097,47.55340765909461,44.58996915701216,4.806890931006091,0.0,0.0,0.0,0.0,0.0,0.0,Nacho Alvarez Jr.,0.0196078431372549,1.3330429100413852,0.24215370220363874,,,HIT,-1.5558626585335689,0.0,0.0,4.3005677728272085,0.0,0.0
19643,1.2809197800516954,0.7073349277677577,1.2086862877304507,0.46272325811204734,-0.4391719990290547,0.0,0.0,0.0,0.0,0.0,3.2204922546328967,360.6329588014981,330.6716648810943,76.48555116834865,9.790364200315096,43.30048153836619,40.87803354046516,7.914171322013212,0.0,0.0,0.0,0.0,0.0,0.0,Daniel Johnson,0.06367041198501873,1.6637414450248733,0.2313036141026839,,,HIT,-1.5570595830652114,0.0,0.0,5.378092989648809,4.77717256872236,4.77717256872236
15112,1.4249582998521557,1.1179518414341603,1.5203758982329254,0.21235953946173924,-1.0565006106265113,0.0,0.0,0.0,0.0,0.0,3.219144968354469,463.0,412.70503740648377,86.69157810551556,15.473795024649215,48.16958994356368,51.41944406333866,3.632084075525472,0.0,0.0,0.0,0.0,0.0,0.0,Ryan McMahon,0.5,1.2958963282937366,0.2100569904605521,,,HIT,-1.558406869343639,0.0,0.0,4.193056825411271,0.0,0.0
21853,1.3005708264221998,0.8435079289980005,1.1665961148781785,0.3522541915242262,-0.45294652379666483,0.0,0.0,0.0,0.0,0.0,3.20998253802594,326.3010752688172,288.8552718786996,65.68381682423961,11.675161944576585,43.96476964120215,39.454534726054135,6.024767443059716,0.0,0.0,0.0,0.0,0.0,0.0,Will Benson,0.3279569892473118,1.838792592104396,0.22739351924247564,,,HIT,-1.5675692996721682,0.0,0.0,5.927750447571851,8.234306298054225,8.234306298054225
31958,1.4187091037572073,0.7896259584916365,1.3497063688929816,0.43229469512757723,-0.7811263562077548,0.0,0.0,0.0,0.0,0.0,3.209209770061648,382.3586005830903,337.63217654867873,72.46956254577101,10.929370814548939,47.958340804973574,45.647363403936424,7.393737442107714,0.0,0.0,0.0,0.0,0.0,0.0,Gabriel Rincones Jr.,0.27113702623906705,1.5692075425660892,0.21464056917372207,,,HIT,-1.56834206763646,0.0,0.0,5.0658810944942,2.813479985497658,2.813479985497658
19958,1.1832845590104972,0.5779845679244436,1.3009969427099466,0.29233841376733016,-0.1497859984047794,0.0,0.0,0.0,0.0,0.0,3.204818485007438,378.0,345.0,85.0,8.0,40.0,44.0,5.0,0.0,0.0,0.0,0.0,0.0,0.0,Carter Kieboom,0.0,1.5873015873015872,0.2463768115942029,,,HIT,-1.57273335269067,0.0,0.0,5.0925834264779795,2.981427370222975,2.981427370222975
27543,1.09453821708471,0.2889922839622218,0.8574752576951922,1.4616920688366508,-0.506537744272564,0.0,0.0,0.0,0.0,0.0,3.1961600833062107,292.0,262.0,58.0,4.0,37.0,29.0,25.0,0.0,0.0,0.0,0.0,0.0,0.0,Duke Ellis,0.0,2.0,0.22137404580152673,,,HIT,-1.5813917543918974,0.0,0.0,6.42569323624012,11.366174673837568,11.366174673837568
23792,1.3150746037210899,0.5899066328189717,1.1484060689407405,0.46398475802566413,-0.3235650167402154,0.0,0.0,0.0,0.0,0.0,3.193807046766251,359.8125,329.7292029417156,78.19782051260685,8.16501568458605,44.45505837820785,38.8393434100929,7.935747342375367,0.0,0.0,0.0,0.0,0.0,0.0,Alek Thomas,0.2897727272727273,1.6675351745700886,0.2371577033970796,,,HIT,-1.5837447909318572,0.0,0.0,5.340413602945336,4.540183737232054,4.540183737232054
29630,1.2419643939726797,0.5729645081315282,1.2488004505694226,0.35104045796556793,-0.22510577367467155,0.0,0.0,0.0,0.0,0.0,3.1896640369645266,356.620320855615,321.9457582527091,77.88771785396722,7.930516348407813,41.98362547758597,42.23470326579,6.004008392905871,0.0,0.0,0.0,0.0,0.0,0.0,Joey Loperfido,0.3315508021390374,1.682461612284069,0.24192807594883667,,,HIT,-1.5878878007335815,0.0,0.0,5.376499708769689,4.767151445588112,4.767151445588112
26284,1.3019621807821915,0.6188115725070013,1.0341413251359624,0.6310873753292503,-0.4049325290842857,0.0,0.0,0.0,0.0,0.0,3.1810699246701195,354.0585106382979,313.7083207350527,72.77390482837819,8.5650947357182,44.01180327649797,34.97488488420447,10.793781207137693,0.0,0.0,0.0,0.0,0.0,0.0,John Rave,0.3351063829787234,1.694635157670177,0.23197951733591576,,,HIT,-1.5964819130279886,0.0,0.0,5.409384029392559,4.97398115808044,4.97398115808044
29710,1.5042085365991764,0.6316534537422166,1.1114306702438816,0.6061940477177064,-0.6766944168203111,0.0,0.0,0.0,0.0,0.0,3.17679229148267,370.0098039215687,340.22649065072653,74.88780603517776,8.742841782236495,50.848581607691955,37.588827371774656,10.368019034956033,0.0,0.0,0.0,0.0,0.0,0.0,Cam Cauley,0.3872549019607843,1.6215786545136586,0.2201116259111549,,,HIT,-1.6007595462154383,0.0,0.0,5.180782910104777,3.5361681553440008,3.5361681553440008
29930,1.4302682603075714,0.7286141321650944,1.4065891241901534,0.6271272753713336,-1.0167056772338878,0.0,0.0,0.0,0.0,0.0,3.1758931148002647,438.13768115942025,387.17079295741866,80.94893908273565,10.084893924162234,48.3490889631353,47.57115057891794,10.726049773781343,0.0,0.0,0.0,0.0,0.0,0.0,Kyler Fedko,0.09420289855072464,1.3694325455237089,0.20907811372961307,,,HIT,-1.6016587228978434,0.0,0.0,4.374631525307267,0.0,0.0
28272,1.2120169728285057,0.8424315200292524,1.3281028376755677,0.11330095651151409,-0.3205219075092658,0.0,0.0,0.0,0.0,0.0,3.175330379535574,364.23622047244095,329.35511827780414,78.15450025036225,11.660263152761246,40.97127655724792,44.91672727224327,1.937839010813157,0.0,0.0,0.0,0.0,0.0,0.0,Jeferson Quero,0.015748031496062992,1.6472826321933502,0.2372955388063548,,,HIT,-1.6022214581625343,0.0,0.0,5.244527257816659,3.9370955535852903,3.9370955535852903
21871,1.0214527564119111,0.8084095497982952,1.3542921314566452,0.13676896108054637,-0.14638452051001863,0.0,0.0,0.0,0.0,0.0,3.1745388782373793,326.2280701754386,298.6221172224025,73.30324744390575,11.189358258492101,34.529403722333186,45.80245489276107,2.3392232193850466,0.0,0.0,0.0,0.0,0.0,0.0,Jerar Encarnacion,0.12280701754385964,1.8392040871201938,0.2454715950905681,,,HIT,-1.6030129594607287,0.0,0.0,5.846405128674009,7.722675569440768,7.722675569440768
15653,1.2389203112532188,0.6837165805944247,1.2885972611108547,0.07952041180462077,-0.1276531817740699,0.0,0.0,0.0,0.0,0.0,3.163101382989049,364.5,329.0881487060112,81.34072801504013,9.463457933483136,41.88072266536617,43.58064006728286,1.3600746268656716,0.0,0.0,0.0,0.0,0.0,0.0,Dominic Smith,0.5,1.646090534979424,0.2471700312967069,,,HIT,-1.614450454709059,0.0,0.0,5.211803756727513,3.7312773340261662,3.7312773340261662
27504,1.3455761778302333,0.4205402345745609,1.1754506639502027,0.39678280040847413,-0.17734175372801472,0.0,0.0,0.0,0.0,0.0,3.1610081230354563,415.88629737609324,380.09050536487035,93.42521350498802,5.82078149366141,45.48614000187579,39.75399750446585,6.7863609728051415,0.0,0.0,0.0,0.0,0.0,0.0,Nick Yorke,0.27113702623906705,1.4427020168385338,0.24579728297949427,,,HIT,-1.6165437146626518,0.0,0.0,4.565464847276245,0.0,0.0
19610,1.1041408665207921,0.6462579254826232,1.322436957104858,0.14782642659707682,-0.06163789861391905,0.0,0.0,0.0,0.0,0.0,3.1590242770914316,380.5,351.8704524689564,88.2328534836236,8.944985196450498,37.32460998034529,44.72510595713707,2.528344200340546,0.0,0.0,0.0,0.0,0.0,0.0,Keibert Ruiz,0.5,1.5768725361366622,0.25075380119166985,,,HIT,-1.6185275606066765,0.0,0.0,4.983269592136095,2.293885450544634,2.293885450544634
22458,1.5366669728758884,0.35732224696990544,1.0847479079995663,1.0824939910097553,-0.9037264425969587,0.0,0.0,0.0,0.0,0.0,3.1575046762581565,415.5,368.86426613431854,78.26124577894946,4.945768683798022,51.945813411472265,36.6864105403374,18.514398724748226,0.0,0.0,0.0,0.0,0.0,0.0,Taylor Walls,0.5,1.444043321299639,0.21216814141180956,,,HIT,-1.6200471614399516,0.0,0.0,4.586837123137876,0.0,0.0
34979,1.2688228230646694,0.690919052289459,1.3153891327510887,0.364612690472398,-0.4852431577239871,0.0,0.0,0.0,0.0,0.0,3.154500540853628,399.62538699690407,356.60976382889754,82.26224280840657,9.563148784689057,42.89155346117935,44.48674700225751,6.236140604542488,0.0,0.0,0.0,0.0,0.0,0.0,Christian Moore,0.2260061919504644,1.5014061156346112,0.23067860488496394,,,HIT,-1.62305129684448,0.0,0.0,4.752529069017959,0.8426164216305001,0.8426164216305001
21846,0.0,0.0,0.0,0.0,0.0,1.596815522294294,0.0,2.1659699082033916,-0.26071879607076043,-0.35243334136122,3.149633293065705,0.0,0.0,76.73249675064426,0.0,0.0,0.0,0.0,93.17802093244529,5.8602744570463505,0.0,113.8400442197473,39.07586842770057,38.07900092694654,Cole Ragans,0.33396764985727884,1.6098216993549481,,3.7743108549630775,1.2321736019788394,PIT,-1.627918544632403,0.0,0.0,5.110345882260177,3.0931463765154303,3.0931463765154303
27462,1.2990553772254667,0.2470790772558625,0.8893838233134391,0.8196484816482412,-0.10681779139526361,0.0,0.0,0.0,0.0,0.0,3.148348968047746,382.0,335.7179402722881,83.37311135489024,3.419870923448761,43.913541077956125,30.079154639885946,14.01882960035134,0.0,0.0,0.0,0.0,0.0,0.0,Austin Martin,0.5,1.5706806282722514,0.24834273463988688,,,HIT,-1.6292028696503622,0.0,0.0,4.948570097108392,2.0756389900957126,2.0756389900957126
24765,1.1711960702607123,0.5576780803646473,1.25561102706304,0.6183397868738444,-0.4579888601417084,0.0,0.0,0.0,0.0,0.0,3.1448361044205355,357.94117647058823,320.00306520674343,73.47161404293412,7.718933844442008,39.591358184885166,42.46503844635928,10.575753266657186,0.0,0.0,0.0,0.0,0.0,0.0,Bryan Lavastida,0.0196078431372549,1.676253081347576,0.22959659463094995,,,HIT,-1.6327157332775726,0.0,0.0,5.292338018064359,4.237806822930904,4.237806822930904
25967,1.3903593568373342,1.300465277829998,1.6558142907217503,0.05846768275346603,-1.262533225691275,0.0,0.0,0.0,0.0,0.0,3.142573382451273,459.0,412.0,83.0,18.0,47.0,56.0,1.0,0.0,0.0,0.0,0.0,0.0,0.0,Orelvis Martinez,0.0,1.3071895424836601,0.20145631067961164,,,HIT,-1.6349784552468352,0.0,0.0,4.1347066350605415,0.0,0.0
24589,1.3332649930596643,0.4212599505817727,1.0814163749429149,0.7589667713978949,-0.45464998092428166,0.0,0.0,0.0,0.0,0.0,3.140258109057965,378.0,334.3279753354588,77.14851194525082,5.830743226858492,45.06997012365599,36.57373736665005,12.980962057246959,0.0,0.0,0.0,0.0,0.0,0.0,Richie Palacios,0.5,1.5873015873015872,0.23075697409958396,,,HIT,-1.637293728640143,0.0,0.0,5.002275917211888,2.4134279156618264,2.4134279156618264
29577,1.3509068126013388,0.5358691236584575,1.273211064381596,0.21289879275545817,-0.23375693138346776,0.0,0.0,0.0,0.0,0.0,3.139128862013383,330.2447129909366,297.98758649066417,71.67453448711241,7.4170717129389985,45.66633790036145,43.06027554230771,3.6413071756779565,0.0,0.0,0.0,0.0,0.0,0.0,Ben Malgeri,0.24471299093655588,1.8168345363229683,0.240528591580636,,,HIT,-1.6384229756847253,0.0,0.0,5.7157521704165415,6.90091877833739,6.90091877833739
26231,0.0,0.0,0.0,0.0,0.0,1.2583341090993845,0.37449664498196605,1.1133326492710467,0.16059430342401493,0.22575803927946386,3.132515746055876,0.0,0.0,64.66622154870913,0.0,0.0,0.0,0.0,72.4,4.6180558336445285,2.461777642890519,58.515050252675486,28.006235308041482,17.247078972152583,Tyler Holton,0.5,1.0,,3.481438090778637,1.1313991784649406,PIT,-1.6450360916422322,0.0,0.0,3.132515746055876,0.0,0.0
19238,1.0269711052256285,0.5973888936531853,1.357383930244839,0.2182323243668451,-0.07093783631768573,0.0,0.0,0.0,0.0,0.0,3.129038417172812,373.0,342.5874463226641,85.72117011612248,8.268579153224428,34.71594714577926,45.907020201267606,3.732529050057282,0.0,0.0,0.0,0.0,0.0,0.0,Lourdes Gurriel Jr.,0.5,1.6085790884718498,0.2502169038482118,,,HIT,-1.6485134205252963,0.0,0.0,5.035687627207078,2.623574704200804,2.623574704200804
18138,0.0,0.0,0.0,0.0,0.0,1.1387952326717103,0.8703378741975073,1.0680834938906596,0.21061517875849312,-0.16146976168263022,3.1263620178357403,0.0,0.0,41.0552744079854,0.0,0.0,0.0,0.0,48.45455543358947,4.179351040027166,5.721221669591889,56.136824299535526,18.096262746654407,18.2769831653474,Ryan Helsley,0.23161361141602638,2.0,,3.3612188423255684,1.2244928684703758,PIT,-1.6511898198623678,0.0,0.0,6.250000047711,10.261132179966912,10.261132179966912
33552,1.226641806033207,0.534899007256166,1.4478408973642027,0.07766841294505024,-0.16436273436684717,0.0,0.0,0.0,0.0,0.0,3.122687389231779,441.2250803858521,398.17432468313916,98.22819415995346,7.403644137794214,41.46565749354378,48.96629453358197,1.328399028101485,0.0,0.0,0.0,0.0,0.0,0.0,LuJames Groover,0.19614147909967847,1.359850168705956,0.2466964544690869,,,HIT,-1.6548644484663293,0.0,0.0,4.250128070133311,0.0,0.0
27915,1.2291315634686775,0.30945265167832864,1.1515834294507383,0.532852478503659,-0.10761286407016588,0.0,0.0,0.0,0.0,0.0,3.115407259031238,346.85567010309273,308.5752847255075,76.47813643699763,4.283196041577103,41.54982177732528,38.946802434668854,9.113624029713593,0.0,0.0,0.0,0.0,0.0,0.0,Alejandro Osuna,0.4845360824742268,1.7298261257244765,0.24784271528754673,,,HIT,-1.66214457866687,0.0,0.0,5.39371572826672,4.875433578087357,4.875433578087357
28848,1.3668356552639798,0.6515452512274209,1.3923809763191017,0.13286996023517664,-0.428912591860917,0.0,0.0,0.0,0.0,0.0,3.114719251184762,433.4636678200692,401.70875370483844,94.61749308268989,9.01816812953516,46.20479984652125,47.09062792294299,2.2725367925976157,0.0,0.0,0.0,0.0,0.0,0.0,Tanner Murray,0.13494809688581316,1.384199056445626,0.23553754358116757,,,HIT,-1.6628325865133462,0.0,0.0,4.322819596491607,0.0,0.0
19983,1.1241203310599723,0.5779845679244435,1.1531563810383618,0.7016121930415924,-0.4468439321515377,0.0,0.0,0.0,0.0,0.0,3.1100295409128327,394.0,353.0,82.0,7.999999999999999,38.0,39.0,12.0,0.0,0.0,0.0,0.0,0.0,0.0,Conner Capel,0.0,1.5228426395939085,0.23229461756373937,,,HIT,-1.6675222967852754,0.0,0.0,4.751791344991674,0.837976421613315,0.837976421613315
22263,1.2106077399294206,1.060298201778312,1.4274034055915998,0.06790392269152543,-0.6619212129293212,0.0,0.0,0.0,0.0,0.0,3.1042920570615364,367.0,329.2249675430055,72.36189464104673,14.675799467599882,40.92363855205791,48.27509410991194,1.1613924050632911,0.0,0.0,0.0,0.0,0.0,0.0,Nolan Gorman,0.5,1.6348773841961852,0.21979467469032207,,,HIT,-1.6732597806365717,0.0,0.0,5.103775340097703,3.051820196723895,3.051820196723895
18383,0.0,0.0,0.0,0.0,0.0,2.002832460095532,0.0,1.9597168647397751,-0.5173104748695267,-0.3424863763224285,3.102752473643352,0.0,0.0,93.30553578763465,0.0,0.0,0.0,0.0,106.55,7.350346827025638,0.0,102.99970174803151,46.148487556643566,37.132433871405276,Michael Soroka,0.5,1.4077897700610043,,3.8980421211618217,1.2241949287568272,PIT,-1.6747993640547563,0.0,0.0,4.405408162203726,0.0,0.0
19960,1.2175065553711941,0.8306341606856922,1.1426333402356599,0.4007789330017816,-0.4918920815907432,0.0,0.0,0.0,0.0,0.0,3.0996609077035844,318.5,280.5903415369161,62.9420379719529,11.496973542646916,41.156847559620466,38.644108467807435,6.854708689100954,0.0,0.0,0.0,0.0,0.0,0.0,Taylor Trammell,0.5,1.8838304552590266,0.22432004475703549,,,HIT,-1.6778909299945237,0.0,0.0,5.868091421786299,7.859074001413234,7.859074001413234
13324,1.1596194282508712,0.4078141822824846,1.3524752335783246,0.18040127103037343,-0.0016859895519944217,0.0,0.0,0.0,0.0,0.0,3.0986241255900597,387.5,355.78650271240303,90.24112666592016,5.644637658710579,39.200018944575234,45.741007010739466,3.0854869311487985,0.0,0.0,0.0,0.0,0.0,0.0,Ildemaro Vargas,0.5,1.5483870967741935,0.25363842073251947,,,HIT,-1.6789277121080484,0.0,0.0,4.7973027032568485,1.1242253380216676,1.1242253380216676
26468,1.1198034418844145,0.7650420576098439,1.2656990930130418,0.11442352223108178,-0.17321030182406774,0.0,0.0,0.0,0.0,0.0,3.0917578129143144,368.5583864118896,341.9250959038267,83.82484733767443,10.589100125730045,37.854070970750506,42.806219034282485,1.9570387749683584,0.0,0.0,0.0,0.0,0.0,0.0,Victor Bericoto,0.4692144373673036,1.627964583417343,0.24515558624352,,,HIT,-1.6857940247837937,0.0,0.0,5.040391546200155,2.6531605431203027,2.6531605431203027
28344,1.4666754576746575,0.32485989554668027,1.2775487924289648,0.6363290327115605,-0.6152007827729374,0.0,0.0,0.0,0.0,0.0,3.090212395588926,424.3783783783784,373.6586843436061,84.36471342145511,4.4964507853662585,49.579805516980336,43.20697844976164,10.883431713801556,0.0,0.0,0.0,0.0,0.0,0.0,Tsung-Che Cheng,0.1554054054054054,1.4138326327856323,0.2257801489871855,,,HIT,-1.6873394421091823,0.0,0.0,4.386052162048937,0.0,0.0
19331,1.2128666729857598,1.0837210648583318,1.4784056167158486,0.23387073101386413,-0.9195366686430797,0.0,0.0,0.0,0.0,0.0,3.0893274169307245,395.0,353.0,74.0,15.0,41.0,50.0,4.0,0.0,0.0,0.0,0.0,0.0,0.0,Jose Rojas,0.0,1.518987341772152,0.2096317280453258,,,HIT,-1.6882244207673835,0.0,0.0,4.725287141842211,0.671275190953577,0.671275190953577
16162,0.0,0.0,0.0,0.0,0.0,1.44823265702675,0.0,1.577608246699734,-0.26036786234325265,0.3233019877422195,3.088775029125451,0.0,0.0,67.62545642434297,0.0,0.0,0.0,0.0,79.70469157254561,5.314978924829155,0.0,82.91666097739304,33.64770767890511,21.436559363647678,Brandon Woodruff,0.39183318853171156,1.8819469348736266,,3.7993920199103557,1.117399917505837,PIT,-1.688776808572657,0.0,0.0,5.807689341696379,7.479168179358683,7.479168179358683
28020,1.1928170860516072,0.4928448680670076,1.161250539849371,0.524829210844464,-0.28335889256668245,0.0,0.0,0.0,0.0,0.0,3.0883828122457677,382.0523917995444,355.35395249892565,85.36274428053552,6.821564386562435,40.32223954816351,39.273746214147565,8.976398347399043,0.0,0.0,0.0,0.0,0.0,0.0,Jose Fernandez,0.4305239179954442,1.5704652369112992,0.240218924484296,,,HIT,-1.6891690254523404,0.0,0.0,4.861224380404587,1.526268070122373,1.526268070122373
26374,1.2493518417818363,0.542575810556258,1.1784109183296927,0.8616223444647674,-0.7441705538269833,0.0,0.0,0.0,0.0,0.0,3.0877903613055713,377.9256756756757,332.8284374266836,71.88271644219444,7.509900307610783,42.233352316422916,39.85411395241557,14.73672811864071,0.0,0.0,0.0,0.0,0.0,0.0,Kameron Misner,0.1554054054054054,1.5876137521677722,0.2159752844377337,,,HIT,-1.6897614763925368,0.0,0.0,4.931581760660348,1.9687888962905742,1.9687888962905742
13620,1.2553674489906332,0.744051575345772,1.3665071768173283,0.03264014442800427,-0.31368011499531057,0.0,0.0,0.0,0.0,0.0,3.0848862305864273,378.5,339.17608784632534,80.75530780386484,10.298566662673075,42.43670516719712,46.21557038767571,0.5582595870206489,0.0,0.0,0.0,0.0,0.0,0.0,Carson Kelly,0.5,1.5852047556142668,0.23809257402736964,,,HIT,-1.6926656071116808,0.0,0.0,4.902317242212732,1.7847263454426376,1.7847263454426376
19522,1.43377806429536,0.6061979841410018,1.2363025264241152,0.53104761621276,-0.7225782820272131,0.0,0.0,0.0,0.0,0.0,3.084747909046024,451.5,395.734375,88.10876480488075,8.390507536460682,48.467735115020304,41.81202074875958,9.082754629629628,0.0,0.0,0.0,0.0,0.0,0.0,TJ Friedl,0.5,1.3289036544850499,0.22264622527391195,,,HIT,-1.6928039286520842,0.0,0.0,4.1152079200851075,0.0,0.0
15679,0.9586434633192065,1.0150706065064032,1.4122377080484823,0.0537153459512517,-0.35619130611642563,0.0,0.0,0.0,0.0,0.0,3.083475817708918,345.2911877394636,313.6505201528652,73.57988188594811,14.04979527604408,32.40618517394858,47.76218691544366,0.9187185710394413,0.0,0.0,0.0,0.0,0.0,0.0,Rowdy Tellez,0.0421455938697318,1.7376638075476303,0.23459193324496053,,,HIT,-1.6940760199891902,0.0,0.0,5.375771920175445,4.762573935612185,4.762573935612185
29788,1.2862451505029155,0.594004196949781,1.3170579503942,0.2646009667983111,-0.38256289418571227,0.0,0.0,0.0,0.0,0.0,3.079345370459495,378.96958174904944,330.8317484863924,77.48126231457621,8.221730889222378,43.4805014806757,44.543186778467856,4.525593530258821,0.0,0.0,0.0,0.0,0.0,0.0,Brett Harris,0.049429657794676805,1.5832405261415283,0.2342014110467488,,,HIT,-1.698206467238613,0.0,0.0,4.889873842255455,1.706462151843922,1.706462151843922
10324,1.2131421947773862,0.969978034531569,1.2907728624879489,0.0,-0.3991542410441263,0.0,0.0,0.0,0.0,0.0,3.0747388507527775,409.5,363.029731421597,85.34339503769255,13.425659968947384,41.00931379656832,43.65421937976975,0.0,0.0,0.0,0.0,0.0,0.0,0.0,Marcell Ozuna,0.5,1.465201465201465,0.2350865167530336,,,HIT,-1.7028129869453306,0.0,0.0,4.517410047109048,0.0,0.0
18872,1.1735400347973242,0.6294366983878763,1.07201836010407,0.3592952974946082,-0.1596511892562597,0.0,0.0,0.0,0.0,0.0,3.074639201527619,289.8780487804878,252.74340643654915,61.45396725618315,8.712159228031966,39.67059405486295,36.25589445762074,6.145194756727532,0.0,0.0,0.0,0.0,0.0,0.0,Jahmai Jones,0.3902439024390244,2.0,0.24314765762884927,,,HIT,-1.7029126361704892,0.0,0.0,6.158641818419101,9.686524101090853,9.686524101090853
21558,1.2601011252496375,0.623402783226668,1.2306052056255328,0.26880227235799115,-0.3087907033368776,0.0,0.0,0.0,0.0,0.0,3.0741206831229517,386.0,350.13910154263436,83.61242098253287,8.628642601518893,42.59672335463844,41.619336118298065,4.597450415324631,0.0,0.0,0.0,0.0,0.0,0.0,Matt Vierling,0.5,1.5544041450777202,0.23879772528733662,,,HIT,-1.7034311545751564,0.0,0.0,4.78987537285913,1.0775102901919325,1.0775102901919325
21497,1.1759452905482175,1.185012441964772,1.6647529189559038,0.0,-0.9542083643469772,0.0,0.0,0.0,0.0,0.0,3.071502287121916,428.5294117647059,377.5758091633477,79.59712297067297,16.401994208533008,39.751901825933835,56.30230635398998,0.0,0.0,0.0,0.0,0.0,0.0,0.0,Luken Baker,0.0196078431372549,1.400137268359643,0.21081097103929528,,,HIT,-1.706049550576192,0.0,0.0,4.3263058753303145,0.0,0.0
18171,0.9466276472083979,1.0114729938677762,1.4488375043815316,0.1754030482603981,-0.5128064052779269,0.0,0.0,0.0,0.0,0.0,3.069534788440177,332.0,302.0,68.0,13.999999999999998,32.0,49.0,3.0,0.0,0.0,0.0,0.0,0.0,0.0,Seth Brown,0.0,1.8072289156626506,0.2251655629139073,,,HIT,-1.708017049257931,0.0,0.0,5.575729391797011,6.020229425609415,6.020229425609415
22896,1.1516650265811135,0.73652578463372,1.3984479551033615,0.05907804822484189,-0.2859794395286074,0.0,0.0,0.0,0.0,0.0,3.059737375014429,389.8679245283019,361.5958311001921,86.89839239842458,10.194400688289678,38.93112667824128,47.295814467003105,1.0104393648359473,0.0,0.0,0.0,0.0,0.0,0.0,Lenyn Sosa,0.3261455525606469,1.5389827227411315,0.24031912130742045,,,HIT,-1.717814462683679,0.0,0.0,4.719373639651747,0.6340815395504279,0.6340815395504279
30162,1.301613014911547,0.8669768518866654,1.4488375043815316,0.23387073101386413,-0.7935224182132109,0.0,0.0,0.0,0.0,0.0,3.057775683980397,447.0,412.0,91.0,12.0,44.0,49.0,4.0,0.0,0.0,0.0,0.0,0.0,0.0,Oscar Colás,0.0,1.342281879194631,0.220873786407767,,,HIT,-1.719776153717711,0.0,0.0,4.123469760577767,0.0,0.0
19392,1.4364719605495617,0.5176931256250538,1.0744974306577917,0.4660198937506957,-0.441645156385058,0.0,0.0,0.0,0.0,0.0,3.053037254198045,420.5,377.5163165812662,88.28523133457365,7.165494089007977,48.55880015034721,36.33973716376618,7.97055521621591,0.0,0.0,0.0,0.0,0.0,0.0,Zach McKinstry,0.5,1.426872770511296,0.23385805449171598,,,HIT,-1.724514583500063,0.0,0.0,4.36898890922171,0.0,0.0
21897,1.2053081197674989,0.8573554220498969,1.2235212546275864,0.36107563045500735,-0.5969631665972629,0.0,0.0,0.0,0.0,0.0,3.050297260302727,375.63157894736844,335.53500320273304,75.05063382553783,11.866827865369219,40.74448907794144,41.37975535244293,6.175644620251387,0.0,0.0,0.0,0.0,0.0,0.0,Christopher Morel,0.2260061919504644,1.5973097940311054,0.2236745290630427,,,HIT,-1.7272545773953811,0.0,0.0,4.896402790532882,1.747526722116914,1.747526722116914
13892,0.0,0.0,0.0,0.0,0.0,0.6050721627925988,2.457029807687239,0.8458182002168765,-0.618634513827539,-0.24030751283818041,3.048978144030995,0.0,0.0,40.983170363831405,0.0,0.0,0.0,0.0,43.882352941176464,2.220600245160786,16.151442555036272,44.45490260500634,21.47042790069019,14.084150668876664,Paul Sewald,0.4117647058823529,1.5478493586447242,,4.403452371053083,1.2548853318445539,PIT,-1.728573693667113,0.0,0.0,4.743709525150487,0.7871448872374728,0.7871448872374728
35322,0.992796128248609,0.3241892375639408,1.0290872406204794,0.9563099755616951,-0.2552117492847549,0.0,0.0,0.0,0.0,0.0,3.04717083270997,288.24675324675326,265.9009955634032,63.18975033795863,4.4871680740973705,33.56068903928971,34.803954644954224,16.35621475874215,0.0,0.0,0.0,0.0,0.0,0.0,Hyeseong Kim,0.35064935064935066,2.0,0.23764390277693126,,,HIT,-1.7303810049881383,0.0,0.0,6.110823848945449,9.385767488490377,9.385767488490377
25807,1.22655942785548,0.3321749403602475,0.9946040970761413,0.6798637385917654,-0.1944118350559028,0.0,0.0,0.0,0.0,0.0,3.038790368827731,381.0,341.0611866068927,83.24769434204896,4.597699783620115,41.46287276430517,33.637727218784825,11.62802605771925,0.0,0.0,0.0,0.0,0.0,0.0,Jared Triolo,0.5,1.5748031496062993,0.24408433914821356,,,HIT,-1.738761468870377,0.0,0.0,4.792627279998704,1.0948187263007767,1.0948187263007767
22264,0.0,0.0,0.0,0.0,0.0,2.451797403315601,0.0,2.7994154900888844,-1.3829249463854185,-0.8304068216693553,3.0378811253497116,0.0,0.0,145.54849706587876,0.0,0.0,0.0,0.0,157.7,8.998037341131832,0.0,147.13296891806982,72.71483584662678,52.751779162086635,Shane Baz,0.5,1.0,,4.149863808621694,1.2574526076598949,PIT,-1.7396707123483965,0.0,0.0,3.0378811253497116,0.0,0.0
18042,1.1375374788569916,0.7170451650240284,0.9235875265462618,0.8973052416823831,-0.6451226983268378,0.0,0.0,0.0,0.0,0.0,3.0303527137828272,281.9811320754717,245.20967838276295,51.446372646210946,9.924765536200452,38.45355608487748,31.23593133384911,15.347029323292102,0.0,0.0,0.0,0.0,0.0,0.0,Dylan Moore,0.05660377358490566,2.0,0.209805636488398,,,HIT,-1.7471991239152809,0.0,0.0,6.100883140283793,9.323244259318649,9.323244259318649
30163,1.3733133718546775,0.3652732183538018,1.3123894549624364,0.203440565979143,-0.22566426142285193,0.0,0.0,0.0,0.0,0.0,3.0287523497272066,425.937293729373,395.26168037840944,96.44679561281647,5.055819668895405,46.42377393999255,44.38529724602228,3.479538719483163,0.0,0.0,0.0,0.0,0.0,0.0,César Prieto,0.17491749174917492,1.408658055617973,0.24400745227941587,,,HIT,-1.7487994879709015,0.0,0.0,4.272656811966057,0.0,0.0
24655,1.2720309009362847,0.4334884259433327,1.3009969427099466,0.46774146202772826,-0.45140761161268195,0.0,0.0,0.0,0.0,0.0,3.0228501200046103,418.0,381.0,89.0,6.0,43.0,44.0,8.0,0.0,0.0,0.0,0.0,0.0,0.0,Owen Miller,0.0,1.4354066985645932,0.2335958005249344,,,HIT,-1.7547017176934978,0.0,0.0,4.352459062513107,0.0,0.0
22197,1.2786530801716747,0.9722785208862705,1.3466177882177308,0.21906654443298368,-0.7950849552696976,0.0,0.0,0.0,0.0,0.0,3.021530978438962,374.96446700507613,341.0484596173913,73.0946564165553,13.457501460673885,43.22385753908351,45.54290693271062,3.7467971042515305,0.0,0.0,0.0,0.0,0.0,0.0,MJ Melendez,0.36548223350253806,1.6001516218118808,0.21432337357147804,,,HIT,-1.756020859259146,0.0,0.0,4.867997337277721,1.568867360491141,1.568867360491141
26693,1.4938963444893436,0.6003333720050479,1.3135499290030699,0.21224799363191196,-0.5989527501432297,0.0,0.0,0.0,0.0,0.0,3.021074888986144,415.6261398176292,364.98276093919986,82.45042563342591,8.309334266980303,50.49998609763286,44.4245447308638,3.6301762552635055,0.0,0.0,0.0,0.0,0.0,0.0,Juan Brito,0.24012158054711247,1.4436050635873658,0.2259022465095572,,,HIT,-1.7564769487119642,0.0,0.0,4.378931478472566,0.0,0.0
27501,1.1661983290781002,0.8421656213381707,1.2718991136917874,0.11918485489779009,-0.3828042529922703,0.0,0.0,0.0,0.0,0.0,3.0166436660135783,346.5748373101952,311.9061012023403,72.69064809227473,11.656582795798963,39.42241349125065,43.01590508419477,2.0384740643877266,0.0,0.0,0.0,0.0,0.0,0.0,Justin Foscue,0.45770065075921906,1.7312278198171134,0.23305298553656287,,,HIT,-1.7609081716845298,0.0,0.0,5.24127571595557,3.9166446074946446,3.9166446074946446
30076,0.0,0.0,0.0,0.0,0.0,2.141694039999434,0.0,2.417825165016576,-0.40251619305044317,-1.1426935474439812,3.0143094645215855,0.0,0.0,119.07641757634406,0.0,0.0,0.0,0.0,131.45,7.859965476402696,0.0,127.07716882798834,55.43798446340279,52.85143033544086,Landen Roupp,0.5,1.1411182959300115,,3.795677901640359,1.307933418880068,PIT,-1.7632423731765225,0.0,0.0,3.4628515282669,0.0,0.0
22857,1.287990133173997,0.7447834464280827,1.1487374871897775,0.3805717691281088,-0.5488938372154775,0.0,0.0,0.0,0.0,0.0,3.013188998704489,340.5056179775281,308.5365511963681,69.04412324955216,10.308696636695583,43.539489241744455,38.850552047468526,6.509096157150987,0.0,0.0,0.0,0.0,0.0,0.0,Wenceel Pérez,0.43820224719101125,1.762085464444811,0.2237793965798529,,,HIT,-1.7643628389936192,0.0,0.0,5.338127234089493,4.525803357642377,4.525803357642377
25543,1.2424487869610221,0.7224807099055545,1.1531563810383618,0.3508060965207962,-0.45723582748681196,0.0,0.0,0.0,0.0,0.0,3.0116561469389227,350.0,326.0,75.0,10.0,42.0,39.0,6.0,0.0,0.0,0.0,0.0,0.0,0.0,Korey Lee,0.0,1.7142857142857142,0.23006134969325154,,,HIT,-1.7658956907591854,0.0,0.0,5.185653924051392,3.566804957170578,3.566804957170578
31564,1.1990779739695219,0.3910323638212303,1.1159575521151575,0.30887252631892737,-0.0034722430074891645,0.0,0.0,0.0,0.0,0.0,3.011468173217348,331.9512195121951,293.4586528703826,74.39412160359804,5.412357153069839,40.53388391959518,37.74192750275671,5.282790625058884,0.0,0.0,0.0,0.0,0.0,0.0,Alan Roden,0.3902439024390244,1.8074944893460692,0.2535080185093642,,,HIT,-1.7660836644807603,0.0,0.0,5.442470965922744,5.182085246599475,5.182085246599475
25138,1.301613014911547,0.4334884259433327,1.1827244933726788,0.4677414620277282,-0.37419852487347294,0.0,0.0,0.0,0.0,0.0,3.011368871381814,394.0,360.0,85.0,6.0,44.0,40.0,7.999999999999999,0.0,0.0,0.0,0.0,0.0,0.0,Levi Jordan,0.0,1.5228426395939085,0.2361111111111111,,,HIT,-1.7661829663162942,0.0,0.0,4.59914746927351,0.0,0.0
17897,0.0,0.0,0.0,0.0,0.0,1.0894207065158994,0.37449664498196605,1.2712523719232793,0.1537086068243598,0.12153097061751529,3.0104093008630195,0.0,0.0,40.75313696122624,0.0,0.0,0.0,0.0,53.3947194719472,3.9981477197814232,2.461777642890519,66.81506778376495,20.43438470333187,20.349693220638404,Garrett Cleavinger,0.42244224422442245,1.2173488435340512,,3.4443380197289013,1.144360917823853,PIT,-1.7671425368350886,0.0,0.0,3.661971787172217,0.0,0.0
18821,1.158795044352356,0.25568397519773045,0.8019423087492503,0.7842627006551892,0.008354823428556637,0.0,0.0,0.0,0.0,0.0,3.009038852383082,317.44029850746267,292.36009705139605,74.31389411471145,3.538973036818581,39.172151297955914,27.121863569846838,13.413610112822493,0.0,0.0,0.0,0.0,0.0,0.0,José Azócar,0.06716417910447761,1.890119190351929,0.25418617268295435,,,HIT,-1.7685129853150259,0.0,0.0,5.685882277570954,6.713048655664613,6.713048655664613
28199,1.2236910262256409,0.54784438372381,1.3635512053000571,0.043048735372454995,-0.17739307424886372,0.0,0.0,0.0,0.0,0.0,3.0007422763730993,393.68145161290323,362.6559769284807,89.00685899242502,7.58282368252332,41.36590871257317,46.11559878705918,0.7362825640614774,0.0,0.0,0.0,0.0,0.0,0.0,Blaze Jordan,0.4959677419354839,1.5240748517407023,0.24543055858687268,,,HIT,-1.7768095613250088,0.0,0.0,4.579411212057991,0.0,0.0
25660,0.9651037267336715,0.3627030820888528,1.0728928084031017,0.287966992400777,0.30019685389989875,0.0,0.0,0.0,0.0,0.0,2.988863463526302,341.98194945848377,318.57723965223835,85.88424597793257,5.020245898831912,32.62456927658125,36.285468489576,4.925233545085314,0.0,0.0,0.0,0.0,0.0,0.0,Will Brennan,0.09747292418772563,1.7544785651701167,0.26958688596738595,,,HIT,-1.788688374171806,0.0,0.0,5.226631794525461,3.8245399812843233,3.8245399812843233
29571,1.2105180694325466,0.7224640957452608,1.2556256394652936,0.4582965155183038,-0.6650810034449745,0.0,0.0,0.0,0.0,0.0,2.9818233167164303,378.5,341.57396940290977,75.4239593198236,9.999770040084588,40.920607311729746,42.465532640986524,7.838458682392974,0.0,0.0,0.0,0.0,0.0,0.0,Tim Tawa,0.5,1.5852047556142668,0.2208129602254787,,,HIT,-1.7957285209816778,0.0,0.0,4.753479235824297,0.8485926049194438,0.8485926049194438
24968,0.0,0.0,0.0,0.0,0.0,1.9073694820931233,0.07699190745264124,2.0358282690965503,-0.6446697891676653,-0.3942610822484412,2.9812587872262086,0.0,0.0,102.0,0.0,0.0,0.0,0.0,114.0,7.0,0.5061112268696969,107.0,50.0,38.0,Reese Olson,0.0,1.0,,3.9473684210526314,1.2280701754385965,PIT,-1.7962930504718995,0.0,0.0,2.9812587872262086,0.0,0.0
30184,0.0,0.0,0.0,0.0,0.0,2.3962219130126723,0.0,2.547022705001871,-1.1579681695275243,-0.8073080565895069,2.9779683918975115,0.0,0.0,145.48781135257488,0.0,0.0,0.0,0.0,152.55,8.794076632012388,0.0,133.86759265119292,69.08422270591231,46.35546323172254,Noah Cameron,0.5,1.0,,4.075765351381257,1.2575763656787768,PIT,-1.7995834458005966,0.0,0.0,2.9779683918975115,0.0,0.0
16947,1.0523437900228996,0.6508501358577851,0.8871119885760425,0.7580367578711404,-0.37318265975346226,0.0,0.0,0.0,0.0,0.0,2.9751600125744053,278.36324786324786,252.99019379354806,57.95072361627294,9.008546898682829,35.5736507168793,30.00232069419101,12.965055602895484,0.0,0.0,0.0,0.0,0.0,0.0,Derek Hill,0.4658119658119658,2.0,0.22906312196259854,,,HIT,-1.8023918251237028,0.0,0.0,5.973782261338672,8.523828679133027,8.523828679133027
31166,1.1570402611307664,0.720742735046802,1.2431661153944011,0.07675189279549258,-0.22389458896736922,0.0,0.0,0.0,0.0,0.0,2.9738064154000927,332.4603174603175,301.18599619689417,72.65028989587059,9.975944342389713,39.112832237017365,42.04414882283754,1.3127233572625663,0.0,0.0,0.0,0.0,0.0,0.0,Heston Kjerstad,0.20634920634920634,1.8047266650751965,0.24121403655293772,,,HIT,-1.8037454222980154,0.0,0.0,5.378686836165047,4.7809076346106485,4.7809076346106485
22286,0.0,0.0,0.0,0.0,0.0,2.186581202506288,0.0,2.3685863624082457,-0.8646444637595666,-0.7211653171670355,2.969357783987932,0.0,0.0,138.2189835342997,0.0,0.0,0.0,0.0,144.45,8.024700280276756,0.0,124.48925315795523,63.805172819163204,42.71242034875211,Trevor Rogers,0.5,1.038421599169263,,3.975400175648798,1.252553851734523,PIT,-1.8081940537101762,0.0,0.0,3.0899180499096692,0.0,0.0
24017,0.0,0.0,0.0,0.0,0.0,1.0939312531437058,0.4736648908250743,1.21363000234363,0.2874081707623705,-0.09965462744986366,2.9689796896249168,0.0,0.0,61.35759377778015,0.0,0.0,0.0,0.0,68.05882352941177,4.014701317126389,3.113666448230793,63.786524738845635,25.45606325631423,20.166821338103023,José A. Ferrer,0.4852941176470588,1.0,,3.366272842019081,1.1978522532152238,PIT,-1.8085721480731913,0.0,0.0,2.9689796896249168,0.0,0.0
13125,0.0,0.0,0.0,0.0,0.0,1.8877440712326758,0.0,2.1442611825802715,-0.9030068624666415,-0.16073978243560577,2.9682586089107,0.0,0.0,105.85560145288798,0.0,0.0,0.0,0.0,115.6,6.927975215440495,0.0,112.69906701801865,52.35748166085036,32.536013579279725,Gerrit Cole,0.5,1.2975778546712804,,4.076274523768626,1.1971592995862257,PIT,-1.809293228787408,0.0,0.0,3.885246989189864,0.0,0.0
19384,1.4495235847878591,0.7224807099055545,1.3009969427099466,0.1754030482603981,-0.6837186113838617,0.0,0.0,0.0,0.0,0.0,2.9646856742798966,412.0,357.0,79.0,10.0,49.0,44.0,3.0,0.0,0.0,0.0,0.0,0.0,0.0,Trenton Brooks,0.0,1.4563106796116505,0.22128851540616246,,,HIT,-1.8128661634182115,0.0,0.0,4.338088184079795,0.0,0.0
25688,1.2720309009362847,0.7224807099055545,1.3897012797128976,0.1754030482603981,-0.6011414157350582,0.0,0.0,0.0,0.0,0.0,2.9584745230800764,442.0,399.0,91.0,10.0,43.0,47.0,3.0,0.0,0.0,0.0,0.0,0.0,0.0,Cam Devanney,0.0,1.3574660633484164,0.22807017543859648,,,HIT,-1.8190773146180317,0.0,0.0,4.030723032816162,0.0,0.0
20539,0.0,0.0,0.0,0.0,0.0,1.2978717135175621,0.07699190745264124,1.5069400093060596,-0.06028928081714591,0.1369219419797,2.958436291438817,0.0,0.0,51.72045796525346,0.0,0.0,0.0,0.0,66.0,4.763157888346341,0.5061112268696969,79.20244720214235,26.851609411566244,23.965522525221463,Edwin Uceta,0.0410958904109589,1.0,,3.661583101577215,1.146757280158711,PIT,-1.8191155462592912,0.0,0.0,2.958436291438817,0.0,0.0
16472,1.2529230280403898,1.1008473545194848,1.3412565789643776,0.08781252619710653,-0.825258201416578,0.0,0.0,0.0,0.0,0.0,2.95758128630478,399.5,351.47304007569016,75.21093178565908,15.237048400411853,42.354073447493526,45.36158966792429,1.5018985200315793,0.0,0.0,0.0,0.0,0.0,0.0,Rhys Hoskins,0.5,1.5018773466833542,0.21398776921684326,,,HIT,-1.819970551393328,0.0,0.0,4.469772573752681,0.0,0.0
35323,0.0,0.0,0.0,0.0,0.0,1.9510482499695818,0.0,2.4492580508744215,-1.016565956970387,-0.4354542195867221,2.948286124286894,0.0,0.0,104.67886837233165,0.0,0.0,0.0,0.0,118.85,7.160300024722888,0.0,128.72923292290437,54.429819219192005,41.66293836407684,Roki Sasaki,0.5,1.2620950778291966,,4.121736415420513,1.2313151597510181,PIT,-1.829265713411214,0.0,0.0,3.7614630210612408,0.0,0.0
26396,1.2836540261143776,0.5226367352282598,0.9921687923753385,0.45267352091081664,-0.30992950875128006,0.0,0.0,0.0,0.0,0.0,2.9412035658775126,387.2345679012345,342.178973522789,81.57862897763101,7.233919578234566,43.392910567101886,33.55536468331866,7.74228598762077,0.0,0.0,0.0,0.0,0.0,0.0,Josh Smith,0.48559670781893005,1.5494484473633872,0.23840923987165416,,,HIT,-1.8363482718205955,0.0,0.0,4.568343977458664,0.0,0.0
14374,0.0,0.0,0.0,0.0,0.0,1.156349965351169,0.0,1.8264655226803888,-0.2983410848184643,0.2564896107433782,2.9409640139564717,0.0,0.0,63.30077883537636,0.0,0.0,0.0,0.0,82.01381381381381,4.2437764856001765,0.0,95.9962163279761,34.822902143914895,29.444456972723806,Tyler Glasnow,0.47447447447447455,1.8289601839578773,,3.8213820906649048,1.1308489569653306,PIT,-1.8365878237416364,0.0,0.0,5.3831859386411995,4.809205256516484,4.809205256516484
15518,1.0098874153129818,0.6583029968335001,1.136629799674821,0.24356418793176368,-0.11180104331486748,0.0,0.0,0.0,0.0,0.0,2.936583356438199,314.1302605210421,292.6053423676261,72.35892193713784,9.111703437999834,34.13844650039155,38.44106741828223,4.165791706826707,0.0,0.0,0.0,0.0,0.0,0.0,Amed Rosario,0.49899799599198397,1.9100356616544711,0.24729186880746312,,,HIT,-1.840968481259909,0.0,0.0,5.615293960199341,6.269075323974908,6.269075323974908
27534,1.357858688702178,0.5208667524638806,1.0639751971683353,0.32008355197901867,-0.32870235341608234,0.0,0.0,0.0,0.0,0.0,2.93408183689733,394.0,346.92730991677246,82.46286323511814,7.2094208928010035,45.90134058159824,35.98387293508344,5.474538016645507,0.0,0.0,0.0,0.0,0.0,0.0,Edouard Julien,0.5,1.5228426395939085,0.23769493169880718,,,HIT,-1.843470000800778,0.0,0.0,4.4793454415318825,0.0,0.0
24782,1.360777242862072,0.8669768518866654,1.3897012797128976,0.11693536550693207,-0.8004310986616686,0.0,0.0,0.0,0.0,0.0,2.933959641306898,391.0,345.0,74.0,12.0,46.0,47.0,2.0,0.0,0.0,0.0,0.0,0.0,0.0,David Villar,0.0,1.5345268542199488,0.2144927536231884,,,HIT,-1.84359219639121,0.0,0.0,4.531068879607496,0.0,0.0
32157,0.0,0.0,0.0,0.0,0.0,2.087510837480508,0.07699190745264124,2.0013129932268936,-0.6239324847188454,-0.6090403031033721,2.9328429503378253,0.0,0.0,86.71952087872042,0.0,0.0,0.0,0.0,100.11494252873563,7.661114429873282,0.5061112268696969,105.18593023089703,44.24704342697073,40.07445181124983,Jonah Tong,0.19540229885057472,1.0,,3.977661883274177,1.2664839981661782,PIT,-1.8447088873602828,0.0,0.0,2.9328429503378253,0.0,0.0
25844,1.3903593568373342,0.7224807099055545,1.4192693920472146,0.23387073101386413,-0.8333744076023839,0.0,0.0,0.0,0.0,0.0,2.9326057822015836,423.0,375.0,81.0,10.0,47.0,48.0,4.0,0.0,0.0,0.0,0.0,0.0,0.0,Logan Davidson,0.0,1.4184397163120568,0.216,,,HIT,-1.8449460554965245,0.0,0.0,4.1833470798622345,0.0,0.0
15124,1.301613014911547,0.36124035495277723,1.034883931701094,0.8185475585485245,-0.5843898166279603,0.0,0.0,0.0,0.0,0.0,2.9318950434859823,329.0,283.0,62.0,5.0,44.0,35.0,14.0,0.0,0.0,0.0,0.0,0.0,0.0,Tim Locastro,0.0,1.8237082066869301,0.21908127208480566,,,HIT,-1.8456567942121258,0.0,0.0,5.378320453949468,4.778603231573726,4.778603231573726
20557,1.360777242862072,0.8669768518866654,1.3305650550442636,0.2338707310138641,-0.8639093390839795,0.0,0.0,0.0,0.0,0.0,2.9282805417228857,417.0,385.0,83.0,12.0,46.0,45.0,3.9999999999999996,0.0,0.0,0.0,0.0,0.0,0.0,CJ Alexander,0.0,1.4388489208633093,0.21558441558441557,,,HIT,-1.8492712959752224,0.0,0.0,4.240063945723801,0.0,0.0
29770,0.0,0.0,0.0,0.0,0.0,1.0291816203948183,0.5728331366681826,1.7618887133689023,-0.028906846763397626,-0.4075841703983267,2.9274124532701786,0.0,0.0,62.14655487525705,0.0,0.0,0.0,0.0,73.0,3.777071726479471,3.7655552535710672,92.60215863597077,29.46253803259593,29.662031576515467,Mason Montgomery,0.47368421052631576,1.0,,3.6323677026488133,1.2576518692023635,PIT,-1.8501393844279295,0.0,0.0,2.9274124532701786,0.0,0.0
22842,1.09453821708471,0.8669768518866654,1.1235882687040448,0.23387073101386413,-0.3924498204569621,0.0,0.0,0.0,0.0,0.0,2.9265242482323224,323.0,294.0,68.0,12.0,37.0,38.0,4.0,0.0,0.0,0.0,0.0,0.0,0.0,Alexander Canario,0.0,1.8575851393188854,0.23129251700680273,,,HIT,-1.8510275894657857,0.0,0.0,5.4591215011729295,5.286810700962191,5.286810700962191
21690,0.0,0.0,0.0,0.0,0.0,2.00567960583982,0.0,2.1173546626454964,-0.7445439350181721,-0.4602957711672773,2.918194562299867,0.0,0.0,96.21101445618125,0.0,0.0,0.0,0.0,112.55,7.3607957832436774,0.0,111.28490174842125,50.07311434139643,43.06439113845825,Edward Cabrera,0.5,1.332741003998223,,4.004069560840231,1.237453625896397,PIT,-1.8593572753982412,0.0,0.0,3.9318457238386175,0.0,0.0
21746,1.1625478257756778,0.431481122001258,1.091830063178901,0.5248900518642533,-0.2948773667606196,0.0,0.0,0.0,0.0,0.0,2.9158716960594706,350.0,307.72538589137025,73.11242865108994,5.9722165046823585,39.29901111015392,36.92593057121591,8.977438939687364,0.0,0.0,0.0,0.0,0.0,0.0,José Fermín,0.5,1.7142857142857142,0.23758985122176193,,,HIT,-1.8616801416386375,0.0,0.0,5.012259019764072,2.4762177860784824,2.4762177860784824
25005,1.3810453822290039,0.26937966833638366,0.9852980035007343,1.1651636006111765,-0.8862657157106555,0.0,0.0,0.0,0.0,0.0,2.914620938966643,368.65384615384613,328.36403085265806,68.36026326492365,3.728537864652442,46.685148444221426,33.322993106908285,19.92833554776214,0.0,0.0,0.0,0.0,0.0,0.0,Justin Dean,0.038461538461538464,1.6275430359937404,0.2081843833120624,,,HIT,-1.8629308987314652,0.0,0.0,4.781561988977241,1.0252223071787303,1.0252223071787303
11737,1.1114341827499221,0.7557076769176385,1.3238373689961143,0.23621970317047206,-0.512678470525956,0.0,0.0,0.0,0.0,0.0,2.914520461308191,375.36021505376345,345.5563373538614,79.00537391691589,10.459901095718218,37.571154775461316,44.77246819235257,4.040175564448356,0.0,0.0,0.0,0.0,0.0,0.0,Nick Castellanos,0.3279569892473118,1.5984645573427674,0.22863239760529033,,,HIT,-1.863031376389917,0.0,0.0,4.680034304250969,0.38665227002422753,0.38665227002422753
18316,1.3311951288868094,1.0837210648583315,1.4784056167158486,0.0,-0.9801055189067625,0.0,0.0,0.0,0.0,0.0,2.913216291554227,412.0,369.0,77.0,14.999999999999998,45.0,50.0,0.0,0.0,0.0,0.0,0.0,0.0,0.0,Edwin Rios,0.0,1.4563106796116505,0.2086720867208672,,,HIT,-1.8643355461438813,0.0,0.0,4.273232895461421,0.0,0.0
23335,0.0,0.0,0.0,0.0,0.0,1.7812105362758799,0.0,2.6967333590158584,-0.24640558239184812,-1.3249905757838472,2.9065477371160435,0.0,0.0,116.33704314424003,0.0,0.0,0.0,0.0,129.75,6.536999711376535,0.0,141.736154171171,53.70819204450375,56.328329090894556,Joey Cantillo,0.5,1.1560693641618498,,3.7254237256303178,1.330754313950941,PIT,-1.8710041005820646,0.0,0.0,3.3862254799502978,0.0,0.0
16512,1.0048568410916436,0.19615928401513139,0.8824972543075816,0.6993677804432852,0.12314606441034348,0.0,0.0,0.0,0.0,0.0,2.9060272242679854,314.0981308411215,289.25175949556467,75.45130129166313,2.7150798813822186,33.9683919118133,29.846249375999182,11.961612766358964,0.0,0.0,0.0,0.0,0.0,0.0,Isiah Kiner-Falefa,0.4158878504672897,1.9102310427421636,0.2608499302588342,,,HIT,-1.8715246134301227,0.0,0.0,5.542105294806369,5.808746804662335,5.808746804662335
27974,0.0,0.0,0.0,0.0,0.0,1.3624067729236595,0.07699190745264124,1.8265375124604566,0.06729036830779207,-0.43652769334064834,2.896698867803901,0.0,0.0,93.0,0.0,0.0,0.0,0.0,103.3,5.0,0.5061112268696969,96.0,41.0,35.0,Cristian Mena,0.0,1.0,,3.5721200387221685,1.239109390125847,PIT,-1.8808529698942071,0.0,0.0,2.896698867803901,0.0,0.0
14221,1.2932089892936751,1.0610893533546955,1.423573262208255,0.0,-0.8826196437874073,0.0,0.0,0.0,0.0,0.0,2.895251961069218,395.0,352.82805444376027,74.5815015698062,14.68674995479679,43.715908551197536,48.14555782636301,0.0,0.0,0.0,0.0,0.0,0.0,0.0,Jorge Soler,0.5,1.518987341772152,0.2113820050035003,,,HIT,-1.88229987662889,0.0,0.0,4.429140080180467,0.0,0.0
21496,0.9873812974801071,0.16403204248796455,0.8482740345999598,0.9132411440826209,-0.02113666529318124,0.0,0.0,0.0,0.0,0.0,2.891791853357471,279.5904255319149,250.35915406225868,63.16200800218197,2.2704003060428763,33.37764496160717,28.688812630607014,15.619588481612654,0.0,0.0,0.0,0.0,0.0,0.0,Brandon Lockridge,0.3351063829787234,2.0,0.2522855944243804,,,HIT,-1.8857599843406372,0.0,0.0,5.783803032150014,7.328932491273903,7.328932491273903
28811,1.2780459447390773,0.399073214240418,1.0288981157821437,0.29478519795316843,-0.11191578228903368,0.0,0.0,0.0,0.0,0.0,2.8888866904257737,350.2896174863388,324.38811131102716,80.41465781252258,5.523652171870255,43.203333805279186,34.797558401724444,5.041848489124416,0.0,0.0,0.0,0.0,0.0,0.0,Angel Genao,0.31693989071038253,1.712868352495203,0.24789643950736545,,,HIT,-1.8886651472723344,0.0,0.0,4.953203792378457,2.1047831488416353,2.1047831488416353
30675,1.3862152737618003,0.06890563648496754,1.168706460909318,0.8778646264683332,-0.6163465654905156,0.0,0.0,0.0,0.0,0.0,2.885345432133903,433.42788461538464,384.83231361037537,87.1653477617381,0.9537366955302539,46.85991254448552,39.525907088526196,15.014527429963731,0.0,0.0,0.0,0.0,0.0,0.0,Luis Lara,0.39903846153846156,1.3843133339988685,0.2265021534807727,,,HIT,-1.8922064055642052,0.0,0.0,4.010175628079066,0.0,0.0
17452,1.186683516370522,0.8755003711509175,1.068794577914569,0.4235689724903652,-0.6771615878975551,0.0,0.0,0.0,0.0,0.0,2.8773858500288187,291.9895178197065,266.6669127515745,56.32450270313339,12.117975734817422,40.114899069176296,36.14686544173191,7.244497345249338,0.0,0.0,0.0,0.0,0.0,0.0,Jose Siri,0.4758909853249476,2.0,0.21121669022210116,,,HIT,-1.9001659876692893,0.0,0.0,5.800543109969842,7.434221133915538,7.434221133915538
22563,1.0195269861402687,0.7424123698760027,1.0499352549662277,0.40813257222187466,-0.3461482979017075,0.0,0.0,0.0,0.0,0.0,2.873858885302666,335.126168224299,305.9570399063798,71.80254706344881,10.275878091929316,34.46430457920728,35.509039031472604,6.980481404450394,0.0,0.0,0.0,0.0,0.0,0.0,Gabriel Arias,0.4158878504672897,1.790370483985666,0.23468179416763793,,,HIT,-1.903692952395442,0.0,0.0,5.163796316240189,3.4293290217177073,3.4293290217177073
21455,0.0,0.0,0.0,0.0,0.0,1.6973846018501912,0.0,1.6690655742379759,0.044635391891600644,-0.5386617283922291,2.8724238395875386,0.0,0.0,77.9724380694352,0.0,0.0,0.0,0.0,87.71748633879781,6.229360553631444,0.0,87.72351732924761,34.8961112660797,33.1297224255555,Kris Bubic,0.453551912568306,1.7100353220410782,,3.580414972012314,1.2665907920100732,PIT,-1.9051279981105695,0.0,0.0,4.949570636263266,2.08193199605783,2.08193199605783
31204,0.0,0.0,0.0,0.0,0.0,2.0814690859675267,0.0,2.2341665378336457,-1.2131431352416033,-0.23723570626177887,2.8652567822977906,0.0,0.0,124.02034286747839,0.0,0.0,0.0,0.0,134.05,7.638941347527193,0.0,117.42435409558739,61.92473361429932,37.25845840204826,Justin Wrobleski,0.5,1.1189854531891084,,4.157572566420693,1.2031242168558496,PIT,-1.9122950554003175,0.0,0.0,3.224521430663601,0.0,0.0
15878,1.00106010998748,0.5437164942938943,1.1105255279450452,0.14481884831516062,0.058977848413434106,0.0,0.0,0.0,0.0,0.0,2.8590988289550148,341.5,314.6085357024476,80.81279358652112,7.525688739357084,33.840046415364384,37.5582152620599,2.4769041886917535,0.0,0.0,0.0,0.0,0.0,0.0,Miguel Andujar,0.5,1.7569546120058566,0.25686777189971965,,,HIT,-1.9184530087430933,0.0,0.0,5.019234973827206,2.520093850595207,2.520093850595207
15507,0.0,0.0,0.0,0.0,0.0,0.9750460919477006,0.07699190745264124,0.9274925935657194,0.5722751370789252,0.30658695592772506,2.858392685972712,0.0,0.0,37.88708342143534,0.0,0.0,0.0,0.0,45.96153846153846,3.5783956426438577,0.5061112268696969,48.747582995088756,14.82419858983833,11.85377321655365,Hunter Harvey,0.10256410256410256,1.4142259414225942,,2.90281378244533,1.082227843169635,PIT,-1.9191591517253963,0.0,0.0,4.024988037886546,0.0,0.0
35456,0.0,0.0,0.0,0.0,0.0,1.064168842471811,0.0,2.0349358732884784,-0.1147194682783855,-0.1265089562514632,2.8578762912304407,0.0,0.0,81.36264828659192,0.0,0.0,0.0,0.0,105.6,3.905473987728921,0.0,106.95309705002471,43.118836888120676,44.744231278634466,Trey Yesavage,0.5,1.4204545454545456,,3.6749008711466487,1.1941939352767652,PIT,-1.9196755464676674,0.0,0.0,4.070520735538567,0.0,0.0
31807,0.0,0.0,0.0,0.0,0.0,1.5536712910357533,0.0,1.8350825933338855,-0.4098866178262537,-0.12634080083445423,2.8525264657089306,0.0,0.0,99.54262926202614,0.0,0.0,0.0,0.0,110.85,5.701936168820011,0.0,96.44911629695694,47.17672751671262,32.7421403615,Troy Melton,0.5,1.3531799729364007,,3.8303161718575875,1.1933673398604072,PIT,-1.9250253719891774,0.0,0.0,3.8802729711902737,0.0,0.0
33279,1.2753109387915837,0.520635380711649,1.1042960672810882,0.3772323175401168,-0.4291335736864792,0.0,0.0,0.0,0.0,0.0,2.8483411306379587,383.75,345.6020276717557,80.42946441835961,7.20621843010464,43.11087908923757,37.34753354543482,6.451979961832061,0.0,0.0,0.0,0.0,0.0,0.0,Tommy Troy,0.375,1.5635179153094463,0.23272277931988739,,,HIT,-1.9292107070601494,0.0,0.0,4.469745004694593,0.0,0.0
14771,0.0,0.0,0.0,0.0,0.0,0.5918721315306651,2.1595250701579145,0.950131314860624,-0.736917526037924,-0.11674635928911418,2.8478646312221656,0.0,0.0,42.67134886749563,0.0,0.0,0.0,0.0,48.946625766871165,2.1721564487694667,14.195776139015452,49.93743933775058,24.26387308836126,16.602970921856926,Emilio Pagán,0.3865030674846626,1.7610872244801314,,4.461489517895538,1.210999100768894,PIT,-1.9296872064759425,0.0,0.0,5.057275958686874,2.759356995231319,2.759356995231319
14366,0.9722161273182933,0.5502682023623828,1.3825014944558804,0.04861078598284634,-0.10793521940167444,0.0,0.0,0.0,0.0,0.0,2.845661390717728,380.45454545454544,351.08239033693576,87.24962196167371,7.616372241057011,32.86499836121561,46.75650169427079,0.8314129052765417,0.0,0.0,0.0,0.0,0.0,0.0,Joey Meneses,0.09090909090909091,1.5770609318996416,0.24851608728634822,,,HIT,-1.93189044698038,0.0,0.0,4.49158489632421,0.0,0.0
27474,0.0,0.0,0.0,0.0,0.0,1.9873335574360802,0.0,2.0737743850015757,-0.5879839396446237,-0.6285573779603615,2.8445666248326704,0.0,0.0,101.15207511202601,0.0,0.0,0.0,0.0,110.35,7.293466228046407,0.0,108.9943894401464,48.149551020140045,38.03536600481322,Max Meyer,0.5,1.359311282283643,,3.9270136763140955,1.2613270604153988,PIT,-1.9329852128654377,0.0,0.0,3.913149965028026,0.0,0.0
24094,0.0,0.0,0.0,0.0,0.0,1.0899254183389275,0.07699190745264124,1.522114593717047,0.24270917260128225,-0.088382100778484,2.843358991331414,0.0,0.0,62.0,0.0,0.0,0.0,0.0,73.7,4.0,0.5061112268696969,80.0,28.0,26.0,Ronny Henriquez,0.0,1.0,,3.4192672998643148,1.1940298507462686,PIT,-1.934192846366694,0.0,0.0,2.843358991331414,0.0,0.0
22411,1.360777242862072,0.36124035495277723,0.9461795946981431,0.7600798757950584,-0.5878983525647563,0.0,0.0,0.0,0.0,0.0,2.8403787157432943,364.0,307.0,68.0,5.0,46.0,32.0,13.0,0.0,0.0,0.0,0.0,0.0,0.0,Cal Stevenson,0.0,1.6483516483516483,0.22149837133550487,,,HIT,-1.9371731219548138,0.0,0.0,4.706343057291608,0.5521241947701108,0.5521241947701108
16930,1.1200151904766973,0.8707357878416994,1.3377340380879454,0.05899105075765307,-0.547858621501599,0.0,0.0,0.0,0.0,0.0,2.8396174456623964,394.5,361.01067196596796,82.31342101473003,12.052028184330698,37.86122896468089,45.24245656816453,1.0089514066496164,0.0,0.0,0.0,0.0,0.0,0.0,Jonah Heim,0.5,1.520912547528517,0.22800827622760583,,,HIT,-1.9379343920357117,0.0,0.0,4.338527950595345,0.0,0.0
29668,1.2431566103461404,0.5552661145669544,1.1587065304009287,0.2083820730267739,-0.3281881997676643,0.0,0.0,0.0,0.0,0.0,2.837323128573133,345.0,313.49538231239586,74.01207838227486,7.685549343449473,42.02392741051942,39.18770726043696,3.564055615226529,0.0,0.0,0.0,0.0,0.0,0.0,Marcelo Mayer,0.5,1.7391304347826086,0.2360866620629275,,,HIT,-1.940228709124975,0.0,0.0,4.950779824628714,2.0895373252006415,2.0895373252006415
35418,0.0,0.0,0.0,0.0,0.0,2.1447897615978078,0.0,2.0390764209658885,-0.756234219001526,-0.5913399529935021,2.836292010568668,0.0,0.0,100.46162169865202,0.0,0.0,0.0,0.0,108.45,7.871326700010424,0.0,107.17071786225534,48.489487262822905,35.924395730649124,Gage Jump,0.5,1.3831258644536653,,4.024023839238415,1.257593521708632,PIT,-1.9412598271294401,0.0,0.0,3.9778390194067215,0.0,0.0
23917,1.4046125940221863,0.36174887183947735,1.114864628208692,0.31385559108770034,-0.3589776234748124,0.0,0.0,0.0,0.0,0.0,2.8361040616832436,431.0,381.2956737455792,90.64493771032929,5.007038483930825,47.48181942631859,37.70496457816727,5.368018301855731,0.0,0.0,0.0,0.0,0.0,0.0,Jorbit Vivas,0.5,1.3921113689095128,0.23772873376688877,,,HIT,-1.9414477760148645,0.0,0.0,3.9574307182159103,0.0,0.0
23442,1.1393694993479633,0.5696832096500423,1.2562429218346556,0.2877285235325437,-0.42092124796399816,0.0,0.0,0.0,0.0,0.0,2.8321029064012064,380.968253968254,343.56747672062653,80.05392591692414,7.885099239874703,38.515486090708144,42.48640926518163,4.921154901003612,0.0,0.0,0.0,0.0,0.0,0.0,Luis Vázquez,0.007936507936507936,1.574934377734261,0.23300786989805897,,,HIT,-1.9454489312969017,0.0,0.0,4.476709829766314,0.0,0.0
19346,1.065726887768591,0.5261636709445885,0.8400141959781181,0.5470070018420202,-0.14893985135626414,0.0,0.0,0.0,0.0,0.0,2.8299719051770538,257.4392523364486,234.88515866264848,57.106843826121406,7.282736600861921,36.0260557666632,28.409463089166888,9.355715432549667,0.0,0.0,0.0,0.0,0.0,0.0,Eli White,0.4158878504672897,2.0,0.24312665879473702,,,HIT,-1.9475799325210543,0.0,0.0,5.66794464502842,6.600227855012733,6.600227855012733
15454,0.0,0.0,0.0,0.0,0.0,1.6210882648562868,0.0,2.15968789069174,-0.9160826280712786,-0.03741952375030959,2.827274003726438,0.0,0.0,89.83538850881689,0.0,0.0,0.0,0.0,102.42056074766356,5.949354836872652,0.0,113.5098710494705,47.09517805478065,31.207342489170216,Nick Pivetta,0.34579439252336447,1.4645496851902544,,4.1383936916464785,1.181820623851138,PIT,-1.9502778339716702,0.0,0.0,4.187876058395014,0.0,0.0
18030,1.0752901621870905,0.7208975687509322,1.0560095464295234,0.34579205563365806,-0.3740979567914246,0.0,0.0,0.0,0.0,0.0,2.8238913762097795,315.9861495844876,287.33970943076923,66.62355004005498,9.978087426654904,36.34933470563614,35.71447289193064,5.914242524228636,0.0,0.0,0.0,0.0,0.0,0.0,Harrison Bader,0.3074792243767313,1.8988174031962548,0.23186335843395517,,,HIT,-1.9536604614883286,0.0,0.0,5.38481649144456,4.8194608057002535,4.8194608057002535
13152,1.066562027459642,0.8843112110254555,1.2474501298107752,0.11054742344261863,-0.4890522081604148,0.0,0.0,0.0,0.0,0.0,2.8198185835780767,351.734693877551,314.1121713991719,71.45972249006218,12.239928331665162,36.054287004354634,42.189035123590735,1.89074405272313,0.0,0.0,0.0,0.0,0.0,0.0,Jorge Polanco,0.4897959183673469,1.7058311575282854,0.22749746427129555,,,HIT,-1.9577332541200314,0.0,0.0,4.833344014726643,1.3509113071385068,1.3509113071385068
30113,0.0,0.0,0.0,0.0,0.0,1.7801536647379315,0.5728331366681826,2.0907428784024034,-1.1448240116426742,-0.48224451472735796,2.816661153438485,0.0,0.0,105.93467868459265,0.0,0.0,0.0,0.0,117.25,6.533121018320421,3.7655552535710672,109.88622733308141,54.629776455045054,39.21966682265499,Chad Patrick,0.5,1.0,,4.193330388873394,1.2379901535799374,PIT,-1.9608906842596232,0.0,0.0,2.816661153438485,0.0,0.0
19354,1.0350160074029113,0.9188107045898745,1.151915711054596,0.1930079631685666,-0.4861322051415127,0.0,0.0,0.0,0.0,0.0,2.8126181810744355,315.5,280.57315807065874,63.03423879611419,12.717442721896132,34.987898710295916,38.958040270892575,3.3011050563163438,0.0,0.0,0.0,0.0,0.0,0.0,Luke Raley,0.5,1.901743264659271,0.22466239903191249,,,HIT,-1.9649336566236726,0.0,0.0,5.378226906809838,4.778014856091803,4.778014856091803
19906,1.3311951288868094,0.4334884259433327,1.1235882687040448,0.1754030482603981,-0.25613530542962165,0.0,0.0,0.0,0.0,0.0,2.8075395663649636,405.0,360.0,87.0,6.0,45.0,38.0,3.0,0.0,0.0,0.0,0.0,0.0,0.0,Diego Castillo,0.0,1.4814814814814814,0.24166666666666667,,,HIT,-1.9700122713331445,0.0,0.0,4.167307430644645,0.0,0.0
23359,1.0675701100112598,0.8749255525244041,1.1654743349784908,0.2209317308615786,-0.523103517100919,0.0,0.0,0.0,0.0,0.0,2.8057982112748143,308.279792746114,276.7350130872658,61.445050737573524,12.110019555245673,36.08836443886323,39.41659588548819,3.7786982561487186,0.0,0.0,0.0,0.0,0.0,0.0,Nelson Velázquez,0.35233160621761656,1.9462839087028132,0.22203569419023025,,,HIT,-1.9717536264232938,0.0,0.0,5.4944057948055605,5.508735319421743,5.508735319421743
19599,1.1241203310599723,0.650232638914999,1.0644520440354108,0.46774146202772826,-0.5103070202106766,0.0,0.0,0.0,0.0,0.0,2.7962394558274335,326.0,286.0,64.0,9.0,38.0,36.0,8.0,0.0,0.0,0.0,0.0,0.0,0.0,Chas McCormick,0.0,1.8404907975460123,0.22377622377622378,,,HIT,-1.9813123818706746,0.0,0.0,5.174842746215167,3.498806812121026,3.498806812121026
24605,1.299701709837004,0.629123709908896,1.1115887673364093,0.44190604454165444,-0.6862801432616549,0.0,0.0,0.0,0.0,0.0,2.7960400883623087,329.6551724137931,299.7915096010322,64.52695257836773,8.707827091897547,43.93538984143793,37.5941742498824,7.558124826068256,0.0,0.0,0.0,0.0,0.0,0.0,Michael Helman,0.13793103448275862,1.8200836820083683,0.2152394264408666,,,HIT,-1.9815117493357994,0.0,0.0,5.127919715914716,3.203679022266019,3.203679022266019
21562,0.9807035622741985,0.47271208183868363,1.0422567362973085,0.31104745916066223,-0.010685898437493674,0.0,0.0,0.0,0.0,0.0,2.7960339411333592,269.4585635359116,248.3318562063573,62.82203575432211,6.54290246587315,33.15190939681647,35.24934985746985,5.319989514074303,0.0,0.0,0.0,0.0,0.0,0.0,Romy Gonzalez,0.30939226519337015,2.0,0.25297614536460694,,,HIT,-1.9815178965647489,0.0,0.0,5.591598449831355,6.120039689242618,6.120039689242618
21614,1.2312070537023618,0.4300272440463406,0.966220765361783,0.4439427900000444,-0.2774028760766043,0.0,0.0,0.0,0.0,0.0,2.7939949770339254,357.5,322.1304929255688,77.05304815704746,5.952093089136669,41.61998208552435,32.67779675743385,7.5929602319279015,0.0,0.0,0.0,0.0,0.0,0.0,Kyle Isbel,0.5,1.6783216783216783,0.23919824372184248,,,HIT,-1.9835568606641827,0.0,0.0,4.701644783343021,0.5225738610064639,0.5225738610064639
25524,1.301613014911547,0.5057364969338881,1.2714288303756298,0.2338707310138641,-0.5251443140448714,0.0,0.0,0.0,0.0,0.0,2.7875047591900577,412.0,382.0,88.0,7.0,44.0,43.0,3.9999999999999996,0.0,0.0,0.0,0.0,0.0,0.0,Aaron Schunk,0.0,1.4563106796116505,0.23036649214659685,,,HIT,-1.9900470785080504,0.0,0.0,4.076217144374388,0.0,0.0
29830,1.2424487869610221,0.5057364969338881,1.2418607180413128,0.8770152413019904,-1.0838380869958901,0.0,0.0,0.0,0.0,0.0,2.7832231562423235,412.0,376.0,77.0,7.0,42.0,42.0,14.999999999999998,0.0,0.0,0.0,0.0,0.0,0.0,Jack Winkler,0.0,1.4563106796116505,0.2047872340425532,,,HIT,-1.9943286814557846,0.0,0.0,4.087834946922671,0.0,0.0
19458,1.2720309009362847,0.5779845679244436,1.1827244933726788,0.3508060965207962,-0.6023296078315645,0.0,0.0,0.0,0.0,0.0,2.7812164509226385,357.0,304.0,67.0,8.0,43.0,40.0,6.0,0.0,0.0,0.0,0.0,0.0,0.0,Cooper Hummel,0.0,1.680672268907563,0.22039473684210525,,,HIT,-1.9963353867754696,0.0,0.0,4.700822103012065,0.5173995185507989,0.5173995185507989
26295,1.3716714650253905,0.5175683967966238,1.15762551465119,0.6211723117243546,-0.8869936297881666,0.0,0.0,0.0,0.0,0.0,2.7810440584093916,419.1954887218045,370.8907960955866,79.0552697094848,7.163767692348248,46.36827057634991,39.15114707230198,10.624199257965817,0.0,0.0,0.0,0.0,0.0,0.0,Oliver Dunn,0.06015037593984962,1.4313131131957024,0.21314972100065419,,,HIT,-1.9965077792887165,0.0,0.0,4.006444031081766,0.0,0.0
19931,1.0582962964177733,0.4303539184371165,0.9111008518305668,1.102065874116686,-0.7252599268340976,0.0,0.0,0.0,0.0,0.0,2.776557013968045,314.7450199203187,286.9673314407909,60.638406019057754,5.956614654713398,35.774870494473674,30.813629274978652,18.849145753965328,0.0,0.0,0.0,0.0,0.0,0.0,Luke Williams,0.00398406374501992,1.9063049834812218,0.21130769734174115,,,HIT,-2.000994823730063,0.0,0.0,5.338558324089481,4.528514747723337,4.528514747723337
23296,1.360777242862072,0.5057364969338881,1.3009969427099466,0.3508060965207962,-0.7591232979951421,0.0,0.0,0.0,0.0,0.0,2.7591934810315606,414.0,370.0,81.0,6.999999999999999,46.0,44.0,6.0,0.0,0.0,0.0,0.0,0.0,0.0,Jacob Amaya,0.0,1.4492753623188406,0.21891891891891893,,,HIT,-2.0183583566665475,0.0,0.0,4.022066692296365,0.0,0.0
24729,1.0328869423301794,0.8865560398004206,1.2591989311905127,0.07159308092261146,-0.49114902988243103,0.0,0.0,0.0,0.0,0.0,2.759085964361293,360.0,327.1362738643845,74.71520546674245,12.270999455699167,34.91592734697441,42.58638214550738,1.2244897959183674,0.0,0.0,0.0,0.0,0.0,0.0,Logan O'Hoppe,0.5,1.6666666666666667,0.2283916869998828,,,HIT,-2.0184658733368153,0.0,0.0,4.620868343449448,0.014521162246364794,0.014521162246364794
21547,1.301613014911547,0.5779845679244436,1.2418607180413128,0.29233841376733016,-0.6566320046856696,0.0,0.0,0.0,0.0,0.0,2.7571647099589636,413.0,375.0,84.0,8.0,44.0,42.0,5.0,0.0,0.0,0.0,0.0,0.0,0.0,Coco Montes,0.0,1.4527845036319613,0.224,,,HIT,-2.0203871277391445,0.0,0.0,4.026058789614121,0.0,0.0
19813,1.09453821708471,0.5779845679244436,1.2122926057069958,0.1754030482603981,-0.30569212856969485,0.0,0.0,0.0,0.0,0.0,2.7545263104068525,352.0,308.0,73.0,8.0,37.0,41.0,3.0,0.0,0.0,0.0,0.0,0.0,0.0,Charles Leblanc,0.0,1.7045454545454546,0.237012987012987,,,HIT,-2.0230255272912556,0.0,0.0,4.709107798142412,0.569513349980143,0.569513349980143
23378,1.1254417367417182,0.8424295774601372,1.2992280409500105,0.5098531286249763,-1.02322480125469,0.0,0.0,0.0,0.0,0.0,2.753727682522152,369.15748031496065,336.6987517308368,68.1458618233407,11.660236265273614,38.044669075470765,43.94017535715721,8.720255440510881,0.0,0.0,0.0,0.0,0.0,0.0,José Barrero,0.015748031496062992,1.625322611607619,0.20239416235738752,,,HIT,-2.023824155175956,0.0,0.0,4.520390401286552,0.0,0.0
17273,1.0442360475487211,0.3862197750560359,0.6993622867519727,1.007943436494122,-0.38459592096264666,0.0,0.0,0.0,0.0,0.0,2.7531656248882053,246.97530864197532,227.01187238787412,51.18998312648027,5.3457451494659844,35.299574885755185,23.652584880783465,17.23932588100338,0.0,0.0,0.0,0.0,0.0,0.0,Jorge Mateo,0.38271604938271603,2.0,0.22549473993596553,,,HIT,-2.024386212809903,0.0,0.0,5.528088198673505,5.720584668172235,5.720584668172235
35094,1.431705003873887,0.9224110729189353,1.6399801891733796,0.1737179424785547,-1.417745408111415,0.0,0.0,0.0,0.0,0.0,2.7500688003333416,458.95205479452056,403.72675348638063,78.27938880844489,12.767276140002638,48.39765694470406,55.4644872364749,2.971178851247641,0.0,0.0,0.0,0.0,0.0,0.0,Sean Keys,0.14383561643835616,1.307326100258182,0.1938920027777787,,,HIT,-2.0274830373647665,0.0,0.0,3.62478459131507,0.0,0.0
13543,0.0,0.0,0.0,0.0,0.0,1.4966913029972686,0.0,1.8528109272619797,-0.19383698115785555,-0.4108679253186253,2.7447973237827674,0.0,0.0,62.235218379587025,0.0,0.0,0.0,0.0,77.2566371681416,5.492820986882798,0.0,97.38089023835519,32.23361357771985,34.645114004762135,Blake Snell,0.3805309734513274,1.9415807560137457,,3.7550498291570547,1.2540065932911173,PIT,-2.0327545139153407,0.0,0.0,5.390162146111635,4.853082914867543,4.853082914867543
27599,1.4495235847878591,0.1444961419811109,1.034883931701094,0.8770152413019905,-0.7628253424181881,0.0,0.0,0.0,0.0,0.0,2.743093557353866,344.0,279.0,58.0,2.0,49.0,35.0,15.0,0.0,0.0,0.0,0.0,0.0,0.0,Jacob Hurtubise,0.0,1.744186046511628,0.2078853046594982,,,HIT,-2.034458280344242,0.0,0.0,4.819714569630839,1.265187346381515,1.265187346381515
29858,1.147186618067427,0.3682877959143865,1.0783828116342906,0.6201139445340546,-0.47955130544775854,0.0,0.0,0.0,0.0,0.0,2.7344198647024003,310.7964071856287,278.1052936599993,62.52092544223181,5.097545039818856,38.779737615328756,36.471141594748055,10.606097511146762,0.0,0.0,0.0,0.0,0.0,0.0,Denzel Clarke,0.25149700598802394,1.930524247153344,0.22481026743297974,,,HIT,-2.043131972995708,0.0,0.0,5.308904303707466,4.342002379710835,4.342002379710835
12037,1.035373989134185,0.2889922839622218,0.6504984713549733,0.9354829240554565,-0.17798198750629368,0.0,0.0,0.0,0.0,0.0,2.7323656810005432,294.0,264.0,64.0,4.0,35.0,22.0,16.0,0.0,0.0,0.0,0.0,0.0,0.0,Jon Berti,0.0,2.0,0.24242424242424243,,,HIT,-2.045186156697565,0.0,0.0,5.47579324587256,5.391669554593851,5.391669554593851
26664,1.015607125558417,0.6812323500991428,1.250352085394297,0.11478003585210911,-0.3338834111439146,0.0,0.0,0.0,0.0,0.0,2.728088185760051,376.82795698924724,342.5845762515897,81.27643620543066,9.429073202358527,34.331796788008525,42.28717989356152,1.96313639341735,0.0,0.0,0.0,0.0,0.0,0.0,Yohendrick Piñango,0.46236559139784944,1.592238550435155,0.23724487860697585,,,HIT,-2.049463651938057,0.0,0.0,4.357076614922788,0.0,0.0
27690,1.175797707397387,0.6319162076074367,1.0828999891003768,0.4059576323642246,-0.5703627353624492,0.0,0.0,0.0,0.0,0.0,2.726208801106976,329.77611940298505,297.262108020844,65.83623568329637,8.746478611035073,39.7469128940761,36.62391352063267,6.943282395438512,0.0,0.0,0.0,0.0,0.0,0.0,Joey Wiemer,0.2537313432835821,1.8194161575016974,0.22147537108456464,,,HIT,-2.051343036591132,0.0,0.0,4.99197438398362,2.3486352389248464,2.3486352389248464
31827,0.0,0.0,0.0,0.0,0.0,1.9475636839044492,0.0,2.1131800803716034,-0.7753902204803076,-0.5594061370388362,2.7259474067569087,0.0,0.0,115.37938626166228,0.0,0.0,0.0,0.0,117.0,7.147511751299764,0.0,111.06549213019015,52.07990171640197,30.636220710775586,Zebby Matthews,0.5,1.2820512820512822,,4.006146285877075,1.2479966407900673,PIT,-2.0516044309411994,0.0,0.0,3.5348324665591018,0.0,0.0
22294,0.0,0.0,0.0,0.0,0.0,2.3650273172077245,0.0,2.404671894886937,-1.003923173170152,-1.0471736222253885,2.7186024166991207,0.0,0.0,138.31972242772392,0.0,0.0,0.0,0.0,141.25,8.679593217716063,0.0,126.38585319727655,63.446363578376264,43.79587464986729,Matthew Liberatore,0.5,1.0619469026548674,,4.042600157206275,1.289313961611265,PIT,-2.0589494209989874,0.0,0.0,2.9004960772661805,0.0,0.0
29911,0.0,0.0,0.0,0.0,0.0,2.2609705075697506,0.0,2.629955611029388,-0.96129155320523,-1.2191532886211525,2.7104812767727555,0.0,0.0,156.59700481782096,0.0,0.0,0.0,0.0,163.95,8.297707235841967,0.0,138.22641853039258,72.37659714140862,55.13267108144099,Andrew Abbott,0.5,1.0,,3.97309773877815,1.2914283372934552,PIT,-2.0670705609253526,0.0,0.0,2.7104812767727555,0.0,0.0
24453,0.0,0.0,0.0,0.0,0.0,1.202838635113851,0.27532839913885776,1.2628221368391614,0.3420666102235506,-0.3835492763219808,2.6995065049934404,0.0,0.0,41.4040956374604,0.0,0.0,0.0,0.0,54.08536585365854,4.414388782480202,1.809888837550245,66.37198760470794,19.519643597976323,27.73641683421005,Justin Martinez,0.14634146341463414,1.201803833145434,,3.248139115063478,1.2783589679091267,PIT,-2.0780453327046677,0.0,0.0,3.244843477755664,0.0,0.0
22117,1.360777242862072,0.7947287808961099,1.3601331673785806,0.40927377927426223,-1.2321644880536002,0.0,0.0,0.0,0.0,0.0,2.6927484823574246,445.0,394.0,79.0,11.0,46.0,46.0,7.0,0.0,0.0,0.0,0.0,0.0,0.0,Nick Pratto,0.0,1.348314606741573,0.20050761421319796,,,HIT,-2.0848033553406835,0.0,0.0,3.659902976355165,0.0,0.0
25040,1.153702445035235,0.36124035495277723,1.034883931701094,0.3508060965207962,-0.21691908082084616,0.0,0.0,0.0,0.0,0.0,2.683713747389056,348.0,310.0,75.0,5.0,39.0,35.0,6.0,0.0,0.0,0.0,0.0,0.0,0.0,Vinny Capra,0.0,1.7241379310344827,0.24193548387096775,,,HIT,-2.093838090309052,0.0,0.0,4.637162729208617,0.11700657346888388,0.11700657346888388
19964,1.2128666729857598,0.7947287808961099,1.2418607180413128,0.46774146202772826,-1.0370293169368876,0.0,0.0,0.0,0.0,0.0,2.680168317014023,381.0,345.0,70.0,11.0,41.0,42.0,8.0,0.0,0.0,0.0,0.0,0.0,0.0,Eguy Rosario,0.0,1.5748031496062993,0.2028985507246377,,,HIT,-2.097383520684085,0.0,0.0,4.262101145211505,0.0,0.0
25448,1.0322630590217239,0.49276306500752337,1.0547482860177462,1.1442041978803532,-1.0451293797888164,0.0,0.0,0.0,0.0,0.0,2.67884922813853,309.5839416058394,280.50240302487543,53.64697795302466,6.8204321340557215,34.8948374644536,35.671816790062636,19.569857124404738,0.0,0.0,0.0,0.0,0.0,0.0,Greg Jones,0.08759124087591241,1.9380850211020206,0.1912531849086054,,,HIT,-2.098702609559578,0.0,0.0,5.25991833523012,4.0338995031903595,4.0338995031903595
22232,1.3311951288868094,0.5057364969338881,1.0644520440354108,0.7016121930415924,-0.9348016625185755,0.0,0.0,0.0,0.0,0.0,2.6681942003791255,401.0,358.0,75.0,6.999999999999999,45.0,36.0,12.0,0.0,0.0,0.0,0.0,0.0,0.0,Mason McCoy,0.0,1.4962593516209477,0.20949720670391062,,,HIT,-2.1093576373189826,0.0,0.0,4.024016318037027,0.0,0.0
17907,1.1832845590104972,0.5057364969338881,1.1827244933726788,0.0,-0.20893555297359648,0.0,0.0,0.0,0.0,0.0,2.662809996343468,377.0,345.0,84.0,7.0,40.0,40.0,0.0,0.0,0.0,0.0,0.0,0.0,0.0,Brendan Rodgers,0.0,1.5915119363395225,0.24347826086956523,,,HIT,-2.11474184135464,0.0,0.0,4.246010562843129,0.0,0.0
29617,1.1608505893528474,0.7953963879721955,1.1958069536318254,0.20360984411555608,-0.7009882758028229,0.0,0.0,0.0,0.0,0.0,2.654675499269602,346.5,308.73803773584905,66.53607238043432,11.009240483059719,39.24163737329895,40.44245165573059,3.482433962264151,0.0,0.0,0.0,0.0,0.0,0.0,Henry Davis,0.5,1.7316017316017316,0.215509798754896,,,HIT,-2.1228763384285063,0.0,0.0,4.631614529928094,0.08211053668585178,0.08211053668585178
22541,1.0555336940217062,0.6817877687403779,1.145870193764626,0.04476345805694161,-0.27347715132769146,0.0,0.0,0.0,0.0,0.0,2.6544779632559607,317.5138888888889,282.81643170224623,67.16650100433556,9.436760862854095,35.68148290228275,38.75357955924432,0.7656102644890262,0.0,0.0,0.0,0.0,0.0,0.0,George Valera,0.13194444444444445,1.8896811163116223,0.23749150853812323,,,HIT,-2.1230738744421473,0.0,0.0,5.031981699509382,2.6002658461884334,2.6002658461884334
22505,1.2580644075063914,0.4563039540182986,1.12178961572549,0.11231950626792848,-0.2952918080785463,0.0,0.0,0.0,0.0,0.0,2.653185675439562,365.23824451410655,322.64466160312855,76.88167507170122,6.315794287129804,42.52787371985746,37.93916916446278,1.9210528103453879,0.0,0.0,0.0,0.0,0.0,0.0,Buddy Kennedy,0.21630094043887146,1.6427633442335918,0.23828590465342983,,,HIT,-2.124366162258546,0.0,0.0,4.370889986864485,0.0,0.0
12979,1.0328918457138188,0.47137672415688797,1.0935660294195497,0.26035210755077876,-0.21241283383194381,0.0,0.0,0.0,0.0,0.0,2.645773873009091,310.3195020746888,290.5494639182886,70.1490728684272,6.524419513131474,34.916093101985815,36.984641327622015,4.452923312329234,0.0,0.0,0.0,0.0,0.0,0.0,Javier Báez,0.48132780082987553,1.9334911147659353,0.24143590534434872,,,HIT,-2.131777964689017,0.0,0.0,5.12892531748076,3.2100038688447845,3.2100038688447845
25180,1.199758061649262,0.6155936654758992,1.077089194389793,0.44207326748191816,-0.6896245111569658,0.0,0.0,0.0,0.0,0.0,2.644889677839906,365.0,328.86662697685784,71.80413717233843,8.520555040927972,40.556873746499,36.42739117774912,7.560984917872626,0.0,0.0,0.0,0.0,0.0,0.0,Daniel Schneemann,0.5,1.643835616438356,0.21833816897873082,,,HIT,-2.132662159858202,0.0,0.0,4.378179837805472,0.0,0.0
23920,0.0,0.0,0.0,0.0,0.0,2.588863672246656,0.17616015329574952,2.107213149389493,-0.9747519095647481,-1.2579064040900694,2.6395786612770804,0.0,0.0,133.65619529337025,0.0,0.0,0.0,0.0,135.75,9.50106724253535,1.158000032209971,110.75187942288201,61.0159545295703,45.13120597068159,Brayan Bello,0.5,1.0,,4.045256653894163,1.317034263455262,PIT,-2.1379731764210277,0.0,0.0,2.6395786612770804,0.0,0.0
33708,1.443475182247829,0.4918060397206902,1.368359246264237,0.048911340111617595,-0.714683465729949,0.0,0.0,0.0,0.0,0.0,2.637868342614425,432.7591240875912,375.2243259034235,83.07121016615685,6.807185755658183,48.795538528954076,46.278207779808426,0.8365534224753943,0.0,0.0,0.0,0.0,0.0,0.0,Cooper Ingle,0.08759124087591241,1.386452570503306,0.22139079060545236,,,HIT,-2.139683495083683,0.0,0.0,3.675533555202156,0.0,0.0
21270,1.153702445035235,0.5779845679244436,1.0940201563697278,0.3508060965207962,-0.5416394660832351,0.0,0.0,0.0,0.0,0.0,2.6348737997669676,344.0,296.0,66.0,8.0,39.0,37.0,6.0,0.0,0.0,0.0,0.0,0.0,0.0,Sean Bouchard,0.0,1.744186046511628,0.22297297297297297,,,HIT,-2.1426780379311405,0.0,0.0,4.621948142704735,0.021312683715871805,0.021312683715871805
15504,1.153702445035235,0.5057364969338882,1.3305650550442636,0.05846768275346603,-0.41897367754273274,0.0,0.0,0.0,0.0,0.0,2.62949800222412,408.0,363.0,85.0,7.000000000000001,39.0,45.0,1.0,0.0,0.0,0.0,0.0,0.0,0.0,Jamie Westbrook,0.0,1.4705882352941178,0.23415977961432508,,,HIT,-2.148053835473988,0.0,0.0,3.8800398926020154,0.0,0.0
33225,1.0767503081467151,0.5390266949674276,1.322964747195805,0.26315295392178634,-0.5743047371670567,0.0,0.0,0.0,0.0,0.0,2.6275899670646776,393.0,357.2130736357418,80.90653745346997,7.460776288932217,36.39869378662831,44.74295593298198,4.500827491853802,0.0,0.0,0.0,0.0,0.0,0.0,Jacob Gonzalez,0.5,1.5267175572519085,0.22649377479384245,,,HIT,-2.1499618706334305,0.0,0.0,4.03238217139611,0.0,0.0
25425,1.3311951288868094,0.8669768518866654,1.3897012797128976,0.0,-0.9648929309024247,0.0,0.0,0.0,0.0,0.0,2.6229803295839473,412.0,364.0,76.0,12.0,45.0,47.0,0.0,0.0,0.0,0.0,0.0,0.0,0.0,Austin Shenton,0.0,1.4563106796116505,0.2087912087912088,,,HIT,-2.1545715081141608,0.0,0.0,3.8496865270476386,0.0,0.0
30146,0.0,0.0,0.0,0.0,0.0,2.0957483689777057,0.0,2.3311343298032448,-1.0793840044392478,-0.7288857068857576,2.618612987455945,0.0,0.0,110.74033854845584,0.0,0.0,0.0,0.0,126.5,7.6913459718066814,0.0,122.52083197549791,57.95737689993503,49.06099575544962,Jack Leiter,0.5,1.1857707509881423,,4.123449739916326,1.2632516545763277,PIT,-2.158938850242163,0.0,0.0,3.140742137951714,0.0,0.0
20126,1.2078825717302188,0.561619718306758,1.1259976354900092,0.2266013904999895,-0.5059316428676095,0.0,0.0,0.0,0.0,0.0,2.6161696731593658,369.15748031496065,318.7737822142311,72.35321705947389,7.773490843515742,40.83151639332778,38.08148530953625,3.875669084671503,0.0,0.0,0.0,0.0,0.0,0.0,Dylan Carlson,0.015748031496062992,1.625322611607619,0.22697355019883378,,,HIT,-2.1613821645387423,0.0,0.0,4.272736203075024,0.0,0.0
29957,1.1878916723352186,0.1336612907404736,0.9978247253655761,0.2740600062574268,0.02146753002844906,0.0,0.0,0.0,0.0,0.0,2.6149052247271443,401.4703196347032,367.1321108988242,93.5129095727179,1.850032657037256,40.15573982740293,33.7466495690864,4.687375886145928,0.0,0.0,0.0,0.0,0.0,0.0,Edwin Arroyo,0.4292237442922374,1.4945064943927573,0.2547118783583836,,,HIT,-2.162646612970964,0.0,0.0,3.9066665650408927,0.0,0.0
29839,0.0,0.0,0.0,0.0,0.0,1.4906480682696235,0.0,2.071757400567249,-0.9312703910450505,-0.01697109496493898,2.614163982826883,0.0,0.0,81.79001013872022,0.0,0.0,0.0,0.0,97.05,5.470642461174662,0.0,108.88837984309491,45.01473565675629,32.63349764804433,Emmet Sheehan,0.5,1.545595054095827,,4.174473167550815,1.1790160513834576,PIT,-2.163387854871225,0.0,0.0,4.095561408286733,0.0,0.0
27593,1.1459934254536,0.5977554779948461,1.072825636942593,0.5129728687972154,-0.7164372771433448,0.0,0.0,0.0,0.0,0.0,2.6131101320449095,319.3225806451613,286.23185539142713,60.60095252981926,8.273653120413236,38.73940268136072,36.28319673614956,8.773613809191126,0.0,0.0,0.0,0.0,0.0,0.0,Ivan Johnson,0.1039426523297491,1.878977674512577,0.2117198047259498,,,HIT,-2.1644417056531986,0.0,0.0,4.952942394736988,2.1031390583447913,2.1031390583447913
31988,1.110723687551702,0.3104786748701938,0.8949533127677233,0.37315998738175676,-0.07682206018245676,0.0,0.0,0.0,0.0,0.0,2.612493602388919,262.21172638436485,226.35569700876022,56.145117156558555,4.2973974337775855,37.5471370464101,30.267515986437655,6.382329003104461,0.0,0.0,0.0,0.0,0.0,0.0,Nate Furman,0.18566775244299674,2.0,0.24803933763763708,,,HIT,-2.165058235309189,0.0,0.0,5.228385056468776,3.835567323701347,3.835567323701347
25483,1.2878521111021786,0.22019793964238032,0.8839652479809383,0.3396028255825891,-0.12472187252845365,0.0,0.0,0.0,0.0,0.0,2.606896251779633,350.7954545454545,309.1911675737773,76.34641250300191,3.0478037215853897,43.53482351461171,29.895897241806733,5.80838524103227,0.0,0.0,0.0,0.0,0.0,0.0,Nick Sogard,0.4318181818181818,1.7103984450923229,0.24692300592572586,,,HIT,-2.170655585918475,0.0,0.0,4.4641010860335415,0.0,0.0
10243,1.0697201307976159,0.7895894235739689,1.0271860005546776,0.025881336631694826,-0.3064131948196969,0.0,0.0,0.0,0.0,0.0,2.6059636967382604,289.5,265.79658147662735,62.30681801102861,10.928865127446615,36.161044193533705,34.73965429177966,0.4426605504587156,0.0,0.0,0.0,0.0,0.0,0.0,Randal Grichuk,0.5,2.0,0.23441542274503452,,,HIT,-2.1715881409598476,0.0,0.0,5.231940647955816,3.8579306248453347,3.8579306248453347
19432,1.3311951288868094,0.1444961419811109,0.9166114823638261,0.5262091447811943,-0.312992070871005,0.0,0.0,0.0,0.0,0.0,2.6055198271419355,396.0,348.0,83.0,2.0,45.0,31.0,9.0,0.0,0.0,0.0,0.0,0.0,0.0,Yonny Hernández,0.0,1.5151515151515151,0.23850574712643677,,,HIT,-2.1720320105561726,0.0,0.0,3.958216663123717,0.0,0.0
20423,0.0,0.0,0.0,0.0,0.0,1.5569217501113184,0.37449664498196605,1.0041759436822497,0.036650085807552434,-0.3676557571465,2.6045886674365866,0.0,0.0,49.451013401844556,0.0,0.0,0.0,0.0,54.242071494042165,5.713865275237288,2.461777642890519,52.77794183577327,21.514515331111348,19.646986451566246,Ryan Walker,0.3583868010999084,1.1983318153168148,,3.569750060177368,1.2738820246015194,PIT,-2.1729631702615215,0.0,0.0,3.1245175830456424,0.0,0.0
22558,1.1154982121135637,0.6489783506977808,1.0634657667127776,0.29771760945134246,-0.5232722081804331,0.0,0.0,0.0,0.0,0.0,2.602387730795031,363.84057971014494,331.64101655709436,75.31129652914183,8.982639145931214,37.70853607846894,35.9666438861067,5.092002888274094,0.0,0.0,0.0,0.0,0.0,0.0,Jarred Kelenic,0.2753623188405797,1.6490738896634136,0.2270867979810828,,,HIT,-2.175164106903077,0.0,0.0,4.314874064359136,0.0,0.0
25476,1.035373989134185,0.36124035495277723,1.005315819366777,1.1108859723158546,-0.915894009219059,0.0,0.0,0.0,0.0,0.0,2.596922126550535,351.0,317.0,65.0,5.0,35.0,34.0,19.0,0.0,0.0,0.0,0.0,0.0,0.0,Cam Eden,0.0,1.7094017094017093,0.20504731861198738,,,HIT,-2.180629711147573,0.0,0.0,4.4840618418857945,0.0,0.0
23968,1.3886855719482027,0.39440522443963494,1.0436328499342853,0.3140374884292185,-0.5457387852762855,0.0,0.0,0.0,0.0,0.0,2.5950223494750566,370.8540145985401,332.78889916803496,75.22203896037752,5.459041591452222,46.94341902372051,35.295890320432704,5.371129376776985,0.0,0.0,0.0,0.0,0.0,0.0,Jorge Barrosa,0.39172749391727496,1.6178872989942332,0.2260353009022566,,,HIT,-2.1825294882230515,0.0,0.0,4.221315231581539,0.0,0.0
19293,1.1832845590104972,0.650232638914999,1.2418607180413128,0.23387073101386413,-0.7248465320231218,0.0,0.0,0.0,0.0,0.0,2.5844021149575513,371.0,332.0,72.0,9.0,40.0,42.0,4.0,0.0,0.0,0.0,0.0,0.0,0.0,Nick Senzel,0.0,1.6172506738544474,0.21686746987951808,,,HIT,-2.1931497227405568,0.0,0.0,4.210112955482803,0.0,0.0
25890,0.0,0.0,0.0,0.0,0.0,1.0987838284597755,0.6720013825112908,1.0554340801398612,-0.11935133914143822,-0.13251979772830022,2.5743481542411892,0.0,0.0,55.515117001700666,0.0,0.0,0.0,0.0,60.575582268970706,4.032510151508709,4.417444058911341,55.47199058449134,25.047767340065622,17.674589798050086,Bryan King,0.4740796393688956,1.0730396236454447,,3.721464947041294,1.2082377759865384,PIT,-2.203203683456919,0.0,0.0,2.7633317238879336,0.0,0.0
12730,0.0,0.0,0.0,0.0,0.0,2.838847391192528,0.0,1.920715425356045,-1.1431572599730895,-1.0460364619500422,2.5703690946254416,0.0,0.0,155.66242306517088,0.0,0.0,0.0,0.0,153.0,10.418501462307391,0.0,100.94984613034178,69.16667685189228,40.385064276048716,Nick Martinez,0.5,1.0,,4.06862805011131,1.2813561264132,PIT,-2.2071827430726665,0.0,0.0,2.5703690946254416,0.0,0.0
31471,1.1323733467016817,0.5656310065893062,1.074575095243404,0.39966949395394236,-0.6061158865617824,0.0,0.0,0.0,0.0,0.0,2.566133055926552,321.18181818181813,287.97968434727323,62.89264847275722,7.829011886881349,38.27898667582076,36.34236379696936,6.835733436523949,0.0,0.0,0.0,0.0,0.0,0.0,Jack Brannigan,0.011857707509881422,1.8681007642230403,0.21839265716020195,,,HIT,-2.211418781771556,0.0,0.0,4.829550928100666,1.3270542530334024,1.3270542530334024
20492,0.0,0.0,0.0,0.0,0.0,2.010073603374128,0.0,2.2115405453477273,-1.061550311139988,-0.5939782292668276,2.5660856083150394,0.0,0.0,122.84887367666958,0.0,0.0,0.0,0.0,128.0,7.376921648226274,0.0,116.23516675953195,58.44820504656531,36.68996258855369,Casey Mize,0.5,1.171875,,4.1096394173366235,1.2463971583220568,PIT,-2.2114662293830687,0.0,0.0,3.0373543600354607,0.0,0.0
31843,0.0,0.0,0.0,0.0,0.0,1.9948633413199803,0.0,2.2086046035071933,-0.9484997516241523,-0.6899500635929026,2.565018129610119,0.0,0.0,118.433446064056,0.0,0.0,0.0,0.0,124.85,7.321100353307476,0.0,116.0808581757944,56.41418632927862,38.82783232720325,Kumar Rocker,0.5,1.2014417300760913,,4.066701457457009,1.2596017492291491,PIT,-2.212533708087989,0.0,0.0,3.1167777824315976,0.0,0.0
19818,1.0057918751589228,0.5779845679244436,1.0644520440354108,0.29233841376733016,-0.3773870861761688,0.0,0.0,0.0,0.0,0.0,2.5631798147099385,328.0,293.0,68.0,8.0,34.0,36.0,5.0,0.0,0.0,0.0,0.0,0.0,0.0,Joshua Palacios,0.0,1.829268292682927,0.23208191126279865,,,HIT,-2.2143720229881696,0.0,0.0,4.709572748476703,0.5724377085237644,0.5724377085237644
14109,1.1241203310599723,0.2889922839622218,1.005315819366777,0.3508060965207962,-0.20658628480319274,0.0,0.0,0.0,0.0,0.0,2.562648246106575,361.0,333.0,81.0,4.0,38.0,34.0,6.0,0.0,0.0,0.0,0.0,0.0,0.0,Albert Almora Jr.,0.0,1.6620498614958448,0.24324324324324326,,,HIT,-2.214903591591533,0.0,0.0,4.268295731668103,0.0,0.0
24609,0.0,0.0,0.0,0.0,0.0,1.1855223742491958,0.17616015329574952,1.3899135441508306,0.09779686244076531,-0.2940091338663395,2.5553838002702016,0.0,0.0,52.432566571556606,0.0,0.0,0.0,0.0,68.35,4.35083852271639,1.158000032209971,73.05171633663257,26.784932976286818,32.24529094612208,Braydon Fisher,0.5,1.0,,3.526911437989486,1.2388859914803028,PIT,-2.2221680374279065,0.0,0.0,2.5553838002702016,0.0,0.0
25911,0.0,0.0,0.0,0.0,0.0,1.0735591220328113,0.6720013825112908,0.9459066950394355,0.054627281512577223,-0.1911880593466102,2.5549064217495046,0.0,0.0,52.327104307376324,0.0,0.0,0.0,0.0,56.53962264150944,3.9399360872561027,4.417444058911341,49.715399823058235,22.322572452844412,16.95209297582167,Yennier Cano,0.449685534591195,1.1496362544216778,,3.553316111595403,1.2253211826768649,PIT,-2.2226454159486035,0.0,0.0,2.938326549488697,0.0,0.0
17022,0.9469977064532051,0.5416767455273918,1.0334052651432208,0.20768737743296414,-0.1761171070477796,0.0,0.0,0.0,0.0,0.0,2.553649987509002,279.5,256.38750000000005,62.10234499451878,7.497456168735659,32.01250956051068,34.94999117491322,3.5521739130434784,0.0,0.0,0.0,0.0,0.0,0.0,Edmundo Sosa,0.5,2.0,0.24222064256065046,,,HIT,-2.223901850189106,0.0,0.0,5.117906160525467,3.1406976152320536,3.1406976152320536
29704,1.0462055185944308,0.48078793172755674,1.0194623604960238,0.34246890642083894,-0.3372687151945232,0.0,0.0,0.0,0.0,0.0,2.5516560020443273,272.319018404908,243.19805308024976,56.07289078683063,6.654681919333282,35.36615129903506,34.47843910254725,5.8574051560224865,0.0,0.0,0.0,0.0,0.0,0.0,Braxton Fulford,0.2331288343558282,2.0,0.23056471907004888,,,HIT,-2.225895835653781,0.0,0.0,5.123595044328982,3.1764785034850695,3.1764785034850695
12155,1.0057918751589228,0.650232638914999,1.0940201563697278,0.3508060965207962,-0.557274203458119,0.0,0.0,0.0,0.0,0.0,2.543576563506327,327.0,301.0,67.0,9.0,34.0,37.0,6.0,0.0,0.0,0.0,0.0,0.0,0.0,Eddie Rosario,0.0,1.834862385321101,0.22259136212624583,,,HIT,-2.233975274191781,0.0,0.0,4.699455966154824,0.5088070438377337,0.5088070438377337
17620,1.2959602523017197,0.24967095096596892,0.7918683470366088,0.6389327443269148,-0.4329283924640175,0.0,0.0,0.0,0.0,0.0,2.5435039021671946,344.0,310.63892617449665,71.52662797843388,3.455745565838109,43.80891282433181,26.78115999030349,10.927964205816556,0.0,0.0,0.0,0.0,0.0,0.0,Myles Straw,0.5,1.744186046511628,0.23025648736068222,,,HIT,-2.2340479355309135,0.0,0.0,4.458141511103993,0.0,0.0
24597,1.2859071227899594,0.5278649702205405,1.3167118250178453,0.3703440008135535,-0.9605747373108094,0.0,0.0,0.0,0.0,0.0,2.540253181531089,448.36121673003805,404.1270217912072,86.16962438862846,7.306284624395648,43.469074720801856,44.53148074284268,6.334165873738156,0.0,0.0,0.0,0.0,0.0,0.0,Jonathan Ornelas,0.049429657794676805,1.3382067351317428,0.21322410960469781,,,HIT,-2.237298656167019,0.0,0.0,3.4218004538647486,0.0,0.0
31893,0.0,0.0,0.0,0.0,0.0,2.0125930824362235,0.0,1.9577141426429567,-0.5074213763934473,-0.9243663296893959,2.538519518996337,0.0,0.0,109.72671477973238,0.0,0.0,0.0,0.0,116.06666666666666,7.386168075622875,0.0,102.89444175748493,49.92717599584831,40.65226260421668,Robby Snelling,0.06666666666666667,1.2923607122343481,,3.8714352437906503,1.2956258821132889,PIT,-2.239032318701771,0.0,0.0,3.325173349279122,0.0,0.0
27646,0.0,0.0,0.0,0.0,0.0,1.9073694820931235,0.07699190745264124,1.8645903773033827,-0.5423550670398728,-0.7734515588593777,2.533145140949897,0.0,0.0,93.0,0.0,0.0,0.0,0.0,103.3,7.000000000000001,0.5061112268696969,98.0,45.0,40.0,Luis Ortiz,0.0,1.0,,3.920619554695063,1.287512100677638,PIT,-2.2444066967482112,0.0,0.0,2.533145140949897,0.0,0.0
30115,0.0,0.0,0.0,0.0,0.0,1.293388778748463,0.5728331366681826,0.835831568028805,-0.10810375710341728,-0.061100371591888296,2.5328493547501454,0.0,0.0,42.81465159758867,0.0,0.0,0.0,0.0,48.575221238938056,4.746705625856927,3.7655552535710672,43.9300205899836,20.152317548445513,15.229639386589826,Robert Suarez,0.3805309734513274,1.3381308070686828,,3.7338143462869535,1.1949362144675113,PIT,-2.2447024829479627,0.0,0.0,3.3923380661750695,0.0,0.0
29524,0.9802332150021904,0.22628508513955342,0.8037541550621388,1.004404188745753,-0.48515391214854314,0.0,0.0,0.0,0.0,0.0,2.529522731801092,305.0766961651917,277.263637469874,62.21437831628224,3.1320571198244767,33.1360096787503,27.183140606825134,17.178792478930777,0.0,0.0,0.0,0.0,0.0,0.0,Bryce Teodosio,0.26253687315634217,1.9667185581264928,0.22438708113335679,,,HIT,-2.248029105897016,0.0,0.0,5.006923199961599,2.4426575344219845,2.4426575344219845
12144,1.0674562693685632,0.6939921897925528,1.093191451474423,0.11365047443523106,-0.4472555306954036,0.0,0.0,0.0,0.0,0.0,2.5210348543753662,312.8494623655914,279.4063200329212,63.39091996610569,9.605684695488607,36.08451614584429,36.97197301992312,1.943816978593935,0.0,0.0,0.0,0.0,0.0,0.0,Max Kepler,0.46236559139784944,1.9178553015982127,0.22687718716826671,,,HIT,-2.256516983322742,0.0,0.0,4.862493345226644,1.5342493701564834,1.5342493701564834
31441,0.7665042241079905,0.5410339071476784,1.1766429216033658,0.1947111273750687,-0.15900122752989027,0.0,0.0,0.0,0.0,0.0,2.519890952704213,310.8317307692307,286.143196492956,69.92889336607966,7.4885585141561,25.91106993736037,39.79431991800658,3.3302350667134317,0.0,0.0,0.0,0.0,0.0,0.0,Daniel Susac,0.39903846153846156,1.9303048582432374,0.24438426012970432,,,HIT,-2.257660884993895,0.0,0.0,4.873674454856492,1.6045742437218609,1.6045742437218609
35126,1.462693483635967,0.4399785024750742,1.2757438327441653,0.5613486085495166,-1.2226995344824978,0.0,0.0,0.0,0.0,0.0,2.5170648929222255,443.17064846416383,390.59258211547314,78.30572627955722,6.089830447273671,49.44519802942822,43.145934320045434,9.601006609351886,0.0,0.0,0.0,0.0,0.0,0.0,Lucas Spence,0.14675767918088736,1.3538802763209574,0.2004792970092997,,,HIT,-2.2604869447758826,0.0,0.0,3.4371442929477345,0.0,0.0
31363,1.1210405014889375,0.529886026307379,1.1803257775777884,0.27818425561359955,-0.5932008542034838,0.0,0.0,0.0,0.0,0.0,2.5162357067842205,342.64114832535887,307.69631309205175,68.08658477049424,7.3342584658993575,37.89588879369438,39.91887490930199,4.757914843086687,0.0,0.0,0.0,0.0,0.0,0.0,Graham Pauley,0.4019138755980861,1.7511031670669719,0.2212785200000923,,,HIT,-2.2613161309138876,0.0,0.0,4.436492374222037,0.0,0.0
13675,1.0225794285335448,0.6471353798956655,0.9320021583312086,0.24375050866840708,-0.33537177264384255,0.0,0.0,0.0,0.0,0.0,2.5100957027849837,279.7368421052632,255.2868307386608,59.163225956826466,8.957130218469938,34.567489983598215,31.520516013784214,4.168978437134269,0.0,0.0,0.0,0.0,0.0,0.0,Tyrone Taylor,0.47368421052631576,2.0,0.23175197007084294,,,HIT,-2.2674561349131244,0.0,0.0,5.0413470278224155,2.6591701545545865,2.6591701545545865
3096,0.0,0.0,0.0,0.0,0.0,0.8521399402671409,2.0603568243148063,0.8660730453337919,-0.7735689238510851,-0.49646715613806247,2.5085337299265915,0.0,0.0,40.72463369811087,0.0,0.0,0.0,0.0,45.886006825938566,3.127333030055662,13.543887333675178,45.519466085339445,23.254756241215357,20.346200471794806,Kenley Jansen,0.40273037542662116,1.8458511492369427,,4.5611466468385,1.3309250116613633,PIT,-2.2690181077715166,0.0,0.0,4.698288735588591,0.5014656130934292,0.5014656130934292
19890,1.035373989134185,0.4334884259433327,1.034883931701094,0.11693536550693207,-0.11730391492825919,0.0,0.0,0.0,0.0,0.0,2.5033777973572846,362.0,331.0,82.0,6.0,35.0,35.0,2.0,0.0,0.0,0.0,0.0,0.0,0.0,Emmanuel Rivera,0.0,1.6574585635359116,0.24773413897280966,,,HIT,-2.2741740403408235,0.0,0.0,4.153972881256007,0.0,0.0
19358,1.040167377344008,0.668115583992983,0.8994826381744446,0.4937174550326295,-0.6010928030221117,0.0,0.0,0.0,0.0,0.0,2.500390251521954,288.0529100529101,257.79767446963217,55.358340306607346,9.247521419365254,35.16203670278031,30.420698758320746,8.444279502480562,0.0,0.0,0.0,0.0,0.0,0.0,Weston Wilson,0.3386243386243386,2.0,0.21473560776099399,,,HIT,-2.2771615861761543,0.0,0.0,5.039985123842164,2.6506043030076425,2.6506043030076425
16357,1.1241203310599723,0.43348842594333276,0.887043370029509,0.35080609652079625,-0.299795647856402,0.0,0.0,0.0,0.0,0.0,2.4956625756972084,311.0,276.0,65.0,6.000000000000001,38.0,29.999999999999996,6.000000000000001,0.0,0.0,0.0,0.0,0.0,0.0,Pablo Reyes,0.0,1.9292604501607717,0.23550724637681159,,,HIT,-2.2818892620008997,0.0,0.0,4.832985634451824,1.3486572332273008,1.3486572332273008
29960,0.0,0.0,0.0,0.0,0.0,1.5861014610618696,0.0,1.7393518055180623,-0.21432574087690806,-0.6162008748003301,2.494926650902694,0.0,0.0,78.07372984329247,0.0,0.0,0.0,0.0,86.69816303099884,5.820954110710166,0.0,91.41765345120388,36.165630234581975,32.960681175217466,AJ Smith-Shawver,0.1963260619977038,1.7301404638339066,,3.754297216134313,1.2807008492072627,PIT,-2.282625186795414,0.0,0.0,4.381250237550481,0.0,0.0
20233,1.2424487869610221,0.2889922839622218,1.034883931701094,0.3508060965207962,-0.4312439266909614,0.0,0.0,0.0,0.0,0.0,2.4858871724541727,390.0,348.0,81.0,4.0,42.0,35.0,6.0,0.0,0.0,0.0,0.0,0.0,0.0,Gilberto Celestino,0.0,1.5384615384615385,0.23275862068965517,,,HIT,-2.2916646652439354,0.0,0.0,3.839968993187395,0.0,0.0
27470,0.0,0.0,0.0,0.0,0.0,1.975136402146009,0.0,2.2456529352877994,-1.2057485090091749,-0.5303934801950544,2.4846473482295792,0.0,0.0,129.3889779070787,0.0,0.0,0.0,0.0,137.5,7.248702962285856,0.0,118.02806146435275,63.28008910911143,40.414354263492655,Emerson Hancock,0.5,1.0909090909090908,,4.1419694689600215,1.2349333248768826,PIT,-2.292904489468529,0.0,0.0,2.727285122203047,0.0,0.0
10642,1.1393730896484704,0.8545275071931646,1.2854619241490788,0.0,-0.7961974064503361,0.0,0.0,0.0,0.0,0.0,2.4831651145403777,354.1825396825397,317.76587866187043,67.20906680851189,11.827686130261828,38.5156074579813,43.474602288261806,0.0,0.0,0.0,0.0,0.0,0.0,0.0,Carlos Pérez,0.007936507936507936,1.6940417236202299,0.21150498313894797,,,HIT,-2.2943867231577304,0.0,0.0,4.244410731664974,0.0,0.0
19274,0.0,0.0,0.0,0.0,0.0,0.9588752709319848,1.1678426117268321,1.1871033686414505,-0.5753590776751019,-0.2627500815190419,2.475712092106124,0.0,0.0,53.25413690134136,0.0,0.0,0.0,0.0,61.44604316546763,3.519049119501529,7.6768880856127115,62.392325704860916,28.298371970154914,22.834006818357388,Jacob Webb,0.49640287769784175,2.0,,4.144861647894134,1.2382920005898754,PIT,-2.301839745591984,0.0,0.0,5.026216770378629,2.5640066621132416,2.5640066621132416
18015,1.0649561031094477,0.9392249228772208,1.3009969427099466,0.17540304826039813,-1.0051299678465313,0.0,0.0,0.0,0.0,0.0,2.4754510491104815,351.0,319.0,64.0,13.0,36.0,44.0,3.0000000000000004,0.0,0.0,0.0,0.0,0.0,0.0,Paul DeJong,0.0,1.7094017094017093,0.2006269592476489,,,HIT,-2.3021007885876266,0.0,0.0,4.281165784198318,0.0,0.0
23312,1.4199414708125968,0.8669768518866654,1.3009969427099466,0.23387073101386413,-1.3474330425492667,0.0,0.0,0.0,0.0,0.0,2.4743529538738063,416.0,342.0,64.0,12.0,48.0,44.0,4.0,0.0,0.0,0.0,0.0,0.0,0.0,Ryan Noda,0.0,1.4423076923076923,0.1871345029239766,,,HIT,-2.303198883824302,0.0,0.0,3.6066634274284146,0.0,0.0
27702,0.0,0.0,0.0,0.0,0.0,0.9890575898063838,0.07699190745264124,1.498714273378213,-0.13668637184664584,0.04441767058400297,2.4724950693745953,0.0,0.0,61.66665071098673,0.0,0.0,0.0,0.0,70.4,3.629817501875426,0.5061112268696969,78.77011518394605,29.108563159941877,20.52639655642978,Brent Headrick,0.5,1.0,,3.721265176697115,1.1675148759576208,PIT,-2.305056768323513,0.0,0.0,2.4724950693745953,0.0,0.0
24622,1.0649561031094477,0.650232638914999,1.2122926057069958,0.1754030482603981,-0.6317869858012236,0.0,0.0,0.0,0.0,0.0,2.471097410190617,338.0,302.0,66.0,9.0,36.0,41.0,3.0,0.0,0.0,0.0,0.0,0.0,0.0,Ryan Fitzgerald,0.0,1.7751479289940828,0.2185430463576159,,,HIT,-2.306454427507491,0.0,0.0,4.419769368334389,0.0,0.0
25756,0.0,0.0,0.0,0.0,0.0,0.9876193873149707,0.07699190745264124,1.0526632561921512,0.4783504178223917,-0.12668141030256302,2.468943558479592,0.0,0.0,38.9142752270498,0.0,0.0,0.0,0.0,48.729531568228104,3.6245393334165055,0.5061112268696969,55.32636034302871,16.519614602109563,20.24607122077671,Matt Brash,0.28716904276985744,1.3338933888373414,,3.051056035923889,1.2140553078166536,PIT,-2.3086082792185163,0.0,0.0,3.287844082815728,0.0,0.0
15130,0.0,0.0,0.0,0.0,0.0,1.766709815202857,0.27532839913885776,2.399066252303097,-1.185151834298275,-0.7983523570709752,2.4576002752755617,0.0,0.0,103.84262393930564,0.0,0.0,0.0,0.0,113.19999999999999,6.483782414746745,1.809888837550245,126.09122925203728,53.24816355281518,41.253345326879476,Drew Anderson,0.5,1.0,,4.233511236531243,1.2817665129521654,PIT,-2.3199515624225464,0.0,0.0,2.4576002752755617,0.0,0.0
24488,1.2000028113816879,0.371385900316383,0.9276561494599574,0.5254734087618607,-0.5683504003567258,0.0,0.0,0.0,0.0,0.0,2.4561678695631635,302.5755813953488,261.1845236003997,56.760626325138546,5.140426522459431,40.56514731790875,31.37353304706276,8.987416364311274,0.0,0.0,0.0,0.0,0.0,0.0,Max Schuemann,0.27325581395348836,1.9829756163172763,0.21732002165633554,,,HIT,-2.3213839681349446,0.0,0.0,4.907055177705667,1.8145261350459978,1.8145261350459978
24641,0.9640877594422766,0.4984758462733818,1.0809597994356588,0.3452763324346095,-0.4367104858896083,0.0,0.0,0.0,0.0,0.0,2.4520892516963184,332.3571428571429,292.65302314955835,66.91629483979405,6.899503882097344,32.590225304671584,36.55829588353832,5.905421870240635,0.0,0.0,0.0,0.0,0.0,0.0,Willie MacIver,0.007936507936507936,1.8052869116698902,0.2286540358258897,,,HIT,-2.3254625860017897,0.0,0.0,4.449950904694542,0.0,0.0
21865,1.1321793482574696,0.828067225198473,1.1704230397362025,0.10107247214776419,-0.7832219225457862,0.0,0.0,0.0,0.0,0.0,2.4485201627941233,340.53801169590645,300.4600731849116,63.06638072357673,11.461444075188128,38.27242871162745,39.58396215837563,1.7286895493010195,0.0,0.0,0.0,0.0,0.0,0.0,Bo Naylor,0.26900584795321636,1.7619178458579474,0.20989937216970556,,,HIT,-2.3290316749039848,0.0,0.0,4.354280110627302,0.0,0.0
21520,0.0,0.0,0.0,0.0,0.0,1.0075398052063989,1.6636838409423733,1.648896724710459,-0.5840973220445204,-1.28809030370089,2.44793274511382,0.0,0.0,69.50417371365955,0.0,0.0,0.0,0.0,77.56115107913669,3.6976467866651412,10.936332112314082,86.66347364471719,34.86866556008499,40.509369752888716,Hogan Harris,0.49640287769784175,2.0,,4.046071850075719,1.4184104018041193,PIT,-2.329619092584288,0.0,0.0,5.100645737136606,3.0321361993537757,3.0321361993537757
23565,1.182442506089528,0.7548296516315739,1.156910232312391,0.21532488784683904,-0.8628528720266418,0.0,0.0,0.0,0.0,0.0,2.4466544058536903,332.7682619647355,289.74282043233796,59.02915669450656,10.447748172131103,39.971535066031,39.12695606779309,3.6828018095872683,0.0,0.0,0.0,0.0,0.0,0.0,Davis Schneider,0.3702770780856423,1.8030565669257963,0.20372948881503455,,,HIT,-2.3308974318444178,0.0,0.0,4.457630638847746,0.0,0.0
13590,1.0649561031094477,0.5779845679244436,1.0644520440354108,0.1754030482603981,-0.43628387556230147,0.0,0.0,0.0,0.0,0.0,2.446511887767399,345.0,289.0,66.0,8.0,36.0,36.0,3.0,0.0,0.0,0.0,0.0,0.0,0.0,Jesse Winker,0.0,1.7391304347826086,0.22837370242214533,,,HIT,-2.3310399499307093,0.0,0.0,4.275089454987606,0.0,0.0
31354,1.05515839130347,0.6647758556759711,1.1241128495765984,0.0,-0.3982361763296122,0.0,0.0,0.0,0.0,0.0,2.4458109202264273,339.5977011494253,309.1303758723707,71.72898101026904,9.20129557179282,35.668796090293924,38.01774143937977,0.0,0.0,0.0,0.0,0.0,0.0,0.0,Jimmy Crooks,0.42528735632183906,1.7667964122524962,0.23203472259187974,,,HIT,-2.3317409174716808,0.0,0.0,4.34199993719404,0.0,0.0
18395,1.09453821708471,0.9392249228772208,1.3897012797128976,0.05846768275346603,-1.0370293169368876,0.0,0.0,0.0,0.0,0.0,2.444902785491407,381.0,345.0,70.0,13.0,37.0,47.0,1.0,0.0,0.0,0.0,0.0,0.0,0.0,Travis Blankenhorn,0.0,1.5748031496062993,0.2028985507246377,,,HIT,-2.332649052206701,0.0,0.0,3.8916042451758894,0.0,0.0
19296,1.0622137669199336,0.41783482823834645,1.010262812090673,0.20142999765780747,-0.24870366993198342,0.0,0.0,0.0,0.0,0.0,2.443037734974777,289.7058823529412,249.80108482184608,59.221880673609284,5.78333542348788,35.90729749091606,34.16730837153086,3.445151033386328,0.0,0.0,0.0,0.0,0.0,0.0,Alex Call,0.4117647058823529,2.0,0.23707615487677058,,,HIT,-2.334514102723331,0.0,0.0,4.901130047722121,1.7772593493023927,1.7772593493023927
25796,0.0,0.0,0.0,0.0,0.0,1.3291647555996415,0.37449664498196605,1.139141682887001,-0.17631420204835932,-0.22727333109724315,2.4392155503230057,0.0,0.0,46.03186276435338,0.0,0.0,0.0,0.0,55.56,4.878002598105549,2.461777642890519,59.871533330755845,23.39204884593079,22.61028860622463,Anthony Nunez,0.44,1.169906407487401,,3.789208776338681,1.2354598878793737,PIT,-2.3383362873751024,0.0,0.0,2.8571302760725845,0.0,0.0
19563,1.1832845590104972,0.2889922839622218,1.2418607180413128,0.23387073101386413,-0.5115102156224061,0.0,0.0,0.0,0.0,0.0,2.4364980764054898,444.0,389.0,90.0,4.0,40.0,42.0,4.0,0.0,0.0,0.0,0.0,0.0,0.0,Nate Mondou,0.0,1.3513513513513513,0.23136246786632392,,,HIT,-2.3410537612926183,0.0,0.0,3.3044463311848706,0.0,0.0
17736,1.1832845590104972,0.1444961419811109,0.9461795946981431,0.8770152413019905,-0.7212783179611983,0.0,0.0,0.0,0.0,0.0,2.429697219030543,339.0,304.0,65.0,2.0,40.0,32.0,15.0,0.0,0.0,0.0,0.0,0.0,0.0,Richie Martin Jr.,0.0,1.7699115044247788,0.2138157894736842,,,HIT,-2.347854618667565,0.0,0.0,4.338260171447836,0.0,0.0
19249,0.0,0.0,0.0,0.0,0.0,1.1314548982680497,1.2670108575699404,1.1913806290611666,-0.4296318158134463,-0.7310127636554735,2.429201805430237,0.0,0.0,46.26987013217572,0.0,0.0,0.0,0.0,54.76772402854878,4.152412189789698,8.328776890952986,62.6171319283803,24.676557793628096,28.649764632387747,Seranthony Domínguez,0.4448850118953212,2.0,,4.055107713201383,1.3679523130358695,PIT,-2.348350032267871,0.0,0.0,4.951439364295318,2.0936855757053583,2.0936855757053583
19314,1.1313662616495284,0.36824276249334276,0.9177128689104599,0.12667870423452285,-0.11837297236781158,0.0,0.0,0.0,0.0,0.0,2.4256276249200424,316.0526315789474,283.0246718356325,69.81980956911612,5.096921723231627,38.24494296099377,31.03724913292336,2.166644858642242,0.0,0.0,0.0,0.0,0.0,0.0,Donovan Walton,0.47368421052631576,1.8984179850124894,0.24669160153523367,,,HIT,-2.3519242127780657,0.0,0.0,4.611237394535959,0.0,0.0
25369,1.2775148650783317,0.9191255270053308,1.2487967410917986,0.05709409782438278,-1.0827459152903722,0.0,0.0,0.0,0.0,0.0,2.419785315709471,424.93675889328057,381.970453646235,78.51913524200717,12.7218002419121,43.18538107677609,42.23457781044872,0.9765069374328534,0.0,0.0,0.0,0.0,0.0,0.0,Omar Martinez,0.011857707509881422,1.411974811411138,0.20556337405805813,,,HIT,-2.357766521988637,0.0,0.0,3.4474359123024207,0.0,0.0
15730,1.2128666729857598,0.21674421297166635,0.7096346960236073,0.7600798757950584,-0.4808189923138215,0.0,0.0,0.0,0.0,0.0,2.4185064654622703,328.0,288.0,65.0,3.0,41.0,24.0,13.0,0.0,0.0,0.0,0.0,0.0,0.0,Tyler Wade,0.0,1.829268292682927,0.22569444444444445,,,HIT,-2.3590453722358378,0.0,0.0,4.450455545132406,0.0,0.0
20056,1.1832845590104972,0.5779845679244436,1.1235882687040448,0.11693536550693207,-0.5919632549734745,0.0,0.0,0.0,0.0,0.0,2.4098295061724433,366.0,335.0,75.0,8.0,40.0,38.0,2.0,0.0,0.0,0.0,0.0,0.0,0.0,Alan Trejo,0.0,1.639344262295082,0.22388059701492538,,,HIT,-2.367722331525665,0.0,0.0,3.976754266701904,0.0,0.0
21992,0.0,0.0,0.0,0.0,0.0,1.2917801085378293,0.17616015329574952,1.276630174643187,-0.012416980904974364,-0.32859047966233357,2.4035629759094577,0.0,0.0,48.946830257543496,0.0,0.0,0.0,0.0,61.366926677067084,4.740801844979569,1.158000032209971,67.09771681647804,24.68575298098725,27.995266129485305,Camilo Doval,0.45397815912636513,1.0592024649051002,,3.620382979223093,1.2538039715093339,PIT,-2.3739888617886504,0.0,0.0,2.5468905065422978,0.0,0.0
29554,0.9912184644830915,0.6690235430028557,1.1992709466349807,0.06656322591631775,-0.5279586043096786,0.0,0.0,0.0,0.0,0.0,2.3981175757275666,321.28824833702885,290.99630101134983,64.96591840068754,9.260088661610261,33.507357361680846,40.55960465366259,1.1384618439042173,0.0,0.0,0.0,0.0,0.0,0.0,Adrian Del Castillo,0.44567627494456763,1.867481935942471,0.22325341653794306,,,HIT,-2.3794342619705415,0.0,0.0,4.509737187209313,0.0,0.0
23802,1.082299317383801,0.41297616243908286,0.8438958706664978,0.4498785464049385,-0.3916105215111559,0.0,0.0,0.0,0.0,0.0,2.3974393753831644,306.6666666666667,268.2637944066516,61.50558353252952,5.716085658440192,36.58627366147181,28.54074217267722,7.694482237339382,0.0,0.0,0.0,0.0,0.0,0.0,Anthony Seigler,0.4444444444444444,1.9565217391304346,0.22927277111161481,,,HIT,-2.3801124623149437,0.0,0.0,4.715109585479226,0.6072622809539518,0.6072622809539518
25111,1.4199414708125968,0.4334884259433327,0.97574770703246,0.40927377927426223,-0.8411219347071472,0.0,0.0,0.0,0.0,0.0,2.3973294483555048,360.0,312.0,65.0,6.0,48.0,33.0,7.0,0.0,0.0,0.0,0.0,0.0,0.0,David Hensley,0.0,1.6666666666666667,0.20833333333333334,,,HIT,-2.3802223893426033,0.0,0.0,4.032731344916314,0.0,0.0
18054,0.9539033796390067,0.2177115573318822,0.7427608487328579,0.7442357510025047,-0.2629690486528227,0.0,0.0,0.0,0.0,0.0,2.395642488053429,266.6969696969697,236.86572003651892,55.70875204631532,3.0133892067560155,32.2459503886941,25.12033370053198,12.729010556834247,0.0,0.0,0.0,0.0,0.0,0.0,Sam Haggerty,0.15824915824915825,2.0,0.23519128068732945,,,HIT,-2.3819093496446793,0.0,0.0,4.806432961654156,1.181651147146717,1.181651147146717
17170,0.0,0.0,0.0,0.0,0.0,1.027230669570113,0.17616015329574952,1.0079484134354604,0.06663338923556564,0.11758399207847588,2.3955566176153646,0.0,0.0,40.96370017056776,0.0,0.0,0.0,0.0,49.62068965517241,3.7699117840031184,1.158000032209971,52.97621703890358,19.470968546641636,15.762681219735859,Gabe Speier,0.39655172413793105,1.3099374565670605,,3.5315655251379203,1.1432001809025747,PIT,-2.3819952200827434,0.0,0.0,3.1354883312710986,0.0,0.0
16337,1.0057918751589228,0.4334884259433327,0.8870433700295091,0.23387073101386413,-0.1660837356760437,0.0,0.0,0.0,0.0,0.0,2.3941106664695853,301.0,279.0,68.0,6.0,34.0,30.0,4.0,0.0,0.0,0.0,0.0,0.0,0.0,Nick Gordon,0.0,1.9933554817275747,0.24372759856630824,,,HIT,-2.383441171228523,0.0,0.0,4.783055037415369,1.034613006860092,1.034613006860092
22630,0.0,0.0,0.0,0.0,0.0,2.291731885611337,0.09916824584310827,2.040511995109435,-1.4466135366930704,-0.5943173448142857,2.390481245056524,0.0,0.0,131.3123502025479,0.0,0.0,0.0,0.0,139.9,8.4106007513945,0.651888805340274,107.2461694294092,65.8799891954447,42.30075165712003,Keider Montero,0.5,1.072194424588992,,4.238169426440331,1.2409799989969115,PIT,-2.3870705926415843,0.0,0.0,2.578698387737484,0.0,0.0
16622,0.898956747710105,0.6077200474338906,1.02444252217885,0.07388084378358502,-0.2152346915283001,0.0,0.0,0.0,0.0,0.0,2.3897654695781307,318.3560371517028,279.8662185772769,67.39574918491566,8.411574718906117,30.388522891293135,34.64686925549435,1.2636184692851586,0.0,0.0,0.0,0.0,0.0,0.0,Luis Urías,0.2260061919504644,1.884682336694901,0.2408141630223452,,,HIT,-2.3877863681199774,0.0,0.0,4.5159851516356335,0.0,0.0
20538,1.035373989134185,0.650232638914999,1.3009969427099466,0.058467682753466026,-0.6571728609218443,0.0,0.0,0.0,0.0,0.0,2.3878983925907526,412.0,379.0,85.0,9.0,35.0,44.0,0.9999999999999999,0.0,0.0,0.0,0.0,0.0,0.0,Jose F Miranda,0.0,1.4563106796116505,0.22427440633245382,,,HIT,-2.3896534451073554,0.0,0.0,3.4984502800768746,0.0,0.0
27478,1.121585402798489,0.6135781646989492,1.1831278434400865,0.14877080753151525,-0.6819195813038267,0.0,0.0,0.0,0.0,0.0,2.3851426371652136,383.5,347.07166443567223,76.52614638211428,8.492658091579477,37.9143087521195,40.0136413871419,2.5444963871549358,0.0,0.0,0.0,0.0,0.0,0.0,Patrick Bailey,0.5,1.5645371577574967,0.22049090785484726,,,HIT,-2.3924092005328945,0.0,0.0,3.7581206702287844,0.0,0.0
16376,1.1285733259087547,0.8260165686792025,1.0671594182009732,0.05979627741395439,-0.6980040655219187,0.0,0.0,0.0,0.0,0.0,2.3835415246809664,345.5,306.1155220274508,65.92487390475263,11.433060528179121,38.15052997404128,36.09156398402951,1.0227235730564266,0.0,0.0,0.0,0.0,0.0,0.0,Michael Conforto,0.5,1.7366136034732271,0.21535946125215055,,,HIT,-2.3940103130171417,0.0,0.0,4.1739627009845375,0.0,0.0
23813,1.0453387183486194,0.7943261348218164,1.1935413095709786,0.08519375015308994,-0.7363314003800991,0.0,0.0,0.0,0.0,0.0,2.382068512514405,365.0,330.59699356316145,71.45244805290339,10.994426895157572,35.336849801294356,40.36582708006509,1.4571083740793465,0.0,0.0,0.0,0.0,0.0,0.0,Brandon Valenzuela,0.5,1.643835616438356,0.21613157241023792,,,HIT,-2.395483325183703,0.0,0.0,3.948418441300057,0.0,0.0
17484,0.795622115481922,0.5776925662005007,1.0605389994415904,0.04560995804336855,-0.09857939488796028,0.0,0.0,0.0,0.0,0.0,2.3808842442794216,315.70175438596493,289.75601593556416,71.85843578073263,7.995958345739347,26.895377258949384,35.86765997945432,0.7800883478773535,0.0,0.0,0.0,0.0,0.0,0.0,Eloy Jiménez,0.12280701754385964,1.9005279244234508,0.2479963549633858,,,HIT,-2.3966675934186865,0.0,0.0,4.53023561456732,0.0,0.0
29107,0.0,0.0,0.0,0.0,0.0,1.1452976579555814,0.07699190745264124,1.2030936741785712,0.022817690876531856,-0.06916360903796243,2.3790373214253635,0.0,0.0,52.38241827649903,0.0,0.0,0.0,0.0,64.09420289855072,4.203214784002532,0.5061112268696969,63.23275154943924,25.55625279215804,24.036366527417357,Bradgley Rodriguez,0.4927536231884058,1.0141322781232336,,3.5885659658406204,1.192288558840075,PIT,-2.3985145162727446,0.0,0.0,2.4127015411910477,0.0,0.0
20054,1.2128666729857598,0.650232638914999,1.0940201563697278,0.29233841376733016,-0.873619575649151,0.0,0.0,0.0,0.0,0.0,2.375838306388666,379.0,338.0,71.0,9.0,41.0,37.0,5.0,0.0,0.0,0.0,0.0,0.0,0.0,Bligh Madris,0.0,1.5831134564643798,0.21005917159763313,,,HIT,-2.401713531309442,0.0,0.0,3.7959589635020574,0.0,0.0
29634,1.081932138473854,0.3214041815251977,0.8815284498276497,0.12565125435526442,-0.0381681893311427,0.0,0.0,0.0,0.0,0.0,2.372347834850823,333.2809364548495,296.18795537474506,74.5039627904797,4.448619556461416,36.57386146840629,29.813484197452173,2.1490719049886695,0.0,0.0,0.0,0.0,0.0,0.0,Will Wagner,0.16387959866220736,1.8002829876268176,0.2515428512149161,,,HIT,-2.405204002847285,0.0,0.0,4.272088069015665,0.0,0.0
19273,1.0057918751589228,0.5779845679244436,1.0940201563697278,0.29233841376733016,-0.6011776132115451,0.0,0.0,0.0,0.0,0.0,2.3689574000088793,328.0,296.0,65.0,8.0,34.0,37.0,5.0,0.0,0.0,0.0,0.0,0.0,0.0,Stone Garrett,0.0,1.829268292682927,0.2195945945945946,,,HIT,-2.4085944376892288,0.0,0.0,4.367539313981652,0.0,0.0
16137,0.0,0.0,0.0,0.0,0.0,2.032682475233102,0.0,1.937565211387985,-0.8997539017421086,-0.7025893991835088,2.3679043856954696,0.0,0.0,86.0659643666872,0.0,0.0,0.0,0.0,98.69999999999999,7.459895662699411,0.0,101.83544494669857,45.478414692221484,40.438549447703906,Carlos Rodón,0.5,1.5197568389057752,,4.1469679050657895,1.28170733347914,PIT,-2.4096474520026385,0.0,0.0,3.6871099530590827,0.0,0.0
31468,0.0,0.0,0.0,0.0,0.0,1.4862365076463377,0.37449664498196605,2.1669819362530984,-1.014141305113987,-0.652393253464802,2.3611805303026134,0.0,0.0,89.99753162574375,0.0,0.0,0.0,0.0,103.95,5.454452140079081,2.461777642890519,113.8932348561887,48.359586451872005,41.97483625688491,Jack Perkins,0.5,1.0,,4.18697718198026,1.2695754486063362,PIT,-2.4163713073954947,0.0,0.0,2.3611805303026134,0.0,0.0
20002,0.9502354106409299,0.21300102586805142,0.7918032466418211,0.8623361126639535,-0.4576602635671082,0.0,0.0,0.0,0.0,0.0,2.3597155322476473,288.5415282392027,255.55056197917656,57.18714235593714,2.948189798671521,32.12195759354957,26.778958280770883,14.748936028473494,0.0,0.0,0.0,0.0,0.0,0.0,Bryce Johnson,0.16943521594684385,2.0,0.22378014711858474,,,HIT,-2.417836305450461,0.0,0.0,4.748753295783306,0.8188682620891883,0.8188682620891883
19360,0.0,0.0,0.0,0.0,0.0,1.413442882703204,1.2670108575699404,0.897760528255241,-0.3342658946298268,-0.9007641933002521,2.343184180598306,0.0,0.0,52.15075232010129,0.0,0.0,0.0,0.0,55.14918032786885,5.187301292073084,8.328776890952986,47.18491141000806,24.226737951186966,25.65112737037436,Lucas Erceg,0.453551912568306,2.0,,3.953651536875136,1.4107531467908254,PIT,-2.434367657099802,0.0,0.0,4.785946948284271,1.0528020125089566,1.0528020125089566
18577,1.1433153048693976,0.5069950015330723,1.05292170752575,0.3283545440217577,-0.6951470613493496,0.0,0.0,0.0,0.0,0.0,2.336439496600628,395.0,361.36100463854893,79.90636557676966,7.01741921385484,38.648870930099065,35.61004150757778,5.616000644429378,0.0,0.0,0.0,0.0,0.0,0.0,Ke'Bryan Hayes,0.5,1.518987341772152,0.2211261440804769,,,HIT,-2.44111234109748,0.0,0.0,3.5741027926518827,0.0,0.0
20536,1.0897156959476764,0.33015886340141226,0.7857757543667658,0.5823982480435346,-0.45454301087725435,0.0,0.0,0.0,0.0,0.0,2.3335055508821347,296.2699619771863,266.16592307419467,59.922263113998575,4.569794859222911,36.83697848162351,26.57510717905345,9.961028394083385,0.0,0.0,0.0,0.0,0.0,0.0,Vidal Bruján,0.049429657794676805,2.0,0.22513123551618228,,,HIT,-2.4440462868159734,0.0,0.0,4.697299499273748,0.4952436976422204,0.4952436976422204
22471,1.2720309009362847,0.36124035495277723,1.1235882687040448,0.1754030482603981,-0.5988614719971402,0.0,0.0,0.0,0.0,0.0,2.3334011008563644,433.0,383.0,87.0,5.0,43.0,38.0,3.0,0.0,0.0,0.0,0.0,0.0,0.0,Livan Soto,0.0,1.3856812933025404,0.22715404699738903,,,HIT,-2.4441507368417437,0.0,0.0,3.2488373064910068,0.0,0.0
31553,0.0,0.0,0.0,0.0,0.0,1.1379998524661108,0.17616015329574952,1.3275986034019593,-0.035810870235483176,-0.27286683376792514,2.3330809051604113,0.0,0.0,52.7787432945971,0.0,0.0,0.0,0.0,62.371212121212125,4.176432013854488,1.158000032209971,69.77653897450261,25.237910884837746,24.545544353016613,Mason Fluharty,0.4696969696969697,1.0421474553625651,,3.641763407164732,1.239743224764364,PIT,-2.4444709325376968,0.0,0.0,2.432081653622545,0.0,0.0
20321,1.0064192027341057,0.42414861802811477,0.7825655950688126,0.6400202527907084,-0.5250046613479571,0.0,0.0,0.0,0.0,0.0,2.328149007273784,262.55956678700363,230.22013759465128,49.66388205587022,5.870725850709026,34.02120631323737,26.466538892324255,10.946564369404006,0.0,0.0,0.0,0.0,0.0,0.0,Stuart Fairchild,0.09747292418772563,2.0,0.2157234487597842,,,HIT,-2.449402830424324,0.0,0.0,4.686841306374595,0.4294656919072718,0.4294656919072718
4949,0.7039006066215607,0.9004953390411158,1.1540396768758578,0.03873155214731262,-0.47185631266938105,0.0,0.0,0.0,0.0,0.0,2.3253108620164658,252.39107611548556,226.62285202488832,49.63960765597835,12.463936084311955,23.794804090410384,39.02987325763339,0.6624437693319831,0.0,0.0,0.0,0.0,0.0,0.0,Giancarlo Stanton,0.3438320209973753,2.0,0.21904060959627672,,,HIT,-2.4522409756816423,0.0,0.0,4.677534826439814,0.37093151717696693,0.37093151717696693
31415,1.079072786267457,0.8468150956776062,1.2215269923712693,0.10431222530296336,-0.9331385903641576,0.0,0.0,0.0,0.0,0.0,2.318588509255138,368.7735849056604,331.20042719829127,68.28341869174692,11.72093710001344,36.47720332528684,41.31230896852201,1.784100555905469,0.0,0.0,0.0,0.0,0.0,0.0,Collin Price,0.05660377358490566,1.6270145817344588,0.2061694764990907,,,HIT,-2.45896332844297,0.0,0.0,3.812591439991879,0.0,0.0
20367,0.0,0.0,0.0,0.0,0.0,0.8174440637541958,0.07699190745264124,0.8181365941229128,0.2417428941947584,0.3635281040776199,2.317843563602128,0.0,0.0,46.0,0.0,0.0,0.0,0.0,53.7,3.0,0.5061112268696969,43.0,20.0,12.0,Brusdar Graterol,0.0,1.2104283054003724,,3.35195530726257,1.080074487895717,PIT,-2.45970827409598,0.0,0.0,2.7995384119132862,0.0,0.0
12005,1.2424487869610221,0.5057364969338881,1.0940201563697278,0.0,-0.5284478842949951,0.0,0.0,0.0,0.0,0.0,2.3137575559696426,353.0,307.0,69.0,7.0,42.0,37.0,0.0,0.0,0.0,0.0,0.0,0.0,0.0,Nick Martini,0.0,1.6997167138810199,0.2247557003257329,,,HIT,-2.4637942817284655,0.0,0.0,3.9570309183443437,0.0,0.0
14968,0.8980481384550381,0.5799580810886021,1.0957487486631847,0.03382232457016846,-0.29769501494739325,0.0,0.0,0.0,0.0,0.0,2.3098822778296,357.5,318.4854408787284,75.78844875563662,8.027315790402438,30.357808073013864,37.058461367905814,0.5784789644012945,0.0,0.0,0.0,0.0,0.0,0.0,Victor Caratini,0.5,1.6783216783216783,0.23796519095670388,,,HIT,-2.467669559868508,0.0,0.0,3.889964145254094,0.0,0.0
17975,1.1441973776724301,0.5616234348378817,1.010517385593961,0.5916601458938923,-0.9983591806432013,0.0,0.0,0.0,0.0,0.0,2.309639163354964,355.3779527559055,323.4034712169147,65.22166346354336,7.773542284766321,38.678688704574895,34.17591810286608,10.119438945249081,0.0,0.0,0.0,0.0,0.0,0.0,Scott Kingery,0.015748031496062992,1.6883433407927682,0.2016727378284619,,,HIT,-2.467912674343144,0.0,0.0,3.9473460587201696,0.0,0.0
33312,1.0656441081473167,0.17905009364907548,0.7893788484189014,0.5646676462471786,-0.28914287855082127,0.0,0.0,0.0,0.0,0.0,2.3095978179116505,340.64835164835165,298.4467051733535,70.86024064784769,2.4782681557336197,36.0232574669425,26.696964604762492,9.65777365640003,0.0,0.0,0.0,0.0,0.0,0.0,Brett Bateman,0.3131868131868132,1.76134714023033,0.2374301321460002,,,HIT,-2.4679540197864576,0.0,0.0,4.08217348348963,0.0,0.0
12180,0.8874634192578731,0.5779845679244436,0.9461795946981431,0.29233841376733016,-0.40478037837289654,0.0,0.0,0.0,0.0,0.0,2.299185617274893,295.0,279.0,64.0,8.0,30.000000000000004,32.0,5.0,0.0,0.0,0.0,0.0,0.0,0.0,Jorge Alfaro,0.0,2.0,0.22939068100358423,,,HIT,-2.478366220423215,0.0,0.0,4.626473548671872,0.049775744450145765,0.049775744450145765
19859,0.9762097611836602,0.7947287808961099,1.1235882687040448,0.05846768275346603,-0.6563395054531563,0.0,0.0,0.0,0.0,0.0,2.296654988084125,282.0,264.0,56.0,11.0,33.0,38.0,1.0,0.0,0.0,0.0,0.0,0.0,0.0,René Pinto,0.0,2.0,0.21212121212121213,,,HIT,-2.480896849613983,0.0,0.0,4.637213921835843,0.11732855537911846,0.11732855537911846
20308,0.9998694888290433,0.4200050331550685,0.787162032488275,0.3203332865679768,-0.23336095426973838,0.0,0.0,0.0,0.0,0.0,2.2940088867706248,301.24766355140184,271.1883968324037,64.89430592116733,5.813373663775372,33.79979840741497,26.62199140709733,5.478809343593955,0.0,0.0,0.0,0.0,0.0,0.0,Jake Meyers,0.4158878504672897,1.991716692261157,0.23929602696560964,,,HIT,-2.4835429509274833,0.0,0.0,4.584097892893141,0.0,0.0
17479,0.0,0.0,0.0,0.0,0.0,2.1677732843828643,0.0,2.5829688937275503,-1.2755671897071237,-1.1812230999447875,2.293951888458503,0.0,0.0,111.81943901357104,0.0,0.0,0.0,0.0,121.39999999999999,7.955675674346976,0.0,135.7568689973528,57.18774443231307,48.7461821304554,Jack Flaherty,0.5,1.2355848434925867,,4.239618615245615,1.3226163191435456,PIT,-2.483599949239605,0.0,0.0,2.8957635209734782,0.0,0.0
20000,0.0,0.0,0.0,0.0,0.0,1.2288070401024682,0.4736648908250743,1.4112431854886,-0.9473205228121045,0.12332347996489332,2.289718073568931,0.0,0.0,71.25215261012376,0.0,0.0,0.0,0.0,80.05,4.509692202518589,3.113666448230793,74.17276945186126,38.2175858155329,21.132086291649415,Tyler Wells,0.5,1.0,,4.296792908679527,1.1540816852189029,PIT,-2.487833764129177,0.0,0.0,2.289718073568931,0.0,0.0
13649,0.0,0.0,0.0,0.0,0.0,2.1629090099638892,0.0,1.6760072319292756,-0.49658918691060316,-1.0580931088071381,2.2842339461754237,0.0,0.0,106.15626158059686,0.0,0.0,0.0,0.0,109.1,7.937823904539135,0.0,88.08836017195884,47.04200711640508,37.95419656433527,Clay Holmes,0.5,1.3748854262144823,,3.8806422002533987,1.3209024577903954,PIT,-2.4933178915226843,0.0,0.0,3.202481722502605,0.0,0.0
25636,0.0,0.0,0.0,0.0,0.0,0.9284319467717619,0.27532839913885776,1.2586705400738796,0.02958449508610339,-0.21099072444071426,2.2810246566298886,0.0,0.0,59.92713043578206,0.0,0.0,0.0,0.0,68.09048374306107,3.4073228540232208,1.809888837550245,66.15378606942703,27.11693163965593,23.244372859235785,Hunter Gaddis,0.4448850118953212,1.0,,3.5842363182178767,1.2214849817907725,PIT,-2.4965271810682195,0.0,0.0,2.2810246566298886,0.0,0.0
25867,1.0972961461766113,0.47032715976080297,0.9736173652078725,0.45067942097921676,-0.7277242632185106,0.0,0.0,0.0,0.0,0.0,2.2641958289059927,326.5,287.76039475734206,60.79702525764474,6.5098922824152075,37.09322961483441,32.92795137543782,7.708179968061073,0.0,0.0,0.0,0.0,0.0,0.0,Ryan Kreidler,0.5,1.8376722817764166,0.2112765563479042,,,HIT,-2.5133560087921154,0.0,0.0,4.201792293496022,0.0,0.0
19877,0.9340019962691242,0.5908313160255915,1.1582800910089572,0.10677668317763828,-0.5273651930843889,0.0,0.0,0.0,0.0,0.0,2.262524893396922,315.9380530973452,287.50952166245156,64.09516202403832,8.177814409783027,31.573199841301683,39.17328498730873,1.8262513263587212,0.0,0.0,0.0,0.0,0.0,0.0,Tristan Gray,0.4469026548672566,1.8991064676059493,0.222932310740264,,,HIT,-2.515026944301186,0.0,0.0,4.329322780125068,0.0,0.0
31891,0.0,0.0,0.0,0.0,0.0,1.4149584999937388,0.4736648908250743,1.4014956482407228,-0.41487262655620566,-0.6184019784751347,2.2568444340281957,0.0,0.0,85.04204749832994,0.0,0.0,0.0,0.0,86.55,5.192863570977799,3.113666448230793,73.66045389884769,37.4057517621735,25.849423882534982,Andrew Morris,0.5,1.0,,3.8896795593248013,1.281241725948757,PIT,-2.5207074036699124,0.0,0.0,2.2568444340281957,0.0,0.0
27473,0.0,0.0,0.0,0.0,0.0,2.184498060801218,0.0,2.44756961063636,-1.308419204795456,-1.0712959161895788,2.2523525504525432,0.0,0.0,127.82644440974596,0.0,0.0,0.0,0.0,133.75,8.01705520045746,0.0,128.64049110306868,62.44155625192261,45.75122113648912,Cade Cavalli,0.5,1.1214953271028036,,4.201674813213484,1.29777693866344,PIT,-2.525199287245565,0.0,0.0,2.556673012897846,0.0,0.0
19292,1.0057918751589228,0.5057364969338881,0.97574770703246,0.11693536550693207,-0.35949387545640044,0.0,0.0,0.0,0.0,0.0,2.244717569175803,303.0,276.0,64.0,7.0,34.0,33.0,2.0,0.0,0.0,0.0,0.0,0.0,0.0,Armando Alvarez,0.0,1.9801980198019802,0.2318840579710145,,,HIT,-2.532834268522305,0.0,0.0,4.468834980173812,0.0,0.0
21693,0.8901297987470208,0.5172086780778149,1.043256903542434,0.0,-0.20756273198861228,0.0,0.0,0.0,0.0,0.0,2.243032648378658,275.5,247.01126571270458,59.201919506202756,7.158788753618439,30.09013485281605,35.28317573156749,0.0,0.0,0.0,0.0,0.0,0.0,0.0,Miguel Amaya,0.5,2.0,0.2396729531156676,,,HIT,-2.5345191893194503,0.0,0.0,4.498295073741392,0.0,0.0
16358,0.0,0.0,0.0,0.0,0.0,1.90429152643156,0.0,1.936031732615066,-0.7016385864144408,-0.8990480855623534,2.239636587069832,0.0,0.0,109.71543747328597,0.0,0.0,0.0,0.0,115.6,6.988703976951912,0.0,101.754847662933,51.02441669618479,39.73104603144075,Tyler Mahle,0.5,1.2975778546712804,,3.972489189149335,1.2927896496948679,PIT,-2.5379152506282763,0.0,0.0,2.9567032874262686,0.0,0.0
27779,0.0,0.0,0.0,0.0,0.0,2.6635255152420556,0.0,2.5038407342915465,-1.7481954733191853,-1.1814612982254717,2.237709477988945,0.0,0.0,151.46048633819527,0.0,0.0,0.0,0.0,157.75,9.775074405738081,0.0,131.5980147422197,75.2269995753549,52.31556709764841,Bryce Elder,0.5,1.0,,4.29187319288871,1.2917657904015447,PIT,-2.539842359709163,0.0,0.0,2.237709477988945,0.0,0.0
16432,0.0,0.0,0.0,0.0,0.0,1.7022178350159003,0.0,2.383856083728326,-1.3112150007745589,-0.5383701401814978,2.2364887777881695,0.0,0.0,130.04058788941217,0.0,0.0,0.0,0.0,135.2,6.247098402788407,0.0,125.29180620530713,63.0515296875348,37.16621734111124,Foster Griffin,0.5,1.1094674556213018,,4.197217212927613,1.2367367250778358,PIT,-2.5410630599099386,0.0,0.0,2.502807315904346,0.0,0.0
25805,1.035373989134185,0.5779845679244436,1.1531563810383618,0.23387073101386413,-0.7657621279129961,0.0,0.0,0.0,0.0,0.0,2.2346235411978586,342.0,303.0,64.0,8.0,35.0,39.0,4.0,0.0,0.0,0.0,0.0,0.0,0.0,Blake Sabol,0.0,1.7543859649122806,0.21122112211221122,,,HIT,-2.5429282965002495,0.0,0.0,3.9594306964642993,0.0,0.0
15274,1.1477779348262749,0.4801486557538275,0.929123983275273,0.09357439900808825,-0.41630275513953297,0.0,0.0,0.0,0.0,0.0,2.2343222177239306,314.8078291814947,271.91586262295857,62.015776048834624,6.645833572727422,38.799726611360015,31.423175506436536,1.6004465133782142,0.0,0.0,0.0,0.0,0.0,0.0,Mike Tauchman,0.1103202846975089,1.905924644758707,0.2280697251370964,,,HIT,-2.5432296199741775,0.0,0.0,4.282846712828955,0.0,0.0
24703,1.168897876675077,0.5537722888433765,1.170034843290685,0.055779301538409855,-0.7142297727856274,0.0,0.0,0.0,0.0,0.0,2.234254537561921,388.8125,331.9605780366677,72.16923838880975,7.664873002848307,39.513669565756835,39.57083327002698,0.9540193644001257,0.0,0.0,0.0,0.0,0.0,0.0,Jonah Bride,0.0234375,1.5431602636232118,0.21740303868502747,,,HIT,-2.543297300136187,0.0,0.0,3.47307660711677,0.0,0.0
15689,0.0,0.0,0.0,0.0,0.0,2.1580075749179977,0.0,2.446011886034063,-1.33679986836623,-1.0332874791291509,2.23393211345668,0.0,0.0,144.23477397932714,0.0,0.0,0.0,0.0,145.45,7.9198357561267,0.0,128.55861949583348,67.40388684051638,42.65457781270713,Luis Castillo,0.5,1.0312822275696116,,4.170745834064266,1.2849044468341995,PIT,-2.5436197242414282,0.0,0.0,2.311679483184998,0.0,0.0
21635,1.1241203310599723,0.7224807099055545,1.0644520440354108,0.05846768275346603,-0.7357689866461172,0.0,0.0,0.0,0.0,0.0,2.2337517811082863,348.0,301.0,64.0,10.0,38.0,36.0,1.0,0.0,0.0,0.0,0.0,0.0,0.0,Nick Maton,0.0,1.7241379310344827,0.21262458471760798,,,HIT,-2.543800056589822,0.0,0.0,3.8864530228717067,0.0,0.0
5827,0.9762097611836602,0.650232638914999,1.2714288303756298,0.0,-0.6655943766912251,0.0,0.0,0.0,0.0,0.0,2.2322768537830635,370.0,332.0,73.0,9.0,33.0,43.0,0.0,0.0,0.0,0.0,0.0,0.0,0.0,Wilmer Flores,0.0,1.6216216216216217,0.21987951807228914,,,HIT,-2.5452749839150446,0.0,0.0,3.648115320816796,0.0,0.0
25434,1.224651555963819,0.6488723606272544,1.218748802118648,0.22311297918748615,-1.0882641019975812,0.0,0.0,0.0,0.0,0.0,2.2271215958996264,410.296875,368.6260986328125,75.07162271831433,8.98117211616733,41.39837866177901,41.21834996900221,3.8160051618303577,0.0,0.0,0.0,0.0,0.0,0.0,Will Wilson,0.0234375,1.462355763738147,0.20365248960056131,,,HIT,-2.5504302417984817,0.0,0.0,3.291528010830336,0.0,0.0
19260,0.8204811109971936,0.41440322329266216,0.7070667574624329,0.4706781597941219,-0.18720112805591083,0.0,0.0,0.0,0.0,0.0,2.2254281234904996,257.6666666666667,229.80473525377235,55.18233214602121,5.735837893122913,27.73571596956552,23.91315175848429,8.050227709190674,0.0,0.0,0.0,0.0,0.0,0.0,Jake Fraley,0.3333333333333333,2.0,0.24012704562020276,,,HIT,-2.5521237142076085,0.0,0.0,4.460976328012119,0.0,0.0
9241,0.8355325598331642,0.2941345622526355,0.7221442240985999,0.3480326187515729,0.024299128477362958,0.0,0.0,0.0,0.0,0.0,2.2241430934133355,261.19491525423723,236.5732862324044,60.421212699441,4.071175302259433,28.24451831035013,24.423074964460074,5.952563918414247,0.0,0.0,0.0,0.0,0.0,0.0,Starling Marte,0.4703389830508475,2.0,0.2554016713454474,,,HIT,-2.5534087442847726,0.0,0.0,4.445614540473396,0.0,0.0
20017,1.083659689703882,0.17832706349429214,0.7478994612192335,0.5180454299057583,-0.3056746124631511,0.0,0.0,0.0,0.0,0.0,2.222257031860015,312.14285714285717,276.57893417482603,65.04804246665229,2.468260550757179,36.63225997337698,25.294122694170632,8.860372183555503,0.0,0.0,0.0,0.0,0.0,0.0,Miles Mastrobuoni,0.10714285714285714,1.9221967963386726,0.23518798588447562,,,HIT,-2.555294805838093,0.0,0.0,4.290026021923136,0.0,0.0
22164,0.887463419257873,0.5779845679244436,1.0940201563697278,0.05846768275346603,-0.39928875831710964,0.0,0.0,0.0,0.0,0.0,2.2186470679884005,271.0,247.0,56.0,8.0,30.0,37.0,1.0,0.0,0.0,0.0,0.0,0.0,0.0,Payton Henry,0.0,2.0,0.22672064777327935,,,HIT,-2.5589047697097076,0.0,0.0,4.461893523024191,0.0,0.0
21707,1.0677509307935011,0.4621942128035248,0.9333016275682177,0.21176826227530662,-0.4567388708569284,0.0,0.0,0.0,0.0,0.0,2.2182761625836216,304.8250950570342,274.6902947852362,62.040033882255294,6.3973225370120215,36.09447694260088,31.56446434644463,3.62197118651419,0.0,0.0,0.0,0.0,0.0,0.0,Oswaldo Cabrera,0.049429657794676805,1.9683418777831831,0.22585448070074943,,,HIT,-2.5592756751144865,0.0,0.0,4.396250092386505,0.0,0.0
28022,0.872068958442539,0.464263215124646,1.1357254751176087,0.041548884791341015,-0.2975055311006535,0.0,0.0,0.0,0.0,0.0,2.2161010023754812,361.0,323.8893263342082,77.15939157512527,6.425960011933555,29.479602410152047,38.410482964767326,0.7106299212598425,0.0,0.0,0.0,0.0,0.0,0.0,Edgar Quero,0.5,1.6620498614958448,0.2382276453763334,,,HIT,-2.561450835322627,0.0,0.0,3.696273524227585,0.0,0.0
27497,0.9245469960298377,0.42594520193863317,0.9071736346145004,0.34745659851215704,-0.39065452192161665,0.0,0.0,0.0,0.0,0.0,2.2144679091735116,300.8670212765958,271.2090007605019,62.266409532226085,5.8955927279264575,31.253581025445826,30.68080993326138,5.94271197607125,0.0,0.0,0.0,0.0,0.0,0.0,Tyler Callihan,0.3351063829787234,1.994236515036331,0.2295882856307267,,,HIT,-2.5630839285245965,0.0,0.0,4.442293526271074,0.0,0.0
25817,0.9980928211748659,0.4709723512119186,0.886376816005466,0.46168664637270207,-0.6040278308655682,0.0,0.0,0.0,0.0,0.0,2.2131008038993847,298.47800586510266,273.33764534161145,59.23181456652472,6.518822506326653,33.73973956051636,29.97745699771069,7.89644166880092,0.0,0.0,0.0,0.0,0.0,0.0,Braden Shewmake,0.2668621700879765,2.0,0.21669834205419486,,,HIT,-2.5644510337987234,0.0,0.0,4.46787963089746,0.0,0.0
19876,0.0,0.0,0.0,0.0,0.0,1.3196559352674249,0.37449664498196605,1.0645726602408447,-0.19147556938728114,-0.36533925223997205,2.2019104188629828,0.0,0.0,51.17115947511648,0.0,0.0,0.0,0.0,56.93430656934307,4.843105456806804,2.461777642890519,55.952300287253834,24.041059935338463,21.070000329539116,Kevin Ginkel,0.48905109489051096,1.1416666666666666,,3.800336782086195,1.2688511401586944,PIT,-2.5756414188351253,0.0,0.0,2.517804658034925,0.0,0.0
11486,0.0,0.0,0.0,0.0,0.0,2.314184386112608,0.0,2.6199846439059056,-1.2921401712844613,-1.4424327916053585,2.1995960671286943,0.0,0.0,137.46397187288255,0.0,0.0,0.0,0.0,148.95,8.493000886756015,0.0,137.70235984705087,68.52862969234705,59.85386646637402,Robbie Ray,0.5,1.0070493454179255,,4.140702700443931,1.3247253329255226,PIT,-2.577955770569414,0.0,0.0,2.217145894426856,0.0,0.0
35107,0.9042747184731609,0.44469476876777303,1.0880228021389706,0.02569710915461836,-0.26389316933975804,0.0,0.0,0.0,0.0,0.0,2.1987962291947647,311.8584474885845,290.46311908260856,69.26318253187581,6.155109232271479,30.568292692988273,36.79716817350573,0.4395096221441238,0.0,0.0,0.0,0.0,0.0,0.0,Tommy White,0.4292237442922374,1.9239498074586,0.23845775240118233,,,HIT,-2.5787556085033434,0.0,0.0,4.2469551155781495,0.0,0.0
27604,1.0562270676097698,0.3353675665131794,0.8417119715746149,0.07554487262524669,-0.11039065160080593,0.0,0.0,0.0,0.0,0.0,2.1984608267220045,309.7268722466961,281.51130960677045,69.56996973355527,4.641889560719482,35.70492184882469,28.466882229668673,1.2920791293164136,0.0,0.0,0.0,0.0,0.0,0.0,Alika Williams,0.44933920704845814,1.937190646868066,0.2471302834359806,,,HIT,-2.5790910109761036,0.0,0.0,4.265074988568731,0.0,0.0
31621,0.0,0.0,0.0,0.0,0.0,1.2097801746952606,0.17616015329574952,1.346151050620534,-0.21202001397760045,-0.32255132680422927,2.197520037829715,0.0,0.0,63.766881004162,0.0,0.0,0.0,0.0,70.35,4.439864065337588,1.158000032209971,70.75162704186128,29.57086033677159,23.6824331867003,Spencer Miles,0.5,1.0,,3.7830524951093722,1.2430606139426057,PIT,-2.5800317998683933,0.0,0.0,2.197520037829715,0.0,0.0
19769,0.0,0.0,0.0,0.0,0.0,1.1746466970216054,0.27532839913885776,0.9907079690177135,-0.03249389744767208,-0.21086786423192103,2.1973213034985832,0.0,0.0,48.0763627259847,0.0,0.0,0.0,0.0,52.46819126819126,4.310925049575576,1.809888837550245,52.0700858191433,21.239524853192016,16.688245823240674,Will Vest,0.2723492723492723,1.2388458307577703,,3.6432687893057967,1.2343594658748755,PIT,-2.580230534199525,0.0,0.0,2.725163392763344,0.0,0.0
19574,0.0,0.0,0.0,0.0,0.0,1.2790045213096288,0.07699190745264124,1.0651312005767424,0.14395884953675064,-0.36791502669027665,2.1971714521854864,0.0,0.0,49.459527592432025,0.0,0.0,0.0,0.0,56.55555555555556,4.6939157479559,0.5061112268696969,55.98165630752737,21.762820405731247,22.371702594664715,JoJo Romero,0.4444444444444444,1.149312377210216,,3.4632386107352278,1.270100337296406,PIT,-2.5803803855126217,0.0,0.0,2.52698366211161,0.0,0.0
29878,0.0,0.0,0.0,0.0,0.0,2.094239944114899,0.0,2.945208905274732,-1.747110826753127,-1.1062871228214113,2.1860508998150925,0.0,0.0,136.21061068052646,0.0,0.0,0.0,0.0,150.6,7.685810088938271,0.0,154.79564639518753,72.28935212482483,57.912637557192,Sean Burke,0.5,1.0,,4.320080804272401,1.288998992282327,PIT,-2.5915009378830156,0.0,0.0,2.1860508998150925,0.0,0.0
31562,0.9717426607824317,0.4615932747409677,0.7979668233914343,0.18437375627347902,-0.2311259954649532,0.0,0.0,0.0,0.0,0.0,2.1845505197233592,246.49554896142436,224.42153759079514,53.08780061867389,6.389004833102173,32.848993198898356,26.98741178906129,3.1534301958041793,0.0,0.0,0.0,0.0,0.0,0.0,Zach Dezenzo,0.258160237388724,2.0,0.23655394748909042,,,HIT,-2.593001317974749,0.0,0.0,4.38156088945097,0.0,0.0
18655,0.0,0.0,0.0,0.0,0.0,1.22211263686811,0.07699190745264124,0.9021030935334322,-0.029682600991233106,0.012669767393302769,2.1841948042562533,0.0,0.0,41.86591009881626,0.0,0.0,0.0,0.0,47.625,4.485123904094791,0.5061112268696969,47.41314995636279,19.276695454907266,14.010117134641405,A.J. Minter,0.375,1.3648293963254594,,3.6428400859667276,1.173249915663153,PIT,-2.5933570334418548,0.0,0.0,2.9816416389135196,0.0,0.0
27506,1.0139644948724114,0.36025563941239647,0.853891601174631,0.5753469841240344,-0.6199544972810385,0.0,0.0,0.0,0.0,0.0,2.183504222302435,322.92268041237105,284.3442886347864,61.74296850838143,4.986370355265132,34.276268954961196,28.878799955842908,9.840427344282379,0.0,0.0,0.0,0.0,0.0,0.0,Ha-Seong Kim,0.3556701030927835,1.858029913643112,0.2171415814427857,,,HIT,-2.5940476153956733,0.0,0.0,4.092564330018897,0.0,0.0
12828,0.0,0.0,0.0,0.0,0.0,1.0746815992968914,0.9695061200406156,0.8470678190987303,-0.3089263252848455,-0.40145410980295054,2.1808751033484413,0.0,0.0,49.851576894010435,0.0,0.0,0.0,0.0,48.903468208092484,3.9440555517449325,6.373110474932163,44.52058064985326,21.549641436638748,13.42946665067773,Andrew Kittredge,0.42196531791907516,2.0,,3.9659103952397117,1.2939990937946708,PIT,-2.596676734349667,0.0,0.0,4.4133794029714775,0.0,0.0
20157,1.1832845590104972,0.5057364969338881,1.1235882687040448,0.5846768275346603,-1.2169257997275706,0.0,0.0,0.0,0.0,0.0,2.1803603524555197,424.0,385.0,77.0,7.0,40.0,38.0,10.0,0.0,0.0,0.0,0.0,0.0,0.0,Matthew Batten,0.0,1.4150943396226414,0.2,,,HIT,-2.5971914852425884,0.0,0.0,3.1206430534601006,0.0,0.0
20666,0.0,0.0,0.0,0.0,0.0,1.0114235360228796,0.07699190745264124,1.0433777835025246,0.13503551213494522,-0.08881767491848683,2.1780110641945036,0.0,0.0,31.13017818342905,0.0,0.0,0.0,0.0,42.05333333333334,3.7118999850992123,0.5061112268696969,54.83833019192419,16.006582489521517,19.633998897678,Félix Bautista,0.06666666666666667,1.5456563094483193,,3.4256319532108503,1.207138009220998,PIT,-2.5995407735036045,0.0,0.0,3.3656543384275435,0.0,0.0
14078,0.0,0.0,0.0,0.0,0.0,2.6400776432355944,0.0,2.369530825849264,-1.7910080748396033,-1.0412605245694377,2.1773398696758166,0.0,0.0,157.86817583322497,0.0,0.0,0.0,0.0,161.25,9.689021280957501,0.0,124.53889270256862,76.95417587535556,47.89958333648816,Michael Wacha,0.5,1.0,,4.295116793043101,1.27607912663388,PIT,-2.6002119680222915,0.0,0.0,2.1773398696758166,0.0,0.0
21538,0.979962217196834,0.45876972297843494,0.9634991831813058,0.06275797346745757,-0.2960745247010647,0.0,0.0,0.0,0.0,0.0,2.1689145721229677,314.5,284.35913883471477,67.17809935678038,6.3499234884542055,33.12684881196495,32.58575225524497,1.0733788395904438,0.0,0.0,0.0,0.0,0.0,0.0,Nick Fortes,0.5,1.9077901430842608,0.23624385568219067,,,HIT,-2.6086372655751404,0.0,0.0,4.15570881886143,0.0,0.0
19896,0.8961036732544487,0.40234678390905765,0.8321855880461149,0.24294751374633303,-0.20866453692761416,0.0,0.0,0.0,0.0,0.0,2.1649190220283403,281.8421052631579,255.4245863592124,61.31467226504697,5.568962304359019,30.292076962579518,28.144697863592533,4.155244441117017,0.0,0.0,0.0,0.0,0.0,0.0,Connor Wong,0.47368421052631576,2.0,0.24005000121177855,,,HIT,-2.612632815669768,0.0,0.0,4.342569510717145,0.0,0.0
18819,0.8873576403062116,0.3652299729308434,1.0082239873834367,0.1934510739238412,-0.291008786682316,0.0,0.0,0.0,0.0,0.0,2.163253887862017,302.26811594202894,276.08980982821777,65.16992060843607,5.0552211003472705,29.996424226079654,34.09835487581277,3.3086837858709766,0.0,0.0,0.0,0.0,0.0,0.0,Andy Ibáñez,0.09420289855072464,1.9849926881307989,0.2360460918459272,,,HIT,-2.614297949836091,0.0,0.0,4.3132792000558045,0.0,0.0
23794,1.153702445035235,0.2889922839622218,1.0644520440354108,0.0,-0.34645061245217834,0.0,0.0,0.0,0.0,0.0,2.1606961605806894,407.0,370.0,88.0,4.0,39.0,36.0,0.0,0.0,0.0,0.0,0.0,0.0,0.0,Jordan Groshans,0.0,1.4742014742014742,0.23783783783783785,,,HIT,-2.6168556771174187,0.0,0.0,3.1963795399003154,0.0,0.0
25098,0.0,0.0,0.0,0.0,0.0,2.0261093705345887,0.0,2.1558284754781805,-0.9484996626065589,-1.0729895649603245,2.1604486184458853,0.0,0.0,100.35849554144548,0.0,0.0,0.0,0.0,112.0,7.435772526976857,0.0,113.30702612678253,51.197029943444015,47.41759827903265,Jacob Lopez,0.5,1.3392857142857142,,4.114047049026751,1.319429409111412,PIT,-2.617103219252223,0.0,0.0,2.9662515060804573,0.0,0.0
2967,1.032992312852294,0.44736103664817245,0.8552408721775246,0.2553113129908399,-0.43815384599762325,0.0,0.0,0.0,0.0,0.0,2.1527516886712075,334.2313432835821,297.6767551306555,68.16200385391869,6.192013579250486,34.91948931425649,28.92443259507391,4.366708256035763,0.0,0.0,0.0,0.0,0.0,0.0,Tommy Pham,0.06716417910447761,1.795163775202626,0.22897993437210507,,,HIT,-2.6248001490269006,0.0,0.0,3.887811003364453,0.0,0.0
13580,0.0,0.0,0.0,0.0,0.0,0.7370654755838885,0.17616015329574952,1.2911339769152703,-0.2276731241217473,0.17060221207500592,2.147288693748167,0.0,0.0,50.329624360196675,0.0,0.0,0.0,0.0,62.9,2.7050125198738604,1.158000032209971,67.86001433767399,26.672054692861536,21.230717256029905,Steven Okert,0.5,1.0333863275039745,,3.8163512279134153,1.1376842864264958,PIT,-2.630263143949941,0.0,0.0,2.2190978255066534,0.0,0.0
14712,0.9466276472083979,0.2889922839622218,0.9166114823638262,0.1754030482603981,-0.18280861138788243,0.0,0.0,0.0,0.0,0.0,2.1448258504069613,314.0,288.0,70.0,4.0,32.0,31.000000000000004,3.0,0.0,0.0,0.0,0.0,0.0,0.0,Manuel Margot,0.0,1.910828025477707,0.24305555555555555,,,HIT,-2.632725987291147,0.0,0.0,4.109222434528764,0.0,0.0
18848,0.693456643294508,0.4135267929950364,0.9773237525815505,0.04044611089103381,0.017303386328306535,0.0,0.0,0.0,0.0,0.0,2.1420566860904353,255.69706840390882,244.06428651974383,62.20596922067305,5.723707046089774,23.441754158421535,33.05330220378192,0.691768665804292,0.0,0.0,0.0,0.0,0.0,0.0,Yohel Pozo,0.18566775244299674,2.0,0.25487534496629777,,,HIT,-2.635495151607673,0.0,0.0,4.281845717168407,0.0,0.0
27863,0.0,0.0,0.0,0.0,0.0,1.5251061431414425,0.0,1.8250757351920388,-0.6860237584718806,-0.5222856762170673,2.1418724436445338,0.0,0.0,90.83693010505192,0.0,0.0,0.0,0.0,99.15,5.59710276494236,0.0,95.92317123693832,44.262930824973715,33.53250002740557,Jared Jones,0.5,1.51285930408472,,4.01781520347719,1.2543563301306857,PIT,-2.6356793940535743,0.0,0.0,3.3062742166908277,0.0,0.0
15149,0.9393508757722024,0.5717599567923249,0.990614677675102,0.05072299850653083,-0.41711279693166836,0.0,0.0,0.0,0.0,0.0,2.135335711814492,305.24535315985133,277.21690122583226,63.34250635353816,7.913843912414874,31.754014488542623,33.5028041856222,0.8675390594904997,0.0,0.0,0.0,0.0,0.0,0.0,Trey Mancini,0.07063197026022305,1.965631888541121,0.22849438859406612,,,HIT,-2.642216125883616,0.0,0.0,4.224644461329167,0.0,0.0
24400,1.035373989134185,0.21674421297166638,0.8279071453608752,0.23387073101386413,-0.17959432462592434,0.0,0.0,0.0,0.0,0.0,2.1343017538546665,311.0,272.0,66.0,3.0000000000000004,35.0,28.0,4.0,0.0,0.0,0.0,0.0,0.0,0.0,Terrin Vavra,0.0,1.9292604501607717,0.2426470588235294,,,HIT,-2.6432500838434416,0.0,0.0,4.127940211774081,0.0,0.0
9132,0.0,0.0,0.0,0.0,0.0,1.8282261352724922,0.0,2.207479994375867,-1.401098749853281,-0.5059961653008701,2.128611214494208,0.0,0.0,118.62187437367974,0.0,0.0,0.0,0.0,124.25,6.70954582583734,0.0,116.0217504510032,59.1855342628525,35.157810708115186,Nathan Eovaldi,0.5,1.2072434607645874,,4.287080952641227,1.2376634614228967,PIT,-2.6489406232039,0.0,0.0,2.6117083809821455,0.0,0.0
18363,0.7327446597279978,0.20853383488982233,0.5874714573605466,0.6787917316402827,-0.08257589284076156,0.0,0.0,0.0,0.0,0.0,2.124965790777888,221.34718826405867,197.1594679940773,48.645534565715074,2.886358514915681,24.769854525634774,19.868412657466905,11.609691023714175,0.0,0.0,0.0,0.0,0.0,0.0,Victor Robles,0.38875305623471884,2.0,0.24673192244146447,,,HIT,-2.65258604692022,0.0,0.0,4.253062314556537,0.0,0.0
25813,1.2424487869610221,0.4334884259433327,0.8574752576951922,0.29233841376733016,-0.7052391689299106,0.0,0.0,0.0,0.0,0.0,2.1205117154369666,336.0,295.0,63.0,6.0,42.0,29.0,5.0,0.0,0.0,0.0,0.0,0.0,0.0,Grae Kessinger,0.0,1.7857142857142858,0.2135593220338983,,,HIT,-2.6570401222611415,0.0,0.0,3.8236802186685397,0.0,0.0
10681,0.7987170773320856,0.36124035495277723,0.9166114823638261,0.0,0.04046874480703398,0.0,0.0,0.0,0.0,0.0,2.117037659455723,316.0,289.0,74.0,5.0,27.0,31.0,0.0,0.0,0.0,0.0,0.0,0.0,0.0,Gio Urshela,0.0,1.8987341772151898,0.2560553633217993,,,HIT,-2.660514178242385,0.0,0.0,4.016066017051085,0.0,0.0
20493,0.9762097611836602,0.5779845679244436,1.3009969427099466,0.0,-0.7382827304917143,0.0,0.0,0.0,0.0,0.0,2.116908541326336,361.0,321.0,69.0,8.0,33.0,44.0,0.0,0.0,0.0,0.0,0.0,0.0,0.0,Seth Beer,0.0,1.6620498614958448,0.21495327102803738,,,HIT,-2.660643296371772,0.0,0.0,3.5515257060030363,0.0,0.0
23363,0.0,0.0,0.0,0.0,0.0,1.168972185626499,0.07699190745264124,1.0094793465533003,-0.02474138657834199,-0.11608464569142692,2.1146174073626716,0.0,0.0,42.647237305924975,0.0,0.0,0.0,0.0,50.41463414634146,4.290099729605501,0.5061112268696969,53.05668052695681,20.36586662303365,18.345653362141068,Robert Garcia,0.14634146341463414,1.2893081761006289,,3.635706233139534,1.2098251172669123,PIT,-2.6629344303354365,0.0,0.0,2.7286065285561385,0.0,0.0
12160,1.035373989134185,0.5057364969338881,0.9166114823638261,0.11693536550693207,-0.4611886398941949,0.0,0.0,0.0,0.0,0.0,2.1134686940446366,298.0,259.0,58.0,7.0,35.0,31.0,2.0,0.0,0.0,0.0,0.0,0.0,0.0,Ben Gamel,0.0,2.0,0.22393822393822393,,,HIT,-2.6640831436534715,0.0,0.0,4.256882330527563,0.0,0.0
19291,0.0,0.0,0.0,0.0,0.0,2.6579290089714975,0.0,2.0019214841105555,-1.2799907462379647,-1.2673110382755046,2.1125487085685837,0.0,0.0,136.40514071281098,0.0,0.0,0.0,0.0,136.15,9.754535362693879,0.0,105.21791157507037,63.22910692356315,43.000954183765494,Zac Gallen,0.5,1.1017260374586852,,4.179669205376925,1.3177091068422802,PIT,-2.6650031291295244,0.0,0.0,2.354932692175917,0.0,0.0
27653,0.9256323977275092,0.3041092637272461,0.7995248546454758,0.27405196288558664,-0.20013688721339817,0.0,0.0,0.0,0.0,0.0,2.103181591772419,266.62790697674416,244.13406326594014,58.59695912673863,4.209237140282963,31.290272172622767,27.04010474546058,4.687238316612445,0.0,0.0,0.0,0.0,0.0,0.0,Christian Koss,0.4186046511627907,2.0,0.24001959555683872,,,HIT,-2.6743702459256893,0.0,0.0,4.217972132493735,0.0,0.0
15654,1.0057918751589228,0.5779845679244436,1.0940201563697278,0.11693536550693207,-0.6923318860563282,0.0,0.0,0.0,0.0,0.0,2.102400078903698,346.0,310.0,67.0,8.0,34.0,37.0,2.0,0.0,0.0,0.0,0.0,0.0,0.0,Billy McKinney,0.0,1.7341040462427746,0.2161290322580645,,,HIT,-2.67515175879441,0.0,0.0,3.680414077723941,0.0,0.0
30056,0.0,0.0,0.0,0.0,0.0,1.6348881275083915,0.07699190745264124,1.959722539410698,-0.8842774924311725,-0.6865229885690474,2.1008020933715112,0.0,0.0,96.0,0.0,0.0,0.0,0.0,102.7,6.0,0.5061112268696969,103.0,47.0,35.0,David Festa,0.0,1.0,,4.118792599805258,1.2755598831548198,PIT,-2.676749744326597,0.0,0.0,2.1008020933715112,0.0,0.0
30182,0.0,0.0,0.0,0.0,0.0,2.126136854955398,0.0,2.7155813517059655,-1.7083599237018061,-1.0341858258851695,2.099172457074388,0.0,0.0,136.6795522885729,0.0,0.0,0.0,0.0,144.85,7.802870982477613,0.0,142.7267756535696,69.67090383249831,49.51131651449121,Will Warren,0.5,1.0355540214014498,,4.328879078305039,1.2854046862482853,PIT,-2.67837938062372,0.0,0.0,2.1841461426565076,0.0,0.0
27814,0.0,0.0,0.0,0.0,0.0,1.8975438676823209,0.09916824584310827,1.952970259331574,-1.0704242437529334,-0.782110686539459,2.097147442564611,0.0,0.0,95.01421607260579,0.0,0.0,0.0,0.0,105.5,6.9639402320728445,0.651888805340274,102.64511055306895,49.35925540404566,40.71977507720066,Shane Drohan,0.5,1.4218009478672986,,4.210742167169772,1.2865781151640423,PIT,-2.6804043951334973,0.0,0.0,3.064685634051455,0.0,0.0
23782,1.087624670699897,0.3603206216654156,0.9910091208708497,0.1458898694948096,-0.48873683223870307,0.0,0.0,0.0,0.0,0.0,2.0961074504922688,310.0,272.32398319999135,60.90622671271053,4.987269787625446,36.76629302454199,33.51614434042437,2.495222362582192,0.0,0.0,0.0,0.0,0.0,0.0,Leo Jiménez,0.5,1.935483870967742,0.2236535541123521,,,HIT,-2.6814443872058393,0.0,0.0,4.087237917267353,0.0,0.0
19892,0.9338245669717564,0.5471676285948918,0.9756589997324284,0.1195951775132607,-0.4812415554662274,0.0,0.0,0.0,0.0,0.0,2.09500481734611,298.47800586510266,262.8059359433885,58.626589818011105,7.57345657943476,31.56720198403171,32.99699989978973,2.0454920031215185,0.0,0.0,0.0,0.0,0.0,0.0,Pavin Smith,0.2668621700879765,2.0,0.2230793973795172,,,HIT,-2.682547020351998,0.0,0.0,4.221752492353194,0.0,0.0
29928,0.0,0.0,0.0,0.0,0.0,1.1717772121529095,0.17616015329574952,1.197967520579804,-0.31369281030733953,-0.13797530544882916,2.0942367702722944,0.0,0.0,64.91799461164437,0.0,0.0,0.0,0.0,69.36589595375722,4.300394109309703,1.158000032209971,62.96332880716074,29.82536595552269,18.69936470835636,Dylan Dodd,0.42196531791907516,1.0,,3.8697444891168415,1.2054534605268308,PIT,-2.6833150674258137,0.0,0.0,2.0942367702722944,0.0,0.0
16959,1.0649561031094477,0.4334884259433327,0.887043370029509,0.46774146202772826,-0.7603635117418015,0.0,0.0,0.0,0.0,0.0,2.0928658493682164,302.0,259.0,53.0,6.0,36.0,29.999999999999996,8.0,0.0,0.0,0.0,0.0,0.0,0.0,Eddy Alvarez,0.0,1.9867549668874172,0.20463320463320464,,,HIT,-2.6846859883298917,0.0,0.0,4.207156865791195,0.0,0.0
17696,0.9762097611836602,0.1444961419811109,0.7392028083579243,0.29233841376733016,-0.06013363052972799,0.0,0.0,0.0,0.0,0.0,2.0921134947602975,297.0,272.0,68.0,2.0,33.0,25.0,5.0,0.0,0.0,0.0,0.0,0.0,0.0,Kevin Newman,0.0,2.0,0.25,,,HIT,-2.6854383429378106,0.0,0.0,4.187316568492617,0.0,0.0
11442,0.8694340192322104,0.7918336006555213,1.037351598736256,0.0,-0.6072223787107089,0.0,0.0,0.0,0.0,0.0,2.091396839913279,255.01202404809624,227.55063661979483,47.6213336814986,10.959927231261759,29.39053037113104,35.08345703666372,0.0,0.0,0.0,0.0,0.0,0.0,0.0,Gary Sánchez,0.49899799599198397,2.0,0.2092779628697201,,,HIT,-2.686154997784829,0.0,0.0,4.217902363333034,0.0,0.0
26469,1.1254310945817225,0.7020180095490233,1.1259869880734434,0.05664981194016932,-0.9191347736870003,0.0,0.0,0.0,0.0,0.0,2.0909511304573583,390.81102362204723,350.1168830398114,73.28110629836779,9.716771671880261,38.044309325656926,38.081125211588656,0.9689081091008529,0.0,0.0,0.0,0.0,0.0,0.0,Davis Wendzel,0.015748031496062992,1.5352688735317228,0.20930469179926717,,,HIT,-2.68660070724075,0.0,0.0,3.2438976446165744,0.0,0.0
16219,0.9466276472083979,0.650232638914999,0.9461795946981431,0.11693536550693207,-0.5699251001170267,0.0,0.0,0.0,0.0,0.0,2.0900501462114454,318.0,286.0,63.0,9.0,32.0,32.0,2.0,0.0,0.0,0.0,0.0,0.0,0.0,J.D. Davis,0.0,1.8867924528301887,0.2202797202797203,,,HIT,-2.6875016914866627,0.0,0.0,3.97787516661992,0.0,0.0
19921,1.0271532850808054,0.29366650876565603,0.804668365886305,0.5449041045670495,-0.585680343868997,0.0,0.0,0.0,0.0,0.0,2.084711920430819,273.96495956873315,243.56118954130798,52.02179391283157,4.064696880336712,34.722105591904146,27.214059416041952,9.319748601371533,0.0,0.0,0.0,0.0,0.0,0.0,Blake Perkins,0.3261455525606469,2.0,0.2135881911679064,,,HIT,-2.692839917267289,0.0,0.0,4.205555591614134,0.0,0.0
24763,0.0,0.0,0.0,0.0,0.0,1.6495508050630612,0.0,2.015992598734291,-0.606568533069568,-0.9766031134117488,2.0823717573160354,0.0,0.0,115.33450240380242,0.0,0.0,0.0,0.0,120.55,6.053811673011594,0.0,105.9574676995208,52.39667384417061,41.14599759724517,Kyle Leahy,0.5,1.244296972210701,,3.911821357092787,1.2980547490754673,PIT,-2.6951800803820727,0.0,0.0,2.632176809032922,0.0,0.0
19883,0.0,0.0,0.0,0.0,0.0,1.214250690946722,1.1678426117268321,1.0680139671009308,-0.46308553289116283,-0.9047112873932739,2.082310449490048,0.0,0.0,43.455208693190094,0.0,0.0,0.0,0.0,51.863109756097565,4.456270752166764,7.6768880856127115,56.13317007849247,23.715745921341686,30.50709477248387,Alex Lange,0.4664634146341464,2.0,,4.115482359153767,1.4261062210404418,PIT,-2.69524138820806,0.0,0.0,4.268798260904074,0.0,0.0
21009,1.1332371227786404,0.233165455143897,0.7771780145789723,0.6516691770849304,-0.7295485229872225,0.0,0.0,0.0,0.0,0.0,2.0657012465992173,307.81632653061223,261.6626296878788,54.18633408335671,3.2272896971100766,38.308185943921785,26.28432974657546,11.145801345210637,0.0,0.0,0.0,0.0,0.0,0.0,Leo Rivas,0.3622448979591837,1.949214347278393,0.2070847264203996,,,HIT,-2.711850591098891,0.0,0.0,4.071427156375549,0.0,0.0
30133,0.0,0.0,0.0,0.0,0.0,1.173838394235358,0.07699190745264124,1.1327145047214822,-0.13528178677728747,-0.1838270597410733,2.064435959891121,0.0,0.0,63.644679126575554,0.0,0.0,0.0,0.0,70.63085210577864,4.3079585978435695,0.5061112268696969,59.53373073996281,29.19239731649524,22.12620564944948,Brant Hurter,0.3143976493633693,1.0,,3.719784881753704,1.2143543822403882,PIT,-2.7131158778069873,0.0,0.0,2.064435959891121,0.0,0.0
15440,0.0,0.0,0.0,0.0,0.0,2.0257683877455763,0.0,1.9703248116972243,-1.2042751624410475,-0.7312229744633115,2.0605950625384413,0.0,0.0,117.09633509291389,0.0,0.0,0.0,0.0,120.6,7.434521128364528,0.0,103.55723911092056,56.388028175618636,35.75607390238347,Matthew Boyd,0.5,1.2437810945273633,,4.208061804150645,1.2674329104087676,PIT,-2.716956775159667,0.0,0.0,2.613015003121533,0.0,0.0
19722,1.0422176113235018,0.5833260685842045,1.0646961725118136,0.08527997407178173,-0.7159228732094358,0.0,0.0,0.0,0.0,0.0,2.059596953281866,357.0,318.066831267157,68.63717790083317,8.073932778917506,35.23134324325299,36.0082564782507,1.4585831019055775,0.0,0.0,0.0,0.0,0.0,0.0,Carlos Narváez,0.5,1.680672268907563,0.21579483037381558,,,HIT,-2.7179548844162422,0.0,0.0,3.494563978949121,0.0,0.0
31461,0.0,0.0,0.0,0.0,0.0,0.4787028413909284,0.5728331366681826,1.000743266697887,-0.00891461624171117,0.01610032257050667,2.0594649510857934,0.0,0.0,34.42980958249273,0.0,0.0,0.0,0.0,44.955056179775276,1.7568278832160202,3.7655552535710672,52.59752561751838,18.0739570321303,18.258386103996912,Ben Joyce,0.21348314606741572,1.4458885278680331,,3.6184052943605023,1.1720193491870978,PIT,-2.7180868866123147,0.0,0.0,2.9779497641435704,0.0,0.0
21730,0.8677947194795423,0.6409003082981979,1.0517492509755826,0.11509261213686228,-0.6174418035424,0.0,0.0,0.0,0.0,0.0,2.0580950873477852,304.57936507936506,284.8945397678917,61.92398054360756,8.870829345491853,29.335115137654522,35.57038877165367,1.9684825311473364,0.0,0.0,0.0,0.0,0.0,0.0,Jair Camargo,0.007936507936507936,1.9699299059332414,0.21735755481329358,,,HIT,-2.719456750350323,0.0,0.0,4.096700485349936,0.0,0.0
33492,1.1632927493904188,0.11607462383389038,0.8919255910777355,0.2504937764828155,-0.3644192071685541,0.0,0.0,0.0,0.0,0.0,2.057367533616306,317.20930232558135,290.7763760036609,67.65524491185059,1.606612083097196,39.32419266463525,30.165117779350428,4.284311686150517,0.0,0.0,0.0,0.0,0.0,0.0,Jim Jarvis,0.4186046511627907,1.8914956011730208,0.23267105065990232,,,HIT,-2.720184304081802,0.0,0.0,3.9136405390309275,0.0,0.0
26252,0.0,0.0,0.0,0.0,0.0,1.0737247254613338,0.4736648908250743,1.134433315862266,0.1250283711712675,-0.7505310201829563,2.0563202831369853,0.0,0.0,42.57239529968634,0.0,0.0,0.0,0.0,51.42622950819671,3.940543847844987,3.113666448230793,59.62406880769456,19.826608138465065,28.670409996824812,Erik Miller,0.4262295081967213,1.2639464456487093,,3.469814430352988,1.3853398543472046,PIT,-2.7212315545611228,0.0,0.0,2.6073350132902213,0.0,0.0
17734,0.0,0.0,0.0,0.0,0.0,0.9108894608390213,0.07699190745264124,0.9385984336378621,0.07749044757154389,0.05121324252473235,2.055183492025801,0.0,0.0,40.382536242971284,0.0,0.0,0.0,0.0,47.10526315789474,3.342942353715316,0.5061112268696969,49.331288853661306,18.393594084855394,14.333875604901436,Evan Phillips,0.2631578947368421,1.3798882681564244,,3.5143068028047737,1.1615774582229963,PIT,-2.722368345672307,0.0,0.0,2.8338373031766864,0.0,0.0
17780,0.0,0.0,0.0,0.0,0.0,1.1684828741626299,0.17616015329574952,1.2169758213513164,-0.08574667557090165,-0.4269288381517678,2.048943335087026,0.0,0.0,46.43925041048872,0.0,0.0,0.0,0.0,53.01279251170047,4.288303968333634,1.158000032209971,63.962375835550034,21.794839011873535,22.055779895221125,José Alvarado,0.45397815912636513,1.2261191482349063,,3.700117307790732,1.2920472033347854,PIT,-2.728608502611082,0.0,0.0,2.5180778309781866,0.0,0.0
19339,0.9703690313361644,0.07167037082886445,0.7105479535787916,0.2943827383391297,-0.002721828716225486,0.0,0.0,0.0,0.0,0.0,2.044248265366724,324.0,291.1888111888112,73.83070607306995,0.9920039365235576,32.80255874031247,24.0308865694522,5.034965034965035,0.0,0.0,0.0,0.0,0.0,0.0,Nicky Lopez,0.5,1.8518518518518519,0.2535492547658262,,,HIT,-2.733303572331384,0.0,0.0,3.7848225834098095,0.0,0.0
9952,0.9762097611836602,0.650232638914999,1.005315819366777,0.29233841376733016,-0.8834522726565665,0.0,0.0,0.0,0.0,0.0,2.0406443605762004,326.0,291.0,59.0,9.0,33.0,34.0,5.0,0.0,0.0,0.0,0.0,0.0,0.0,Trayce Thompson,0.0,1.8404907975460123,0.2027491408934708,,,HIT,-2.7369074771219077,0.0,0.0,3.806475646400564,0.0,0.0
22277,1.0483466359390887,0.19004545974759063,0.7910438003548566,0.3695874515826135,-0.3701536109034101,0.0,0.0,0.0,0.0,0.0,2.0288697367207393,332.05882352941177,298.0062221108832,69.38772531394098,2.6304572169467906,35.43853007989056,26.75327364191475,6.321226260000939,0.0,0.0,0.0,0.0,0.0,0.0,Nick Allen,0.4117647058823529,1.8069087688219663,0.23283985422332207,,,HIT,-2.7486821009773688,0.0,0.0,3.6859340402316674,0.0,0.0
16149,0.0,0.0,0.0,0.0,0.0,2.380446919818979,0.0,2.820035665818812,-2.1493037628293705,-1.024204085710719,2.026974737097701,0.0,0.0,150.58706168437809,0.0,0.0,0.0,0.0,149.15,8.736182787430856,0.0,148.21673361305628,74.4221911353568,40.5549986742345,Aaron Nola,0.5,1.0056989607777405,,4.490779217017842,1.2815424764238188,PIT,-2.750577100600407,0.0,0.0,2.040443508306346,0.0,0.0
23550,0.0,0.0,0.0,0.0,0.0,1.6574336838084553,0.07699190745264124,1.82647075950888,-0.32278926079292297,-1.2141538478003422,2.0239532421767112,0.0,0.0,70.92264366164856,0.0,0.0,0.0,0.0,80.6,6.082741647898895,0.5061112268696969,95.99649156762037,34.411039237968254,41.62741846693698,Aaron Ashby,0.5,1.0,,3.8424237362495566,1.396402755937786,PIT,-2.753598595521397,0.0,0.0,2.0239532421767112,0.0,0.0
16623,0.887463419257873,0.2889922839622218,0.7983390330265582,0.5262091447811943,-0.48629556621779224,0.0,0.0,0.0,0.0,0.0,2.014708314810055,261.0,229.0,50.0,4.0,30.0,27.0,9.0,0.0,0.0,0.0,0.0,0.0,0.0,Greg Allen,0.0,2.0,0.2183406113537118,,,HIT,-2.762843522888053,0.0,0.0,4.0574751343858075,0.0,0.0
15464,0.9170455332331354,0.650232638914999,1.0644520440354108,0.05846768275346603,-0.6784100731789977,0.0,0.0,0.0,0.0,0.0,2.011787825758013,349.0,317.0,69.0,9.0,31.0,36.0,1.0,0.0,0.0,0.0,0.0,0.0,0.0,Hunter Renfroe,0.0,1.7191977077363896,0.21766561514195584,,,HIT,-2.765764011940095,0.0,0.0,3.4923296792389777,0.0,0.0
11489,0.9762097611836602,0.5779845679244436,0.8574752576951922,0.46774146202772826,-0.8680154996487764,0.0,0.0,0.0,0.0,0.0,2.011395549182248,317.0,286.0,58.0,8.0,33.0,29.0,8.0,0.0,0.0,0.0,0.0,0.0,0.0,Michael A. Taylor,0.0,1.8927444794952681,0.20279720279720279,,,HIT,-2.76615628851586,0.0,0.0,3.8604770024202635,0.0,0.0
19717,0.9170455332331354,0.7224807099055545,1.0940201563697278,0.05846768275346603,-0.7845746495260151,0.0,0.0,0.0,0.0,0.0,2.007439432735869,369.0,336.0,72.0,10.0,31.0,37.0,1.0,0.0,0.0,0.0,0.0,0.0,0.0,Darick Hall,0.0,1.6260162601626016,0.21428571428571427,,,HIT,-2.770112404962239,0.0,0.0,3.2982153376766137,0.0,0.0
23790,0.9932998674089238,0.5696851486318195,1.1686020442797362,0.0,-0.7247654733851776,0.0,0.0,0.0,0.0,0.0,2.0068215869353017,352.1984126984127,328.5767887749779,71.13822965300868,7.8851260777092715,33.57771754376834,39.52237569536855,0.0,0.0,0.0,0.0,0.0,0.0,0.0,Will Banfield,0.007936507936507936,1.7035851905266242,0.216504123490375,,,HIT,-2.7707302507628064,0.0,0.0,3.4549435519946345,0.0,0.0
19427,0.0,0.0,0.0,0.0,0.0,1.6571368496234593,0.0,1.5353188849544888,-0.5123838225627373,-0.6790372784099115,2.0010346336052995,0.0,0.0,92.87822575979615,0.0,0.0,0.0,0.0,95.1,6.081652273598594,0.0,80.69399722159928,41.49122584455719,29.018432047120285,Shane Bieber,0.5,1.577287066246057,,3.9266144332388517,1.2817734785164716,PIT,-2.7765172040928086,0.0,0.0,3.2293789099817936,0.0,0.0
20997,0.0,0.0,0.0,0.0,0.0,0.8733553189888382,0.07699190745264124,1.2165040568630006,0.019837485523289535,-0.18603421430851838,2.0006545545192513,0.0,0.0,58.51089320888956,0.0,0.0,0.0,0.0,65.1086956521739,3.205192958321323,0.5061112268696969,63.937580620248205,25.98243625769518,20.787622049589732,Eduard Bazardo,0.4927536231884058,1.0,,3.5915621404627065,1.2179404680768107,PIT,-2.7768972831788568,0.0,0.0,2.0006545545192513,0.0,0.0
7048,0.0,0.0,0.0,0.0,0.0,1.3196559352674249,0.37449664498196605,1.3987444881610256,-0.2811718854976171,-0.8132895450920277,1.998435637820772,0.0,0.0,46.80292963570762,0.0,0.0,0.0,0.0,56.93430656934307,4.843105456806804,2.461777642890519,73.51585716001851,24.609678492986557,31.861139810339917,Fernando Cruz,0.48905109489051096,1.1416666666666666,,3.8902222540836435,1.3816637838600656,PIT,-2.779116199877336,0.0,0.0,2.2892178586752823,0.0,0.0
21682,1.09453821708471,0.5057364969338881,1.034883931701094,0.11693536550693207,-0.7552100617703463,0.0,0.0,0.0,0.0,0.0,1.9968839494562782,366.0,338.0,73.0,7.0,37.0,35.0,2.0,0.0,0.0,0.0,0.0,0.0,0.0,Luis De Los Santos,0.0,1.639344262295082,0.21597633136094674,,,HIT,-2.7806678882418296,0.0,0.0,3.3075132747856753,0.0,0.0
17922,0.8578813052826105,0.650232638914999,0.8870433700295091,0.11693536550693205,-0.5153920812562581,0.0,0.0,0.0,0.0,0.0,1.9967005984777928,253.0,223.0,48.0,9.0,29.0,30.0,1.9999999999999998,0.0,0.0,0.0,0.0,0.0,0.0,Isan Díaz,0.0,2.0,0.21524663677130046,,,HIT,-2.7808512392203153,0.0,0.0,4.0224425727520305,0.0,0.0
7802,0.7877323774881275,0.3257576439810726,0.7284450219580219,0.16609737562225346,-0.011760939748739404,0.0,0.0,0.0,0.0,0.0,1.9962714793007357,273.34836065573774,248.7094952321843,62.89992015149796,4.508876700993953,26.628670897112222,24.63616932057523,2.8408407482577545,0.0,0.0,0.0,0.0,0.0,0.0,Miguel Rojas,0.48770491803278687,2.0,0.25290518197858647,,,HIT,-2.7812803583973724,0.0,0.0,3.9921444367608943,0.0,0.0
17920,0.0,0.0,0.0,0.0,0.0,1.841779507115739,0.0,2.0986694959924312,-1.2893102857582068,-0.6558493989499072,1.9952893184000562,0.0,0.0,108.02702903840394,0.0,0.0,0.0,0.0,114.33300970873786,6.759286373640703,0.0,110.30283815188557,54.39835437556001,36.27919984327119,Cody Ponce,0.029126213592233014,1.3119570663111504,,4.282098325122843,1.2621571779601861,PIT,-2.782262519298052,0.0,0.0,2.6821455629003355,0.0,0.0
18795,0.8641174060823816,0.5351486889129787,0.816940867308471,0.05986631136182181,-0.287800886250727,0.0,0.0,0.0,0.0,0.0,1.9882723874149262,275.2976501305483,248.7535118535466,58.304104234170204,7.407100031541818,29.210806462478846,27.629118087471664,1.0239213962737879,0.0,0.0,0.0,0.0,0.0,0.0,Ramón Urías,0.3472584856396867,2.0,0.23438504968121493,,,HIT,-2.789279450283182,0.0,0.0,3.9940747476504495,0.0,0.0
16918,0.0,0.0,0.0,0.0,0.0,0.8046847316017492,0.6720013825112908,1.2414402220995786,-0.5962883300003377,-0.14193449453613155,1.9799035116761492,0.0,0.0,54.47809590738613,0.0,0.0,0.0,0.0,62.44274809160306,2.953173558712331,4.417444058911341,65.24818707994626,28.83448916943081,21.04534849002006,Luke Weaver,0.46564885496183206,1.0409535452322738,,4.155973438968084,1.209483033748192,PIT,-2.797648326021959,0.0,0.0,2.0624936868796335,0.0,0.0
11861,0.0,0.0,0.0,0.0,0.0,1.0340886704344683,0.27532839913885776,0.7843501589958727,-0.055138108147998674,-0.06230820644825195,1.9763209139729485,0.0,0.0,37.488544321477576,0.0,0.0,0.0,0.0,46.132714412024754,3.7950804817835855,1.809888837550245,41.22423697839818,18.83743719908443,17.69928746255337,Jason Adam,0.381078691423519,1.4089784403203767,,3.674982860916788,1.1962840792573421,PIT,-2.80123092372516,0.0,0.0,2.7872557783781047,0.0,0.0
25310,0.0,0.0,0.0,0.0,0.0,1.6959861122175717,0.07699190745264124,1.1852308702582943,-0.6252081132145969,-0.3572669729148573,1.975733803799053,0.0,0.0,55.44202701376755,0.0,0.0,0.0,0.0,60.29833459500379,6.224228130406556,0.5061112268696969,62.29391007224636,28.151260081364992,20.651986047203625,Peyton Gray,0.4700984102952309,1.0779733874339175,,4.201796657138156,1.2619587849657823,PIT,-2.801818033899055,0.0,0.0,2.1335845754941025,0.0,0.0
19742,0.0,0.0,0.0,0.0,0.0,1.0293149637181969,0.27532839913885776,0.8950609140783062,-0.08507806446869877,-0.13939430466728778,1.9752319077993745,0.0,0.0,39.26547926043001,0.0,0.0,0.0,0.0,46.43796698523023,3.7775610932604815,1.809888837550245,47.04302384448162,19.148363617558548,17.378028982295064,Anthony Bender,0.39183318853171156,1.3997167451510848,,3.711085642763793,1.2197671844837814,PIT,-2.802319929898734,0.0,0.0,2.7694528929597655,0.0,0.0
11691,0.0,0.0,0.0,0.0,0.0,0.2724813545847319,0.07699190745264124,0.9322951886516914,0.45120788281914403,0.2334004436434655,1.966376777151674,0.0,0.0,41.0,0.0,0.0,0.0,0.0,47.0,1.0,0.5061112268696969,49.0,16.0,11.0,Tyron Guerrero,1.0,1.3829787234042554,,3.0638297872340425,1.1063829787234043,PIT,-2.811175060546434,0.0,0.0,2.706973860116096,0.0,0.0
18403,0.0,0.0,0.0,0.0,0.0,0.8689776086057728,0.5728331366681826,1.18085062761763,-0.5177893385908519,-0.13967425282325402,1.9651977814774793,0.0,0.0,57.59204984387413,0.0,0.0,0.0,0.0,64.35,3.189126866790997,3.7655552535710672,62.063691261718176,29.10520857194772,20.144376188227408,Enyel De Los Santos,0.5,1.0101010101010102,,4.0706585415311505,1.2080252685641264,PIT,-2.812354056220629,0.0,0.0,1.9853799661041418,0.0,0.0
11445,0.887463419257873,0.4334884259433327,0.8574752576951922,0.23387073101386413,-0.44805045455525633,0.0,0.0,0.0,0.0,0.0,1.9642473793550055,312.0,270.0,61.0,6.0,30.0,29.0,4.0,0.0,0.0,0.0,0.0,0.0,0.0,Mark Canha,0.0,1.9230769230769231,0.22592592592592592,,,HIT,-2.8133044583431026,0.0,0.0,3.8042843363810017,0.0,0.0
31764,0.0,0.0,0.0,0.0,0.0,1.6849717592934128,0.17616015329574952,1.7959093555951042,-0.8559087988162599,-0.8393815832984365,1.96175088606957,0.0,0.0,87.52291769055284,0.0,0.0,0.0,0.0,98.05,6.183805720803723,1.158000032209971,94.39023122218111,44.92808859364009,40.23459736037751,AJ Blubaugh,0.5,1.0,,4.123944898957276,1.3029833253537006,PIT,-2.815800951628538,0.0,0.0,1.96175088606957,0.0,0.0
14196,1.0285195607112891,0.39090733863808125,0.8144963516562482,0.9101819140402846,-1.185644435463595,0.0,0.0,0.0,0.0,0.0,1.9584607295823082,342.35849056603774,312.5158793066485,59.330542346578575,5.410626654505172,34.768291460555254,27.54644403562204,15.567265045856942,0.0,0.0,0.0,0.0,0.0,0.0,Andrew Velazquez,0.05660377358490566,1.7525489115458803,0.1898480886098013,,,HIT,-2.8190911081158,0.0,0.0,3.4948110341936474,0.0,0.0
30249,0.0,0.0,0.0,0.0,0.0,0.8928335898562336,0.17616015329574952,1.3281944378440482,-0.4943037333649031,0.04654036619519326,1.9494248138263217,0.0,0.0,53.132688585750806,0.0,0.0,0.0,0.0,64.77377049180328,3.2766777426548446,1.158000032209971,69.8078551155894,29.12662316857701,22.416844615406166,Jack Dreyer,0.47839046199701946,1.0034926098400487,,4.04700245989795,1.1663599729880987,PIT,-2.8281270238717866,0.0,0.0,1.956312377254367,0.0,0.0
2396,0.9920560562220653,0.5470792005115624,1.077620842042015,0.14488550598830205,-0.8128891022118082,0.0,0.0,0.0,0.0,0.0,1.9487525025521362,364.76811594202894,322.4761604704894,68.11462504116565,7.57223262864802,33.535671488915774,36.445371617156646,2.4780442659105226,0.0,0.0,0.0,0.0,0.0,0.0,Carlos Santana,0.09420289855072464,1.6448806070960311,0.2112237535382061,,,HIT,-2.828799335145972,0.0,0.0,3.2408639702172617,0.0,0.0
16122,0.0,0.0,0.0,0.0,0.0,0.7328302576309158,1.6636838409423733,0.8418192830647561,-0.7620911846839831,-0.5297718844698053,1.9464703124842568,0.0,0.0,38.28303412258035,0.0,0.0,0.0,0.0,40.11170825335893,2.689469372125541,10.936332112314082,44.24472567516796,20.843360377286192,16.438546543661403,Jordan Romano,0.32821497120921306,2.0,,4.676695447890007,1.3642296239442608,PIT,-2.8310815252138513,0.0,0.0,3.9705751005060512,0.0,0.0
26108,0.0,0.0,0.0,0.0,0.0,2.6627815262365133,0.0,2.008064659865311,-1.2515599125178603,-1.4762846954679247,1.9430015781160397,0.0,0.0,144.80071710490947,0.0,0.0,0.0,0.0,148.85,9.772343984030233,0.0,105.54078743632883,68.21276704384411,52.91702758133255,Andre Pallante,0.5,1.007725898555593,,4.1243863177332685,1.3283019461621903,PIT,-2.8345502595820684,0.0,0.0,1.9602478095038132,0.0,0.0
21224,0.0,0.0,0.0,0.0,0.0,1.984491890061989,0.0,2.1049087523272667,-1.6004188410694955,-0.5494333594510972,1.9395484418686635,0.0,0.0,138.7605495254273,0.0,0.0,0.0,0.0,139.0,7.28303737731487,0.0,110.63076386053271,66.54785505527988,33.105076067600294,Bailey Ober,0.5,1.079136690647482,,4.308853924442582,1.2364433495901266,PIT,-2.8380033958294444,0.0,0.0,2.1110910495785484,0.0,0.0
10231,0.887463419257873,0.21674421297166638,0.8279071453608752,0.17540304826039813,-0.1685152321733002,0.0,0.0,0.0,0.0,0.0,1.9390025936775126,315.0,291.0,71.0,3.0000000000000004,30.0,28.0,3.0000000000000004,0.0,0.0,0.0,0.0,0.0,0.0,Jose Iglesias,0.0,1.9047619047619047,0.24398625429553264,,,HIT,-2.8385492440205953,0.0,0.0,3.703245851956873,0.0,0.0
27756,0.0,0.0,0.0,0.0,0.0,1.754168077663926,0.0,1.873142020174328,-0.7510089456166661,-0.9410293007011873,1.9352718515204006,0.0,0.0,92.30413121786914,0.0,0.0,0.0,0.0,99.26759156492786,6.437754540443033,0.0,98.44946118544529,44.735652414415235,38.400179752166515,Mick Abel,0.2230854605993341,1.5110671835116465,,4.055914577784385,1.3166866336688146,PIT,-2.8422799861777075,0.0,0.0,3.0161662500019273,0.0,0.0
20540,1.035373989134185,0.21674421297166635,0.8870433700295091,0.11693536550693207,-0.329282574385119,0.0,0.0,0.0,0.0,0.0,1.9268143632571735,299.0,274.0,64.0,3.0,35.0,30.0,2.0,0.0,0.0,0.0,0.0,0.0,0.0,José Devers,0.0,2.0,0.23357664233576642,,,HIT,-2.8507374744409346,0.0,0.0,3.8758767616657024,0.0,0.0
29812,0.0,0.0,0.0,0.0,0.0,1.3147662736639323,0.0,1.6083417250659737,-0.7025510507752645,-0.2977257627103761,1.9228311852442652,0.0,0.0,83.48877469658053,0.0,0.0,0.0,0.0,90.65,4.825160516644038,0.0,84.53196529117338,40.93000587761143,27.53612870236108,Robert Gasser,0.5,1.654715940430226,,4.063651990055189,1.2247645162596978,PIT,-2.854720652453843,0.0,0.0,3.251489998511425,0.0,0.0
29962,0.9832803384310663,0.6187697842147402,1.0216151294546767,0.33217031497038013,-1.0336849225904772,0.0,0.0,0.0,0.0,0.0,1.9221506444803864,295.91050583657585,263.7166790445052,49.61807530718846,8.564516335607468,33.23901527975042,34.55124621766885,5.681263551541877,0.0,0.0,0.0,0.0,0.0,0.0,Kenny Piper,0.027237354085603113,2.0,0.1881491739049802,,,HIT,-2.8554011932177215,0.0,0.0,3.914041196649169,0.0,0.0
24759,0.8595759679191413,0.2967441654695189,0.8213233161724736,0.0948540946596583,-0.15206919925865653,0.0,0.0,0.0,0.0,0.0,1.9204283449621353,253.8238482384824,223.54461124199116,54.18065022943256,4.107295342297934,29.057286732041796,27.777333462685732,1.6223337439183056,0.0,0.0,0.0,0.0,0.0,0.0,Mickey Gasper,0.3224932249322493,2.0,0.2423706388107965,,,HIT,-2.8571234927359725,0.0,0.0,3.8486213032985184,0.0,0.0
10323,1.0057918751589228,0.36124035495277723,0.8279071453608752,0.5262091447811943,-0.8069968384242997,0.0,0.0,0.0,0.0,0.0,1.9141516818294697,315.0,274.0,56.0,5.0,34.0,28.0,9.0,0.0,0.0,0.0,0.0,0.0,0.0,Rafael Ortega,0.0,1.9047619047619047,0.20437956204379562,,,HIT,-2.8634001558686384,0.0,0.0,3.694544026717961,0.0,0.0
15905,0.7677434066377405,0.4050197908618247,0.8996754623752427,0.058474492318587756,-0.2181741395853819,0.0,0.0,0.0,0.0,0.0,1.912739012608014,278.0,253.50254286638628,60.66899605762058,5.605959928186463,25.95295952411493,30.42722011479484,1.0001164671627305,0.0,0.0,0.0,0.0,0.0,0.0,Luis Torrens,0.5,2.0,0.2393230275784548,,,HIT,-2.864812825090094,0.0,0.0,3.8387399327162677,0.0,0.0
11615,1.035373989134185,0.5057364969338881,1.0644520440354108,0.0,-0.6928583447163028,0.0,0.0,0.0,0.0,0.0,1.912704185387181,348.0,314.0,68.0,7.0,35.0,36.0,0.0,0.0,0.0,0.0,0.0,0.0,0.0,Brandon Drury,0.0,1.7241379310344827,0.21656050955414013,,,HIT,-2.864847652310927,0.0,0.0,3.332186906854848,0.0,0.0
19352,0.8202913290604084,0.7459106893198474,0.9537412392078541,0.0,-0.6105467798312311,0.0,0.0,0.0,0.0,0.0,1.9093964777568786,275.4225352112676,240.95922427449378,50.95033851064204,10.324299031006042,27.729300541075727,32.255736464479504,0.0,0.0,0.0,0.0,0.0,0.0,0.0,Sean Murphy,0.29577464788732394,2.0,0.21144796869283114,,,HIT,-2.8681553599412295,0.0,0.0,3.8561182240121443,0.0,0.0
33908,0.0,0.0,0.0,0.0,0.0,1.3443097601281062,0.27532839913885776,1.19022088285587,-0.494092499789397,-0.41470860966806866,1.9010579326653683,0.0,0.0,47.702397774816994,0.0,0.0,0.0,0.0,57.3212529738303,4.93358439947888,1.809888837550245,62.55617745306899,26.11572278374465,25.703369049536427,José Fermin,0.4448850118953212,1.1339598600483383,,4.100425110403793,1.2806029703828425,PIT,-2.87649390503274,0.0,0.0,2.161763998773705,0.0,0.0
19734,0.8710166274211427,0.2677144408235544,0.724040464013085,0.3257492529320071,-0.2886362316549619,0.0,0.0,0.0,0.0,0.0,1.8998845535348274,273.78510028653295,243.28168876906537,56.90510737991709,3.705489117606352,29.44402919106851,24.487206211427917,5.571441137928394,0.0,0.0,0.0,0.0,0.0,0.0,Josh Rojas,0.2836676217765043,2.0,0.23390624945034044,,,HIT,-2.8776672841632807,0.0,0.0,3.8169655368710096,0.0,0.0
20422,0.0,0.0,0.0,0.0,0.0,0.9322185603840303,0.07699190745264124,1.1578809968362085,0.11920496664954075,-0.3947660769386769,1.8915303543837436,0.0,0.0,47.05134982331938,0.0,0.0,0.0,0.0,56.18518518518519,3.42121963465997,0.5061112268696969,60.856442825825894,21.771219549583495,24.727690489316565,Jovani Morán,0.48148148148148145,1.156888595912986,,3.4874135468350618,1.2775438948194926,PIT,-2.8860214833143645,0.0,0.0,2.1905206124487915,0.0,0.0
26253,0.0,0.0,0.0,0.0,0.0,1.3491412523294666,0.0,1.6378335621019116,-0.7781125625725402,-0.3186999225912718,1.8901623292675662,0.0,0.0,104.4687506742418,0.0,0.0,0.0,0.0,109.39999999999999,4.95131585933867,0.0,86.08201084793625,49.01850402519483,28.9763887997485,Ryne Nelson,0.5,1.3711151736745888,,4.032600879586412,1.2197910372393996,PIT,-2.887389508430542,0.0,0.0,2.6349565484100146,0.0,0.0
19252,1.2424487869610221,0.43348842594333276,0.9166114823638261,0.17540304826039813,-0.8834522726565665,0.0,0.0,0.0,0.0,0.0,1.8844994708720124,341.0,291.0,59.0,6.000000000000001,42.0,31.0,3.0000000000000004,0.0,0.0,0.0,0.0,0.0,0.0,Cavan Biggio,0.0,1.7595307917888563,0.2027491408934708,,,HIT,-2.8930523668260957,0.0,0.0,3.3597215231606965,0.0,0.0
31738,0.0,0.0,0.0,0.0,0.0,1.2757865258118304,0.07699190745264124,1.0784721114335432,-0.22326704973509676,-0.3303604168527254,1.8776230781101928,0.0,0.0,49.76050034101462,0.0,0.0,0.0,0.0,56.55849056603774,4.682105782086116,0.5061112268696969,56.68283404601666,24.09131902628444,21.53587075645451,Josh White,0.05660377358490566,1.1492527355217506,,3.8335865944547898,1.2605776848698504,PIT,-2.8999287595879153,0.0,0.0,2.1620090829075744,0.0,0.0
20958,0.8672969234263554,0.5879903578617443,0.8912992947004025,0.06839505981528213,-0.5381549903709968,0.0,0.0,0.0,0.0,0.0,1.8768266454327875,264.7848837209302,242.25,52.48325729907452,8.138492139653232,29.318287535218698,30.143936299442217,1.1697925519585874,0.0,0.0,0.0,0.0,0.0,0.0,Rodolfo Durán,0.27325581395348836,2.0,0.21664915293735612,,,HIT,-2.9007251922653206,0.0,0.0,3.786585476888892,0.0,0.0
16434,0.7987170773320856,0.36124035495277723,0.7392028083579243,0.11693536550693205,-0.1410557733388712,0.0,0.0,0.0,0.0,0.0,1.875039832810848,249.0,230.0,56.0,5.0,27.0,25.0,1.9999999999999998,0.0,0.0,0.0,0.0,0.0,0.0,Christian Arroyo,0.0,2.0,0.24347826086956523,,,HIT,-2.90251200488726,0.0,0.0,3.757424065143371,0.0,0.0
31857,0.0,0.0,0.0,0.0,0.0,1.7280045080047117,0.0,1.9237677263238375,-0.834803885270329,-0.943707098200169,1.8732612508580513,0.0,0.0,96.98626574996933,0.0,0.0,0.0,0.0,102.75,6.341734870770265,0.0,101.11027037069223,46.69580925705095,37.8880178188836,Connor Prielipp,0.5,1.4598540145985401,,4.090143876530011,1.3126450955606126,PIT,-2.904290586840057,0.0,0.0,2.8215311754124683,0.0,0.0
19997,0.7708280576519717,0.24696098067269068,0.8197281156287344,0.15026824338926292,-0.11949928401709467,0.0,0.0,0.0,0.0,0.0,1.868286113325565,280.5015576323987,254.69767602502026,62.61986448926907,3.418236325022081,26.05723371549999,27.72338343281224,2.5701077298185697,0.0,0.0,0.0,0.0,0.0,0.0,Santiago Espinal,0.22118380062305296,2.0,0.24585958327753882,,,HIT,-2.909265724372543,0.0,0.0,3.7433462274160236,0.0,0.0
16417,1.301613014911547,0.21674421297166635,0.916611482363826,0.11693536550693205,-0.684246360600942,0.0,0.0,0.0,0.0,0.0,1.8676577151530296,412.0,361.0,80.0,3.0,44.0,30.999999999999996,1.9999999999999998,0.0,0.0,0.0,0.0,0.0,0.0,Sergio Alcántara,0.0,1.4563106796116505,0.22160664819944598,,,HIT,-2.9098941225450785,0.0,0.0,2.740711909322371,0.0,0.0
16403,0.9170455332331354,0.4334884259433327,0.8279071453608752,0.05846768275346603,-0.3710844264572534,0.0,0.0,0.0,0.0,0.0,1.8658243608335556,274.0,257.0,59.0,6.0,31.0,28.0,1.0,0.0,0.0,0.0,0.0,0.0,0.0,Francisco Mejía,0.0,2.0,0.22957198443579765,,,HIT,-2.9117274768645522,0.0,0.0,3.7553358160891706,0.0,0.0
13621,1.09777751429423,0.6938250498299338,1.1633322356829001,0.05032513540182414,-1.1432504651870612,0.0,0.0,0.0,0.0,0.0,1.8620094700218266,375.55555555555554,338.3442936886281,66.53227685738366,9.603371277838454,37.10950188388257,39.34414962069554,0.8607342215703052,0.0,0.0,0.0,0.0,0.0,0.0,Jeimer Candelario,0.07407407407407407,1.5976331360946745,0.19664075351190072,,,HIT,-2.9155423676762817,0.0,0.0,3.0220628045116205,0.0,0.0
33699,0.0,0.0,0.0,0.0,0.0,1.9073694820931233,0.07699190745264124,1.6172467558243626,-0.9516844861376385,-0.7902247022735492,1.8596989569589395,0.0,0.0,106.0,0.0,0.0,0.0,0.0,109.0,7.0,0.5061112268696969,85.0,50.0,34.0,Logan Evans,0.0,1.0,,4.128440366972477,1.2844036697247707,PIT,-2.9178528807391686,0.0,0.0,1.8596989569589395,0.0,0.0
19262,1.035373989134185,0.21674421297166635,0.5617941343520224,0.46774146202772826,-0.4268938967837721,0.0,0.0,0.0,0.0,0.0,1.85475990170183,264.0,233.0,52.0,3.0,35.0,19.0,8.0,0.0,0.0,0.0,0.0,0.0,0.0,Garrett Hampson,0.0,2.0,0.22317596566523606,,,HIT,-2.922791935996278,0.0,0.0,3.734430219312644,0.0,0.0
13619,0.0,0.0,0.0,0.0,0.0,0.7414186233349316,0.6720013825112908,0.9010946213830789,-0.38177055051223546,-0.08429069075571897,1.8484533859613468,0.0,0.0,55.80462265082218,0.0,0.0,0.0,0.0,58.713114754098356,2.7209884671370315,4.417444058911341,47.36014621251769,25.964792153926624,14.49997245087693,Jakob Junis,0.4262295081967213,1.1070780399274047,,3.980084012984983,1.197425743739675,PIT,-2.9290984517367615,0.0,0.0,2.0488991804833234,0.0,0.0
22717,0.0,0.0,0.0,0.0,0.0,0.9287035055725128,0.27532839913885776,0.9935960666992053,-0.1441428077880272,-0.20540486563332155,1.848080297989227,0.0,0.0,53.3027066946081,0.0,0.0,0.0,0.0,58.61119221411193,3.408319468272899,1.809888837550245,52.22187978752982,24.415369872737084,18.620736101246,Angel Zerpa,0.1484184914841849,1.109003204755658,,3.7490847831914076,1.2271281316563452,PIT,-2.929471539708881,0.0,0.0,2.051470038205017,0.0,0.0
15172,0.9466276472083979,0.1444961419811109,0.6209303590206564,0.40927377927426223,-0.2778429094539874,0.0,0.0,0.0,0.0,0.0,1.84348501803044,337.0,318.0,76.0,2.0,32.0,21.0,7.0,0.0,0.0,0.0,0.0,0.0,0.0,Tim Anderson,0.0,1.7804154302670623,0.2389937106918239,,,HIT,-2.934066819667668,0.0,0.0,3.297154471439287,0.0,0.0
21840,0.8543156751369916,0.47109128540454004,0.8814606610020771,0.02778615913603218,-0.39453919885260347,0.0,0.0,0.0,0.0,0.0,1.8401145818270377,297.5,270.47875172773206,62.01670940101227,6.520468698273245,28.87946668893911,29.811191564604798,0.4752396166134185,0.0,0.0,0.0,0.0,0.0,0.0,Freddy Fermin,0.5,2.0,0.22928495863305082,,,HIT,-2.93743725587107,0.0,0.0,3.706778988483585,0.0,0.0
21842,1.2061328994822031,0.762380136293238,1.3184460343503104,0.08821952321091797,-0.2237051978737085,0.0,0.07699190745264124,0.01902643242146309,-0.7891982146955528,-0.618196491827277,1.8400970288142358,385.5,348.03150072693984,97.51809191509184,10.552255940409804,40.77237010481443,44.590132080231314,1.5088595794518334,8.0,0.0,0.5061112268696969,1.0,8.0,5.0,Carlos Cortes,0.75,2.0,0.24284609794963197,9.0,2.25,TWO,-2.9374548088838726,0.0,0.0,2.3087214352257703,0.0,0.0
33380,0.918371757353816,0.3780909758056229,0.936297993512519,0.16005903182969744,-0.5549537271406978,0.0,0.0,0.0,0.0,0.0,1.8378660313609578,294.3846153846154,259.2731710240382,56.50192104998489,5.233232813303049,31.044831958993523,31.665802095382485,2.7375641429916078,0.0,0.0,0.0,0.0,0.0,0.0,Drew Cavanaugh,0.4172494172494173,2.0,0.21792428744872477,,,HIT,-2.9396858063371503,0.0,0.0,3.71203772405119,0.0,0.0
17878,0.0,0.0,0.0,0.0,0.0,0.9586415643331602,0.27532839913885776,0.9467709397176328,-0.12112826994619505,-0.22590681848214703,1.8337058147613088,0.0,0.0,49.246971759058745,0.0,0.0,0.0,0.0,55.860409556313996,3.5181914219200534,1.809888837550245,49.760823192981356,23.1633458838527,19.729577182647027,Dennis Santana,0.40273037542662116,1.163614812642435,,3.7319832527277015,1.234802062669611,PIT,-2.9438460229367993,0.0,0.0,2.136623763265392,0.0,0.0
24602,0.0,0.0,0.0,0.0,0.0,1.2071022067154302,0.07699190745264124,1.5016093838337032,-0.4561445668032392,-0.501563596292003,1.8279953349065328,0.0,0.0,68.7388386917694,0.0,0.0,0.0,0.0,76.94245939675176,4.430035987435114,0.5061112268696969,78.92227773293891,33.79516451613163,29.090741316488174,Drew Rom,0.1879350348027842,1.0,,3.9530381928241964,1.271464166537775,PIT,-2.9495565027915753,0.0,0.0,1.8279953349065328,0.0,0.0
15541,0.0,0.0,0.0,0.0,0.0,1.1499819599084604,0.5728331366681826,0.7523066825423638,-0.2446701467481958,-0.40700073759781313,1.8234508947729977,0.0,0.0,63.54967484707998,0.0,0.0,0.0,0.0,64.85,4.220406059200125,3.7655552535710672,39.540081181678154,27.56543279219163,18.631374589524984,Tyler Rogers,0.5,1.002313030069391,,3.8255804954467956,1.2672482565397838,PIT,-2.9541009429251104,0.0,0.0,1.827743894685917,0.0,0.0
30003,0.0,0.0,0.0,0.0,0.0,1.2276438334782274,0.0,1.3967301029926846,-0.2900613434865676,-0.5167577566289915,1.8175548363553524,0.0,0.0,83.52812783897637,0.0,0.0,0.0,0.0,88.07539936102236,4.505423262260223,0.0,73.40998417638609,37.21135636561194,27.675521100701463,Mitch Bratt,0.44089456869009586,1.703086231663257,,3.8024489212673154,1.2625960227991977,PIT,-2.9599970013427557,0.0,0.0,3.155969785556228,0.0,0.0
13757,0.9762097611836602,0.43348842594333276,0.7687709206922412,0.35080609652079625,-0.7166510997378635,0.0,0.0,0.0,0.0,0.0,1.812624104602167,305.0,268.0,56.0,6.000000000000001,33.0,26.0,6.000000000000001,0.0,0.0,0.0,0.0,0.0,0.0,Chris Taylor,0.0,1.9672131147540983,0.208955223880597,,,HIT,-2.964927733095941,0.0,0.0,3.6122211920559213,0.0,0.0
13185,0.8694633975121777,0.5465527174540578,0.8889254817054573,0.041625291912714586,-0.5413139736254148,0.0,0.0,0.0,0.0,0.0,1.8052529149589929,339.1666666666667,310.438595018192,69.6520208757809,7.564945471353903,29.39152348068338,30.063653426862956,0.7119367478309544,0.0,0.0,0.0,0.0,0.0,0.0,Orlando Arcia,0.16666666666666666,1.769041769041769,0.2243664995059626,,,HIT,-2.9722989227391152,0.0,0.0,3.222325744545082,0.0,0.0
23796,0.0,0.0,0.0,0.0,0.0,1.742211808464249,0.0,2.3653890524908396,-1.5249405376069367,-0.7813623082147156,1.801298015133436,0.0,0.0,117.48345720615113,0.0,0.0,0.0,0.0,127.25,6.393875320824875,0.0,124.3212074704306,61.23678222089072,43.99803986706048,Ryan Weathers,0.5,1.1787819253438114,,4.3310887228920745,1.2690098001824095,PIT,-2.976253822564672,0.0,0.0,2.167080853689663,0.0,0.0
17232,0.8101918488276969,0.5589676493755931,0.845290490141862,0.06803279421021169,-0.48502031830736436,0.0,0.0,0.0,0.0,0.0,1.797462464247999,260.8227848101266,232.95686178340716,51.02105742001727,7.73678302703284,27.387895588030215,28.58790850712548,1.1635965546484501,0.0,0.0,0.0,0.0,0.0,0.0,Yoán Moncada,0.3670886075949367,2.0,0.2190150443709804,,,HIT,-2.980089373450109,0.0,0.0,3.6233809202398524,0.0,0.0
13164,0.0,0.0,0.0,0.0,0.0,2.571655121270424,0.0,2.327694935541196,-1.268828951143122,-1.8365292446420112,1.7939918610264871,0.0,0.0,150.8265626115479,0.0,0.0,0.0,0.0,149.9,9.437912275464456,0.0,122.34006270746798,68.75774931701505,53.67032987027909,Eduardo Rodriguez,0.5,1.0006671114076051,,4.128217103756741,1.3642220979441426,PIT,-2.983559976671621,0.0,0.0,1.7954082600501116,0.0,0.0
33850,0.0,0.0,0.0,0.0,0.0,1.7682319455072544,0.0,2.137985931199886,-1.1566273499076072,-0.9598752943882554,1.789715232411278,0.0,0.0,105.85201980452368,0.0,0.0,0.0,0.0,117.45,6.489368596255264,0.0,112.36924946518586,54.78940814250199,46.699781592373135,Brandon Sproat,0.5,1.277139208173691,,4.19842207988521,1.2988659122766864,PIT,-2.98783660528683,0.0,0.0,2.3479606679980254,0.0,0.0
21461,0.0,0.0,0.0,0.0,0.0,1.2029212931028153,0.17616015329574952,1.0798225729834416,-0.45256297526197214,-0.21861759805453215,1.7877234460655025,0.0,0.0,54.27772701832686,0.0,0.0,0.0,0.0,58.951219512195124,4.414692135306271,1.158000032209971,56.75381222626527,26.510280939443575,18.236030988226275,Cole Sands,0.14634146341463414,1.1026065370293752,,4.047287408628333,1.2300637477321796,PIT,-2.9898283916326056,0.0,0.0,1.9745936241165916,0.0,0.0
15279,0.6508065074557735,0.5057364969338881,0.97574770703246,0.05846768275346603,-0.4054635118012492,0.0,0.0,0.0,0.0,0.0,1.7852948823743384,312.0,283.0,65.0,7.0,22.0,33.0,1.0,0.0,0.0,0.0,0.0,0.0,0.0,Garrett Cooper,0.0,1.9230769230769231,0.22968197879858657,,,HIT,-2.9922569553237697,0.0,0.0,3.458623295971629,0.0,0.0
13774,0.0,0.0,0.0,0.0,0.0,1.810136239455936,0.0,1.6029069370516258,-1.0758647724816035,-0.5554246224846281,1.78175378154133,0.0,0.0,108.9100843312496,0.0,0.0,0.0,0.0,103.70546448087431,6.643156344457502,0.0,84.24632119910402,48.665326350127465,21.333565948828333,Zach Eflin,0.04371584699453552,1.446404013046617,,4.2233833997428585,1.2558995895929657,PIT,-2.995798056156778,0.0,0.0,2.654487768935555,0.0,0.0
25420,0.0,0.0,0.0,0.0,0.0,1.25513451291497,0.5728331366681826,1.4810365820838252,-0.8815273346373081,-0.6489727550616451,1.7785041419680245,0.0,0.0,49.054262993386565,0.0,0.0,0.0,0.0,62.5,4.606313392811134,3.7655552535710672,77.84100294141938,30.67346909603766,33.837264049389304,Ryan Zeferjahn,0.5,1.04,,4.416979549829423,1.3262644326844137,PIT,-2.9990476957300833,0.0,0.0,1.852660476729112,0.0,0.0
13663,1.0649561031094477,0.4334884259433327,1.005315819366777,0.40927377927426223,-1.140183950108975,0.0,0.0,0.0,0.0,0.0,1.7728501775848446,368.0,340.0,67.0,6.0,36.0,34.0,7.0,0.0,0.0,0.0,0.0,0.0,0.0,Jack López,0.0,1.6304347826086956,0.19705882352941176,,,HIT,-3.0047016601132635,0.0,0.0,2.941425678437141,0.0,0.0
15585,0.828299191307348,0.650232638914999,1.005315819366777,0.0,-0.7176832410564159,0.0,0.0,0.0,0.0,0.0,1.7661644085327084,314.0,276.0,58.0,9.0,27.999999999999996,34.0,0.0,0.0,0.0,0.0,0.0,0.0,0.0,Mike Ford,0.0,1.910828025477707,0.21014492753623187,,,HIT,-3.0113874291653997,0.0,0.0,3.41861295173743,0.0,0.0
33568,0.0,0.0,0.0,0.0,0.0,1.141399830180416,0.6720013825112908,1.0372716060494473,-0.5999854444600837,-0.48765388356694916,1.7630334907141214,0.0,0.0,52.72414881009295,0.0,0.0,0.0,0.0,59.17647058823529,4.1889098500700594,4.417444058911341,54.51739890444914,27.53734704599371,23.919092154415466,Brandyn Garcia,0.4117647058823529,1.0984095427435387,,4.188085584529858,1.2951641117262853,PIT,-3.0145183469839867,0.0,0.0,1.9418284371435202,0.0,0.0
17874,0.0,0.0,0.0,0.0,0.0,1.6348881275083915,0.07699190745264124,1.6933524855102149,-1.066560968932497,-0.5775367869072918,1.7611347646314586,0.0,0.0,92.0,0.0,0.0,0.0,0.0,97.3,6.0,0.5061112268696969,89.0,46.0,31.000000000000004,Nestor Cortes,0.0,1.0,,4.254881808838643,1.264131551901336,PIT,-3.0164170730666493,0.0,0.0,1.7611347646314586,0.0,0.0
10441,1.1241203310599723,0.7224807099055545,1.0940201563697278,0.05846768275346603,-1.2434761681546627,0.0,0.0,0.0,0.0,0.0,1.7556127119340579,387.0,335.0,64.0,10.0,38.0,37.0,1.0,0.0,0.0,0.0,0.0,0.0,0.0,Jon Singleton,0.0,1.550387596899225,0.191044776119403,,,HIT,-3.0219391257640504,0.0,0.0,2.767514727618594,0.0,0.0
18126,0.9396145289600062,0.443933426903414,0.7796916444132366,0.059130212476433325,-0.4681868135343889,0.0,0.0,0.0,0.0,0.0,1.7541829992187012,268.2051282051282,226.6798545848319,49.71507283117569,6.144571347260562,31.76292707633213,26.369341255116943,1.0113315543179795,0.0,0.0,0.0,0.0,0.0,0.0,LaMonte Wade Jr.,0.358974358974359,2.0,0.21931844328305977,,,HIT,-3.023368838479407,0.0,0.0,3.535067322849616,0.0,0.0
12434,0.7987170773320856,0.36124035495277723,0.6209303590206564,0.3508060965207962,-0.39026299283596627,0.0,0.0,0.0,0.0,0.0,1.7414308949903492,212.0,195.0,43.0,5.0,27.0,21.0,6.0,0.0,0.0,0.0,0.0,0.0,0.0,Kevin Pillar,0.0,2.0,0.2205128205128205,,,HIT,-3.036120942707759,0.0,0.0,3.5018355444369513,0.0,0.0
10472,0.8989790518077524,0.5073736969673268,0.8315297418987744,0.034823224197363174,-0.5373309961423107,0.0,0.0,0.0,0.0,0.0,1.735374718728906,268.9410029498525,245.5197144046701,53.32281267652391,7.022660813098425,30.3892768636991,28.122517004025813,0.5955978167323351,0.0,0.0,0.0,0.0,0.0,0.0,Enrique Hernández,0.26253687315634217,2.0,0.21718342580276984,,,HIT,-3.042177118969202,0.0,0.0,3.504060434439177,0.0,0.0
23165,0.0,0.0,0.0,0.0,0.0,0.5963192522935336,0.8703378741975073,1.0792738103514277,-0.35708727890865183,-0.45351659926563365,1.7353270586681835,0.0,0.0,48.60242461788661,0.0,0.0,0.0,0.0,56.279861644888555,2.1884772747197268,5.721221669591889,56.72497010705668,24.827078790603174,24.130320391905336,Steven Cruz,0.46195234435049964,2.0,,3.9702249185561413,1.2923405083814323,PIT,-3.0422247790299246,0.0,0.0,3.5374923245102816,0.0,0.0
26378,0.0,0.0,0.0,0.0,0.0,1.7108923852397042,0.0,2.0963890212589007,-1.547543441577859,-0.5330683927500889,1.7266695721706573,0.0,0.0,110.7626162553786,0.0,0.0,0.0,0.0,116.94999999999999,6.278933792909042,0.0,110.18297991030802,57.176310917910136,34.79914942012943,Nick Lodolo,0.5,1.2825994014536128,,4.400058129638232,1.244649556866251,PIT,-3.050882265527451,0.0,0.0,2.277024090161796,0.0,0.0
19899,0.0,0.0,0.0,0.0,0.0,1.4925063715558378,0.07699190745264124,1.5157165618283135,-0.7715968467838826,-0.5927785011575887,1.7208394928953212,0.0,0.0,79.29966467283792,0.0,0.0,0.0,0.0,85.82278481012659,5.477462389419097,0.5061112268696969,79.66372929264888,39.423064990731916,30.35643414443804,Clarke Schmidt,0.11392405063291139,1.0,,4.134188673806842,1.2777038062779942,PIT,-3.056712344802787,0.0,0.0,1.7208394928953212,0.0,0.0
23372,0.9655526155393265,0.3992778789988692,0.7823668535877975,0.024883344720438627,-0.4530154940630242,0.0,0.0,0.0,0.0,0.0,1.7190651987834078,304.1565762004176,270.60975731049706,61.07101724159729,5.526484977724379,32.63974360813951,26.459817412144254,0.4255914301471699,0.0,0.0,0.0,0.0,0.0,0.0,Hunter Feduccia,0.4780793319415449,1.9726681812877938,0.2256792875784022,,,HIT,-3.0584866389147,0.0,0.0,3.420582691815153,0.0,0.0
25782,0.7615439494387531,0.5121216569494709,0.9001863513103574,0.09955724453768733,-0.5549420582480125,0.0,0.0,0.0,0.0,0.0,1.7184671439882562,302.0590717299578,275.6095454635081,60.62746423791351,7.088378276790496,25.743391769620725,30.4444984898679,1.702773906013668,0.0,0.0,0.0,0.0,0.0,0.0,Pedro Pagés,0.47257383966244726,1.9863664301279544,0.21997592331554733,,,HIT,-3.0590846937098517,0.0,0.0,3.451233910693645,0.0,0.0
22741,0.8809887661058454,0.297369915539568,0.9471516981400254,0.0,-0.4143123215822615,0.0,0.0,0.0,0.0,0.0,1.7111980582031774,296.9642857142857,278.7247728118603,63.77067783000748,4.115956474165813,29.78112946365355,32.03287675015879,0.0,0.0,0.0,0.0,0.0,0.0,0.0,Eliezer Alfonzo,0.10714285714285714,2.0,0.2287944382792727,,,HIT,-3.0663537794949307,0.0,0.0,3.451159861707771,0.0,0.0
25139,0.0,0.0,0.0,0.0,0.0,1.0364736223294084,0.07699190745264124,1.0313150980822394,0.0314944310683772,-0.4679904602045426,1.708284598728124,0.0,0.0,45.32138619606479,0.0,0.0,0.0,0.0,55.4357314148681,3.8038331977210658,0.5061112268696969,54.20433401475975,22.026167374029,26.621943785880486,Tim Herrin,0.4404476418864908,1.1725289509315777,,3.5759518510311095,1.2977790343116096,PIT,-3.069267238969984,0.0,0.0,2.0068200017194133,0.0,0.0
9847,0.9134785999027493,0.5009148175095953,0.8720496319023676,0.06790901183805269,-0.6488572551530394,0.0,0.0,0.0,0.0,0.0,1.7054948059997257,309.8362573099416,272.3901599352508,58.24208574112274,6.933262170765458,30.879422635807266,29.49290851043813,1.1614794471057939,0.0,0.0,0.0,0.0,0.0,0.0,Andrew McCutchen,0.26900584795321636,1.9365067381374803,0.2138186113439903,,,HIT,-3.0720570316983826,0.0,0.0,3.343299495031489,0.0,0.0
19531,0.0,0.0,0.0,0.0,0.0,0.6919529148492263,0.17616015329574952,0.7297128171620217,0.26284149672493473,-0.15586363441264245,1.7048037476192897,0.0,0.0,45.582203013156445,0.0,0.0,0.0,0.0,47.612903225806456,2.5394505099395848,1.158000032209971,38.352582396837406,17.430462271778186,12.67910959298114,Jason Foley,0.24731182795698925,1.3651761517615175,,3.294782502592218,1.223645454464949,PIT,-3.0727480900788184,0.0,0.0,2.3257387477076645,0.0,0.0
27552,0.0,0.0,0.0,0.0,0.0,1.1019863051667544,0.17616015329574952,1.0338411462878172,-0.23390930436309965,-0.37707531933396954,1.7010029810532519,0.0,0.0,48.3513440841726,0.0,0.0,0.0,0.0,54.74757281553397,4.044263163790447,1.158000032209971,54.337099220008014,23.42971553864401,21.47789948344429,Graham Ashcraft,0.32038834951456313,1.1872672459655969,,3.851630839567832,1.275476518436698,PIT,-3.0765488566448562,0.0,0.0,2.025270328223642,0.0,0.0
21741,0.0,0.0,0.0,0.0,0.0,1.3749482660021566,0.09916824584310827,1.3706551852827797,-0.4856310671301174,-0.6591004744622142,1.7000401555357134,0.0,0.0,88.97622157963973,0.0,0.0,0.0,0.0,96.4,5.046026977139814,0.651888805340274,72.03952663961263,41.841672341921395,34.164216511521154,Javier Assad,0.5,1.5560165975103732,,3.9063801978972252,1.2773904366302995,PIT,-3.0775116821623945,0.0,0.0,2.713021656872005,0.0,0.0
24934,0.7837991493286035,0.6087268406126339,0.8886048818000865,0.05603152194812498,-0.651323998695574,0.0,0.0,0.0,0.0,0.0,1.685838394993875,261.0614657210402,233.5956359941375,48.412606163442604,8.42550994464903,26.495711225507513,30.052810668226698,0.9583332074983486,0.0,0.0,0.0,0.0,0.0,0.0,David Fry,0.408983451536643,2.0,0.20724961730302874,,,HIT,-3.091713442704233,0.0,0.0,3.410392519534664,0.0,0.0
21524,0.7644700065615465,0.5063710325140177,0.7634263473158743,0.02882940210887077,-0.3782929866618801,0.0,0.0,0.0,0.0,0.0,1.6848038018384293,259.44827586206895,229.00732310363702,51.79956334419445,7.008782733869981,25.842304819757718,25.81924536419716,0.4930826868995715,0.0,0.0,0.0,0.0,0.0,0.0,Joey Bart,0.3842364532019704,2.0,0.22619173326938813,,,HIT,-3.092748035859679,0.0,0.0,3.3911757495097845,0.0,0.0
20298,0.0,0.0,0.0,0.0,0.0,1.9073694820931235,0.07699190745264124,1.5411410261385101,-0.9948445335389825,-0.8458891664772314,1.684768715668061,0.0,0.0,110.0,0.0,0.0,0.0,0.0,108.3,7.000000000000001,0.5061112268696969,81.0,50.0,30.0,Jhonathan Díaz,0.0,1.0,,4.1551246537396125,1.2927054478301017,PIT,-3.0927831220300472,0.0,0.0,1.684768715668061,0.0,0.0
19753,0.0,0.0,0.0,0.0,0.0,0.6783781755892484,0.27532839913885776,0.7853134624588697,0.1456016240735285,-0.20261948458949913,1.6820021766710052,0.0,0.0,49.796571161415216,0.0,0.0,0.0,0.0,52.34981074943225,2.489631544232129,1.809888837550245,41.274866725565616,20.066872450851594,14.710709801968425,Jonathan Loáisiga,0.4700984102952309,1.2416472776017617,,3.449904583649771,1.2322352275950346,PIT,-3.095549661027103,0.0,0.0,2.0893144587380035,0.0,0.0
17276,0.8660978355644775,0.5253967870229274,0.7544194482279869,0.03706892861307772,-0.505492935043535,0.0,0.0,0.0,0.0,0.0,1.6774900643849349,232.19877675840976,211.45406297636748,45.24771116392132,7.272122007127488,29.27775331704617,25.51463007506239,0.6340071449279429,0.0,0.0,0.0,0.0,0.0,0.0,Alex Jackson,0.23547400611620795,2.0,0.2139836450859698,,,HIT,-3.1000617733131732,0.0,0.0,3.3819890333964455,0.0,0.0
27889,0.0,0.0,0.0,0.0,0.0,1.8063879917365515,0.0,2.2780140794022947,-1.4174066498418927,-0.9909377380535337,1.6760576832434202,0.0,0.0,116.47228501868786,0.0,0.0,0.0,0.0,128.2,6.629400365722381,0.0,119.72891338433696,60.90674607555597,49.30089859122499,J.T. Ginn,0.5,1.1700468018720749,,4.275824607488329,1.2930825554595387,PIT,-3.101494154454688,0.0,0.0,2.004507289934668,0.0,0.0
29574,0.0,0.0,0.0,0.0,0.0,0.949632618850078,0.17616015329574952,0.8850516658548986,-0.15751614054188234,-0.1775143557027267,1.6758139417561169,0.0,0.0,44.96041476056113,0.0,0.0,0.0,0.0,50.87777777777778,3.485128809262347,1.158000032209971,46.51695316545529,21.38971997146952,17.45442566916676,Chase Lee,0.2222222222222222,1.277571522166412,,3.7837242142149625,1.2267603491320178,PIT,-3.1017378959419912,0.0,0.0,2.1457236272735423,0.0,0.0
22361,0.0,0.0,0.0,0.0,0.0,1.007689318926288,0.17616015329574952,0.9963584083244296,-0.20585319567612703,-0.29980698727616323,1.6745476975941767,0.0,0.0,46.04179691412565,0.0,0.0,0.0,0.0,54.25745647236941,3.6981954984113705,1.158000032209971,52.36706421117974,23.054902813020867,22.103474117214553,Colin Holderman,0.4700984102952309,1.1979920222228113,,3.8242508736629426,1.2559614007347202,PIT,-3.1030041401039314,0.0,0.0,2.0111311404682652,0.0,0.0
31913,0.0,0.0,0.0,0.0,0.0,0.9871740321943083,0.07699190745264124,0.9714879956679069,-0.1500619184383429,-0.2123897557405357,1.673202261135978,0.0,0.0,37.68389801597134,0.0,0.0,0.0,0.0,44.737500000000004,3.6229048908641297,0.5061112268696969,51.05991360587408,18.873155863462237,17.99455863904673,Hayden Harris,0.125,1.452919810002794,,3.7967790504869545,1.2445589640685792,PIT,-3.10434957656213,0.0,0.0,2.439387304785811,0.0,0.0
25625,0.0,0.0,0.0,0.0,0.0,1.369487214814864,0.07699190745264124,1.6664117517927732,-0.4657121229746209,-0.9781056163689552,1.6690731347167023,0.0,0.0,64.9387833934536,0.0,0.0,0.0,0.0,74.6896551724138,5.02598505098448,0.5061112268696969,87.58403650665215,32.94728761332978,37.15403580570656,Daniel Espino,0.19540229885057472,1.0,,3.9701025240438925,1.3668937011891251,PIT,-3.108478702981406,0.0,0.0,1.6690731347167023,0.0,0.0
5517,0.6625472396601346,0.5740108580475406,0.8116260976967564,0.029443066219143933,-0.4090516344211285,0.0,0.0,0.0,0.0,0.0,1.6685756272024472,232.14967462039044,212.00653582469496,46.98886826372204,7.944999086862507,22.396886179742904,27.44937142148155,0.5035784698923871,0.0,0.0,0.0,0.0,0.0,0.0,Kyle Higashioka,0.45770065075921906,2.0,0.22163877203567173,,,HIT,-3.108976210495661,0.0,0.0,3.358839726817769,0.0,0.0
19864,0.7691349633568232,0.5779845679244436,0.8870433700295091,0.05846768275346603,-0.6244592005897818,0.0,0.0,0.0,0.0,0.0,1.66817138347446,278.0,250.0,53.0,8.0,26.0,30.0,1.0,0.0,0.0,0.0,0.0,0.0,0.0,Riley Adams,0.0,2.0,0.212,,,HIT,-3.109380454223648,0.0,0.0,3.375928509593998,0.0,0.0
23209,0.8129938224045478,0.49493189742873556,0.9584140451118481,0.05709619188384366,-0.6598276148015899,0.0,0.0,0.0,0.0,0.0,1.663608342027385,295.49011857707507,268.14692149008516,56.98788842883412,6.8504513773583655,27.482614091893527,32.41377177803487,0.9765427531067824,0.0,0.0,0.0,0.0,0.0,0.0,Blake Hunt,0.011857707509881422,2.0,0.21252486551832842,,,HIT,-3.113943495670723,0.0,0.0,3.372023377805303,0.0,0.0
18548,0.0,0.0,0.0,0.0,0.0,0.5249470083396297,0.27532839913885776,0.8649481741840271,0.29449365865656246,-0.2961184008333461,1.663598839485731,0.0,0.0,41.60873607721383,0.0,0.0,0.0,0.0,46.97208480565371,1.926542860665316,1.809888837550245,45.46034458926245,16.974854454442873,17.893905277540966,Sam Hentges,0.38162544169611307,1.3838006183659193,,3.252435797177934,1.2667660292479261,PIT,-3.113952998212377,0.0,0.0,2.302420109883983,0.0,0.0
20084,0.833338713414867,0.31371695772357694,0.8242114232502875,0.06783568202055916,-0.38986302069327716,0.0,0.0,0.0,0.0,0.0,1.6492397557160132,257.6628242074928,230.8384163559202,52.07005716026416,4.342219154399116,28.170357064803856,27.875009873176843,1.160225253095699,0.0,0.0,0.0,0.0,0.0,0.0,J.C. Escarra,0.27953890489913547,2.0,0.22556928773926216,,,HIT,-3.128312081982095,0.0,0.0,3.3209196183951963,0.0,0.0
30160,0.0,0.0,0.0,0.0,0.0,1.6348881275083915,0.07699190745264124,1.503088161295584,-0.970969899675673,-0.5958654081262962,1.648132888454648,0.0,0.0,99.0,0.0,0.0,0.0,0.0,101.3,6.0,0.5061112268696969,79.0,47.0,29.0,Richard Fitts,0.0,1.0,,4.175715695952616,1.263573543928924,PIT,-3.12941894924346,0.0,0.0,1.648132888454648,0.0,0.0
19683,0.8874634192578731,0.5057364969338881,0.97574770703246,0.1754030482603981,-0.899701383155649,0.0,0.0,0.0,0.0,0.0,1.6446492883289703,337.0,304.0,62.0,7.0,30.000000000000004,33.0,3.0,0.0,0.0,0.0,0.0,0.0,0.0,Mike Brosseau,0.0,1.7804154302670623,0.20394736842105263,,,HIT,-3.132902549369138,0.0,0.0,2.9765876095246466,0.0,0.0
25377,0.0,0.0,0.0,0.0,0.0,2.719141760479654,0.0,2.6918968807474415,-2.313110000341529,-1.4538805451772965,1.6440480957082704,0.0,0.0,156.025020754435,0.0,0.0,0.0,0.0,157.95,9.979184684484892,0.0,141.48195631834804,79.16317371449857,52.19259556711384,Brady Singer,0.5,1.0,,4.510722148974278,1.3182501824726107,PIT,-3.1335037419898377,0.0,0.0,1.6440480957082704,0.0,0.0
26056,0.0,0.0,0.0,0.0,0.0,1.0899254183389275,0.07699190745264124,1.2367181073951008,-0.5549181091144805,-0.20481329809878768,1.6439040259734017,0.0,0.0,82.0,0.0,0.0,0.0,0.0,83.3,4.0,0.5061112268696969,65.0,37.0,19.0,Brandon Walter,0.0,1.0,,3.9975990396158463,1.212484993997599,PIT,-3.1336478117247064,0.0,0.0,1.6439040259734017,0.0,0.0
18217,0.8720212292449014,0.3997813696278343,0.8335069560105207,0.1150157806879558,-0.20955850577418914,0.0,0.07699190745264124,0.01902643242146309,-0.19994063027988146,-0.26905764788587466,1.637786891505371,268.2691466083151,244.36133326426793,68.49738266730955,5.533453892216656,29.477988962320786,28.18938681598373,1.9671684471048672,7.0,0.0,0.5061112268696969,1.0,4.0,2.0,Brett Sullivan,0.7264770240700219,2.0,0.23938886683044386,5.142857142857143,1.7142857142857142,TWO,-3.139764946192737,0.0,0.0,3.2937311055539844,0.0,0.0
20375,0.0,0.0,0.0,0.0,0.0,1.3653156254843841,0.17616015329574952,1.0204388076072104,-0.42211633300909485,-0.5033155577593709,1.636482695618878,0.0,0.0,54.14132009705776,0.0,0.0,0.0,0.0,57.41913245546088,5.010675418746203,1.158000032209971,53.632692929657544,25.69879866200897,20.650928037147434,Greg Weissert,0.4577846630518978,1.1320268562124214,,4.028085728001692,1.3025666696065177,PIT,-3.14106914207923,0.0,0.0,1.8586028622466708,0.0,0.0
22209,0.804566323942816,0.5813390049057283,0.9074884593413561,0.0,-0.6576309440540004,0.0,0.0,0.0,0.0,0.0,1.6357628441359,299.84507042253523,272.32533611292166,58.078835070326086,8.046429433136328,27.197729162142423,30.691457374102246,0.0,0.0,0.0,0.0,0.0,0.0,0.0,Sam Huff,0.11971830985915492,2.0,0.21327003906182007,,,HIT,-3.141788993562208,0.0,0.0,3.316844009843469,0.0,0.0
31900,0.0,0.0,0.0,0.0,0.0,1.9073694820931233,0.07699190745264124,1.6362731882458257,-1.1081086281133958,-0.8805986044311999,1.6319273452469951,0.0,0.0,116.99999999999999,0.0,0.0,0.0,0.0,116.3,7.0,0.5061112268696969,86.0,54.0,33.0,Adam Mazur,0.0,1.0,,4.178847807394669,1.2897678417884781,PIT,-3.145624492451113,0.0,0.0,1.6319273452469951,0.0,0.0
25643,0.7751849351232224,0.2718946304323635,0.7254013076553162,0.20243387501284005,-0.3458238704879157,0.0,0.0,0.0,0.0,0.0,1.6290908777358264,251.46341463414635,228.414250350214,52.18996961761149,3.7633479580085485,26.204514517504002,24.533230239842197,3.4623208151829745,0.0,0.0,0.0,0.0,0.0,0.0,Drew Millas,0.3902439024390244,2.0,0.22848823809193913,,,HIT,-3.1484609599622817,0.0,0.0,3.277747639455761,0.0,0.0
29608,0.0,0.0,0.0,0.0,0.0,1.4758460537532883,0.0,1.8347879581474895,-0.8198584242103312,-0.8626707720361435,1.6281048156543028,0.0,0.0,72.71522718214044,0.0,0.0,0.0,0.0,89.35789473684211,5.41631942487409,0.0,96.43363072510252,41.16877753882541,45.08483034135507,Joe Boyle,0.23245614035087717,1.6786429496996111,,4.146460689798059,1.318294906906829,PIT,-3.1494470220438053,0.0,0.0,2.854278493100317,0.0,0.0
12859,0.629147145366077,0.36916644452578656,0.737257884502936,0.03119464781053828,-0.13940855459237747,0.0,0.0,0.0,0.0,0.0,1.6273575676129604,210.0,193.02926829268293,46.65678079311136,5.109706590976601,21.26782237037526,24.93422225155946,0.5335365853658537,0.0,0.0,0.0,0.0,0.0,0.0,James McCann,0.375,2.0,0.24170832333243608,,,HIT,-3.150194270085148,0.0,0.0,3.260665533555275,0.0,0.0
19873,0.9170455332331354,0.650232638914999,1.034883931701094,0.05846768275346603,-1.0468697393678263,0.0,0.0,0.0,0.0,0.0,1.6137600472348683,324.0,286.0,55.0,9.0,31.0,35.0,1.0,0.0,0.0,0.0,0.0,0.0,0.0,Drew Ellis,0.0,1.8518518518518519,0.19230769230769232,,,HIT,-3.1637917904632396,0.0,0.0,3.048860379058261,0.0,0.0
9874,0.8282991913073481,0.2889922839622218,0.7687709206922412,0.05846768275346603,-0.34295601956843585,0.0,0.0,0.0,0.0,0.0,1.6015740591468415,300.0,267.0,62.0,4.0,28.0,26.0,1.0,0.0,0.0,0.0,0.0,0.0,0.0,DJ LeMahieu,0.0,2.0,0.23220973782771537,,,HIT,-3.1759777785512666,0.0,0.0,3.2257863471130714,0.0,0.0
15223,0.9020604450740436,0.2779445262869993,0.7189244621389587,0.18269902891548287,-0.4822352966923118,0.0,0.0,0.0,0.0,0.0,1.5993931657231726,287.61538461538464,260.74607801158675,58.089469728120214,3.8470857764954483,30.493440929487903,24.314181913620832,3.1247865540669517,0.0,0.0,0.0,0.0,0.0,0.0,Adam Frazier,0.37965260545905705,2.0,0.2227817582956661,,,HIT,-3.1781586719749355,0.0,0.0,3.2303556368815847,0.0,0.0
16944,0.0,0.0,0.0,0.0,0.0,1.750171333807404,0.0,1.9170046133914354,-0.8479410110593503,-1.2203238959844398,1.5989110401550495,0.0,0.0,105.13835531042577,0.0,0.0,0.0,0.0,112.65,6.423086586877502,0.0,100.75481156566829,50.79665018878889,45.61095725111172,Grant Holmes,0.5,1.3315579227696404,,4.058320920542387,1.3382096099559475,PIT,-3.178640797543059,0.0,0.0,2.20181857752389,0.0,0.0
13329,0.9170455332331354,0.2889922839622218,0.8870433700295091,0.0,-0.49460922711446137,0.0,0.0,0.0,0.0,0.0,1.5984719601104052,315.0,281.0,63.0,4.0,31.0,30.0,0.0,0.0,0.0,0.0,0.0,0.0,0.0,Jake Lamb,0.0,1.9047619047619047,0.22419928825622776,,,HIT,-3.1790798775877027,0.0,0.0,3.0747777520041826,0.0,0.0
14813,0.7651675687936567,0.3885401065396857,0.9156462178728876,0.05181287421691911,-0.5266668754145266,0.0,0.0,0.0,0.0,0.0,1.5944998920086224,297.9548872180451,274.6802632831245,60.866348141640536,5.377861321591232,25.8658853601036,30.96735454465187,0.8861797111986208,0.0,0.0,0.0,0.0,0.0,0.0,Kyle Farmer,0.06015037593984962,2.0,0.22158981287600935,,,HIT,-3.1830519456894857,0.0,0.0,3.225362764313866,0.0,0.0
17480,0.0,0.0,0.0,0.0,0.0,0.2724813545847319,0.27532839913885776,0.5327401078009665,0.3627980630949359,0.14042034748994817,1.5837682721094402,0.0,0.0,24.0,0.0,0.0,0.0,0.0,33.1,1.0,1.809888837550245,28.0,11.0,13.0,Daniel Duarte,1.0,1.9637462235649545,,2.9909365558912384,1.1178247734138973,PIT,-3.193783565588668,0.0,0.0,3.087228385024572,0.0,0.0
18433,0.7632550216666989,0.29370346947801884,0.9683222319170839,0.0,-0.44848948145851514,0.0,0.0,0.0,0.0,0.0,1.5767912416032863,322.78014184397165,295.5002598796171,67.43822605563147,4.065208460948568,25.801233214940577,32.74886881409883,0.0,0.0,0.0,0.0,0.0,0.0,0.0,P.J. Higgins,0.11347517730496454,1.8588504130778696,0.2282171463507508,,,HIT,-3.2007605960948218,0.0,0.0,2.957463221058464,0.0,0.0
13602,0.9619332814013327,0.8797503369465232,1.075309526322766,0.12805562426855918,-1.4726572042915904,0.0,0.0,0.0,0.0,0.0,1.5723915646475908,312.0472972972973,280.0879723962939,46.377362776295776,12.17680036137612,32.517394876029954,36.367202416055285,2.1901949630621864,0.0,0.0,0.0,0.0,0.0,0.0,Patrick Wisdom,0.1554054054054054,1.9227854405300653,0.1655814149372929,,,HIT,-3.2051602730505175,0.0,0.0,3.1173382266164653,0.0,0.0
12970,0.0,0.0,0.0,0.0,0.0,1.0967175307462003,0.07699190745264124,1.300699355741376,-0.5238586138850098,-0.37897136327191566,1.5715788167832923,0.0,0.0,76.84938417769179,0.0,0.0,0.0,0.0,78.47311827956989,4.024926888731979,0.5061112268696969,68.36275592444225,34.84925543894605,21.001974862882882,Joe Musgrove,0.24731182795698925,1.0,,3.9968247194296858,1.2469411332931548,PIT,-3.205973020914816,0.0,0.0,1.5715788167832923,0.0,0.0
24607,0.0,0.0,0.0,0.0,0.0,0.9710363367308406,0.27532839913885776,1.3669930171111078,-0.7308762544891433,-0.3152387130187058,1.5672427854729571,0.0,0.0,63.07785249265167,0.0,0.0,0.0,0.0,68.08299531981278,3.5636799376996753,1.809888837550245,71.8470487178168,31.975331883156525,21.592158283646576,Jonathan Bowlan,0.45397815912636513,1.0,,4.226870242659002,1.2436293435470884,PIT,-3.210309052225151,0.0,0.0,1.5672427854729571,0.0,0.0
21662,0.0,0.0,0.0,0.0,0.0,0.8339946442551387,0.4736648908250743,1.2090395140041021,-0.45744005111962494,-0.4938472330392964,1.5654117649253938,0.0,0.0,49.326439616621656,0.0,0.0,0.0,0.0,57.59228269699432,3.0607402312946017,3.113666448230793,63.54525573802395,25.992703853705095,25.534521792933766,Elvis Alvarado,0.4313566206336312,1.1286234362680034,,4.0619041949444155,1.2998436232058281,PIT,-3.2121400727727143,0.0,0.0,1.7728268206121702,0.0,0.0
16153,0.7777021249531357,0.2465255378660919,0.5553157705252273,0.2634607667441193,-0.278694941712254,0.0,0.0,0.0,0.0,0.0,1.5643092583763205,207.48765432098764,181.61521839269832,41.460193788469496,3.4122092740485583,26.289606131714475,18.780900324188895,4.506092157868203,0.0,0.0,0.0,0.0,0.0,0.0,Austin Slater,0.22839506172839505,2.0,0.2282859011232308,,,HIT,-3.2132425793217876,0.0,0.0,3.1408867453164864,0.0,0.0
33527,0.0,0.0,0.0,0.0,0.0,2.3435076272225377,0.0,1.897085579322996,-1.19664870075835,-1.4926769353305613,1.5512675704566221,0.0,0.0,105.92795148563071,0.0,0.0,0.0,0.0,112.4069825436409,8.60061647445235,0.0,99.70789779711706,53.001231235085974,48.60099794520881,Hurston Waldrep,0.12718204488778054,1.3344366747124805,,4.243607205900923,1.3747273161686837,PIT,-3.226284267241486,0.0,0.0,2.165445155544095,0.0,0.0
11680,0.662410296931133,0.4360137483188843,0.7606194950704703,0.0,-0.30944725589858363,0.0,0.0,0.0,0.0,0.0,1.5495962844219038,253.33333333333334,230.83763763763764,53.40871953055429,6.034953492057687,22.39225693894165,25.724317009837986,0.0,0.0,0.0,0.0,0.0,0.0,0.0,Elias Díaz,0.4444444444444444,2.0,0.23136919991528324,,,HIT,-3.227955553276204,0.0,0.0,3.116763111715975,0.0,0.0
16725,0.6618014846010194,0.3988766359593194,0.665352002137082,0.0,-0.17793846304798552,0.0,0.0,0.0,0.0,0.0,1.5480916596494354,222.8313253012048,207.13037275817018,49.59142601491137,5.520931292566442,22.37167651894115,22.502349646611346,0.0,0.0,0.0,0.0,0.0,0.0,0.0,Jose Trevino,0.39759036144578314,2.0,0.23942131399922975,,,HIT,-3.2294601780486727,0.0,0.0,3.1047370956764784,0.0,0.0
20626,0.9833563477585345,0.3461348601952483,0.8561902869943535,0.055783681859882285,-0.7047012512024229,0.0,0.0,0.0,0.0,0.0,1.5367639256055958,319.4765625,277.2025530053935,58.52072974887968,4.7909218260027515,33.241584715035934,28.9565420109911,0.954094283077695,0.0,0.0,0.0,0.0,0.0,0.0,Logan Porter,0.0234375,1.8780720416697234,0.21111179934818655,,,HIT,-3.2407879120925123,0.0,0.0,2.927064110406196,0.0,0.0
29921,0.0,0.0,0.0,0.0,0.0,1.707746350065858,0.0,1.924597687421493,-1.0841807517192834,-1.0262139454411783,1.5219493403268893,0.0,0.0,84.16994332074098,0.0,0.0,0.0,0.0,99.65,6.267387919692723,0.0,101.15389184839603,47.07073659409959,48.248704826937974,Spencer Arrighetti,0.5,1.5052684395383842,,4.251245653255356,1.3288374124202604,PIT,-3.2556024973712185,0.0,0.0,2.404098643376436,0.0,0.0
27763,0.8159555062660122,0.516896520149812,0.8833045444181007,0.11341455005207195,-0.82106401128976,0.0,0.0,0.0,0.0,0.0,1.5085071095962368,298.0815450643777,273.3601607746078,55.60323316482917,7.154468113306206,27.582731475794525,29.8735521033898,1.9397818540251384,0.0,0.0,0.0,0.0,0.0,0.0,Drew Romo,0.463519313304721,2.0,0.2034064986180463,,,HIT,-3.2690447281018713,0.0,0.0,3.0740871836456156,0.0,0.0
29519,0.0,0.0,0.0,0.0,0.0,1.3413180079936997,0.17616015329574952,1.1618396898662078,-0.634952467608163,-0.5383331604531618,1.5060322230943324,0.0,0.0,76.59827444903569,0.0,0.0,0.0,0.0,83.5,4.922604741296521,1.158000032209971,61.06450563772402,37.598363780211386,29.515366884913444,Gordon Graceffo,0.5,1.0,,4.052518251759311,1.2708220519035824,PIT,-3.2715196146037755,0.0,0.0,1.5060322230943324,0.0,0.0
26413,0.0,0.0,0.0,0.0,0.0,1.0899254183389275,0.07699190745264124,1.3318502695024161,-0.3805025100199702,-0.6161567720252119,1.5021083132488027,0.0,0.0,48.0,0.0,0.0,0.0,0.0,61.3,4.0,0.5061112268696969,70.0,27.0,33.0,Porter Hodge,0.0,1.0603588907014683,,3.9641109298531814,1.3213703099510605,PIT,-3.2754435244493054,0.0,0.0,1.5957542038839332,0.0,0.0
33043,0.0,0.0,0.0,0.0,0.0,1.856243613482994,0.0,1.4015182732691136,-1.3113105397101465,-0.44726158082505996,1.4991897662169011,0.0,0.0,92.12594984147077,0.0,0.0,0.0,0.0,95.5103448275862,6.812369295183348,0.0,73.66164303551238,46.869109161828476,26.836177447079034,Brendan Beck,0.13793103448275862,1.5705105061737312,,4.416505701219306,1.2455418049562947,PIT,-3.278362071481207,0.0,0.0,2.4610307541326364,0.0,0.0
10197,0.0,0.0,0.0,0.0,0.0,1.0176028770083225,0.07699190745264124,0.7904617833280573,-0.28747624760145435,-0.09972787490695459,1.4978524452806123,0.0,0.0,34.84401738418222,0.0,0.0,0.0,0.0,41.54545454545454,3.7345780174910446,0.5061112268696969,41.54545454545454,18.450368756187427,15.47710086826829,Shelby Miller,0.09090909090909091,1.564551422319475,,3.9969070172047165,1.2112304174550452,PIT,-3.2796993924174958,0.0,0.0,2.3545672354770577,0.0,0.0
22387,0.0,0.0,0.0,0.0,0.0,1.3624067729236595,0.07699190745264124,1.2176916749736377,-0.4954250777062043,-0.6651738030853216,1.4964914745584128,0.0,0.0,78.0,0.0,0.0,0.0,0.0,79.3,5.0,0.5061112268696969,64.0,35.0,25.0,Josh Winckowski,0.0,1.0,,3.9722572509457756,1.2988650693568726,PIT,-3.2810603631396953,0.0,0.0,1.4964914745584128,0.0,0.0
25942,0.0,0.0,0.0,0.0,0.0,0.7499241776310139,0.07699190745264124,0.9481978651971007,-0.049874127165353783,-0.24190489929278877,1.4833349238226134,0.0,0.0,35.403443648135806,0.0,0.0,0.0,0.0,41.74411764705883,2.752203646278536,0.5061112268696969,49.83582019966445,17.04141643320771,17.166714892505432,Andrew Nardi,0.2647058823529412,1.5571056154442329,,3.67411641552988,1.2593429087450165,PIT,-3.294216913875495,0.0,0.0,2.3180708465187396,0.0,0.0
30179,0.0,0.0,0.0,0.0,0.0,1.3624067729236595,0.07699190745264124,1.3889295667668056,-0.8556520908045135,-0.4912207524576417,1.481455403880951,0.0,0.0,101.0,0.0,0.0,0.0,0.0,93.3,5.0,0.5061112268696969,73.0,43.0,16.0,Pierson Ohl,0.0,1.0,,4.147909967845659,1.2540192926045017,PIT,-3.296096433817157,0.0,0.0,1.481455403880951,0.0,0.0
30145,0.0,0.0,0.0,0.0,0.0,0.9110201011705007,0.7711696283543991,0.9228573335977154,-0.46267109108587756,-0.6626439188065726,1.479732053230165,0.0,0.0,50.77384363010343,0.0,0.0,0.0,0.0,53.197184377838326,3.3434218005812437,5.069332864251615,48.50396086639293,24.251668065441677,21.309111035969124,Dylan Smith,0.36421435059037244,2.0,,4.102942949738204,1.3550144713317185,PIT,-3.297819784467943,0.0,0.0,3.0473256321340596,0.0,0.0
27500,0.0,0.0,0.0,0.0,0.0,1.6590548335672954,0.0,1.9645480776541429,-1.3066990067833788,-0.8463476051616602,1.4705562992763994,0.0,0.0,125.65441726661429,0.0,0.0,0.0,0.0,124.35,6.088691228417205,0.0,103.25362286195079,58.59747003377153,33.37178920647119,Slade Cecconi,0.5,1.2062726176115803,,4.241071413783223,1.2788597223408564,PIT,-3.3069955384217087,0.0,0.0,1.821017705335093,0.0,0.0
21318,0.0,0.0,0.0,0.0,0.0,1.6348881275083915,0.07699190745264124,1.9597225394106979,-1.1039202090965428,-1.0995355368902862,1.4681468283849017,0.0,0.0,89.0,0.0,0.0,0.0,0.0,96.7,6.0,0.5061112268696969,102.99999999999999,46.0,41.0,Tylor Megill,0.0,1.0,,4.2812823164426055,1.344364012409514,PIT,-3.309405009313206,0.0,0.0,1.4681468283849017,0.0,0.0
19222,0.0,0.0,0.0,0.0,0.0,1.1625986970536615,0.27532839913885776,1.33475101927552,-0.7112982961479744,-0.5958230831709332,1.465556736149132,0.0,0.0,59.711280091540935,0.0,0.0,0.0,0.0,67.1,4.266709180250111,1.809888837550245,70.15245894284583,31.45219078032077,27.853529506813963,Lake Bachar,0.5,1.0,,4.2186246948269295,1.3049897108547677,PIT,-3.311995101548976,0.0,0.0,1.465556736149132,0.0,0.0
31687,0.0,0.0,0.0,0.0,0.0,1.2751244376719373,0.0,2.0554585010997197,-1.1886659661974586,-0.6808256632261747,1.4610913093480236,0.0,0.0,96.88800535657789,0.0,0.0,0.0,0.0,111.17631874298542,4.679675934580028,0.0,108.03173477656405,52.447438355629615,44.056806489620165,Shane Smith,0.21436588103254772,1.3492081919600718,,4.245750808604181,1.2677592983810761,PIT,-3.3164605283500848,0.0,0.0,2.0406246103306196,0.0,0.0
29318,0.0,0.0,0.0,0.0,0.0,1.3161678567213693,0.07699190745264124,1.1454039352306593,-0.5405287525541618,-0.5405513124204474,1.4574836344300608,0.0,0.0,56.39449207664594,0.0,0.0,0.0,0.0,61.226213592233016,4.830304292663403,0.5061112268696969,60.20066767422814,27.98799498880811,23.430678473902784,Welinton Herrera,0.029126213592233014,1.06163677592249,,4.114119428924269,1.3037744107807299,PIT,-3.3200682032680473,0.0,0.0,1.5506153209663336,0.0,0.0
12092,0.7987170773320856,0.2889922839622218,0.6800665836892903,0.29233841376733016,-0.6052919889640453,0.0,0.0,0.0,0.0,0.0,1.4548223697868827,259.0,221.0,46.0,4.0,27.0,23.0,5.0,0.0,0.0,0.0,0.0,0.0,0.0,Niko Goodrum,0.0,2.0,0.2081447963800905,,,HIT,-3.322729467911225,0.0,0.0,2.9436555704595215,0.0,0.0
17536,0.0,0.0,0.0,0.0,0.0,0.8174440637541958,0.07699190745264124,0.875215891387302,0.017958853232038257,-0.3337919992967183,1.453818716529459,0.0,0.0,39.0,0.0,0.0,0.0,0.0,42.7,3.0,0.5061112268696969,46.0,17.0,16.0,Ryan Burr,0.0,1.5222482435597189,,3.5831381733021077,1.2880562060889928,PIT,-3.323733121168649,0.0,0.0,2.2215239967841955,0.0,0.0
25474,0.0,0.0,0.0,0.0,0.0,1.6348881275083917,0.07699190745264124,1.3699031343453423,-0.9468499431458368,-0.6824220085113187,1.4525112176492199,0.0,0.0,98.0,0.0,0.0,0.0,0.0,94.3,6.000000000000001,0.5061112268696969,72.0,44.0,23.0,Nathan Wiles,0.0,1.0,,4.199363732767763,1.2831389183457051,PIT,-3.3250406200488882,0.0,0.0,1.4525112176492199,0.0,0.0
31701,0.0,0.0,0.0,0.0,0.0,1.264426630634498,0.17616015329574952,1.3836299911833445,-0.5433833106336744,-0.8301453345565022,1.4506881299234153,0.0,0.0,78.2743218428828,0.0,0.0,0.0,0.0,82.2795631825273,4.640415240747442,1.158000032209971,72.7214624651607,36.51309757838244,30.661321689175953,Blade Tidwell,0.45397815912636513,1.0,,3.9939186049935973,1.323969638613639,PIT,-3.3268637077746925,0.0,0.0,1.4506881299234153,0.0,0.0
4940,0.887463419257873,0.4334884259433327,0.8279071453608752,0.05846768275346603,-0.7588800340964085,0.0,0.0,0.0,0.0,0.0,1.4484466392191386,274.0,247.0,50.0,6.0,30.0,28.0,1.0,0.0,0.0,0.0,0.0,0.0,0.0,Jason Heyward,0.0,2.0,0.20242914979757085,,,HIT,-3.3291051984789695,0.0,0.0,2.9446935352331414,0.0,0.0
19562,1.077202168733343,0.5021536239092435,1.0483093851342273,0.1556545775222837,-1.3396099256550298,0.0,0.0,0.0,0.0,0.0,1.4437098296440678,348.85897435897436,301.5510990967722,53.98930886104178,6.950408737900932,36.41396857689535,35.45405175958939,2.6622327103096337,0.0,0.0,0.0,0.0,0.0,0.0,Zack Short,0.1987179487179487,1.7198926904560656,0.1790386737861493,,,HIT,-3.3338420080540403,0.0,0.0,2.5473066555326636,0.0,0.0
19948,0.757631437447184,0.3082192822249081,0.8096029539217722,0.1961803400436203,-0.6324758060626878,0.0,0.0,0.0,0.0,0.0,1.4391582075747966,277.6496350364963,247.76676596854256,52.3026256700354,4.2661247283017385,25.611132391712815,27.38094825830802,3.3553636950318593,0.0,0.0,0.0,0.0,0.0,0.0,Cristian Pache,0.08759124087591241,2.0,0.21109621165526268,,,HIT,-3.3383936301233117,0.0,0.0,2.918079771716963,0.0,0.0
30107,0.0,0.0,0.0,0.0,0.0,1.2275388355067562,0.0,1.944102416166662,-1.2010447944331153,-0.5332306533439971,1.4373658038963057,0.0,0.0,91.98627111174582,0.0,0.0,0.0,0.0,98.9,4.505037922237118,0.0,102.17903036691126,47.530053816094735,32.24968763974608,Christian Scott,0.5,1.5166835187057632,,4.3252829559641315,1.2561775404599786,PIT,-3.3401860338018023,0.0,0.0,2.275187011746895,0.0,0.0
16535,0.78005860482304,0.5983040584337558,0.8118953932423615,0.034034091123887715,-0.7877197691642192,0.0,0.0,0.0,0.0,0.0,1.436572378458826,260.19910514541385,227.31979266005484,44.55935704844438,8.281246131982796,26.36926507265003,27.458479055494852,0.5821009063655791,0.0,0.0,0.0,0.0,0.0,0.0,Danny Jansen,0.4407158836689038,2.0,0.19602057756176397,,,HIT,-3.340979459239282,0.0,0.0,2.918991963433251,0.0,0.0
13755,0.7099707354062984,0.36124035495277723,0.6800665836892903,0.0,-0.3197968436542602,0.0,0.0,0.0,0.0,0.0,1.4314808303941058,241.0,222.0,51.0,5.0,24.0,23.0,0.0,0.0,0.0,0.0,0.0,0.0,0.0,Tomás Nido,0.0,2.0,0.22972972972972974,,,HIT,-3.346071007304002,0.0,0.0,2.8804580851735584,0.0,0.0
22288,0.0,0.0,0.0,0.0,0.0,0.6493115464495638,0.17616015329574952,1.0342564637119604,-0.24443783553363896,-0.1902888148454691,1.4250015130781657,0.0,0.0,57.85568573392034,0.0,0.0,0.0,0.0,59.84409722222222,2.382957716277982,1.158000032209971,54.358927664507924,25.548394261307692,15.302992109105798,Mason Englert,0.3923611111111111,1.0861555778614573,,3.8422427444754916,1.2224877847411115,PIT,-3.3525503246199424,0.0,0.0,1.5496669332557576,0.0,0.0
17594,0.0,0.0,0.0,0.0,0.0,1.9355367628861746,0.0,2.0379726918336325,-1.3818616456498891,-1.1677800767889837,1.423867732280934,0.0,0.0,129.97070972333452,0.0,0.0,0.0,0.0,131.1,7.103373241211234,0.0,107.11270755807395,61.85271924737418,41.921097223564665,Mitch Keller,0.5,1.1441647597254005,,4.246182099362072,1.311150319961092,PIT,-3.353684105417174,0.0,0.0,1.6681231770126435,0.0,0.0
17837,0.7595915767071744,0.5696921424822934,1.0517547517649175,0.11509321408662626,-1.074322813304361,0.0,0.0,0.0,0.0,0.0,1.4218088717366502,276.8015873015873,245.1915294924554,44.28207521821934,7.885222880992432,25.677393351346378,35.57057480954722,1.9684928265744104,0.0,0.0,0.0,0.0,0.0,0.0,Jakson Reetz,0.007936507936507936,2.0,0.18060197801238442,,,HIT,-3.3557429659614577,0.0,0.0,2.911294864923088,0.0,0.0
19452,0.7763398582700617,0.447437377746415,0.7605190656093115,0.03432506858774772,-0.6033105234164706,0.0,0.0,0.0,0.0,0.0,1.4153108467970652,221.91534391534393,199.69336846154405,40.654802779014474,6.193070231659275,26.243555782364417,25.720920463584935,0.5870776294056718,0.0,0.0,0.0,0.0,0.0,0.0,Jake Rogers,0.3386243386243386,2.0,0.20358614355710852,,,HIT,-3.362240990901043,0.0,0.0,2.861308561055277,0.0,0.0
24728,0.0,0.0,0.0,0.0,0.0,1.136539498252435,0.0,1.9549219163326341,-0.8469805545640525,-0.8318759169568845,1.412604943064132,0.0,0.0,106.21298411980061,0.0,0.0,0.0,0.0,112.75,4.1710725491090885,0.0,102.74768664078881,50.83085735527674,38.85088778059111,Mike Burrows,0.5,1.3303769401330376,,4.057452028359119,1.2865975334846271,PIT,-3.364946894633976,0.0,0.0,1.938206247243288,0.0,0.0
27926,0.0,0.0,0.0,0.0,0.0,1.034683887414547,0.0,1.1863255161723247,-0.5179649856573274,-0.2931089898227038,1.4099354281068408,0.0,0.0,74.58479674829348,0.0,0.0,0.0,0.0,79.24411764705883,3.7972649137458596,0.0,62.351442976459964,35.12272728676507,22.924443134511947,Coleman Crow,0.2647058823529412,1.8928849794009575,,3.988996975002825,1.230491836846448,PIT,-3.3676164095912675,0.0,0.0,2.7461012578350426,0.0,0.0
33248,0.0,0.0,0.0,0.0,0.0,0.9751922432804956,0.07699190745264124,0.9401642076866953,-0.2869438584181586,-0.30113935932843466,1.404265140673239,0.0,0.0,39.248318199783625,0.0,0.0,0.0,0.0,47.90961357210179,3.5789320145105408,0.5061112268696969,49.41358352741564,21.010767080907126,21.431222783795437,Craig Yoho,0.34024505183788883,1.3567214417661282,,3.9469511363013163,1.2665420665992038,PIT,-3.373286697024869,0.0,0.0,1.915704138155085,0.0,0.0
30094,0.0,0.0,0.0,0.0,0.0,1.1402652776056565,0.19833649168621653,1.3202789185072266,-0.6740816141225363,-0.5812855745867772,1.4035134990897857,0.0,0.0,79.24356963243667,0.0,0.0,0.0,0.0,79.56209386281589,4.184746069482252,1.303777610680548,69.39182760388982,36.257753910515774,22.84313357752519,Jordan Wicks,0.15764139590854392,1.885319914514014,,4.101447930182625,1.2831072971254855,PIT,-3.3740383386083224,0.0,0.0,2.7642768334227026,0.0,0.0
25814,0.9466276472083979,0.5057364969338881,1.005315819366777,0.1754030482603981,-1.2388074819061492,0.0,0.0,0.0,0.0,0.0,1.3942755298633118,289.0,255.0,44.0,7.0,32.0,34.0,3.0,0.0,0.0,0.0,0.0,0.0,0.0,C.J. Stubbs,0.0,2.0,0.17254901960784313,,,HIT,-3.3832763078347963,0.0,0.0,2.869735398221717,0.0,0.0
33027,0.0,0.0,0.0,0.0,0.0,0.9594341552678656,0.07699190745264124,0.9290383249224696,-0.3613404563264879,-0.21247380223496395,1.3916501290815246,0.0,0.0,45.89953153847194,0.0,0.0,0.0,0.0,49.59711934156378,3.5211002115358174,0.5061112268696969,48.828824255799645,22.15957740777068,15.50547525620685,Luis Gastelum,0.27983539094650206,1.310559985396736,,4.021124599928185,1.2380760739710879,PIT,-3.3859017086165837,0.0,0.0,1.8327727069818114,0.0,0.0
30195,0.0,0.0,0.0,0.0,0.0,0.9359431425148398,0.07699190745264124,0.8819115163857628,-0.19659415213371054,-0.31023193079402756,1.3880204834255057,0.0,0.0,36.01260637173872,0.0,0.0,0.0,0.0,41.249344096871845,3.4348887612557544,0.5061112268696969,46.35191174310259,17.76176696915927,16.94258429857692,Franco Aleman,0.29364278506559033,1.5757826317759387,,3.87535623225961,1.2837826110871788,PIT,-3.389531354272602,0.0,0.0,2.201897584597977,0.0,0.0
27819,0.0,0.0,0.0,0.0,0.0,1.7856290992885717,0.0,1.9005491912198675,-1.2826378877552789,-1.0186687823192284,1.3848716204339322,0.0,0.0,119.06361966005775,0.0,0.0,0.0,0.0,119.25,6.553215731072363,0.0,99.8899399067542,56.3584027056841,36.50605847553905,Brandon Young,0.5,1.2578616352201257,,4.25346435514597,1.304567531535403,PIT,-3.392680217264176,0.0,0.0,1.8049326852962357,0.0,0.0
21863,0.0,0.0,0.0,0.0,0.0,0.9309111792087071,0.37449664498196605,1.2522039898355135,-0.726633568091486,-0.45622505618514575,1.3747531897495548,0.0,0.0,60.01765947022464,0.0,0.0,0.0,0.0,67.74413892908828,3.4164215772761333,2.461777642890519,65.81391414309199,31.810992119589503,26.290766798673154,George Soriano,0.4934876989869755,1.0,,4.226180059296218,1.2740353281225085,PIT,-3.4027986479485532,0.0,0.0,1.3747531897495548,0.0,0.0
19665,0.0,0.0,0.0,0.0,0.0,1.6348881275083913,0.07699190745264124,1.4460088640311948,-1.0178534026696724,-0.7680898290491691,1.3719456672733856,0.0,0.0,85.0,0.0,0.0,0.0,0.0,90.7,5.999999999999999,0.5061112268696969,76.0,43.0,33.0,Kyle Wright,0.0,1.0,,4.266813671444321,1.300992282249173,PIT,-3.4056061704247225,0.0,0.0,1.3719456672733856,0.0,0.0
31989,0.0,0.0,0.0,0.0,0.0,1.7369956317299184,0.07699190745264124,1.4013805382258293,-1.0402899331969706,-0.8044741167939653,1.3706040274174527,0.0,0.0,96.26315789473684,0.0,0.0,0.0,0.0,96.26315789473684,6.374732078006369,0.5061112268696969,73.65440389365787,45.40696711077766,28.861695646526208,Thomas Harrington,0.07894736842105263,1.0,,4.245265924517758,1.2998207858305073,PIT,-3.4069478102806556,0.0,0.0,1.3706040274174527,0.0,0.0
20521,0.6301316609178266,0.0,0.4841369216124498,0.20038326039257806,0.05570132746280796,0.0,0.0,0.0,0.0,0.0,1.3703531703856626,214.5369774919614,195.34219764490337,50.47584892912118,0.0,21.301103141065713,16.373616148994298,3.427248198590513,0.0,0.0,0.0,0.0,0.0,0.0,Nick Madrigal,0.19614147909967847,2.0,0.2583970567428401,,,HIT,-3.4071986673124455,0.0,0.0,2.736646556441295,0.0,0.0
23974,0.0,0.0,0.0,0.0,0.0,0.8174440637541958,0.07699190745264124,1.0084009183375438,-0.0688740186006359,-0.46383096520331785,1.370131905740427,0.0,0.0,43.0,0.0,0.0,0.0,0.0,51.3,3.0,0.5061112268696969,53.0,21.0,24.0,Randy Rodríguez,0.0,1.267056530214425,,3.68421052631579,1.3060428849902534,PIT,-3.407419931957681,0.0,0.0,1.7431798818377588,0.0,0.0
8623,0.5916422795052486,0.2889922839622218,0.7096346960236073,0.0,-0.22263225783653098,0.0,0.0,0.0,0.0,0.0,1.3676370016545467,292.0,263.0,63.0,4.0,20.0,24.0,0.0,0.0,0.0,0.0,0.0,0.0,0.0,Donovan Solano,0.0,2.0,0.23954372623574144,,,HIT,-3.409914836043561,0.0,0.0,2.7493471533685794,0.0,0.0
22192,0.0,0.0,0.0,0.0,0.0,1.0899254183389275,0.07699190745264124,1.0654802156019332,-0.45749824825296376,-0.41123619173339343,1.3636631014071452,0.0,0.0,39.0,0.0,0.0,0.0,0.0,47.7,4.0,0.5061112268696969,56.00000000000001,22.0,23.0,Hans Crouse,0.0,1.3626834381551363,,4.150943396226415,1.29979035639413,PIT,-3.413888736290963,0.0,0.0,1.873887000185681,0.0,0.0
23499,0.0,0.0,0.0,0.0,0.0,0.9732147878430267,0.27532839913885776,1.071934025313394,-0.5073777970868139,-0.45736372767499867,1.355735687533466,0.0,0.0,62.12771389877638,0.0,0.0,0.0,0.0,65.90681458003169,3.5716748007445474,1.809888837550245,56.33920230385286,29.667624590742445,22.027661663982254,Keaton Winn,0.44532488114104596,1.0,,4.051305210517332,1.2768842812235663,PIT,-3.4218161501646422,0.0,0.0,1.355735687533466,0.0,0.0
16572,0.8768914404031052,0.2783587317989178,0.6837823008109373,0.28825096629066177,-0.7736213764369394,0.0,0.0,0.0,0.0,0.0,1.353662062866683,293.3050847457627,257.70606623615265,52.45231232307989,3.8528188778258996,29.642622604198994,23.12566636245272,4.930090482738927,0.0,0.0,0.0,0.0,0.0,0.0,Connor Joe,0.15254237288135594,2.0,0.20353541959316726,,,HIT,-3.423889774831425,0.0,0.0,2.7580970031884244,0.0,0.0
21587,0.7308930646201368,0.31209997814156243,0.853759965084677,0.09946492883821723,-0.6431940797284053,0.0,0.0,0.0,0.0,0.0,1.353023856956188,260.05147058823525,222.41423268203027,45.72664813042844,4.319838216612888,24.70726281533951,28.874347994606232,1.7011949876245238,0.0,0.0,0.0,0.0,0.0,0.0,César Salazar,0.08088235294117647,2.0,0.20559227518411807,,,HIT,-3.42452798074192,0.0,0.0,2.742487217605823,0.0,0.0
30061,0.0,0.0,0.0,0.0,0.0,1.0751857298990866,0.07699190745264124,1.279625177916946,-0.43484196420089866,-0.6471783600814045,1.349782490986371,0.0,0.0,75.93880584392254,0.0,0.0,0.0,0.0,75.79281045751634,3.945905698897069,0.5061112268696969,67.25512957823051,33.19414289686384,22.650323241092146,Will Dion,0.34640522875817,1.0,,3.94163093132995,1.300771517639872,PIT,-3.427769346711737,0.0,0.0,1.349782490986371,0.0,0.0
18551,0.6246006204832594,0.3095050390515439,0.6870122335634925,0.03528122860379733,-0.3109618518934979,0.0,0.0,0.0,0.0,0.0,1.345437269808595,222.2316715542522,202.53567459669057,46.2209907317966,4.28392114568711,21.114130687400216,23.234903391723826,0.6034312793370593,0.0,0.0,0.0,0.0,0.0,0.0,Ali Sánchez,0.2668621700879765,2.0,0.2282116018515577,,,HIT,-3.432114567889513,0.0,0.0,2.706342982550099,0.0,0.0
25648,0.0,0.0,0.0,0.0,0.0,1.0929170120754081,0.07699190745264124,0.9167721741517066,-0.391458171130033,-0.35474936008347796,1.3404735624662452,0.0,0.0,44.4373638385035,0.0,0.0,0.0,0.0,46.860888129803584,4.010979076865791,0.5061112268696969,48.18413425301563,21.24581778807909,15.768456458375862,Justin Slaten,0.4022203245089667,1.3870842528624616,,4.0804254405733404,1.2847776194533622,PIT,-3.4370782752318627,0.0,0.0,1.873735869288762,0.0,0.0
23313,0.0,0.0,0.0,0.0,0.0,1.054547550302729,0.07699190745264124,1.1079801491618946,-0.2208893457821852,-0.6796338149649169,1.338996446170163,0.0,0.0,58.276012771427,0.0,0.0,0.0,0.0,64.22222222222223,3.8701640775013204,0.5061112268696969,58.23373108623448,27.161081571997233,27.09473297602902,José Buttó,0.027777777777777776,1.0121107266435985,,3.8063107393283317,1.3293022694240557,PIT,-3.438555391527945,0.0,0.0,1.3557538835638643,0.0,0.0
21844,0.0,0.0,0.0,0.0,0.0,1.1910229948096254,0.0,1.5279280267673756,-0.6546022416164553,-0.7260361823186253,1.3383125976419206,0.0,0.0,88.98201205144404,0.0,0.0,0.0,0.0,91.04690265486725,4.371025667516857,0.0,80.30554509229857,40.77889252184884,28.810270000126383,Braxton Garrett,0.11504424778761062,1.6475025028430355,,4.0309996495747855,1.2937538633037002,PIT,-3.4392392400561875,0.0,0.0,2.299905046067327,0.0,0.0
17766,0.8578813052826105,0.5779845679244436,0.8574752576951922,0.11693536550693207,-1.074902333656655,0.0,0.0,0.0,0.0,0.0,1.3353741627525233,307.0,264.0,49.0,8.0,29.0,29.0,2.0,0.0,0.0,0.0,0.0,0.0,0.0,DJ Stewart,0.0,1.9543973941368078,0.1856060606060606,,,HIT,-3.442177674945585,0.0,0.0,2.6776801439218723,0.0,0.0
19318,0.680388621431036,0.2889922839622218,0.7392028083579243,0.11693536550693207,-0.501473972242647,0.0,0.0,0.0,0.0,0.0,1.324045107015467,270.0,230.0,50.0,4.0,23.0,25.0,2.0,0.0,0.0,0.0,0.0,0.0,0.0,Matt Thaiss,0.0,2.0,0.21739130434782608,,,HIT,-3.453506730682641,0.0,0.0,2.6771849290572627,0.0,0.0
19444,0.0,0.0,0.0,0.0,0.0,1.0891668576447164,0.17616015329574952,1.4120753859166624,-0.6868032802083381,-0.6775563294284461,1.313042787220344,0.0,0.0,57.80291715304577,0.0,0.0,0.0,0.0,67.9,3.9972161005461553,1.158000032209971,74.21650862532415,31.619518321187982,31.889355755218897,Yohan Ramírez,0.5,1.0,,4.191099630201647,1.320946581859568,PIT,-3.464509050477764,0.0,0.0,1.313042787220344,0.0,0.0
32070,0.0,0.0,0.0,0.0,0.0,1.4701093832320873,0.0,1.309741922796813,-0.5898399766731965,-0.8834313037457407,1.306580025609963,0.0,0.0,75.38279582820394,0.0,0.0,0.0,0.0,76.90171673819744,5.395265982410316,0.0,68.83801932932715,34.63903536803596,27.9565502538379,Kohl Drake,0.24892703862660942,1.9505416310881174,,4.05389283276527,1.3437846444163022,PIT,-3.470971812088145,0.0,0.0,2.697359628101858,0.0,0.0
21535,1.0057918751589228,0.36124035495277723,0.8279071453608752,0.23387073101386413,-1.122359230077361,0.0,0.0,0.0,0.0,0.0,1.306450876409078,342.0,299.0,57.0,5.0,34.0,28.0,4.0,0.0,0.0,0.0,0.0,0.0,0.0,Connor Kaiser,0.0,1.7543859649122806,0.19063545150501673,,,HIT,-3.47110096128903,0.0,0.0,2.348923049613272,0.0,0.0
30161,0.0,0.0,0.0,0.0,0.0,1.4290201747194757,0.07699190745264124,1.594495059699532,-1.0426048096944989,-0.7533433286957881,1.3045590034813621,0.0,0.0,83.41091904490436,0.0,0.0,0.0,0.0,92.19734513274337,5.244469578101359,0.5061112268696969,83.80420587418348,43.76950944688966,36.145110327646684,Carlos Rodriguez,0.11504424778761062,1.0,,4.2726347971825325,1.2967404777265263,PIT,-3.472992834216746,0.0,0.0,1.3045590034813621,0.0,0.0
25921,0.0,0.0,0.0,0.0,0.0,1.389921124301194,0.07699190745264124,0.9600857467062605,-0.6004093566827196,-0.5287131814232983,1.297876240354078,0.0,0.0,56.5939289198072,0.0,0.0,0.0,0.0,59.922801788375565,5.10097700600273,0.5061112268696969,50.460628952342084,27.841809786318738,21.52087790341472,Casey Legumina,0.47839046199701946,1.0847289856297968,,4.181651735207715,1.3035906948926315,PIT,-3.47967559734403,0.0,0.0,1.4125747934860389,0.0,0.0
31508,0.0,0.0,0.0,0.0,0.0,1.7721191776085405,0.07699190745264124,1.6956931474037744,-1.4296352900253437,-0.8199378373654476,1.2952311050741647,0.0,0.0,87.44327233458434,0.0,0.0,0.0,0.0,95.84269662921349,6.503634644320131,0.5061112268696969,89.1230215860604,47.776752188719485,37.41175784677307,Caden Dana,0.21348314606741572,1.0,,4.48642186438034,1.3027078178359681,PIT,-3.4823207326239434,0.0,0.0,1.2952311050741647,0.0,0.0
24993,0.0,0.0,0.0,0.0,0.0,1.025809095098716,0.17616015329574952,0.9893032190510223,-0.22105244185640618,-0.6784455214913012,1.2917745040977804,0.0,0.0,52.11050029363413,0.0,0.0,0.0,0.0,57.53719008264463,3.764694639976646,1.158000032209971,51.99625432327618,24.471234012754422,25.333442300700586,Kody Funderburk,0.4214876033057851,1.1297041080149381,,3.8278043435635687,1.3459806167645074,PIT,-3.4857773336003275,0.0,0.0,1.4651128403901148,0.0,0.0
13799,0.0,0.0,0.0,0.0,0.0,0.7453179555253279,0.07699190745264124,0.8891091494595027,-0.21935939309088512,-0.2020113691548364,1.2900482501917503,0.0,0.0,43.81789504961511,0.0,0.0,0.0,0.0,48.84068441064639,2.7352989222371207,0.5061112268696969,46.73020825788276,20.960012762721504,16.546819895008973,Matt Strahm,0.3346007604562738,1.3308576811391113,,3.8623560898211613,1.235951454674244,PIT,-3.4875035875063576,0.0,0.0,1.7239270113732295,0.0,0.0
23394,0.0,0.0,0.0,0.0,0.0,0.9703310089086749,0.37449664498196605,0.8556821606147001,-0.32967739155121417,-0.5816333859322446,1.2891990370218824,0.0,0.0,44.87122278020491,0.0,0.0,0.0,0.0,50.556746765249535,3.5610914016024418,2.461777642890519,44.97333717956675,22.34673673983284,22.93206639478667,PJ Poulin,0.35304990757855825,1.285683991927228,,3.9781165428297878,1.3411323614199906,PIT,-3.4883528006762257,0.0,0.0,1.6704197829156078,0.0,0.0
10028,0.7099707354062984,0.4334884259433327,0.7392028083579243,0.11693536550693207,-0.7104112761130417,0.0,0.0,0.0,0.0,0.0,1.2891860591014457,234.0,220.0,44.0,6.0,24.0,25.0,2.0,0.0,0.0,0.0,0.0,0.0,0.0,Christian Bethancourt,0.0,2.0,0.2,,,HIT,-3.4883657785966626,0.0,0.0,2.6183164923507207,0.0,0.0
11156,0.0,0.0,0.0,0.0,0.0,2.48755737961209,0.0,2.12909360680139,-1.4870188971721459,-1.8412991025540582,1.2883329866872766,0.0,0.0,150.2362433261316,0.0,0.0,0.0,0.0,147.0,9.129275591730623,0.0,111.90188258307586,69.05309390764357,50.866095161810364,Merrill Kelly,0.5,1.0204081632653061,,4.227740443325116,1.3680431189655917,PIT,-3.4892188510108317,0.0,0.0,1.3218249405383753,0.0,0.0
27597,0.0,0.0,0.0,0.0,0.0,1.2828816756609511,0.0,1.0510452205927805,-0.8783007751508344,-0.1695275647217597,1.2860985563811373,0.0,0.0,70.01482085068555,0.0,0.0,0.0,0.0,71.46196319018405,4.708144810921443,0.0,55.24131888262622,34.288515036412754,16.52769872969615,Cody Bradford,0.3865030674846626,2.0,,4.318334139609858,1.21102913657806,PIT,-3.4914532813169705,0.0,0.0,2.679067302149802,0.0,0.0
17992,0.7691349633568232,0.1444961419811109,0.7687709206922412,0.23387073101386413,-0.6334635377538147,0.0,0.0,0.0,0.0,0.0,1.2828092192902247,335.0,314.0,69.0,2.0,26.0,26.0,4.0,0.0,0.0,0.0,0.0,0.0,0.0,David Fletcher,0.0,1.791044776119403,0.2197452229299363,,,HIT,-3.4947426184078836,0.0,0.0,2.33313795078124,0.0,0.0
21345,0.0,0.0,0.0,0.0,0.0,0.7027587985866534,0.07699190745264124,0.8613101822135685,-0.12368595481271044,-0.2372087250064045,1.2801662084337482,0.0,0.0,35.8092741617133,0.0,0.0,0.0,0.0,41.64948453608247,2.579107842654682,0.5061112268696969,45.26913733138709,17.465925272633573,16.582803206870068,Bennett Sousa,0.27835051546391754,1.5606435643564358,,3.7741962284676016,1.257928590285294,PIT,-3.49738562926436,0.0,0.0,2.0081872199228323,0.0,0.0
29633,0.0,0.0,0.0,0.0,0.0,1.448167714554622,0.07699190745264124,1.188330011705983,-0.43926350044257945,-0.9946423119244873,1.2795838213461797,0.0,0.0,67.84004399837107,0.0,0.0,0.0,0.0,68.18275862068964,5.314740587522636,0.5061112268696969,62.45679617611693,30.15139721199324,26.771897075289722,Andrew Hoffmann,0.13793103448275862,1.0,,3.9799295364032954,1.387622662790757,PIT,-3.4979680163519284,0.0,0.0,1.2795838213461797,0.0,0.0
30002,0.0,0.0,0.0,0.0,0.0,1.0392110700638348,0.07699190745264124,0.6903034852659374,-0.18969950965779117,-0.3432290992029149,1.2735778539217075,0.0,0.0,42.35977053228584,0.0,0.0,0.0,0.0,44.9041095890411,3.813879564888458,0.5061112268696969,36.281288576581964,19.189159945298826,15.373977455801098,Grant Holman,0.0410958904109589,1.447528981086028,,3.846027481409801,1.2857118984534308,PIT,-3.5039739837764006,0.0,0.0,1.8555197156673369,0.0,0.0
30055,0.0,0.0,0.0,0.0,0.0,1.4640112245782226,0.0,1.5952822127097668,-0.9309700690095735,-0.8580538547679345,1.2702695135104811,0.0,0.0,89.07071437188188,0.0,0.0,0.0,0.0,92.61739518287244,5.372885887217533,0.0,83.84557742470847,43.21348909447483,32.52447091011921,Cade Povich,0.37555753791257807,1.6195661700896034,,4.1992263017368465,1.312876323523375,PIT,-3.507282324187627,0.0,0.0,2.1749792450485286,0.0,0.0
17735,0.0,0.0,0.0,0.0,0.0,1.4605020633174142,0.4736648908250743,1.238819334330287,-1.44619929116202,-0.4639798829474021,1.262807114363353,0.0,0.0,77.88660107397936,0.0,0.0,0.0,0.0,77.69999999999999,5.3600073500194325,3.113666448230793,65.11043725321915,40.4756290431876,20.29050750629571,Tyler Alexander,0.5,1.0,,4.688296800369221,1.2635406509687914,PIT,-3.514744723334755,0.0,0.0,1.262807114363353,0.0,0.0
10078,0.0,0.0,0.0,0.0,0.0,0.8759183706766961,0.37449664498196605,0.9236494620775397,-0.46979304447256137,-0.4419984273243434,1.2622730059392975,0.0,0.0,45.254375451676296,0.0,0.0,0.0,0.0,46.76405990016639,3.214599296203649,2.461777642890519,48.54559391994063,21.6995458751075,16.078631834017358,Caleb Thielbar,0.4176372712146423,1.3899563070179184,,4.176196705181122,1.3115415431557822,PIT,-3.5152788317588106,0.0,0.0,1.7721453625860064,0.0,0.0
21924,0.0,0.0,0.0,0.0,0.0,0.9432832204843794,0.27532839913885776,1.0802492496976999,-0.2052307178662006,-0.8333698292461714,1.2602603222085653,0.0,0.0,49.37259881338439,0.0,0.0,0.0,0.0,55.000826446280996,3.4618266703861833,1.809888837550245,56.77623769756786,23.350132796827168,27.288472741356273,Juan Morillo,0.4740796393688956,1.1818004237351805,,3.8208734077241187,1.3938167207290078,PIT,-3.5172915154895428,0.0,0.0,1.498724577627295,0.0,0.0
25551,0.0,0.0,0.0,0.0,0.0,1.6348881275083915,0.07699190745264124,0.7039779995941343,-0.48505728075221877,-0.6723673706212187,1.25843338318173,0.0,0.0,57.00000000000001,0.0,0.0,0.0,0.0,54.7,6.0,0.5061112268696969,37.0,25.0,17.0,Isaiah Campbell,0.0,1.1882998171846435,,4.113345521023766,1.352833638025594,PIT,-3.519118454516378,0.0,0.0,1.5061696535265354,0.0,0.0
22487,0.0,0.0,0.0,0.0,0.0,1.4369795070037437,0.07699190745264124,1.546853337021121,-0.8716486892769326,-0.933207496590063,1.2559685656105104,0.0,0.0,78.08296056173006,0.0,0.0,0.0,0.0,85.0102189781022,5.273680135632527,0.5061112268696969,81.30023026682433,39.741552175587096,35.59711424030582,Johan Oviedo,0.1484184914841849,1.0,,4.207423223699932,1.337251875934101,PIT,-3.5215832720875975,0.0,0.0,1.2559685656105104,0.0,0.0
18067,0.8132771540253242,0.21040585324719138,0.5836693715701365,0.1227922186850046,-0.4777941289258155,0.0,0.0,0.0,0.0,0.0,1.2523504686018412,220.21568627450978,197.01578087047233,42.059125308012526,2.9122694953986588,27.49219189356833,19.73982528782284,2.100172486786734,0.0,0.0,0.0,0.0,0.0,0.0,Garrett Stubbs,0.1830065359477124,2.0,0.21348099691396916,,,HIT,-3.525201369096267,0.0,0.0,2.5284370321495198,0.0,0.0
26944,0.0,0.0,0.0,0.0,0.0,0.9315450468703342,0.17616015329574952,1.1534850956038054,-0.6520171744676517,-0.36011950901021345,1.2490536122920244,0.0,0.0,45.196839648018,0.0,0.0,0.0,0.0,56.42844175491679,3.418747856307567,1.158000032209971,60.625401023819734,26.755939939948256,26.372684814905465,Edgardo Henriquez,0.470499243570348,1.151901381262869,,4.267412885604844,1.2683236013102805,PIT,-3.528498225406084,0.0,0.0,1.4464015376881432,0.0,0.0
19824,0.732750523941546,0.3046592722631812,0.760704708578755,0.04841059149162002,-0.6069210897261046,0.0,0.0,0.0,0.0,0.0,1.2396040065489977,269.65942028985506,248.66162214888627,52.954934937957646,4.216849918429067,24.770052760742416,25.727198949250322,0.8279888856848903,0.0,0.0,0.0,0.0,0.0,0.0,Chuckie Robinson,0.09420289855072464,2.0,0.21295982259076093,,,HIT,-3.5379478311491104,0.0,0.0,2.517450691196988,0.0,0.0
13770,0.588069084881117,0.40668231972834945,0.6277062714803195,0.09540854300589015,-0.4803430383521123,0.0,0.0,0.0,0.0,0.0,1.2375231807435638,197.87192118226602,174.78715381175402,36.399856771441826,5.62897132272933,19.879210977717154,21.229162835390035,1.6318167321285573,0.0,0.0,0.0,0.0,0.0,0.0,Rob Refsnyder,0.3842364532019704,2.0,0.20825247152113086,,,HIT,-3.5400286569545445,0.0,0.0,2.496213915507537,0.0,0.0
21101,0.0,0.0,0.0,0.0,0.0,0.8174440637541958,0.07699190745264124,1.0464537831804699,-0.2655723265570815,-0.4434063999465658,1.2319110278836596,0.0,0.0,43.0,0.0,0.0,0.0,0.0,50.7,3.0,0.5061112268696969,55.0,22.0,23.0,Dauri Moreta,0.0,1.282051282051282,,3.905325443786982,1.301775147928994,PIT,-3.5456408098144485,0.0,0.0,1.5893436723982532,0.0,0.0
20531,0.0,0.0,0.0,0.0,0.0,1.5813533826435713,0.07699190745264124,1.5806806317804991,-1.4538138420053885,-0.553775854449014,1.2314362254223092,0.0,0.0,93.44295258540605,0.0,0.0,0.0,0.0,97.56944444444444,5.803528777422557,0.5061112268696969,83.07814080780513,48.63977112165733,29.524415122349172,Kutter Crawford,0.027777777777777776,1.0,,4.486629421613373,1.2603061174317973,PIT,-3.546115612275799,0.0,0.0,1.2314362254223092,0.0,0.0
11339,0.5324780515547238,0.2889922839622218,0.5617941343520224,0.29233841376733016,-0.4592558526452966,0.0,0.0,0.0,0.0,0.0,1.2163470309910018,172.0,156.0,32.0,4.0,18.0,19.0,5.0,0.0,0.0,0.0,0.0,0.0,0.0,Jake Marisnick,0.0,2.0,0.20512820512820512,,,HIT,-3.5612048067071065,0.0,0.0,2.450673133010588,0.0,0.0
11847,0.0,0.0,0.0,0.0,0.0,0.9592379278218164,0.07699190745264124,0.6430907949006981,-0.2141317431830951,-0.2520277356167175,1.213161151375343,0.0,0.0,41.45958332356455,0.0,0.0,0.0,0.0,38.75000000000001,3.5203800615411573,0.5061112268696969,33.799862247178226,16.865664632251928,7.725258589050728,Chris Martin,0.16666666666666666,1.6774193548387093,,3.9171866242649633,1.2692862429062006,PIT,-3.5643906863227652,0.0,0.0,2.050906992904406,0.0,0.0
17161,0.631104028215163,0.41831192959078944,0.7896662155757233,0.0,-0.6305014032508601,0.0,0.0,0.0,0.0,0.0,1.2085807701308156,244.21568627450978,219.21910788096633,45.13142420876699,5.7899390787260305,21.333973249610004,26.7066834246037,0.0,0.0,0.0,0.0,0.0,0.0,0.0,Chad Wallach,0.0196078431372549,2.0,0.2058735875947131,,,HIT,-3.5689710675672925,0.0,0.0,2.4523587981214927,0.0,0.0
24862,0.0,0.0,0.0,0.0,0.0,0.9369403136160155,0.07699190745264124,1.058345457791094,-0.350918743591259,-0.5131160508671927,1.2082428844012991,0.0,0.0,43.31748622993223,0.0,0.0,0.0,0.0,49.09468650371945,3.438548355148685,0.5061112268696969,55.62500811225175,21.891322555213215,21.78081812393935,Ryan Fernandez,0.2561105207226355,1.3239721979908263,,4.013100337894864,1.3259745400134022,PIT,-3.569308953296809,0.0,0.0,1.6135816581563467,0.0,0.0
32155,0.0,0.0,0.0,0.0,0.0,1.7860625558490393,0.07699190745264124,1.3747025658909102,-1.1239826792263872,-0.905593255959106,1.2081810940070978,0.0,0.0,84.68095778219944,0.0,0.0,0.0,0.0,88.08110661268556,6.554806506195777,0.5061112268696969,72.25225073409736,42.62445635099591,32.23577772045834,John Klein,0.0553306342780027,1.0,,4.355305262521687,1.3273758697965685,PIT,-3.5693707436910103,0.0,0.0,1.2081810940070978,0.0,0.0
14111,0.5697621265457194,0.43492438626155805,0.6858477790510917,0.03644030374154401,-0.5200184621308661,0.0,0.0,0.0,0.0,0.0,1.206956133469047,209.0,190.90564687358352,39.81589523619113,6.0198754139527555,19.260358709393586,23.195521286460068,0.623255481069733,0.0,0.0,0.0,0.0,0.0,0.0,Eric Haase,0.25149700598802394,2.0,0.20856321375635872,,,HIT,-3.570595704229061,0.0,0.0,2.43904981231467,0.0,0.0
27765,0.0,0.0,0.0,0.0,0.0,0.7676799472233969,0.07699190745264124,1.151700889176152,-0.35827447872309576,-0.43194642272528294,1.2061518424038113,0.0,0.0,45.4878007569438,0.0,0.0,0.0,0.0,56.02702702702703,2.8173668924736504,0.5061112268696969,60.53162588047543,24.732663147012683,26.63733694462782,Yosver Zulueta,0.05405405405405406,1.160154365653642,,3.9729748325881444,1.287327590428437,PIT,-3.5713999952942967,0.0,0.0,1.4056181869206916,0.0,0.0
27694,0.0,0.0,0.0,0.0,0.0,0.7536146733728831,0.17616015329574952,1.0271567455167274,-0.4771741604931392,-0.2743006841734292,1.2054567275187915,0.0,0.0,48.80739855331124,0.0,0.0,0.0,0.0,54.19161073825504,2.765747676648958,1.158000032209971,53.98577740501818,24.744848302470754,18.895270461258967,Justin Sterner,0.412751677852349,1.1994476472373072,,4.109559241519748,1.2493201086340366,PIT,-3.5720951101793164,0.0,0.0,1.453345986513516,0.0,0.0
29950,0.0,0.0,0.0,0.0,0.0,0.9464811667066481,0.07699190745264124,1.0212178496944422,-0.5700824116605567,-0.2707356743355086,1.203872837857666,0.0,0.0,40.009581114758866,0.0,0.0,0.0,0.0,48.140789473684215,3.4735630558982944,0.5061112268696969,53.673638182554924,22.886903966637448,20.509492792589576,Jordan Leasure,0.23245614035087717,1.3502063574493672,,4.27874444835051,1.257126743640769,PIT,-3.573678999840442,0.0,0.0,1.640107722646635,0.0,0.0
31760,0.0,0.0,0.0,0.0,0.0,1.2102168528659019,0.09916824584310827,1.6027364498587084,-0.9325541369701545,-0.7812946549586048,1.198272756638959,0.0,0.0,82.95132839645696,0.0,0.0,0.0,0.0,93.5,4.441466663692645,0.651888805340274,84.23736065468135,43.58207556989695,38.55888427089374,JR Ritchie,0.5,1.6042780748663101,,4.19506609763714,1.2995744670304887,PIT,-3.5792790810591493,0.0,0.0,2.032347491809706,0.0,0.0
19586,0.0,0.0,0.0,0.0,0.0,1.3624067729236595,0.07699190745264124,1.2176916749736377,-0.81819796574423,-0.6475372617091687,1.1913551278965397,0.0,0.0,58.0,0.0,0.0,0.0,0.0,64.3,5.0,0.5061112268696969,64.0,31.0,27.0,Forrest Whitley,0.0,1.010886469673406,,4.339035769828927,1.3219284603421462,PIT,-3.5861967098015683,0.0,0.0,1.2051112892877383,0.0,0.0
9073,0.0,0.0,0.0,0.0,0.0,0.776949856331182,0.37449664498196605,0.9602294802021261,-0.5107582475569867,-0.40980871090918636,1.1911090230491013,0.0,0.0,36.134087036465054,0.0,0.0,0.0,0.0,43.854601226993864,2.851387235340459,2.461777642890519,50.46818336363064,20.78208655877606,21.30692363724966,Kirby Yates,0.3865030674846626,1.4821705860134577,,4.264975026471256,1.3098057915610004,PIT,-3.586442814649007,0.0,0.0,1.787445730968336,0.0,0.0
19350,0.0,0.0,0.0,0.0,0.0,1.7563216598236049,0.0,1.8747365513624663,-1.4937235791389851,-0.946801451518601,1.190533180528485,0.0,0.0,110.54646512673686,0.0,0.0,0.0,0.0,111.65,6.445658135031959,0.0,98.53326729017459,54.65402653552922,34.92996592296775,Dean Kremer,0.5,1.3434841021047916,,4.405608945989816,1.3029684823081469,PIT,-3.587018657169623,0.0,0.0,1.6883804112902077,0.0,0.0
32054,0.8128410009030637,0.6170048664312331,0.8856786491415234,0.11072487472916791,-1.2372105376026723,0.0,0.0,0.0,0.0,0.0,1.189038853602316,290.0739299610895,257.6978827291229,44.703813404394445,8.540087755587141,27.477448081729012,29.95384484228972,1.8937790846962206,0.0,0.0,0.0,0.0,0.0,0.0,Shawn Ross,0.027237354085603113,2.0,0.17347373184041448,,,HIT,-3.588512984095792,0.0,0.0,2.459968383164318,0.0,0.0
19802,0.5969396727491817,0.20795964667521097,0.5563944717565792,0.033314533730262566,-0.20686147823605805,0.0,0.0,0.0,0.0,0.0,1.1877468466751762,226.01675977653633,201.47003506450505,47.67760921925903,2.878411061001148,20.179074194912605,18.817382234807855,0.5697939812449235,0.0,0.0,0.0,0.0,0.0,0.0,Jhonny Pereda,0.3016759776536313,2.0,0.23664863712360004,,,HIT,-3.589804991022932,0.0,0.0,2.3853344613135468,0.0,0.0
11602,1.0649561031094477,0.2889922839622218,0.8279071453608751,0.23387073101386413,-1.2288481172855157,0.0,0.0,0.0,0.0,0.0,1.1868781461608933,390.0,338.0,65.0,4.0,36.0,27.999999999999996,4.0,0.0,0.0,0.0,0.0,0.0,0.0,Yolmer Sánchez,0.0,1.5384615384615385,0.19230769230769232,,,HIT,-3.590673691537215,0.0,0.0,1.8701294079483666,0.0,0.0
31838,0.0,0.0,0.0,0.0,0.0,1.4168391373087883,0.39667298337243306,1.8207006638996968,-1.0021387264420323,-1.4500375326238923,1.1820365255149936,0.0,0.0,82.7964570616052,0.0,0.0,0.0,0.0,91.57787356321839,5.199765464569438,2.607555221361096,95.6932242245175,43.25448602940159,46.276792905933334,Kodai Senga,0.4971264367816093,1.6379502402013235,,4.250921746898588,1.4094370719193012,PIT,-3.5955153121831147,0.0,0.0,2.102049889794042,0.0,0.0
15429,0.7395528493815609,0.2889922839622218,0.5913622466863394,0.0,-0.4414042724253551,0.0,0.0,0.0,0.0,0.0,1.178503107604767,259.0,230.0,51.0,4.0,25.0,20.0,0.0,0.0,0.0,0.0,0.0,0.0,0.0,Kris Bryant,0.0,2.0,0.2217391304347826,,,HIT,-3.599048730093341,0.0,0.0,2.3824758776517614,0.0,0.0
24492,0.0,0.0,0.0,0.0,0.0,1.501667841362587,0.0,1.8141503634628253,-1.2430004085781956,-0.9052626625181587,1.1675551337290582,0.0,0.0,91.40635324587456,0.0,0.0,0.0,0.0,96.5,5.511084762666292,0.0,95.34895051666871,46.826657645466845,35.48735366178702,Grayson Rodriguez,0.5,1.5544041450777202,,4.367253044654939,1.314960693343643,PIT,-3.60999670396905,0.0,0.0,1.9412335359261683,0.0,0.0
9774,0.6478767479412848,0.35006036096547216,0.7062757256729449,0.05886435164122434,-0.5969566871342438,0.0,0.0,0.0,0.0,0.0,1.1661204990866825,268.0,244.54718250630782,52.0826234628516,4.845255467253007,21.90096179343577,23.88639889105251,1.006784412671713,0.0,0.0,0.0,0.0,0.0,0.0,Christian Vázquez,0.5,2.0,0.21297576577684835,,,HIT,-3.6114313386114256,0.0,0.0,2.3692351671711993,0.0,0.0
11368,0.5028959375794614,0.36124035495277723,0.6504984713549733,0.0,-0.36329762097627893,0.0,0.0,0.0,0.0,0.0,1.1513371429109331,241.0,213.0,48.0,5.0,17.0,22.0,0.0,0.0,0.0,0.0,0.0,0.0,0.0,Yasmani Grandal,0.0,2.0,0.22535211267605634,,,HIT,-3.626214694787175,0.0,0.0,2.321895672541972,0.0,0.0
20546,0.0,0.0,0.0,0.0,0.0,0.8427111878689345,0.07699190745264124,1.104422702620064,-0.5669861826067303,-0.3080127234229498,1.1491268919119597,0.0,0.0,51.63023712827881,0.0,0.0,0.0,0.0,60.25376344086021,3.0927297361437684,0.5061112268696969,58.04675717210134,27.763217709311586,23.70319625661305,Grant Anderson,0.46236559139784955,1.078770790206296,,4.146943611730637,1.250269345562664,PIT,-3.6284249457861484,0.0,0.0,1.2430666937903707,0.0,0.0
19932,0.0,0.0,0.0,0.0,0.0,1.0899254183389275,0.07699190745264124,0.7800837292799866,-0.2816859753976885,-0.5203034116888587,1.1450116679850082,0.0,0.0,41.0,0.0,0.0,0.0,0.0,43.0,4.0,0.5061112268696969,41.0,19.0,17.0,Trevor Stephan,0.0,1.5116279069767442,,3.9767441860465116,1.3488372093023255,PIT,-3.6325401697131,0.0,0.0,1.7512378651593445,0.0,0.0
31616,0.0,0.0,0.0,0.0,0.0,0.7406717307406835,0.07699190745264124,1.0041070543588,-0.2600091714658281,-0.4211644935440465,1.1405970275422503,0.0,0.0,44.97161860683806,0.0,0.0,0.0,0.0,50.53333333333333,2.7182473893286567,0.5061112268696969,52.774321118976566,21.897780570422334,20.514232964987936,David Morgan,0.3333333333333333,1.2862796833773087,,3.9000004973707325,1.2958941603923348,PIT,-3.6369548101558578,0.0,0.0,1.476858719262688,0.0,0.0
15551,0.0,0.0,0.0,0.0,0.0,0.9307791625003818,0.4736648908250743,0.8600638575011773,-0.5592972195900433,-0.5656947135434711,1.1395159776931187,0.0,0.0,39.39966496064552,0.0,0.0,0.0,0.0,41.40736434108527,3.4159370791403747,3.113666448230793,45.203632423016295,20.097723881940006,17.36188220578983,Mark Leiter Jr.,0.32170542635658916,1.5697690745195683,,4.368293365583463,1.3708080209808315,PIT,-3.6380358600049894,0.0,0.0,1.820475069044238,0.0,0.0
33214,0.0,0.0,0.0,0.0,0.0,0.9604217285346217,0.07699190745264124,0.8254547609686453,-0.24753518669466712,-0.47614959037987353,1.1391836198813676,0.0,0.0,49.78406884258656,0.0,0.0,0.0,0.0,49.23718411552347,3.524724581607895,0.5061112268696969,43.38463158429413,21.29718965833199,14.95561987574075,Trent Harris,0.15764139590854392,1.3201404825973149,,3.8928852323331147,1.3148535985817316,PIT,-3.6383682178167405,0.0,0.0,1.515428976169835,0.0,0.0
15674,0.532002874818293,0.35050954955297614,0.657655385037842,0.046154529458761216,-0.44791863944805743,0.0,0.0,0.0,0.0,0.0,1.138403699419815,221.5,202.58276073444716,43.961398351443854,4.851472776329158,17.983937025703163,22.24204837975275,0.7894024063408793,0.0,0.0,0.0,0.0,0.0,0.0,Reese McGuire,0.11971830985915492,2.0,0.21700463648567833,,,HIT,-3.6391481382782933,0.0,0.0,2.299612027000195,0.0,0.0
27517,0.0,0.0,0.0,0.0,0.0,0.930714174785863,0.07699190745264124,1.0338182586278786,-0.2998632382248985,-0.605569958667589,1.1360911439738954,0.0,0.0,53.35798019519473,0.0,0.0,0.0,0.0,56.42528735632184,3.415698575795374,0.5061112268696969,54.335896279833435,24.523085515148257,21.72584818730026,Jared Koenig,0.19540229885057472,1.1519657771440213,,3.9115045749360533,1.3306769340552178,PIT,-3.6414606937242127,0.0,0.0,1.3155657107973573,0.0,0.0
27668,0.0,0.0,0.0,0.0,0.0,0.9722804629239439,0.07699190745264124,1.1276361504846297,-0.5483346339153754,-0.49273855339051353,1.1358353335553257,0.0,0.0,53.32080393351996,0.0,0.0,0.0,0.0,55.98618592528236,3.568245850824261,0.5061112268696969,59.26682025856727,25.92019725816357,19.627160675891275,Brandon Eisert,0.39183318853171156,1.1610006812528224,,4.166773847298754,1.3029636401158957,PIT,-3.6417165041427824,0.0,0.0,1.3270038528724015,0.0,0.0
27695,0.0,0.0,0.0,0.0,0.0,1.6348881275083915,0.07699190745264124,1.274770972238027,-1.1288446225589561,-0.7253313985088123,1.1324749861312913,0.0,0.0,103.0,0.0,0.0,0.0,0.0,96.3,6.0,0.5061112268696969,67.0,46.0,21.0,Brian Van Belle,0.0,1.0,,4.299065420560748,1.2876427829698858,PIT,-3.6450768515668166,0.0,0.0,1.1324749861312913,0.0,0.0
27984,0.0,0.0,0.0,0.0,0.0,1.0208444580056386,0.07699190745264124,1.4449887982410639,-1.1342365135753176,-0.27658013638451756,1.1320085137395084,0.0,0.0,73.51567430168735,0.0,0.0,0.0,0.0,80.80715249662617,3.7464745415752576,0.5061112268696969,75.9463869122947,39.73126674236482,25.595149726562237,Jose Corniell,0.0553306342780027,1.0,,4.425120668572165,1.226510537323879,PIT,-3.6455433239585995,0.0,0.0,1.1320085137395084,0.0,0.0
26260,0.0,0.0,0.0,0.0,0.0,1.2756067443358234,0.07699190745264124,1.0276979017598882,-0.40416399388745367,-0.8485747656447956,1.1275577940161035,0.0,0.0,61.662785590463514,0.0,0.0,0.0,0.0,63.97247608926674,4.68144598840489,0.5061112268696969,54.014219744137435,28.228570614332504,25.847675760206613,Drey Jameson,0.2561105207226355,1.0160619687332324,,3.9713506660971354,1.3679392560725436,PIT,-3.6499940436820046,0.0,0.0,1.1466622128588742,0.0,0.0
26106,0.7643264254338444,0.21517733152622373,0.7053696218734541,0.17401070225598123,-0.7326605687689799,0.0,0.0,0.0,0.0,0.0,1.1262235123205238,276.8964143426295,240.19011962696953,48.72054593565502,2.9783124805415575,25.837451173131175,23.855754263176173,2.976186058026486,0.0,0.0,0.0,0.0,0.0,0.0,Maverick Handley,0.00398406374501992,2.0,0.2028415907004048,,,HIT,-3.6513283253775843,0.0,0.0,2.2973321539600304,0.0,0.0
21448,0.0,0.0,0.0,0.0,0.0,2.047546095527304,0.0,2.198644056354869,-1.7935446328789326,-1.3289365244720508,1.1237089945311896,0.0,0.0,140.45122999172733,0.0,0.0,0.0,0.0,141.65,7.514444790719032,0.0,115.55734715009692,68.93459909539459,46.43756592929979,Davis Martin,0.5,1.0589481115425343,,4.379889811920588,1.3193702500601985,PIT,-3.6538428431669185,0.0,0.0,1.2094614235033951,0.0,0.0
18554,0.0,0.0,0.0,0.0,0.0,0.5449627091694638,0.17616015329574952,0.9703480534946175,-0.3282462910208959,-0.24945873744817362,1.1137658874907614,0.0,0.0,45.0,0.0,0.0,0.0,0.0,52.2,2.0,1.158000032209971,51.0,23.0,20.0,Enmanuel De Jesus,1.0,1.2452107279693485,,3.96551724137931,1.2452107279693485,PIT,-3.6637859502073464,0.0,0.0,1.3939720309854589,0.0,0.0
19879,0.0,0.0,0.0,0.0,0.0,1.6348881275083915,0.07699190745264124,1.4269824316097317,-1.0852364841159798,-0.9400224179493774,1.1136035645054077,0.0,0.0,96.0,0.0,0.0,0.0,0.0,97.0,6.0,0.5061112268696969,75.0,46.0,32.0,Tanner Houck,0.0,1.0,,4.268041237113402,1.3195876288659794,PIT,-3.6639482731927004,0.0,0.0,1.1136035645054077,0.0,0.0
23237,0.0,0.0,0.0,0.0,0.0,0.8605723888084711,0.6720013825112908,1.2685983956343538,-0.8308837313675783,-0.8588942290952468,1.1113942064912905,0.0,0.0,59.29447509210732,0.0,0.0,0.0,0.0,65.3138686131387,3.1582799128402894,4.417444058911341,66.67557887538022,31.49193141552692,29.954480177095576,Juan Mejia,0.48905109489051096,1.0,,4.339467080391672,1.366462547148055,PIT,-3.6661576312068176,0.0,0.0,1.1113942064912905,0.0,0.0
25589,0.0,0.0,0.0,0.0,0.0,0.9033454654669192,0.0,1.0087100352154679,-0.4681898263961962,-0.3370418079962324,1.1068238662899588,0.0,0.0,58.05718177566733,0.0,0.0,0.0,0.0,60.46995305164319,3.315256072635279,0.0,53.01624670726896,27.222618809289568,17.948521156937314,Sammy Peralta,0.1784037558685446,2.0,,4.05165800400681,1.256916850385074,PIT,-3.6707279714081493,0.0,0.0,2.284505183991795,0.0,0.0
11472,0.7987170773320855,0.21674421297166635,0.7687709206922412,0.1754030482603981,-0.8530004407635046,0.0,0.0,0.0,0.0,0.0,1.1066348184928865,326.0,285.0,58.0,3.0,26.999999999999996,26.0,3.0,0.0,0.0,0.0,0.0,0.0,0.0,Dixon Machado,0.0,1.8404907975460123,0.20350877192982456,,,HIT,-3.6709170192052216,0.0,0.0,2.0846993189815426,0.0,0.0
21267,0.0,0.0,0.0,0.0,0.0,0.9307612676335837,0.07699190745264124,1.2097683857048396,-0.5795407696112644,-0.5326124906580622,1.105368300521738,0.0,0.0,52.56747898066438,0.0,0.0,0.0,0.0,58.41885317115552,3.415871405410789,0.5061112268696969,63.58356411263627,27.101262613528842,23.826278431074403,Jake Bird,0.39183318853171156,1.1126545022984795,,4.175216565911491,1.3076901251026,PIT,-3.67218353717637,0.0,0.0,1.2360898392946653,0.0,0.0
30105,0.0,0.0,0.0,0.0,0.0,1.3624067729236595,0.07699190745264124,1.5601674585599732,-0.79359318465851,-1.1036684688301046,1.102304485447659,0.0,0.0,96.0,0.0,0.0,0.0,0.0,101.7,5.0,0.5061112268696969,82.0,46.0,40.0,Mike Vasil,0.0,1.0,,4.070796460176991,1.337266470009833,PIT,-3.675247352250449,0.0,0.0,1.102304485447659,0.0,0.0
19995,0.0,0.0,0.0,0.0,0.0,0.7315925105398285,0.6720013825112908,0.6373742705322704,-0.4064787224448951,-0.5358042619484773,1.0986851791900174,0.0,0.0,52.02046414835448,0.0,0.0,0.0,0.0,48.17515473032714,2.6849268701515117,4.417444058911341,33.499410526025336,21.870504800019027,12.314666560434526,Joel Kuhnel,0.381078691423519,1.349243201477074,,4.085810295825793,1.335442118845731,PIT,-3.678866658508091,0.0,0.0,1.4987119456534725,0.0,0.0
24975,0.0,0.0,0.0,0.0,0.0,0.880641882809544,0.17616015329574952,1.1033460531999442,-0.6223937700861559,-0.4402410577527866,1.0975132614662952,0.0,0.0,68.05944644346965,0.0,0.0,0.0,0.0,71.06506469500924,3.2319344718161114,1.158000032209971,57.99017013590503,32.487915510811746,21.938654926795476,Cooper Criswell,0.35304990757855825,1.0,,4.114416005278607,1.266418341508743,PIT,-3.680038576231813,0.0,0.0,1.0975132614662952,0.0,0.0
15161,0.6733900383317615,0.4653474817959809,0.6908858774721632,0.06367080453922035,-0.7960007801436076,0.0,0.0,0.0,0.0,0.0,1.0972934219955182,233.20792079207922,205.68018293297627,38.9687478948815,6.440967563781917,22.763418425568677,23.365910872515048,1.0889914144142452,0.0,0.0,0.0,0.0,0.0,0.0,Mitch Garver,0.3811881188118812,2.0,0.18946282203366188,,,HIT,-3.68025841570259,0.0,0.0,2.2366445585847377,0.0,0.0
10061,0.0,0.0,0.0,0.0,0.0,0.7194042181618844,0.07699190745264124,0.8906948789616225,-0.33133119922569654,-0.2591536365750518,1.0966061687753998,0.0,0.0,43.193657848802665,0.0,0.0,0.0,0.0,49.448567002323784,2.640196131064724,0.5061112268696969,46.81355175954369,21.91051656883538,18.701867195714,Brooks Raley,0.4577846630518978,1.314497141988875,,3.9878738874323996,1.2517152426602767,PIT,-3.6809456689227082,0.0,0.0,1.4507862619872125,0.0,0.0
16925,0.6926623759328603,0.4330454404026033,0.6655554455428928,0.05079285487990937,-0.7458643123039473,0.0,0.0,0.0,0.0,0.0,1.0961918044543184,232.7546468401487,210.17451672612702,40.933641122441124,5.993868548534849,23.414904577546015,22.50923014691216,0.8687338455687011,0.0,0.0,0.0,0.0,0.0,0.0,Aramis Garcia,0.07063197026022305,2.0,0.1947602485784739,,,HIT,-3.6813600332437897,0.0,0.0,2.2325557761499155,0.0,0.0
26034,0.0,0.0,0.0,0.0,0.0,1.0899254183389275,0.07699190745264124,1.0084009183375438,-0.5744756871741932,-0.5084674357610786,1.0923751211938406,0.0,0.0,48.0,0.0,0.0,0.0,0.0,53.3,4.0,0.5061112268696969,53.0,25.0,22.0,Anthony Maldonado,0.0,1.2195121951219512,,4.221388367729832,1.3133208255159476,PIT,-3.6851767165042677,0.0,0.0,1.3439269387012414,0.0,0.0
25553,0.0,0.0,0.0,0.0,0.0,0.8174440637541958,0.07699190745264124,0.7420308644370605,-0.2624253058246813,-0.2839236654302814,1.0901178643889349,0.0,0.0,41.0,0.0,0.0,0.0,0.0,43.3,3.0,0.5061112268696969,39.0,19.0,14.000000000000002,Nic Enright,0.0,1.5011547344110856,,3.9491916859122402,1.2702078521939955,PIT,-3.687433973309173,0.0,0.0,1.65017775558844,0.0,0.0
26048,0.0,0.0,0.0,0.0,0.0,1.007492742448686,0.07699190745264124,1.318188556606718,-1.0142818125717727,-0.3005647868417178,1.0878266070945548,0.0,0.0,80.64513379577697,0.0,0.0,0.0,0.0,82.18666666666667,3.697474067479329,0.5061112268696969,69.28196140016838,39.51765191890796,20.442376779685393,Sawyer Gipson-Long,0.06666666666666667,1.0,,4.327452148809681,1.2299745770862551,PIT,-3.6897252306035533,0.0,0.0,1.0878266070945548,0.0,0.0
22051,0.0,0.0,0.0,0.0,0.0,0.9844661321076851,0.17616015329574952,0.7024974417398215,-0.25562083099785643,-0.5277208343316592,1.0797820618137406,0.0,0.0,56.97937702295827,0.0,0.0,0.0,0.0,55.79545454545455,3.6129669628515866,1.158000032209971,36.92218415825331,23.98909695148501,16.244459509082084,John King,0.4696969696969697,1.164969450101833,,3.8695243962476837,1.3123620396781162,PIT,-3.6977697758843675,0.0,0.0,1.2643429315027057,0.0,0.0
7739,0.5705582895149037,0.4128836010055046,0.5746643555217916,0.0,-0.4790530817353751,0.0,0.0,0.0,0.0,0.0,1.0790531643068249,196.25414364640886,179.2486020875875,37.548561805175815,5.714804497125997,19.287272369784795,19.435273683495577,0.0,0.0,0.0,0.0,0.0,0.0,0.0,Travis d'Arnaud,0.30939226519337015,2.0,0.20947757119371116,,,HIT,-3.698498673391283,0.0,0.0,2.1797571584899633,0.0,0.0
29615,0.0,0.0,0.0,0.0,0.0,1.1963153972897904,0.07699190745264124,0.8467408603111924,-0.5555086015932149,-0.48561697438232515,1.0789225890780842,0.0,0.0,42.66232172724183,0.0,0.0,0.0,0.0,44.060606060606055,4.390448656984268,0.5061112268696969,44.5033961992797,21.146227159941894,16.09824549169608,Kyle Backhus,0.29292929292929293,1.4752407152682259,,4.319415038860209,1.3336304802097325,PIT,-3.6986292486200236,0.0,0.0,1.6161664839388887,0.0,0.0
33891,0.0,0.0,0.0,0.0,0.0,1.2499693283687907,0.0,1.130296011503788,-0.8523159819333802,-0.4514397561486144,1.0765096017905837,0.0,0.0,76.58467896247038,0.0,0.0,0.0,0.0,79.69999999999999,4.587357290093386,0.0,59.40661845931444,37.462869719517904,23.771275700279705,Zac Thornton,0.5,1.8820577164366377,,4.230436982128748,1.2591713257559611,PIT,-3.7010422359075243,0.0,0.0,2.148336953686578,0.0,0.0
31811,0.0,0.0,0.0,0.0,0.0,1.8574295158503678,0.0,1.5595655452875152,-1.179061293560577,-1.161691439602339,1.076242327974967,0.0,0.0,93.8739658473699,0.0,0.0,0.0,0.0,100.75268817204301,6.8167215282716676,0.0,81.96836436494637,48.1405216159022,41.86029454817998,Elmer Rodríguez,0.24731182795698925,1.488794023479189,,4.300279252135555,1.3472023710550842,PIT,-3.701309509723141,0.0,0.0,1.723679447822034,0.0,0.0
16680,0.7395528493815609,0.5057364969338881,0.7983390330265582,0.05846768275346603,-1.0280485149293643,0.0,0.0,0.0,0.0,0.0,1.0740475471661088,266.0,241.0,44.0,7.0,25.0,27.0,1.0,0.0,0.0,0.0,0.0,0.0,0.0,Brian O'Keefe,0.0,2.0,0.1825726141078838,,,HIT,-3.703504290531999,0.0,0.0,2.2117506482954976,0.0,0.0
13768,0.6508065074557735,0.07224807099055545,0.35481734801180365,0.40927377927426223,-0.41392053772344206,0.0,0.0,0.0,0.0,0.0,1.0732251680089526,179.0,157.0,33.0,1.0,22.0,12.0,7.0,0.0,0.0,0.0,0.0,0.0,0.0,Travis Jankowski,0.0,2.0,0.21019108280254778,,,HIT,-3.7043266696891557,0.0,0.0,2.1626434528235348,0.0,0.0
26389,0.0,0.0,0.0,0.0,0.0,1.4501396800688289,0.07699190745264124,1.639251192123159,-0.9175128976449543,-1.17826354488157,1.0706063371181052,0.0,0.0,76.96340660908163,0.0,0.0,0.0,0.0,86.97435897435898,5.321977653402657,0.5061112268696969,86.1565192996441,40.83562110604892,42.63941386518674,DJ Herz,0.10256410256410256,1.0,,4.225619990631831,1.3751503533303262,PIT,-3.706945500580003,0.0,0.0,1.0706063371181052,0.0,0.0
19514,0.6267510771247912,0.21359111918479867,0.6022293631287278,0.044327630539503456,-0.41858964142947597,0.0,0.0,0.0,0.0,0.0,1.0683095485483451,217.97594501718214,194.50949730034708,42.4066546465947,2.9563573982856948,21.186825175810682,20.36752824527712,0.7581561035421002,0.0,0.0,0.0,0.0,0.0,0.0,Andrew Knizner,0.140893470790378,2.0,0.21801842704427693,,,HIT,-3.709242289149763,0.0,0.0,2.157003869553367,0.0,0.0
31635,0.0,0.0,0.0,0.0,0.0,1.3624067729236595,0.07699190745264124,1.8645903773033827,-1.2327134806466011,-1.0121852441497925,1.0590903328832901,0.0,0.0,90.0,0.0,0.0,0.0,0.0,102.0,5.0,0.5061112268696969,98.0,49.0,45.0,Hayden Birdsong,0.0,1.0,,4.323529411764706,1.3235294117647058,PIT,-3.718461504814818,0.0,0.0,1.0590903328832901,0.0,0.0
22176,0.0,0.0,0.0,0.0,0.0,0.6702120683658441,0.07699190745264124,0.8282282475675615,-0.32020081697540553,-0.19749648009352794,1.0577349263171134,0.0,0.0,49.44416125758165,0.0,0.0,0.0,0.0,51.94790011350738,2.4596621276610406,0.5061112268696969,43.53040177060544,22.847583066312026,14.516472418722996,Easton McGee,0.20544835414301932,1.2512536571829367,,3.958355335778842,1.2312457969725275,PIT,-3.7198169113809945,0.0,0.0,1.3300333343905901,0.0,0.0
28036,0.0,0.0,0.0,0.0,0.0,0.4864598106852774,0.07699190745264124,1.1110176515861059,-0.1648955663729879,-0.45456347342462405,1.0550103299264126,0.0,0.0,39.855106843006155,0.0,0.0,0.0,0.0,52.24358974358974,1.7852957734544947,0.5061112268696969,58.39337753791423,21.98569252446306,28.126737956257987,Luke Little,0.10256410256410256,1.2441717791411044,,3.7874739023737596,1.3012475814337676,PIT,-3.7225415077716955,0.0,0.0,1.3201798756417757,0.0,0.0
26448,0.0,0.0,0.0,0.0,0.0,1.461646973688609,0.0,1.476926287792968,-1.1401764755104076,-0.7524924211190135,1.0459043648521562,0.0,0.0,93.86808292799935,0.0,0.0,0.0,0.0,96.19999999999999,5.364209143470363,0.0,77.62497220061583,46.03327882998583,30.41453413020958,Trevor McDonald,0.5,1.5592515592515594,,4.306647707587032,1.2919190962391782,PIT,-3.731647472845952,0.0,0.0,1.7431950883715202,0.0,0.0
21735,0.6076369420539658,0.26055767927143575,0.7344563486596531,0.04052167459184991,-0.6070367410860881,0.0,0.0,0.0,0.0,0.0,1.0361359034908166,245.11074918566777,225.17831289987163,47.02562952809951,3.6064309496304316,20.540686935426333,24.8394736990781,0.6930610669609227,0.0,0.0,0.0,0.0,0.0,0.0,Sebastián Rivero,0.18566775244299674,2.0,0.2088372939760413,,,HIT,-3.7414159342072915,0.0,0.0,2.107012945024559,0.0,0.0
19806,0.5916422795052486,0.14449614198111088,0.6800665836892903,0.058467682753466026,-0.4414042724253551,0.0,0.0,0.0,0.0,0.0,1.0332684155037608,249.0,230.0,51.0,1.9999999999999998,20.0,23.0,0.9999999999999999,0.0,0.0,0.0,0.0,0.0,0.0,Jason Delay,0.0,2.0,0.2217391304347826,,,HIT,-3.7442834221943473,0.0,0.0,2.092006493449749,0.0,0.0
19477,0.9170455332331354,0.1444961419811109,0.7392028083579243,0.17540304826039813,-0.9438166028546044,0.0,0.0,0.0,0.0,0.0,1.0323309289779643,341.0,299.0,60.0,2.0,31.0,25.0,3.0000000000000004,0.0,0.0,0.0,0.0,0.0,0.0,Alex De Goti,0.0,1.7595307917888563,0.20066889632107024,,,HIT,-3.745220908720144,0.0,0.0,1.8645900828364987,0.0,0.0
10059,0.6212243934805111,0.36124035495277723,0.6504984713549733,0.05846768275346603,-0.6632395078382564,0.0,0.0,0.0,0.0,0.0,1.0281913947034713,232.0,205.0,41.0,5.0,21.0,22.0,1.0,0.0,0.0,0.0,0.0,0.0,0.0,Max Stassi,0.0,2.0,0.2,,,HIT,-3.7493604429946368,0.0,0.0,2.0911169568403096,0.0,0.0
21238,0.0,0.0,0.0,0.0,0.0,1.6348881275083915,0.07699190745264124,1.484061728874121,-1.5258041731683858,-0.6452176547748448,1.0249199358919232,0.0,0.0,97.0,0.0,0.0,0.0,0.0,97.3,6.0,0.5061112268696969,78.0,48.99999999999999,27.000000000000004,Allan Winans,0.0,1.0,,4.532374100719424,1.274409044193217,PIT,-3.752631901806185,0.0,0.0,1.0249199358919232,0.0,0.0
30074,0.0,0.0,0.0,0.0,0.0,0.8078856225137528,0.07699190745264124,1.3158363577774608,-0.42061875606432503,-0.7568946506629847,1.023200481016545,0.0,0.0,55.94023108957425,0.0,0.0,0.0,0.0,63.763051897753684,2.9649207511647533,0.5061112268696969,69.15833345052692,28.248939316942838,30.00073143615313,Chase Silseth,0.4577846630518978,1.0193991357915209,,3.987269214468735,1.3478175835048918,PIT,-3.754351356681563,0.0,0.0,1.0441785998501563,0.0,0.0
26136,0.0,0.0,0.0,0.0,0.0,0.8174440637541958,0.07699190745264124,0.9132687562302283,-0.3294505448693202,-0.4560744126596918,1.0221797699080535,0.0,0.0,47.0,0.0,0.0,0.0,0.0,49.7,3.0,0.5061112268696969,48.0,22.0,18.0,Austin Pope,0.0,1.3078470824949697,,3.9839034205231387,1.3078470824949697,PIT,-3.755372067790055,0.0,0.0,1.3488861868377655,0.0,0.0
17968,0.0,0.0,0.0,0.0,0.0,0.987479347979826,0.37449664498196605,1.1639938747226577,-0.8188768125117474,-0.6927082153726418,1.0143848398000603,0.0,0.0,62.9366834471815,0.0,0.0,0.0,0.0,66.65,3.624025392433798,2.461777642890519,61.177726277764755,31.956980299587396,25.495459857595026,Brock Burke,0.5,1.0,,4.315271158233856,1.3268138530349065,PIT,-3.7631669978980478,0.0,0.0,1.0143848398000603,0.0,0.0
26203,0.0,0.0,0.0,0.0,0.0,1.0899254183389275,0.07699190745264124,0.8181365941229128,-0.1397957340803797,-0.8326282453581679,1.012629940475934,0.0,0.0,43.0,0.0,0.0,0.0,0.0,47.7,4.0,0.5061112268696969,43.0,20.0,24.999999999999996,Andrew Saalfrank,0.0,1.3626834381551363,,3.773584905660377,1.4255765199161425,PIT,-3.764921897222174,0.0,0.0,1.3973734654211045,0.0,0.0
20287,0.6502749542952462,0.3142255010646512,0.7096494284976527,0.0,-0.6651152578030723,0.0,0.0,0.0,0.0,0.0,1.0090346260544778,242.3973509933775,212.6768923597665,42.905584425363166,4.349258004490223,21.982031265210733,24.000498255481407,0.0,0.0,0.0,0.0,0.0,0.0,0.0,Ben Rortvedt,0.17218543046357615,2.0,0.20174069664692873,,,HIT,-3.7685172116436303,0.0,0.0,2.054180324776092,0.0,0.0
21537,0.0,0.0,0.0,0.0,0.0,1.0338154596875766,0.17616015329574952,1.227248870791253,-0.7977849180381348,-0.6351306818708742,1.00430888386557,0.0,0.0,78.59422098455401,0.0,0.0,0.0,0.0,81.75,3.794077804931409,1.158000032209971,64.50231150043842,37.9420685602455,26.865406821281244,Daniel Lynch IV,0.5,1.0,,4.1771084653481285,1.290026028205936,PIT,-3.773242953832538,0.0,0.0,1.00430888386557,0.0,0.0
31972,0.0,0.0,0.0,0.0,0.0,1.2500356690089809,0.17616015329574952,1.4239586282439967,-1.2045379022727059,-0.643316827381039,1.0022997208949822,0.0,0.0,89.02812256746873,0.0,0.0,0.0,0.0,92.45,4.587600758642973,1.158000032209971,74.8410735497463,44.92627061611298,29.207158537766457,Brad Lord,0.5,1.0,,4.373568799837932,1.2789105581961622,PIT,-3.775252116803126,0.0,0.0,1.0022997208949822,0.0,0.0
15823,0.0,0.0,0.0,0.0,0.0,1.9268263022714287,0.0,1.773196002630079,-1.6861341453139802,-1.0153059451072468,0.998582214480281,0.0,0.0,143.39287710989248,0.0,0.0,0.0,0.0,136.5,7.071406060821879,0.0,93.19645235382096,66.10105583647889,32.59924061676519,Zack Littell,0.5,1.098901098901099,,4.358311373833772,1.289319543785038,PIT,-3.778969623217827,0.0,0.0,1.1256750754686924,0.0,0.0
20794,0.0,0.0,0.0,0.0,0.0,0.7297047570211069,0.07699190745264124,0.6732601431251164,-0.21207555866411984,-0.2694822618805551,0.9983989870541898,0.0,0.0,38.138421855953936,0.0,0.0,0.0,0.0,41.08433734939759,2.677998860264015,0.5061112268696969,35.38551674909028,17.792335594847653,14.044893750496216,Manuel Rodríguez,0.1566265060240964,1.5821114369501466,,3.89761721095343,1.2701510836760592,PIT,-3.7791528506439183,0.0,0.0,1.593701668338433,0.0,0.0
24978,0.0,0.0,0.0,0.0,0.0,0.6153142592842445,0.07699190745264124,1.2277243290176705,-0.16125937085853156,-0.764381850412243,0.9943892744837817,0.0,0.0,36.348664217048494,0.0,0.0,0.0,0.0,47.625825571549534,2.258188492280502,0.5061112268696969,64.52730085292896,20.10528204348698,30.59177648710017,Erik Sabrowski,0.4072819644369179,1.3648057376422542,,3.7993575170584823,1.4055491931280495,PIT,-3.7831625632143266,0.0,0.0,1.3738977880567587,0.0,0.0
26128,0.0,0.0,0.0,0.0,0.0,0.8174440637541958,0.07699190745264124,0.9703480534946175,-0.4213027787451508,-0.45016100884742005,0.9933202371088835,0.0,0.0,54.0,0.0,0.0,0.0,0.0,55.7,3.0,0.5061112268696969,51.0,25.0,18.0,Amos Willingham,0.0,1.1669658886894074,,4.039497307001795,1.2926391382405744,PIT,-3.7842316005892247,0.0,0.0,1.166395828112739,0.0,0.0
33834,0.0,0.0,0.0,0.0,0.0,0.4990575031552982,0.07699190745264124,1.0199575756294665,-0.22867027392222786,-0.3760522834360408,0.9912844288791373,0.0,0.0,35.461827662970435,0.0,0.0,0.0,0.0,45.328947368421055,1.8315290010058622,0.5061112268696969,53.607400117685025,19.60499030055663,23.239555163010017,Andrew Walters,0.07894736842105263,1.4339622641509433,,3.8925437926214035,1.2950087357836035,PIT,-3.7862674088189707,0.0,0.0,1.4345992246127148,0.0,0.0
20116,0.0,0.0,0.0,0.0,0.0,0.9662922725833225,0.27532839913885776,1.1511403776043057,-0.36968264633939096,-1.034976901077337,0.9881015019097581,0.0,0.0,54.693807185897334,0.0,0.0,0.0,0.0,58.72810650887574,3.5462693366890186,1.809888837550245,60.50216625507482,25.894104736859926,29.27824230097249,Calvin Faucher,0.48224852071005925,1.106795431761049,,3.968235253702898,1.4298443195027732,PIT,-3.78945033578835,0.0,0.0,1.101023814591411,0.0,0.0
24986,0.0,0.0,0.0,0.0,0.0,0.8174440637541958,0.07699190745264124,0.8942423238087651,-0.31262561100756725,-0.4947595889037138,0.9812930951043211,0.0,0.0,41.0,0.0,0.0,0.0,0.0,45.0,3.0,0.5061112268696969,47.0,20.0,19.0,Colin Selby,0.0,1.4444444444444444,,4.0,1.3333333333333333,PIT,-3.7962587425937873,0.0,0.0,1.4352669454394684,0.0,0.0
23091,0.0,0.0,0.0,0.0,0.0,1.6348881275083915,0.07699190745264124,1.2557445398165639,-1.1394422592883082,-0.8506698627632078,0.9775124527260809,0.0,0.0,87.0,0.0,0.0,0.0,0.0,86.3,6.0,0.5061112268696969,66.0,42.0,27.000000000000004,Robinson Piña,0.0,1.0,,4.380069524913094,1.320973348783314,PIT,-3.800039384972027,0.0,0.0,0.9775124527260809,0.0,0.0
27853,0.0,0.0,0.0,0.0,0.0,1.1052006756206094,0.17616015329574952,0.9725175055765948,-0.619148144077387,-0.6585189399613077,0.9762112504542589,0.0,0.0,64.83349690593118,0.0,0.0,0.0,0.0,65.1,4.056059825836383,1.158000032209971,51.114023061913066,30.0546774646185,21.271218975237396,Ryan Watson,0.5,1.0,,4.155024534279056,1.3226530857322363,PIT,-3.8013405872438493,0.0,0.0,0.9762112504542589,0.0,0.0
20023,0.0,0.0,0.0,0.0,0.0,0.6849688951025567,0.6720013825112908,1.140673849043162,-0.8738175533536544,-0.6491090501720274,0.9747175231313279,0.0,0.0,50.11773453833669,0.0,0.0,0.0,0.0,56.96775147928994,2.5138193259001724,4.417444058911341,59.95206162540517,28.380248279261256,26.231803382324337,Rico Garcia,0.48224852071005925,1.1409964113403723,,4.483628507019581,1.340223827307229,PIT,-3.8028343145667804,0.0,0.0,1.122728858091243,0.0,0.0
14542,0.0,0.0,0.0,0.0,0.0,1.053149488851509,0.07699190745264124,0.7987436906426247,-0.5215813375285577,-0.43458303726887254,0.9727207121493444,0.0,0.0,46.06720869863805,0.0,0.0,0.0,0.0,50.837864077669906,3.8650332256918416,0.5061112268696969,41.980738845270245,23.670993351500105,19.969629010996975,Carlos Estévez,0.029126213592233014,1.2785745660103507,,4.190556468659281,1.2989695556198857,PIT,-3.8048311255487635,0.0,0.0,1.2569009370521775,0.0,0.0
21489,0.6947291547902784,0.30980409392624686,0.6673825691226621,0.050771080945970964,-0.7501276348281672,0.0,0.0,0.0,0.0,0.0,0.972559263956991,251.34200743494424,225.9615393882459,44.84254241826963,4.288060424018043,23.48477040455035,22.571023864384234,0.8683614358388643,0.0,0.0,0.0,0.0,0.0,0.0,Hayden Senger,0.07063197026022305,2.0,0.19845210180313658,,,HIT,-3.804992573741117,0.0,0.0,1.9884699462810416,0.0,0.0
31870,0.0,0.0,0.0,0.0,0.0,0.9852071500168895,0.07699190745264124,0.8056253203126631,-0.40545628033419556,-0.49649834138533383,0.9658697560626643,0.0,0.0,46.756379277764616,0.0,0.0,0.0,0.0,49.090909090909086,3.6156864807075286,0.5061112268696969,42.34242670758727,22.233487163682877,18.100600706567295,Matt Pushard,0.09090909090909091,1.3240740740740742,,4.076139313341861,1.3211607033845392,PIT,-3.8116820816354435,0.0,0.0,1.2933882990501313,0.0,0.0
18864,0.0,0.0,0.0,0.0,0.0,1.3624067729236595,0.07699190745264124,1.1796388101307114,-0.5957771661467434,-1.0698170345506022,0.9534432898096667,0.0,0.0,74.0,0.0,0.0,0.0,0.0,77.7,5.0,0.5061112268696969,61.99999999999999,35.0,33.0,Pedro Avila,0.0,1.0,,4.0540540540540535,1.377091377091377,PIT,-3.824108547888441,0.0,0.0,0.9534432898096667,0.0,0.0
19926,0.0,0.0,0.0,0.0,0.0,0.7217868083197425,0.5728331366681826,1.0261117630341645,-0.704090743922845,-0.6690253824201197,0.9476155816791251,0.0,0.0,48.594548201900075,0.0,0.0,0.0,0.0,54.33628318584071,2.648940179484071,3.7655552535710672,53.93085473431382,26.23894861331279,24.92730423152753,Tony Santillan,0.3805309734513274,1.1962540716612378,,4.346092954354903,1.3530894666086837,PIT,-3.829936256018983,0.0,0.0,1.1468814473934352,0.0,0.0
24995,0.0,0.0,0.0,0.0,0.0,0.5485351103963123,0.07699190745264124,1.067647937485036,-0.17494272067996572,-0.5750164473866742,0.9432157872673498,0.0,0.0,47.576778527162176,0.0,0.0,0.0,0.0,53.43548387096774,2.0131106263483347,0.5061112268696969,56.11393212532359,22.528663036773054,23.534965294558877,Evan Sisk,0.43548387096774194,1.216420162994265,,3.7944443026016796,1.3307962924680667,PIT,-3.834336050430758,0.0,0.0,1.1554296067277834,0.0,0.0
30086,0.0,0.0,0.0,0.0,0.0,0.9250489233390374,0.17616015329574952,0.9158392923389901,-0.6165362647799483,-0.4575261576959944,0.9429859464978343,0.0,0.0,58.54287568530185,0.0,0.0,0.0,0.0,57.63417455310199,3.3949072396121713,1.158000032209971,48.13510342095779,27.01871691440854,15.846505402060096,Jack Anderson,0.26393270241850686,1.1278030873871787,,4.219171248919865,1.2907165178330495,PIT,-3.834565891200274,0.0,0.0,1.070295217836723,0.0,0.0
24491,0.680388621431036,0.1444961419811109,0.5617941343520224,0.23387073101386413,-0.6779013293664694,0.0,0.0,0.0,0.0,0.0,0.942648299411564,226.0,202.0,40.0,2.0,23.0,19.0,4.0,0.0,0.0,0.0,0.0,0.0,0.0,Travis Swaggerty,0.0,2.0,0.19801980198019803,,,HIT,-3.834903538286544,0.0,0.0,1.9203152222293107,0.0,0.0
35325,0.0,0.0,0.0,0.0,0.0,1.2667050601437986,0.0,1.304719432236235,-0.7873694908407618,-0.8428890089983321,0.9411659925409397,0.0,0.0,75.93003339688416,0.0,0.0,0.0,0.0,77.85,4.648777022098585,0.0,68.57404495676363,36.294394152652785,27.9429275218697,Ryan Johnson,0.5,1.926782273603083,,4.1958837170696865,1.3342705320328048,PIT,-3.836385845157168,0.0,0.0,1.9739117808906688,0.0,0.0
12147,0.47331382360419894,0.21674421297166635,0.4139535726804376,0.23387073101386413,-0.3999739985430295,0.0,0.0,0.0,0.0,0.0,0.9379083417271374,176.0,164.0,35.0,3.0,16.0,14.0,4.0,0.0,0.0,0.0,0.0,0.0,0.0,Nick Ahmed,0.0,2.0,0.21341463414634146,,,HIT,-3.8396434959709707,0.0,0.0,1.892142463691366,0.0,0.0
23293,0.0,0.0,0.0,0.0,0.0,0.7096459602575095,0.07699190745264124,0.7813720263445562,-0.16885186934926233,-0.4654204797090538,0.933737544996391,0.0,0.0,38.88493865390774,0.0,0.0,0.0,0.0,41.29523809523809,2.604383559891747,0.5061112268696969,41.06771091059174,17.606441944948873,16.32327099422862,Codi Heuer,0.20634920634920634,1.5740313653136533,,3.837197333481708,1.3369146709073614,PIT,-3.843814292701717,0.0,0.0,1.4879334461010614,0.0,0.0
14993,0.0,0.0,0.0,0.0,0.0,0.9391968817342986,0.27532839913885776,0.9246297760607468,-0.5516025423570697,-0.6670423496598366,0.9205101649169967,0.0,0.0,40.45854885242854,0.0,0.0,0.0,0.0,48.17274490785644,3.4468299057220158,1.809888837550245,48.5971177138654,22.783443942953877,25.743042019919958,Scott Barlow,0.3210475266731329,1.349310696833454,,4.256576947790728,1.3742540724838737,PIT,-3.8570416727811114,0.0,0.0,1.263082516301655,0.0,0.0
13361,0.0,0.0,0.0,0.0,0.0,1.0016659653527673,0.17616015329574952,1.0765706647752122,-0.6857606452758919,-0.6497973728111504,0.918838765336687,0.0,0.0,68.47153317442675,0.0,0.0,0.0,0.0,67.6,3.6760899360594053,1.158000032209971,56.58289693662005,31.49142975540492,20.464561408428974,Steven Matz,0.5,1.0,,4.192645973352726,1.3156227009298187,PIT,-3.858713072361421,0.0,0.0,0.918838765336687,0.0,0.0
29961,0.0,0.0,0.0,0.0,0.0,1.2551233378632756,0.07699190745264124,1.5680128166752705,-0.9847707051605122,-1.0010666881501173,0.9142906686805576,0.0,0.0,91.50984139903476,0.0,0.0,0.0,0.0,93.16542553191489,4.606272380640919,0.5061112268696969,82.41233994589795,43.78633358360199,32.84148213454788,Tyler Uberstine,0.06914893617021277,1.0,,4.229863170832856,1.3347368170500618,PIT,-3.8632611690175507,0.0,0.0,0.9142906686805576,0.0,0.0
22533,0.0,0.0,0.0,0.0,0.0,0.8174440637541958,0.07699190745264124,1.084506648023396,-0.5216681763592932,-0.5644794864024372,0.8927949564685027,0.0,0.0,37.0,0.0,0.0,0.0,0.0,46.7,3.0,0.5061112268696969,57.0,22.0,26.0,Michel Otañez,0.0,1.3918629550321198,,4.23982869379015,1.3490364025695931,PIT,-3.884756881229605,0.0,0.0,1.2637067060300222,0.0,0.0
19316,0.0,0.0,0.0,0.0,0.0,1.7225501527739162,0.0,1.4667635787619444,-1.4242636946019733,-0.8726109063268207,0.8924391306070666,0.0,0.0,98.42556467165842,0.0,0.0,0.0,0.0,101.5,6.321717518613792,0.0,77.09083585776895,50.0514659800658,33.91244878196694,Eric Lauer,0.5,1.477832512315271,,4.4380610228629775,1.3038227926465553,PIT,-3.8851127070910416,0.0,0.0,1.435312307588469,0.0,0.0
17948,0.0,0.0,0.0,0.0,0.0,0.6671122228851092,0.37449664498196605,0.6565129327762846,-0.5741332306174385,-0.23460467361255993,0.8893838964133614,0.0,0.0,44.47473066361937,0.0,0.0,0.0,0.0,48.49398862713241,2.4482857695045013,2.461777642890519,34.50530915273922,23.055181027024112,15.9459247103808,Trent Thornton,0.4313566206336312,1.3403723191297254,,4.278811356158948,1.2459411379536387,PIT,-3.8881679412847467,0.0,0.0,1.2057932952663606,0.0,0.0
26344,0.0,0.0,0.0,0.0,0.0,0.7428098894947892,0.07699190745264124,1.0467792482628793,-0.23699320968412418,-0.741441964828374,0.8881458706978115,0.0,0.0,52.655872825129336,0.0,0.0,0.0,0.0,56.45862068965518,2.7260943803910886,0.5061112268696969,55.01710594373132,24.138101961176496,24.414862602043918,Taylor Rashi,0.13793103448275862,1.1512856532095521,,3.847825451577026,1.3650835689171343,PIT,-3.8894059670002967,0.0,0.0,1.0298451033721863,0.0,0.0
29271,0.0,0.0,0.0,0.0,0.0,1.1574183395332824,0.07699190745264124,1.28495883117079,-0.4959901745307436,-1.1354256711674966,0.8879532324584736,0.0,0.0,65.8029594266089,0.0,0.0,0.0,0.0,70.68955916473318,4.247697393082971,0.5061112268696969,67.53545818296816,31.526406606478773,33.823151221968686,Yilber Díaz,0.1879350348027842,1.0,,4.013855268174665,1.4093468940216671,PIT,-3.8895986052396347,0.0,0.0,0.8879532324584736,0.0,0.0
19178,0.0,0.0,0.0,0.0,0.0,0.9022418932664011,0.07699190745264124,0.9783752994530804,-0.3922091579673562,-0.6793861174157104,0.886013824789056,0.0,0.0,52.164418088258664,0.0,0.0,0.0,0.0,52.15964368706429,3.311205989273796,0.5061112268696969,51.421899690948244,23.38775843700329,18.93029704461357,Tommy Nance,0.4577846630518978,1.2461741569779963,,4.035492021300589,1.3630214876353515,PIT,-3.891538012909052,0.0,0.0,1.1171821180150114,0.0,0.0
20302,0.0,0.0,0.0,0.0,0.0,1.9148327304248056,0.09916824584310827,2.1805997296918815,-1.3991179967866065,-1.9145595106399973,0.8809231985331911,0.0,0.0,132.55817601006697,0.0,0.0,0.0,0.0,132.85,7.027389941389041,0.651888805340274,114.60896511697165,62.6825167164394,52.73458087877413,David Peterson,0.5,1.1290929619872037,,4.246463307850618,1.3947516514026428,PIT,-3.896628639164917,0.0,0.0,1.0399847591648919,0.0,0.0
16451,0.7099707354062984,0.07224807099055545,0.5617941343520224,0.11693536550693207,-0.5802678289956079,0.0,0.0,0.0,0.0,0.0,0.8806804772602005,290.0,255.0,55.0,1.0,24.0,19.0,2.0,0.0,0.0,0.0,0.0,0.0,0.0,Luis Guillorme,0.0,2.0,0.21568627450980393,,,HIT,-3.8968713604379075,0.0,0.0,1.7987715514145106,0.0,0.0
17282,0.0,0.0,0.0,0.0,0.0,1.3624067729236597,0.07699190745264124,1.5791938909814363,-1.153809513572881,-0.9883411692231102,0.8764418885617459,0.0,0.0,65.0,0.0,0.0,0.0,0.0,78.7,5.000000000000001,0.5061112268696969,83.0,39.0,42.0,Michael Kopech,0.0,1.0,,4.45997458703939,1.3595933926302415,PIT,-3.9011099491363623,0.0,0.0,0.8764418885617459,0.0,0.0
19330,0.0,0.0,0.0,0.0,0.0,0.906977508173382,0.17616015329574952,1.0854866978356026,-0.6956634915530967,-0.5985733647326653,0.874387503018972,0.0,0.0,54.89654337727074,0.0,0.0,0.0,0.0,56.6865671641791,3.3285855817754477,1.158000032209971,57.051509909503636,27.137012483680603,20.39592143296604,Matt Festa,0.47761194029850745,1.1466561348077937,,4.30848302466019,1.3282241027608912,PIT,-3.9031643346791363,0.0,0.0,1.0119909197821437,0.0,0.0
18341,0.0,0.0,0.0,0.0,0.0,0.7680594753748476,0.07699190745264124,0.893844701866692,-0.43614175639034375,-0.4288392796635673,0.8739150486402699,0.0,0.0,47.23518854787607,0.0,0.0,0.0,0.0,49.689189189189186,2.818759751636543,0.5061112268696969,46.979101602798394,22.66830031970043,17.36367195458242,Julian Fernández,0.05405405405405406,1.3081316290454175,,4.105816701909297,1.300058655747057,PIT,-3.9036367890578383,0.0,0.0,1.1564320826646128,0.0,0.0
19924,0.0,0.0,0.0,0.0,0.0,0.6558569592927342,0.5728331366681826,1.0621100332116689,-0.8546821475085306,-0.5716194891722771,0.8644984924917777,0.0,0.0,52.3821313268006,0.0,0.0,0.0,0.0,58.54214390602056,2.406979223559263,3.7655552535710672,55.82286840141075,28.897442238999297,24.717286295190863,Bryan Hudson,0.486049926578561,1.1103112332945377,,4.442559885891828,1.316989991787138,PIT,-3.9130533452063303,0.0,0.0,0.9676199070158632,0.0,0.0
16943,0.0,0.0,0.0,0.0,0.0,0.5957509553491165,0.4736648908250743,1.2796297296258208,-0.5830360809221667,-0.9016010538781993,0.8644084409996455,0.0,0.0,70.44400358567665,0.0,0.0,0.0,0.0,73.55,2.1863916386391105,3.113666448230793,67.25536880904235,33.24030156679766,29.18597911353591,Sean Newcomb,0.5,1.0,,4.0674740190506995,1.354588479934909,PIT,-3.9131433966984623,0.0,0.0,0.8644084409996455,0.0,0.0
21894,0.0,0.0,0.0,0.0,0.0,0.5054596613883179,0.07699190745264124,0.7314547601222321,0.16480032049786322,-0.6154627387657351,0.8632439106953192,0.0,0.0,42.39668945796206,0.0,0.0,0.0,0.0,44.85333333333334,1.8550247673227052,0.5061112268696969,38.44413623739058,16.94191032246534,19.144983814857998,Gregory Santos,0.06666666666666667,1.449167657550535,,3.399461791814537,1.372064653823277,PIT,-3.9143079270027887,0.0,0.0,1.2612062837152511,0.0,0.0
25386,0.0,0.0,0.0,0.0,0.0,1.1497277615570738,0.07699190745264124,0.9366096624973572,-0.6805127760949184,-0.6217031690472512,0.861113386364903,0.0,0.0,64.07334574666115,0.0,0.0,0.0,0.0,65.24006888633754,4.219473157380938,0.5061112268696969,49.22676210390335,30.50277707687049,21.665878622235173,Jhony Brito,0.1963260619977038,1.0,,4.2079200463463176,1.3142111256545848,PIT,-3.916438451333205,0.0,0.0,0.861113386364903,0.0,0.0
26429,0.0,0.0,0.0,0.0,0.0,0.7139680129205715,0.17616015329574952,0.7579522003395676,-0.38847027406526113,-0.3993945533561419,0.8602155391344857,0.0,0.0,43.11645743435225,0.0,0.0,0.0,0.0,44.45986078886311,2.6202453889319357,1.158000032209971,39.83680090675048,20.258625716520147,14.891014559053076,Cody Laweryson,0.1879350348027842,1.4619928818194152,,4.1009492205687055,1.304715556103041,PIT,-3.9173362985636224,0.0,0.0,1.2757374222061233,0.0,0.0
16398,0.6163363337140995,0.2268465792520482,0.546057641691911,0.044619443342718924,-0.5766102482280316,0.0,0.0,0.0,0.0,0.0,0.8572497497727459,210.68965517241378,193.28379580131693,39.47920215716292,3.1398288721328282,20.83476300001754,18.467788390338075,0.7631471137801136,0.0,0.0,0.0,0.0,0.0,0.0,Brian Navarreto,0.13793103448275862,2.0,0.20425510578106068,,,HIT,-3.920302087925362,0.0,0.0,1.7428467478301706,0.0,0.0
22207,0.0,0.0,0.0,0.0,0.0,0.7140731949230311,0.07699190745264124,1.1657857518369137,-0.31197335079420735,-0.7882327246667936,0.8566447787515853,0.0,0.0,51.49827135736202,0.0,0.0,0.0,0.0,61.41476510067115,2.620631404344329,0.5061112268696969,61.27190458058913,26.61038234955326,32.11308401346213,DL Hall,0.412751677852349,1.0583774096253877,,3.8996068901900287,1.3614210725021636,PIT,-3.920907058946523,0.0,0.0,0.909830662518979,0.0,0.0
29036,0.0,0.0,0.0,0.0,0.0,1.3566308340724265,0.07699190745264124,1.59950889315474,-1.039086622982521,-1.1380889862241512,0.8559560254731355,0.0,0.0,70.98179660260305,0.0,0.0,0.0,0.0,81.63636363636364,4.978802443712027,0.5061112268696969,84.06772524261496,39.45423163729755,41.68950619087255,Miguel Ullola,0.20454545454545456,1.0,,4.3496313274971685,1.3801607246416834,PIT,-3.9215958122249726,0.0,0.0,0.8559560254731355,0.0,0.0
28489,0.0,0.0,0.0,0.0,0.0,1.4893578771732034,0.07699190745264124,1.3242016833587513,-1.602936627153749,-0.43481101424396285,0.8528038265868844,0.0,0.0,85.37293212077294,0.0,0.0,0.0,0.0,90.09210526315789,5.465907490965833,0.5061112268696969,69.59800208603286,46.55486322044599,27.008946981501566,Winston Santos,0.07894736842105263,1.0,,4.6507268063071505,1.2474109554217705,PIT,-3.9247480111112236,0.0,0.0,0.8528038265868844,0.0,0.0
29423,0.0,0.0,0.0,0.0,0.0,1.061584800053619,0.07699190745264124,1.423965764925938,-0.7226086957002329,-0.9927872869281394,0.847146489803826,0.0,0.0,71.53207226024435,0.0,0.0,0.0,0.0,77.82650602409637,3.895990614372494,0.5061112268696969,74.8414486427634,35.867857854663235,34.4962438277826,Kendry Rojas,0.39759036144578314,1.0,,4.147824914458083,1.3623676752904572,PIT,-3.930405347894282,0.0,0.0,0.847146489803826,0.0,0.0
27581,0.0,0.0,0.0,0.0,0.0,0.9789581318159499,0.0,1.1119222151013637,-0.8887709514597605,-0.35720246456918353,0.8449069308883699,0.0,0.0,61.82077499324393,0.0,0.0,0.0,0.0,67.29090909090908,3.5927527346152015,0.0,58.440920003849016,32.663342881746125,22.52155683329259,Hayden Wesneski,0.4318181818181818,2.0,,4.368644886912817,1.2533986086083517,PIT,-3.932644906809738,0.0,0.0,1.8100985013643198,0.0,0.0
18297,0.0,0.0,0.0,0.0,0.0,0.9464539657015238,0.17616015329574952,1.0867301202640873,-0.7271953954560855,-0.6373091500138871,0.8448396937913881,0.0,0.0,47.52280337466828,0.0,0.0,0.0,0.0,53.69291338582677,3.4734632288654845,1.158000032209971,57.1168622782999,26.124600711033786,24.78423618297527,Tyler Kinley,0.44881889763779526,1.2105880627658014,,4.3790025828877575,1.3466775221910443,PIT,-3.93271214390672,0.0,0.0,1.036927731942897,0.0,0.0
16647,0.0,0.0,0.0,0.0,0.0,0.9044741029434376,0.07699190745264124,0.6733225770546897,-0.24063720186685109,-0.5748258325814106,0.8393255530025068,0.0,0.0,49.66241261371878,0.0,0.0,0.0,0.0,47.214851485148515,3.319398144955194,0.5061112268696969,35.38879818032186,20.439487462121367,14.093382587481788,Ryan Thompson,0.42244224422442245,1.376685469834546,,3.89613397845709,1.3503334903267679,PIT,-3.9382262846956015,0.0,0.0,1.1707588419624058,0.0,0.0
19245,0.47331382360419894,0.21674421297166635,0.5026579096833885,0.05846768275346603,-0.41529882749206576,0.0,0.0,0.0,0.0,0.0,0.8358848015206541,176.0,165.0,35.0,3.0,16.0,17.0,1.0,0.0,0.0,0.0,0.0,0.0,0.0,Chris Okey,0.0,2.0,0.21212121212121213,,,HIT,-3.9416670361774537,0.0,0.0,1.6888727564978778,0.0,0.0
21481,0.0,0.0,0.0,0.0,0.0,1.0899254183389275,0.07699190745264124,1.2176916749736377,-0.7805341713769103,-0.769856959702113,0.8342178696861835,0.0,0.0,82.00000000000001,0.0,0.0,0.0,0.0,79.7,4.0,0.5061112268696969,64.0,37.0,23.0,Sean Hjelle,0.0,1.0,,4.178168130489335,1.3174404015056462,PIT,-3.943333968011925,0.0,0.0,0.8342178696861835,0.0,0.0
29114,0.0,0.0,0.0,0.0,0.0,1.037866851305498,0.07699190745264124,1.2291183194349882,-1.0250227852462417,-0.4880213635389503,0.8309329294079353,0.0,0.0,85.07646225164513,0.0,0.0,0.0,0.0,84.79452054794521,3.808946314463358,0.5061112268696969,64.60056684344357,40.64679528249858,21.830321728350796,Jedixson Paez,0.0410958904109589,1.0,,4.314207512213501,1.2607746737543946,PIT,-3.946618908290173,0.0,0.0,0.8309329294079353,0.0,0.0
14332,0.0,0.0,0.0,0.0,0.0,0.7378499269300044,0.07699190745264124,0.7882267290559138,-0.3732634779804433,-0.3996741775295876,0.8301309079285286,0.0,0.0,44.482949225399004,0.0,0.0,0.0,0.0,46.00829015544041,2.7078914373958,0.5061112268696969,41.42798353341015,20.787539483164373,15.355911591563647,Joel Payamps,0.09326424870466321,1.4127888643632596,,4.066394441445168,1.3006104033598127,PIT,-3.9474209297695797,0.0,0.0,1.188679089745332,0.0,0.0
30206,0.0,0.0,0.0,0.0,0.0,0.8174440637541959,0.07699190745264124,0.7039779995941343,-0.32425495248046265,-0.4444042053858288,0.8297548129346799,0.0,0.0,46.0,0.0,0.0,0.0,0.0,47.3,3.0000000000000004,0.5061112268696969,37.0,21.0,15.999999999999998,Christian Montes De Oca,0.0,1.3742071881606766,,3.9957716701902752,1.3107822410147993,PIT,-3.947797024763428,0.0,0.0,1.154572173992196,0.0,0.0
30109,0.0,0.0,0.0,0.0,0.0,0.7146712350295247,0.17616015329574952,0.7900613860997499,-0.40605203340896895,-0.4482184179347083,0.8266223230813469,0.0,0.0,31.479599021186903,0.0,0.0,0.0,0.0,37.328149829738926,2.622826197112462,1.158000032209971,41.52441028348056,17.49203571143948,18.80092975113216,Nate Lavender,0.20544835414301932,1.7413131991935806,,4.217415599782391,1.3469868986718736,PIT,-3.950929514616761,0.0,0.0,1.4708652488045424,0.0,0.0
31571,0.0,0.0,0.0,0.0,0.0,0.9258211218734167,0.07699190745264124,1.0576150205973778,-0.6669836397247647,-0.5680329631900886,0.8254114470085826,0.0,0.0,42.93226235853744,0.0,0.0,0.0,0.0,50.30336538461538,3.397741189610534,0.5061112268696969,55.58661745773828,24.37222333201777,24.37746059016997,Paul Gervase,0.15865384615384615,1.2921600672840745,,4.360543441000972,1.3380759405272953,PIT,-3.9521403906895256,0.0,0.0,1.0843847874690358,0.0,0.0
20333,0.0,0.0,0.0,0.0,0.0,1.2122108650366148,0.07699190745264124,0.7339501558534949,-0.6355172863599521,-0.5745104693953228,0.8131251725874759,0.0,0.0,48.58961588912855,0.0,0.0,0.0,0.0,48.3551724137931,4.448784640270352,0.5061112268696969,38.5752903957733,23.38568680130775,16.50962589293541,Nick Raquet,0.13793103448275862,1.344220209655566,,4.352609466691381,1.346272560564683,PIT,-3.9644266651106324,0.0,0.0,1.113596530235916,0.0,0.0
10655,0.3549853677031492,0.1444961419811109,0.47308979734907153,0.0,-0.1629750040582178,0.0,0.0,0.0,0.0,0.0,0.8095963029751139,129.0,117.0,27.0,2.0,12.0,16.0,0.0,0.0,0.0,0.0,0.0,0.0,0.0,Rob Brantly,0.0,2.0,0.23076923076923078,,,HIT,-3.9679555347229942,0.0,0.0,1.6231449175604342,0.0,0.0
12861,0.41414959565367404,0.1444961419811109,0.32524923567748665,0.11693536550693207,-0.19469730823517467,0.0,0.0,0.0,0.0,0.0,0.8061330305840291,143.0,123.0,28.0,2.0,14.0,11.0,2.0,0.0,0.0,0.0,0.0,0.0,0.0,Anthony Rendon,0.0,2.0,0.22764227642276422,,,HIT,-3.971418807114079,0.0,0.0,1.6175292890883175,0.0,0.0
20629,0.0,0.0,0.0,0.0,0.0,1.3098773350874513,0.27532839913885776,1.5938251716156926,-0.9829762759606118,-1.3946050625214201,0.8014495673599698,0.0,0.0,112.53792380323358,0.0,0.0,0.0,0.0,112.9,4.807218229972967,1.809888837550245,83.76899758767972,51.79022489337949,41.11311466659948,Tyler Phillips,0.5,1.0,,4.128538742607754,1.3609480821065814,PIT,-3.9761022703381386,0.0,0.0,0.8014495673599698,0.0,0.0
19977,0.5916422795052486,0.36124035495277723,0.6800665836892903,0.05846768275346603,-0.892139184853094,0.0,0.0,0.0,0.0,0.0,0.7992777160476883,257.0,232.0,44.0,5.0,20.0,23.0,1.0,0.0,0.0,0.0,0.0,0.0,0.0,Tres Barrera,0.0,2.0,0.1896551724137931,,,HIT,-3.97827412165042,0.0,0.0,1.6516660813639708,0.0,0.0
12976,0.49203912346585,0.2761912960231062,0.4797821109552447,0.09386845641497564,-0.5426628311387864,0.0,0.0,0.0,0.0,0.0,0.7992181557203901,208.22222222222223,184.2436626016873,37.75841662310649,3.822818965771571,16.632993973226856,16.226335503954576,1.6054759141178896,0.0,0.0,0.0,0.0,0.0,0.0,Austin Hedges,0.48559670781893005,2.0,0.20493739697704372,,,HIT,-3.978333681977718,0.0,0.0,1.6238062803764293,0.0,0.0
30016,0.0,0.0,0.0,0.0,0.0,1.1138595274117549,0.07699190745264124,1.4725417346658787,-0.6973262009339629,-1.1678636261608615,0.7982033424354504,0.0,0.0,86.85703914127977,0.0,0.0,0.0,0.0,88.22573443008226,4.087837603087754,0.5061112268696969,77.39452683755643,39.91469155793489,34.08052564086613,Joe Rock,0.17743830787309048,1.0,,4.071739683913891,1.3707742481643759,PIT,-3.9793484952626574,0.0,0.0,0.7982033424354504,0.0,0.0
15009,0.0,0.0,0.0,0.0,0.0,1.2174709555220642,0.37449664498196605,0.8913256012617639,-0.7338244240894399,-0.9526922428651347,0.7967765348112196,0.0,0.0,56.35707737086715,0.0,0.0,0.0,0.0,57.25,4.468089045496412,2.461777642890519,46.846701552745586,27.607061227738726,24.68027219345113,Kyle Finnegan,0.4852941176470588,1.1353711790393013,,4.339974690823555,1.415499555708616,PIT,-3.9807753028868884,0.0,0.0,0.9158744059220463,0.0,0.0
18064,0.0,0.0,0.0,0.0,0.0,0.6782411836569948,0.07699190745264124,0.9051240808072275,-0.41449541470274953,-0.4491691782721756,0.7966925789419386,0.0,0.0,40.45939526029483,0.0,0.0,0.0,0.0,46.57832699619772,2.489128787144539,0.5061112268696969,47.57192839715905,21.276750114750204,20.756343548727646,Phil Maton,0.3346007604562738,1.395498812254594,,4.111155624983774,1.314253704604282,PIT,-3.9808592587561695,0.0,0.0,1.1287472921341244,0.0,0.0
33980,0.0,0.0,0.0,0.0,0.0,0.8405857626577443,0.07699190745264124,1.155381452718954,-0.6427505544155695,-0.6341729382678553,0.7960356301459149,0.0,0.0,57.67399045446615,0.0,0.0,0.0,0.0,63.79412976313079,3.084929476876747,0.5061112268696969,60.72507063466121,29.67694515645425,26.535021934838085,Jonathan Pintaro,0.27909371781668385,1.0189025266328835,,4.186788148060165,1.3200119305957212,PIT,-3.9815162075521933,0.0,0.0,0.8122743463285129,0.0,0.0
18887,0.6212243934805111,0.4334884259433327,0.7687709206922412,0.05846768275346603,-1.0861155946123884,0.0,0.0,0.0,0.0,0.0,0.7958358282571625,245.0,217.0,37.0,6.0,21.0,26.0,1.0,0.0,0.0,0.0,0.0,0.0,0.0,Seby Zavala,0.0,2.0,0.17050691244239632,,,HIT,-3.9817160094409454,0.0,0.0,1.6525509748379767,0.0,0.0
27792,0.0,0.0,0.0,0.0,0.0,1.5565215512836739,0.07699190745264124,1.5751525739604275,-1.5340964622139515,-0.8825808531761502,0.791988717306641,0.0,0.0,94.14433849374817,0.0,0.0,0.0,0.0,96.68493150684932,5.712396555191272,0.5061112268696969,82.7875945983205,48.80272565551543,32.63365375946259,Gavin Stone,0.0410958904109589,1.0,,4.54284368881746,1.3112487155687709,PIT,-3.985563120391467,0.0,0.0,0.791988717306641,0.0,0.0
31865,0.0,0.0,0.0,0.0,0.0,0.6944571055225043,0.07699190745264124,1.0602558631887946,-0.450388795225321,-0.590099140415975,0.7912169405226444,0.0,0.0,46.15865743590041,0.0,0.0,0.0,0.0,53.18226164079823,2.5486408293179306,0.5061112268696969,55.72541607919912,24.168002444686913,24.86940945269444,Peyton Pallette,0.22394678492239467,1.2222120307522972,,4.089935540374238,1.3355593518818385,PIT,-3.986334897175464,0.0,0.0,0.9784817198131028,0.0,0.0
25311,0.0,0.0,0.0,0.0,0.0,1.2780686799549545,0.07699190745264124,1.6210261539843906,-1.0814935771033343,-1.1066414528060373,0.7879517114826149,0.0,0.0,71.01496997718746,0.0,0.0,0.0,0.0,78.06756756756756,4.690481232753565,0.5061112268696969,85.19863934952748,38.276859347934376,36.95791496691163,Roddery Muñoz,0.05405405405405406,1.0,,4.412738155742478,1.3830696703935146,PIT,-3.9896001262154934,0.0,0.0,0.7879517114826149,0.0,0.0
13594,0.0,0.0,0.0,0.0,0.0,0.5449627091694638,0.07699190745264124,0.8181365941229128,-0.49413651966805006,-0.1598503676757589,0.786104323401209,0.0,0.0,36.0,0.0,0.0,0.0,0.0,39.7,2.0,0.5061112268696969,43.0,19.0,13.0,Robert Stephenson,0.0,1.63727959697733,,4.307304785894206,1.234256926952141,PIT,-3.9914475142968993,0.0,0.0,1.3078918483672717,0.0,0.0
15947,0.0,0.0,0.0,0.0,0.0,1.2189731436861206,0.27532839913885776,1.028731509132769,-0.6968176277966696,-1.043574154980228,0.7826412691808498,0.0,0.0,48.87482774050521,0.0,0.0,0.0,0.0,53.40961392884179,4.4736020398308165,1.809888837550245,54.06854455658702,25.817816027501337,28.906853348485484,Ryne Stanek,0.4700984102952309,1.2170093587757478,,4.350534054731948,1.4563235973324966,PIT,-3.994910568517258,0.0,0.0,0.971065930989107,0.0,0.0
23779,0.0,0.0,0.0,0.0,0.0,0.9140896539460377,0.07699190745264124,0.9552074014991851,-0.518407913738546,-0.6533222236563352,0.7745588255029829,0.0,0.0,58.927927472357716,0.0,0.0,0.0,0.0,61.9,3.354686985240264,0.5061112268696969,50.204230637670534,28.119482337350327,23.316474512847105,Justin Bruihl,0.5,1.050080775444265,,4.088454620939466,1.3286656217319033,PIT,-4.002993012195125,0.0,0.0,0.8162496127070107,0.0,0.0
20385,0.0,0.0,0.0,0.0,0.0,0.9053777189397951,0.07699190745264124,0.9213961792141876,-0.3896091047162995,-0.7412312219163206,0.7729254789740039,0.0,0.0,47.157235662598985,0.0,0.0,0.0,0.0,50.95719424460432,3.3227143938696737,0.5061112268696969,48.427164841202234,22.886350487250883,23.397502236564815,Isaac Mattson,0.3705035971223022,1.2755804349821052,,4.042160433648055,1.3845883578379043,PIT,-4.004626358724105,0.0,0.0,1.0013386446563775,0.0,0.0
19911,0.0,0.0,0.0,0.0,0.0,0.9816562904370055,0.17616015329574952,1.4370591199018914,-0.8520366050295094,-0.9711906477645366,0.7716483108406006,0.0,0.0,76.74747029262498,0.0,0.0,0.0,0.0,77.95,3.6026549116840423,1.158000032209971,75.52961522522702,36.751368216945195,29.112809521332153,José Suarez,0.5,1.0,,4.243262526651787,1.3580536217313295,PIT,-4.005903526857508,0.0,0.0,0.7716483108406006,0.0,0.0
30084,0.0,0.0,0.0,0.0,0.0,1.4438584270970751,0.07699190745264124,1.1365670113451547,-0.78616921983539,-1.1022439667567712,0.7690041593027099,0.0,0.0,79.02633005831213,0.0,0.0,0.0,0.0,77.85436893203884,5.298925606478836,0.5061112268696969,59.73621255780096,36.28843549614665,28.629263763717866,Carson Seymour,0.32038834951456313,1.0,,4.194959434459152,1.3827816640066204,PIT,-4.008547678395399,0.0,0.0,0.7690041593027099,0.0,0.0
24937,0.0,0.0,0.0,0.0,0.0,1.2484896798770322,0.07699190745264124,0.8719120683802613,-0.7465253189005584,-0.6829239548787185,0.7679443819306577,0.0,0.0,46.236383520273954,0.0,0.0,0.0,0.0,48.22608695652174,4.5819270158127345,0.5061112268696969,45.82635614844358,24.032567679785544,20.254535604212148,Austin Warren,0.391304347826087,1.347818247385503,,4.484981526970436,1.3787334474064012,PIT,-4.00960745576745,0.0,0.0,1.0595627759131467,0.0,0.0
21623,0.0,0.0,0.0,0.0,0.0,1.1002116637077315,0.17616015329574952,1.0355816833176978,-0.6812621942142674,-0.8642402915018613,0.7664510146050504,0.0,0.0,51.220033238918596,0.0,0.0,0.0,0.0,52.15702479338843,4.037750272434165,1.158000032209971,54.42857916702726,25.21251138735773,22.512548525941888,Grant Wolfram,0.4214876033057851,1.246236729519886,,4.3505664555272645,1.4136654085799585,PIT,-4.011100823093058,0.0,0.0,0.9739268074200351,0.0,0.0
29530,0.0,0.0,0.0,0.0,0.0,0.8174440637541958,0.07699190745264124,0.9703480534946175,-0.3742230085802711,-0.7245554286040191,0.7660055875171642,0.0,0.0,42.0,0.0,0.0,0.0,0.0,49.0,3.0,0.5061112268696969,51.0,22.0,26.0,Fraser Ellard,0.0,1.3265306122448979,,4.040816326530612,1.3877551020408163,PIT,-4.011546250180944,0.0,0.0,1.0338785057177646,0.0,0.0
20160,0.0,0.0,0.0,0.0,0.0,0.5379556719872974,0.6720013825112908,0.8788512646819137,-0.6366538177203671,-0.6878090572797939,0.7643454441803408,0.0,0.0,44.22262467301208,0.0,0.0,0.0,0.0,48.75080213903743,1.9742843425274172,4.417444058911341,46.19106962430385,23.55288220376638,22.958770445640965,Nate Pearson,0.376114081996435,1.3333113948488438,,4.348152861758898,1.3780572251314247,PIT,-4.013206393517767,0.0,0.0,1.0408952849073079,0.0,0.0
21574,0.0,0.0,0.0,0.0,0.0,0.8975987456574898,0.07699190745264124,1.1222234193086276,-0.3240382225050555,-1.0106019778181996,0.7621738720955036,0.0,0.0,43.64921056515349,0.0,0.0,0.0,0.0,51.13834510595358,3.294165749526061,0.5061112268696969,58.98233543996848,22.545553939402605,30.965449863362718,Brendon Little,0.29364278506559033,1.2710618590673288,,3.9678637436196666,1.4590745999684194,PIT,-4.015377965602605,0.0,0.0,0.9866208878719058,0.0,0.0
33785,0.0,0.0,0.0,0.0,0.0,0.6935892312811338,0.17616015329574952,0.8574650241971786,-0.45848865524761356,-0.5078316310767176,0.7608941224497309,0.0,0.0,41.56990987540001,0.0,0.0,0.0,0.0,47.869565217391305,2.545455751782284,1.158000032209971,45.06704174503575,22.074681520341368,22.005781436767975,Josh Ekness,0.2391304347826087,1.357856494096276,,4.15028072180805,1.3281025433059614,PIT,-4.016657715248377,0.0,0.0,1.0503253139448596,0.0,0.0
19422,0.5432934454285961,0.25831830133248657,0.5504864467181078,0.0,-0.592383767559461,0.0,0.0,0.0,0.0,0.0,0.7597144259197295,210.3030303030303,188.13978165493316,37.91935929528955,3.5754352717078763,18.365605848281046,18.617571541055366,0.0,0.0,0.0,0.0,0.0,0.0,0.0,Brian Serven,0.24242424242424243,2.0,0.20154886415695636,,,HIT,-4.017837411778379,0.0,0.0,1.5478151922138985,0.0,0.0
22754,0.0,0.0,0.0,0.0,0.0,0.7520762892703288,0.07699190745264124,0.6855242599276065,-0.3206689339458413,-0.43729289561566864,0.7566306270890665,0.0,0.0,36.92594054108441,0.0,0.0,0.0,0.0,40.27352941176471,2.7601018440931893,0.5061112268696969,36.03009984963283,18.145759148051187,16.677512569699488,Gerardo Carrillo,0.2647058823529412,1.613963338932301,,4.0550663107453895,1.3309847409381816,PIT,-4.020921210609042,0.0,0.0,1.2443440777274657,0.0,0.0
30250,0.0,0.0,0.0,0.0,0.0,0.7146071195474688,0.27532839913885776,0.9234530159208029,-0.6081317752028929,-0.5489760393946659,0.7562807200095709,0.0,0.0,42.253279803472516,0.0,0.0,0.0,0.0,45.75410447761194,2.622590894839565,1.809888837550245,48.53526901233918,22.16139431423089,19.408291671210367,Jaden Hill,0.34701492537313433,1.4206375743143507,,4.359227463968236,1.3476730050492993,PIT,-4.021271117688537,0.0,0.0,1.0984609105028937,0.0,0.0
33826,0.0,0.0,0.0,0.0,0.0,0.6161326662515839,0.07699190745264124,1.1037599820506478,-0.41147996316361757,-0.6326672924325234,0.7527373001587321,0.0,0.0,47.42088541207934,0.0,0.0,0.0,0.0,56.769230769230774,2.2611920261134375,0.5061112268696969,58.01192559912245,25.369152834605114,28.458107736612995,Yuki Matsui,0.46153846153846156,1.1449864498644986,,4.021938864022761,1.3366218305325206,PIT,-4.024814537539376,0.0,0.0,0.8693685947510871,0.0,0.0
13338,0.5620601655299862,0.21674421297166635,0.5617941343520224,0.0,-0.5895202743801461,0.0,0.0,0.0,0.0,0.0,0.751078238473529,246.0,216.0,45.0,3.0,19.0,19.0,0.0,0.0,0.0,0.0,0.0,0.0,0.0,Omar Narváez,0.0,2.0,0.20833333333333334,,,HIT,-4.0264735992245795,0.0,0.0,1.5345179369168143,0.0,0.0
23301,0.0,0.0,0.0,0.0,0.0,1.7195335255655513,0.0,1.64070300396008,-1.620779405643118,-0.9887695449183456,0.7506875789641678,0.0,0.0,125.62062203992437,0.0,0.0,0.0,0.0,117.25,6.310646569509908,0.0,86.23282429496648,57.78437469988561,27.127088536840432,Janson Junk,0.5,1.279317697228145,,4.435474390609556,1.3027523290129195,PIT,-4.026864258733941,0.0,0.0,1.0376686560875084,0.0,0.0
20020,0.0,0.0,0.0,0.0,0.0,0.8022631136232672,0.17616015329574952,0.910148711212244,-0.49272626904030276,-0.6460713972372062,0.7497743118537518,0.0,0.0,51.55724568896613,0.0,0.0,0.0,0.0,54.8828125,2.944286279132513,1.158000032209971,47.83601523665232,25.12235867229403,22.28258484733322,John Schreiber,0.453125,1.184341637010676,,4.11970920860964,1.3454090119069488,PIT,-4.027777525844356,0.0,0.0,0.8983685498966265,0.0,0.0
17034,0.0,0.0,0.0,0.0,0.0,0.8174440637541958,0.07699190745264124,0.8371630265443759,-0.26994362440569136,-0.7121728363979553,0.7494825369475663,0.0,0.0,36.0,0.0,0.0,0.0,0.0,40.7,3.0,0.5061112268696969,44.0,18.0,22.0,Sean Reid-Foley,0.0,1.597051597051597,,3.98034398034398,1.4250614250614249,PIT,-4.028069300750542,0.0,0.0,1.2260191467658277,0.0,0.0
15761,0.0,0.0,0.0,0.0,0.0,0.5449627091694638,0.07699190745264124,0.9132687562302283,-0.46041261780683435,-0.3337919992967183,0.7410187557487805,0.0,0.0,38.0,0.0,0.0,0.0,0.0,42.7,2.0,0.5061112268696969,48.0,20.0,17.0,Joe Jiménez,0.0,1.5222482435597189,,4.215456674473067,1.2880562060889928,PIT,-4.036533081949328,0.0,0.0,1.1486461440567672,0.0,0.0
32026,0.0,0.0,0.0,0.0,0.0,0.6861952605253371,0.07699190745264124,0.9636917584924611,-0.4176117817118918,-0.5737680569076812,0.7354990878508666,0.0,0.0,49.487040139257616,0.0,0.0,0.0,0.0,51.38679245283019,2.5183200574260027,0.5061112268696969,50.65015538096109,23.23639686298208,19.185177822636017,Drew Sommers,0.33962264150943394,1.2649164677804294,,4.06967552915089,1.3363787596770194,PIT,-4.042052749847241,0.0,0.0,0.9433573145318523,0.0,0.0
6107,0.0,0.0,0.0,0.0,0.0,1.0116877656013412,0.07699190745264124,1.1227507260437777,-0.695622122392444,-0.782358459051513,0.7334498176538032,0.0,0.0,54.610174720974264,0.0,0.0,0.0,0.0,62.6,3.7128697012798453,0.5061112268696969,59.01004987026573,29.530475730494757,30.32036021335447,Huascar Brazobán,0.5,1.038338658146965,,4.245595552307552,1.3567178104525357,PIT,-4.0441020200443045,0.0,0.0,0.7643620249047102,0.0,0.0
17859,0.0,0.0,0.0,0.0,0.0,0.8174440637541958,0.07699190745264124,0.6849515671726711,-0.550624106944393,-0.30917863300703136,0.7195847984280839,0.0,0.0,40.0,0.0,0.0,0.0,0.0,41.3,3.0,0.5061112268696969,36.0,20.0,13.0,Adbert Alzolay,0.0,1.573849878934625,,4.358353510895884,1.2832929782082325,PIT,-4.057967039270024,0.0,0.0,1.1570239813414829,0.0,0.0
15734,0.0,0.0,0.0,0.0,0.0,0.9052351543991141,0.37449664498196605,1.0804878601235723,-0.862243050569817,-0.7804067647370148,0.7175698441978207,0.0,0.0,58.78288225762773,0.0,0.0,0.0,0.0,61.495647873392684,3.3221911854435473,2.461777642890519,56.7887786942501,30.143348446941168,24.81167064296277,Brad Keller,0.30761622156280916,1.056985368034858,,4.411533911814426,1.3593572194360009,PIT,-4.059981993500287,0.0,0.0,0.7630693576175849,0.0,0.0
30081,0.0,0.0,0.0,0.0,0.0,0.7225119901328791,0.07699190745264124,0.6387070921853683,-0.21821476335520681,-0.5032636545645492,0.7167325718511326,0.0,0.0,37.95318544923363,0.0,0.0,0.0,0.0,39.33936696340257,2.651601579249357,0.5061112268696969,33.56946158045183,17.128419686610766,15.480770410314712,Tyler Samaniego,0.30761622156280916,1.652288916099477,,3.9186135690212827,1.3582820463089296,PIT,-4.060819265846975,0.0,0.0,1.2077053332600398,0.0,0.0
16953,0.5008026384164038,0.2627737326512821,0.5720024035410193,0.040894387865383686,-0.6610045846386934,0.0,0.0,0.0,0.0,0.0,0.7154685778353953,224.30065359477123,205.94745936758844,41.276110862632635,3.6371037876655965,16.929237675008352,19.345245887650023,0.6994357556091004,0.0,0.0,0.0,0.0,0.0,0.0,Chadwick Tromp,0.1830065359477124,2.0,0.2004205878012816,,,HIT,-4.062083259862713,0.0,0.0,1.4657070239181735,0.0,0.0
26213,0.0,0.0,0.0,0.0,0.0,0.764095578827721,0.8703378741975073,1.1542873856615212,-1.0758243802684386,-0.997683776002998,0.7152126824153129,0.0,0.0,68.5972297542734,0.0,0.0,0.0,0.0,67.46136363636363,2.8042123469043263,5.721221669591889,60.66756815425933,33.9277216258925,25.20265122363267,Caleb Kilian,0.4318181818181818,2.0,,4.526287020804309,1.3904237317750454,PIT,-4.062339155282795,0.0,0.0,1.6305600148047101,0.0,0.0
21646,0.43430334059074677,0.19538953898627134,0.5086275572830589,0.0,-0.42331303903688633,0.0,0.0,0.0,0.0,0.0,0.7150073978231907,172.53424657534248,153.67626648913551,32.00487190344446,2.7044256864908327,14.68128143086481,17.201894782195545,0.0,0.0,0.0,0.0,0.0,0.0,0.0,Rafael Marchán,0.3150684931506849,2.0,0.208261644004132,,,HIT,-4.062544439874918,0.0,0.0,1.4462404336122412,0.0,0.0
20151,0.0,0.0,0.0,0.0,0.0,0.7077391636997654,0.07699190745264124,0.8754897529345776,-0.35908756379486795,-0.5872945949102588,0.7138386653818576,0.0,0.0,31.661131380922264,0.0,0.0,0.0,0.0,39.678935698447894,2.597385662510291,0.5061112268696969,46.01439374135987,18.146516034201603,23.36313864364598,James Karinchak,0.22394678492239467,1.6381487773257633,,4.116003653651499,1.3867375486767555,PIT,-4.06371317231625,0.0,0.0,1.19931906698988,0.0,0.0
29629,0.0,0.0,0.0,0.0,0.0,0.7253894284763385,0.07699190745264124,1.1039863579465297,-0.48849109939804725,-0.7047763509896169,0.7131002434878452,0.0,0.0,60.7244666536839,0.0,0.0,0.0,0.0,62.53948009748173,2.6621617085758005,0.5061112268696969,58.02382356774144,28.187342120816812,23.017281535470985,Matt Svanson,0.4313566206336312,1.0393434658983893,,4.056414902904932,1.3390221354354832,PIT,-4.064451594210263,0.0,0.0,0.7434758530244431,0.0,0.0
18318,0.0,0.0,0.0,0.0,0.0,0.7170895928656768,0.07699190745264124,0.8724372850145508,-0.425686492663379,-0.5282595777171057,0.7125727149523842,0.0,0.0,49.115475739039304,0.0,0.0,0.0,0.0,53.22177858439201,2.6317015120485525,0.5061112268696969,45.85396072625697,24.0277939109395,21.07511064928838,Jacob Waguespack,0.3647912885662432,1.221304543532525,,4.063188998006799,1.3188320318350277,PIT,-4.064979122745724,0.0,0.0,0.880734623590413,0.0,0.0
33821,0.0,0.0,0.0,0.0,0.0,0.6899750353760463,0.07699190745264124,0.7961799873666329,-0.34190875120777964,-0.5100681664953846,0.7111700124921563,0.0,0.0,43.3508621681165,0.0,0.0,0.0,0.0,47.10841219768665,2.532191739972758,0.5061112268696969,41.84599454748482,21.033870864309872,19.357475434813622,Philip Abner,0.26393270241850686,1.3797960272410106,,4.01849327853349,1.3311494630678624,PIT,-4.066381825205951,0.0,0.0,0.9973433537774894,0.0,0.0
22370,0.0,0.0,0.0,0.0,0.0,0.7081060315753315,0.17616015329574952,0.5618934764408605,-0.4288199688134161,-0.31289960813334267,0.7044400843651828,0.0,0.0,39.45407601672146,0.0,0.0,0.0,0.0,39.91463414634147,2.59873205876601,1.158000032209971,29.532256178883387,18.67792802839897,11.964974522410301,Raymond Burgos,0.14634146341463414,1.6284754048273753,,4.211521810253113,1.2882255252700285,PIT,-4.073111753332926,0.0,0.0,1.1703833041683986,0.0,0.0
22915,0.0,0.0,0.0,0.0,0.0,0.9698176556437395,0.07699190745264124,0.789291844903371,-0.51676330170566,-0.6151231723015022,0.7042149339925897,0.0,0.0,54.72831973752266,0.0,0.0,0.0,0.0,55.792682926829265,3.5592074075004683,0.5061112268696969,41.483964382781345,25.642034569883425,19.744375694921995,Carlos Vargas,0.14634146341463414,1.1650273224043717,,4.136354428977917,1.334811153106112,PIT,-4.073336903705519,0.0,0.0,0.8296661255206598,0.0,0.0
17040,0.7395528493815609,0.21674421297166635,0.5617941343520224,0.0,-0.8164909513824186,0.0,0.0,0.0,0.0,0.0,0.7016002453228309,266.0,227.0,44.0,3.0,25.0,19.0,0.0,0.0,0.0,0.0,0.0,0.0,0.0,Jose Herrera,0.0,2.0,0.19383259911894274,,,HIT,-4.075951592375278,0.0,0.0,1.450700369776929,0.0,0.0
19261,0.0,0.0,0.0,0.0,0.0,0.5107154721835159,0.07699190745264124,0.9340816810337327,-0.18081909390776355,-0.6434348024148863,0.6975351643472399,0.0,0.0,43.05347960871622,0.0,0.0,0.0,0.0,47.69056603773585,1.8743134661887544,0.5061112268696969,49.09389528958808,20.254454560586066,22.24152679627733,Ian Hamilton,0.05660377358490566,1.3629529988922298,,3.822351173207609,1.3691388429595897,PIT,-4.080016673350868,0.0,0.0,0.9655780163077604,0.0,0.0
13346,0.0,0.0,0.0,0.0,0.0,0.7560413619575663,0.17616015329574952,0.6807879196424897,-0.508572238301098,-0.4071119551950456,0.697305241399662,0.0,0.0,49.40739816876237,0.0,0.0,0.0,0.0,49.85820642978003,2.7746535652312483,1.158000032209971,35.781165095066136,23.193219782096644,15.081113160515867,Hoby Milner,0.4077834179357022,1.3036971173751621,,4.186652368509413,1.2934382511353157,PIT,-4.080246596298446,0.0,0.0,0.922871273647831,0.0,0.0
24621,0.0,0.0,0.0,0.0,0.0,1.5957396761974083,0.07699190745264124,1.9175507055248113,-1.336481191097436,-1.560378276912958,0.6934228211644675,0.0,0.0,95.73054595906649,0.0,0.0,0.0,0.0,98.5,5.856326127816539,0.5061112268696969,100.78351332757926,48.25268274909901,43.22243855114994,Ryan Weiss,0.2857142857142857,1.0,,4.4088745659075235,1.4106901980732631,PIT,-4.084129016533641,0.0,0.0,0.6934228211644675,0.0,0.0
15042,0.0,0.0,0.0,0.0,0.0,0.7537894056151385,0.07699190745264124,0.9390827150495787,-0.5665238695818476,-0.5105839113575988,0.692756247177912,0.0,0.0,54.79092757400481,0.0,0.0,0.0,0.0,54.455859094176844,2.766388939764086,0.5061112268696969,49.35674193918933,25.41690030619443,16.604838999742284,Tim Mayza,0.49676491732566497,1.193627298902547,,4.200688531240363,1.3110759385922846,PIT,-4.084795590520196,0.0,0.0,0.8372128419209272,0.0,0.0
28846,0.0,0.0,0.0,0.0,0.0,0.43245234889436457,0.07699190745264124,0.9024977394754855,-0.17302567681443848,-0.548671589498999,0.6902447295090538,0.0,0.0,45.024748811006724,0.0,0.0,0.0,0.0,52.764263645726054,1.5870896911586199,0.5061112268696969,47.43389193958441,22.24651410725986,24.91700886316378,Alimber Santa,0.27909371781668385,1.2318943828426772,,3.7945877215242176,1.3255516677685284,PIT,-4.087307108189054,0.0,0.0,0.8586499088381625,0.0,0.0
26024,0.0,0.0,0.0,0.0,0.0,0.8174440637541959,0.07699190745264124,0.7230044320155974,-0.4831545120617028,-0.4444042053858288,0.6898816857749028,0.0,0.0,45.0,0.0,0.0,0.0,0.0,47.3,3.0000000000000004,0.5061112268696969,38.0,22.0,17.0,Brendan White,0.0,1.3742071881606766,,4.186046511627907,1.3107822410147993,PIT,-4.087670151923206,0.0,0.0,0.9652566126387263,0.0,0.0
29934,0.0,0.0,0.0,0.0,0.0,0.9722739552640796,0.07699190745264124,1.0084566281570442,-0.6274327989239272,-0.7430802339343013,0.6872094580155362,0.0,0.0,43.12043944626635,0.0,0.0,0.0,0.0,50.76325224071704,3.5682219678695017,0.5061112268696969,53.00292802235681,24.30876006860999,27.23108470729976,Riley Martin,0.10371318822023047,1.2804538151293567,,4.309787709819114,1.3858750385015204,PIT,-4.090342379682572,0.0,0.0,0.8988997453553105,0.0,0.0
26790,0.0,0.0,0.0,0.0,0.0,0.6752228138320665,0.07699190745264124,1.036047437717002,-0.8348875969915448,-0.2666659055068456,0.6867086565033191,0.0,0.0,49.206409910580966,0.0,0.0,0.0,0.0,55.358436213991766,2.4780514426798934,0.5061112268696969,54.45305850130217,27.480936189987027,19.762393445819814,Angel Chivilli,0.27983539094650206,1.1741661153277185,,4.467763951167597,1.2458589525505603,PIT,-4.0908431811947885,0.0,0.0,0.8158004387062735,0.0,0.0
23488,0.0,0.0,0.0,0.0,0.0,0.8636598752357948,0.17616015329574952,1.0549516298054393,-0.7521436250836292,-0.6567745789763951,0.6858534542769595,0.0,0.0,55.297495111399854,0.0,0.0,0.0,0.0,61.350179726815234,3.169610913568868,1.158000032209971,55.44663373756729,29.384060326468514,26.3461801971887,Ron Marinaccio,0.49676491732566497,1.0594915987114784,,4.310607468728028,1.3307813550365744,PIT,-4.091698383421148,0.0,0.0,0.7307892340174722,0.0,0.0
26191,0.0,0.0,0.0,0.0,0.0,0.722701253197278,0.07699190745264124,0.8568886318386767,-0.21523044304551794,-0.757318178804535,0.6840331706385431,0.0,0.0,44.289845120640614,0.0,0.0,0.0,0.0,48.607594936708864,2.6522961701313177,0.5061112268696969,45.03674744993439,20.84018001517774,23.71248376965981,Kade Strowd,0.11392405063291139,1.3372395833333333,,3.8586895809352533,1.3990062453994097,PIT,-4.093518667059565,0.0,0.0,0.9309714393270425,0.0,0.0
21487,0.0,0.0,0.0,0.0,0.0,1.2942199663979466,0.0,1.1586669933381957,-0.999016030810125,-0.7709006860092136,0.6829702429168039,0.0,0.0,92.75825356273987,0.0,0.0,0.0,0.0,92.21774193548387,4.749756064485105,0.0,60.89775359205764,43.49411652259003,27.080374014933355,Stephen Kolek,0.43548387096774194,1.6265850459116746,,4.244812771247091,1.2995181302694778,PIT,-4.094581594781304,0.0,0.0,1.228669904019444,0.0,0.0
15941,0.44373170962893654,0.1444961419811109,0.38438546034612064,0.0,-0.2910688802253432,0.0,0.0,0.0,0.0,0.0,0.6815444317308248,170.0,149.0,33.0,2.0,15.000000000000002,13.000000000000002,0.0,0.0,0.0,0.0,0.0,0.0,0.0,Austin Nola,0.0,2.0,0.2214765100671141,,,HIT,-4.096007405967283,0.0,0.0,1.3735218735711077,0.0,0.0
19200,0.0,0.0,0.0,0.0,0.0,0.8174440637541958,0.07699190745264124,0.856189458965839,-0.550624106944393,-0.5209044307566212,0.6790968924716619,0.0,0.0,36.0,0.0,0.0,0.0,0.0,41.3,3.0,0.5061112268696969,45.0,20.0,20.0,José Quijada,0.0,1.573849878934625,,4.358353510895884,1.3559322033898307,PIT,-4.098454945226446,0.0,0.0,1.0992258869365132,0.0,0.0
16061,0.0,0.0,0.0,0.0,0.0,0.7639628143799093,0.07699190745264124,0.8849435327856308,-0.4890434925489033,-0.5622621808702438,0.6745925811990342,0.0,0.0,39.23531763537496,0.0,0.0,0.0,0.0,42.26126126126126,2.8037251045826856,0.5061112268696969,46.511269857787696,20.002386688950743,18.4868388808558,Cam Booser,0.36936936936936937,1.5380515881475165,,4.259728054202045,1.3658408384782807,PIT,-4.102959256499074,0.0,0.0,1.065558742241271,0.0,0.0
19407,0.0,0.0,0.0,0.0,0.0,1.272296013408301,0.0,1.4155707204336372,-1.0188016242627156,-0.9944872076207941,0.6745779019584283,0.0,0.0,71.54191828754082,0.0,0.0,0.0,0.0,78.93693045563549,4.669295685744482,0.0,74.40021802704214,38.226350740981616,35.82879811089018,Ronel Blanco,0.4404476418864908,1.9002512402519087,,4.358380224351287,1.360208913352363,PIT,-4.10297393573968,0.0,0.0,1.4742349890416722,0.0,0.0
30240,0.0,0.0,0.0,0.0,0.0,1.293065447590315,0.09916824584310827,1.3016260249469378,-1.0711733139809618,-0.9497719135489016,0.6729144908504978,0.0,0.0,89.97582992669683,0.0,0.0,0.0,0.0,89.5,4.745519008304174,0.651888805340274,68.41146023143133,42.85871857003493,29.272236064767206,Hunter Dobbins,0.5,1.675977653631285,,4.3098152751990435,1.3323806256029502,PIT,-4.1046373468476105,0.0,0.0,1.272781331566164,0.0,0.0
21205,0.0,0.0,0.0,0.0,0.0,0.7491006389731337,0.17616015329574952,0.9281455949069998,-0.5867795679981932,-0.5948819177178191,0.6717449014598706,0.0,0.0,45.23078209633474,0.0,0.0,0.0,0.0,47.92021151586369,2.7491812792650747,1.158000032209971,48.781903740397986,22.902877169109768,19.644414811243266,Connor Brogdon,0.17743830787309048,1.3564213918062977,,4.301439580535892,1.3538169982013013,PIT,-4.1058069362382374,0.0,0.0,0.9319828328919324,0.0,0.0
23455,0.0,0.0,0.0,0.0,0.0,0.7157355796852789,0.07699190745264124,0.8010524027860989,-0.49743394222748044,-0.4252172512265828,0.6711286964699557,0.0,0.0,44.69580142088013,0.0,0.0,0.0,0.0,46.104993757802745,2.6267323163306973,0.5061112268696969,42.102081201647565,21.607265513574934,15.620441311574242,Hunter Stratton,0.12609238451935081,1.409825589424345,,4.217881269949491,1.308236653263759,PIT,-4.106423141228152,0.0,0.0,0.9649312962000332,0.0,0.0
20045,0.0,0.0,0.0,0.0,0.0,0.8174440637541958,0.07699190745264124,0.6659251347512081,-0.438266284282848,-0.456589412375236,0.6655054092999612,0.0,0.0,49.0,0.0,0.0,0.0,0.0,48.0,3.0,0.5061112268696969,35.0,22.0,14.0,Sean Guenther,0.0,1.3541666666666667,,4.125,1.3125,PIT,-4.112046428398147,0.0,0.0,0.9169347665868574,0.0,0.0
25957,0.0,0.0,0.0,0.0,0.0,0.9271843377363477,0.07699190745264124,0.958102654001842,-0.6483239347630203,-0.6485541585665777,0.6654008058612328,0.0,0.0,40.27351522898459,0.0,0.0,0.0,0.0,45.960089686098655,3.4027441589513483,0.5061112268696969,50.35640065244382,22.49737281003798,23.04745804580119,Josh Simpson,0.21524663677130043,1.4142705213140665,,4.405482162311444,1.377738244360698,PIT,-4.112151031836875,0.0,0.0,0.9675757595195308,0.0,0.0
12857,0.0,0.0,0.0,0.0,0.0,0.5041460673070485,0.07699190745264124,0.8794803721591004,-0.35295663883703304,-0.44416121038453094,0.6635004976972261,0.0,0.0,43.47430489744898,0.0,0.0,0.0,0.0,47.00934579439252,1.8502039087238797,0.5061112268696969,46.224134544897005,21.063449090055578,18.1790736050412,Shawn Armstrong,0.34579439252336447,1.382703777335984,,4.032624547459944,1.3115132206295128,PIT,-4.1140513400008825,0.0,0.0,0.9325978823520933,0.0,0.0
13355,0.32932866884915485,0.14921007076102158,0.35072871384002685,0.04774383739736372,-0.21851944594396316,0.0,0.0,0.0,0.0,0.0,0.6584918449036039,135.35714285714286,116.75860107556538,26.028325411876832,2.0652464310158107,11.132695558016938,11.861721501678973,0.8165850799779373,0.0,0.0,0.0,0.0,0.0,0.0,Luke Maile,0.10714285714285714,2.0,0.22292426572524174,,,HIT,-4.119059992794504,0.0,0.0,1.3226793396335583,0.0,0.0
27626,0.0,0.0,0.0,0.0,0.0,0.7492038436137072,0.17616015329574952,1.029525361510763,-0.5199349202301057,-0.7774071883744933,0.6575472498156205,0.0,0.0,51.655296819711495,0.0,0.0,0.0,0.0,56.64913294797688,2.7495600378070337,1.158000032209971,54.11026821556886,26.008089792931237,26.156555218678346,Eric Orze,0.42196531791907516,1.147413854677918,,4.131975123985382,1.3735753397999493,PIT,-4.120004587882487,0.0,0.0,0.7639186751052928,0.0,0.0
19337,0.0,0.0,0.0,0.0,0.0,0.5068067033148899,0.4736648908250743,0.7428783430223197,-0.4333012775349956,-0.6326084759630185,0.6574401836642699,0.0,0.0,41.79132026905613,0.0,0.0,0.0,0.0,42.53743937924345,1.8599683787071426,3.113666448230793,39.044542169886945,19.764377626987386,17.25495813743051,Richard Lovelady,0.3210475266731329,1.5280656510724848,,4.181713832301914,1.3881013824094646,PIT,-4.120111654033838,0.0,0.0,1.0324686407731951,0.0,0.0
21922,0.0,0.0,0.0,0.0,0.0,0.8174440637541956,0.07699190745264124,1.1796388101307116,-0.8477043804804406,-0.5704804852059049,0.6558899156512028,0.0,0.0,74.0,0.0,0.0,0.0,0.0,73.7,2.9999999999999996,0.5061112268696969,62.0,35.0,21.0,Sauryn Lao,0.0,1.0,,4.274084124830393,1.2890094979647218,PIT,-4.121661922046905,0.0,0.0,0.6558899156512028,0.0,0.0
25582,0.0,0.0,0.0,0.0,0.0,0.863699253180029,0.07699190745264124,0.9929859891241898,-0.61148068810402,-0.6696123390430925,0.6525841226097476,0.0,0.0,65.3899189104233,0.0,0.0,0.0,0.0,64.05825242718447,3.1697554296745456,0.5061112268696969,52.189815049301366,29.58449664818901,19.642352241933338,Brady Basso,0.32038834951456313,1.0147014246741437,,4.1565365857640515,1.327421025870375,PIT,-4.124967715088361,0.0,0.0,0.6631078179934194,0.0,0.0
19362,0.0,0.0,0.0,0.0,0.0,0.6550620136982157,0.07699190745264124,0.8759365022945397,-0.5051934468107554,-0.45298950912593455,0.6498074675087067,0.0,0.0,48.84315290824992,0.0,0.0,0.0,0.0,50.56792849631967,2.404061792398771,0.5061112268696969,46.03787420002211,23.458559797989707,17.137663844963697,Keegan Akin,0.26393270241850686,1.2853996976508677,,4.175117400691492,1.304795721620586,PIT,-4.127744370189402,0.0,0.0,0.8488189098356689,0.0,0.0
33851,0.0,0.0,0.0,0.0,0.0,1.0743810396051054,0.0,1.4925209751272526,-0.7391657702159609,-1.1803076919673934,0.647428552549004,0.0,0.0,72.6983108924753,0.0,0.0,0.0,0.0,81.63541666666667,3.942952504924558,0.0,78.44460496144244,37.517093992362994,40.58850150372391,Quinn Mathews,0.2708333333333333,1.8374377950746459,,4.136119587776142,1.3877164718687156,PIT,-4.130123285149104,0.0,0.0,1.3602453056453219,0.0,0.0
16866,0.0,0.0,0.0,0.0,0.0,1.0899254183389275,0.07699190745264124,0.8181365941229128,-0.4554294412480604,-0.8868686936525124,0.6427557850139088,0.0,0.0,38.0,0.0,0.0,0.0,0.0,40.3,4.0,0.5061112268696969,43.0,19.0,22.0,Reed Garrett,0.0,1.6129032258064517,,4.24317617866005,1.488833746898263,PIT,-4.134796052684199,0.0,0.0,1.0772943935728567,0.0,0.0
21546,0.0,0.0,0.0,0.0,0.0,0.7784870908567816,0.07699190745264124,1.2681966582269333,-1.0413745861394448,-0.44124421167484223,0.6410568587220693,0.0,0.0,80.63589266323444,0.0,0.0,0.0,0.0,78.75342465753425,2.8570288489765274,0.5061112268696969,66.65446417565505,38.29723958878574,18.453812140463736,Justin Hagenman,0.0410958904109589,1.0,,4.376637051631976,1.2582272483336174,PIT,-4.136494978976039,0.0,0.0,0.6410568587220693,0.0,0.0
26304,0.0,0.0,0.0,0.0,0.0,0.8174440637541958,0.07699190745264124,0.9322951886516914,-0.6658490837642825,-0.5202289162630744,0.6406531598311713,0.0,0.0,65.0,0.0,0.0,0.0,0.0,66.7,3.0,0.5061112268696969,49.0,31.0,21.0,Bryan Hoeing,0.0,1.0,,4.182908545727137,1.2893553223388305,PIT,-4.136898677866936,0.0,0.0,0.6406531598311713,0.0,0.0
27787,0.0,0.0,0.0,0.0,0.0,0.9939383216314173,0.27532839913885776,1.0678145831244932,-0.6977030181057239,-0.9988926538058212,0.6404856319832235,0.0,0.0,47.283039393029405,0.0,0.0,0.0,0.0,51.86199649737303,3.647729669966604,1.809888837550245,56.12269076360984,25.19693139226033,28.023189091269543,Will Klein,0.38704028021015763,1.253326219388651,,4.372611890130949,1.4520503175791437,PIT,-4.137066205714884,0.0,0.0,0.8238907769849246,0.0,0.0
12572,0.0,0.0,0.0,0.0,0.0,1.0912023166131624,0.17616015329574952,0.7038579808671235,-0.6503126586167222,-0.6811051201980043,0.639802671961309,0.0,0.0,35.792612972561656,0.0,0.0,0.0,0.0,35.54807692307692,4.004686185871987,1.158000032209971,36.99369200045746,18.297406462402154,15.671523583371862,Blake Treinen,0.3269230769230769,1.8285096023803085,,4.632505395944934,1.4477333518574755,PIT,-4.137749165736799,0.0,0.0,1.2243165695275315,0.0,0.0
30180,0.0,0.0,0.0,0.0,0.0,1.310058743586966,0.27532839913885776,1.2949571713747647,-1.2097739062091446,-1.031703531117461,0.6388668767739827,0.0,0.0,76.1415615681718,0.0,0.0,0.0,0.0,75.07816960537363,4.807883994791228,1.809888837550245,68.0609555532842,37.8856007571897,27.191237635547896,Travis Adams,0.4122586062132662,1.0,,4.541538620439446,1.3763361539960048,PIT,-4.138684960924126,0.0,0.0,0.6388668767739827,0.0,0.0
27589,0.0,0.0,0.0,0.0,0.0,1.490891485134711,0.0,1.733155301925695,-1.0359453980765974,-1.5598277617774226,0.6282736272063858,0.0,0.0,106.46694877771064,0.0,0.0,0.0,0.0,104.36567481402763,5.471535795199144,0.0,91.09197476089,48.67165474291931,39.474050887675496,Logan Allen,0.2561105207226355,1.437254157243649,,4.1972122871513005,1.398362056542468,PIT,-4.1492782104917225,0.0,0.0,1.0233612024204435,0.0,0.0
24614,0.0,0.0,0.0,0.0,0.0,0.8359714890010943,0.4736648908250743,0.9348790986933028,-0.5502765347029086,-1.067889225258309,0.6263497185582538,0.0,0.0,54.59819119558236,0.0,0.0,0.0,0.0,56.722222222222214,3.0679952038374694,3.113666448230793,49.135806334281384,26.229930580360897,27.464611136219975,Victor Vodnik,0.4444444444444444,1.1459353574926545,,4.161849905992621,1.4467487188760453,PIT,-4.151202119139854,0.0,0.0,0.7293841918477912,0.0,0.0
16448,0.5324780515547238,0.2889922839622218,0.6800665836892903,0.11693536550693207,-0.9934462570380421,0.0,0.0,0.0,0.0,0.0,0.6250260276751259,213.0,191.0,32.0,4.0,18.0,23.0,2.0,0.0,0.0,0.0,0.0,0.0,0.0,Jacob Nottingham,0.0,2.0,0.16753926701570682,,,HIT,-4.152525810022982,0.0,0.0,1.299172920030095,0.0,0.0
13133,0.0,0.0,0.0,0.0,0.0,1.0899254183389275,0.07699190745264124,0.7610572968585235,-0.3410091717950013,-0.9659917180089567,0.6209737328461343,0.0,0.0,54.00000000000001,0.0,0.0,0.0,0.0,52.0,4.0,0.5061112268696969,40.0,23.0,21.0,Derek Law,0.0,1.25,,3.980769230769231,1.4423076923076923,PIT,-4.156578104851974,0.0,0.0,0.7923439934437002,0.0,0.0
27662,0.0,0.0,0.0,0.0,0.0,1.2108642271762033,0.07699190745264124,1.0941278294009358,-0.6981285676456329,-1.0653731261191253,0.6184822702650223,0.0,0.0,53.3300187264295,0.0,0.0,0.0,0.0,59.67058823529412,4.443842511798979,0.5061112268696969,57.50567448297277,28.36058788574496,32.197537341220574,Christian Roa,0.10485933503836316,1.089313880126183,,4.277572896804987,1.4333285224271008,PIT,-4.159069567433086,0.0,0.0,0.6814705907075844,0.0,0.0
31883,0.0,0.0,0.0,0.0,0.0,0.7480898159305454,0.07699190745264124,0.8596752468138296,-0.6165428641269225,-0.44991278104866367,0.6183013250214302,0.0,0.0,42.69231994676089,0.0,0.0,0.0,0.0,48.368421052631575,2.7454715830763985,0.5061112268696969,45.18320764349171,23.271537561917427,20.6475945085056,Troy Taylor,0.07894736842105263,1.3438520130576714,,4.33017728301184,1.309530331501701,PIT,-4.159250512676678,0.0,0.0,0.8490537474132701,0.0,0.0
25427,0.0,0.0,0.0,0.0,0.0,0.6917947411183858,0.17616015329574952,0.75801135852384,-0.5078147906693513,-0.5067781357923635,0.6113733264762606,0.0,0.0,34.103495289224995,0.0,0.0,0.0,0.0,39.59593495934959,2.538870016162014,1.158000032209971,39.83991016985152,19.043552451317165,19.68327605015266,Gavin Hollowell,0.1869918699186992,1.6415826540459522,,4.3285244366072115,1.3583912438132049,PIT,-4.1661785112218475,0.0,0.0,1.0358598120702642,0.0,0.0
30085,0.0,0.0,0.0,0.0,0.0,1.4679152896225571,0.07699190745264124,1.3069865242002587,-1.307850120604882,-0.9359007281572944,0.6081428725132807,0.0,0.0,68.2721815611432,0.0,0.0,0.0,0.0,71.66891191709844,5.387213711777435,0.5061112268696969,68.69319982057648,37.12582131006548,29.624844625808848,Ben Casparius,0.09326424870466321,1.0,,4.662166382225674,1.365962222228132,PIT,-4.169408965184827,0.0,0.0,0.6081428725132807,0.0,0.0
20548,0.0,0.0,0.0,0.0,0.0,1.3624067729236595,0.07699190745264124,1.2367181073951008,-1.4801971375511578,-0.5898240499346418,0.6060956002856018,0.0,0.0,72.0,0.0,0.0,0.0,0.0,76.0,5.0,0.5061112268696969,65.0,40.0,26.0,Bowden Francis,0.0,1.0,,4.7368421052631575,1.2894736842105263,PIT,-4.171456237412507,0.0,0.0,0.6060956002856018,0.0,0.0
12977,0.4437317096289365,0.2889922839622218,0.6800665836892903,0.0,-0.8141573917550105,0.0,0.0,0.0,0.0,0.0,0.5986331855254381,228.0,207.0,39.0,4.0,15.0,23.0,0.0,0.0,0.0,0.0,0.0,0.0,0.0,Michael Pérez,0.0,2.0,0.18840579710144928,,,HIT,-4.17891865217267,0.0,0.0,1.2405788783497362,0.0,0.0
13499,0.2662390257773619,0.21674421297166635,0.23654489867453576,0.0,-0.12351466184301216,0.0,0.0,0.0,0.0,0.0,0.5960134755805518,83.0,75.0,17.0,3.0,9.0,8.0,0.0,0.0,0.0,0.0,0.0,0.0,0.0,Tom Murphy,0.0,2.0,0.22666666666666666,,,HIT,-4.181538362117556,0.0,0.0,1.1933431074482423,0.0,0.0
18323,0.0,0.0,0.0,0.0,0.0,0.8174440637541958,0.07699190745264124,0.7610572968585235,-0.4554294412480604,-0.6043518810772591,0.5957119457400409,0.0,0.0,38.0,0.0,0.0,0.0,0.0,40.3,3.0,0.5061112268696969,40.0,19.0,18.0,Josh Sborz,0.0,1.6129032258064517,,4.24317617866005,1.3895781637717122,PIT,-4.1818398919580675,0.0,0.0,0.9929748729057697,0.0,0.0
19646,0.0,0.0,0.0,0.0,0.0,1.0750311123427552,0.07699190745264124,1.3183778064381122,-1.2538840499452915,-0.6208593198122722,0.5956574564759453,0.0,0.0,74.79750284801077,0.0,0.0,0.0,0.0,78.10302800908403,3.945338256194183,0.5061112268696969,69.2919080799874,39.40158519292663,26.140871034618566,Kyle Hart,0.4700984102952309,1.0,,4.5403395460556935,1.2923746550631734,PIT,-4.181894381222163,0.0,0.0,0.5956574564759453,0.0,0.0
31959,0.0,0.0,0.0,0.0,0.0,1.3290682569714807,0.0,1.3253530299094498,-1.320288908428508,-0.7496693846447969,0.5844629938076257,0.0,0.0,99.54432718723854,0.0,0.0,0.0,0.0,98.95,4.877648450467418,0.0,69.6585150884284,48.33031627557194,27.952507648014983,Jake Bennett,0.5,1.5159171298635674,,4.395885260031808,1.2884975728676455,PIT,-4.193088843890482,0.0,0.0,0.9993320461870008,0.0,0.0
15271,0.30524954203610505,0.1757575917856104,0.36091502363624245,0.0,-0.26128595459691645,0.0,0.0,0.0,0.0,0.0,0.5806362028610415,122.88338192419825,111.99653776608208,24.12159253922459,2.4326959789498894,10.318719692965995,12.206224717881696,0.0,0.0,0.0,0.0,0.0,0.0,0.0,Austin Wynns,0.27113702623906705,2.0,0.2153780198956272,,,HIT,-4.196915634837067,0.0,0.0,1.1679905181886707,0.0,0.0
17611,0.0,0.0,0.0,0.0,0.0,0.6558442907049593,0.07699190745264124,0.7446898237629247,-0.5516951883174046,-0.34605967562888507,0.5797711579742356,0.0,0.0,58.98995943904952,0.0,0.0,0.0,0.0,59.337239396117894,2.4069327301476524,0.5061112268696969,39.13975080913565,27.295666666573084,15.80924779132861,Taylor Clarke,0.49676491732566497,1.095433502830814,,4.140081380584585,1.260577809005247,PIT,-4.197780679723873,0.0,0.0,0.6393527068879776,0.0,0.0
24494,0.0,0.0,0.0,0.0,0.0,1.341291167721629,0.0,1.540665147959257,-1.0576833663184229,-1.2509288315464304,0.5733441178160328,0.0,0.0,102.13179373212193,0.0,0.0,0.0,0.0,105.75,4.922506238145318,0.0,80.97498857543486,49.37715765063233,40.86803486526108,Simeon Woods Richardson,0.5,1.4184397163120568,,4.202311289415517,1.3522442420556313,PIT,-4.204207719882075,0.0,0.0,0.9157376478469312,0.0,0.0
24248,0.0,0.0,0.0,0.0,0.0,0.0,0.07699190745264124,0.30442291874340943,0.06498592329119672,0.12540918770540901,0.5718099371926564,0.0,0.0,16.0,0.0,0.0,0.0,0.0,21.0,0.0,0.5061112268696969,16.0,8.0,7.0,Eddy Yean,1.0,2.0,,3.4285714285714284,1.0952380952380953,PIT,-4.205741900505451,0.0,0.0,1.1383133767602687,0.0,0.0
22191,0.0,0.0,0.0,0.0,0.0,1.2529976007429904,0.17616015329574952,1.298373067716593,-1.306035294602714,-0.8528093049675747,0.5686862221850442,0.0,0.0,87.41897050498717,0.0,0.0,0.0,0.0,86.41304347826087,4.598470976675041,1.158000032209971,68.24048980679854,43.125589349257375,26.746350912393947,Tobias Myers,0.4927536231884058,1.0,,4.491570815243409,1.3211584365281839,PIT,-4.208865615513064,0.0,0.0,0.5686862221850442,0.0,0.0
28052,0.0,0.0,0.0,0.0,0.0,0.8975682498434285,0.07699190745264124,0.8307466279129537,-0.4941628707506966,-0.7426434732258436,0.5685004412324832,0.0,0.0,39.89292936419134,0.0,0.0,0.0,0.0,43.30629067245119,3.2940538306239118,0.5061112268696969,43.66276396492576,20.45649601346409,21.62417015461511,Brandan Bidois,0.24078091106290672,1.5009366766512058,,4.251309942790721,1.420511860138136,PIT,-4.209051396465625,0.0,0.0,0.8838828333664732,0.0,0.0
16350,0.0,0.0,0.0,0.0,0.0,0.7123430377047516,0.07699190745264124,0.6249001109629626,-0.3634672320890956,-0.48340754912957745,0.5673602749016826,0.0,0.0,34.742861414509896,0.0,0.0,0.0,0.0,37.09484978540773,2.6142817690787665,0.5061112268696969,32.843787900985234,17.132001158998026,15.759213111813315,Ryan Borucki,0.24892703862660942,1.752264812393701,,4.156588079556971,1.361430894544007,PIT,-4.2101915627964255,0.0,0.0,1.0258157994407815,0.0,0.0
24282,0.0,0.0,0.0,0.0,0.0,1.39538602508462,0.07699190745264124,1.5013563549966238,-1.371877781389708,-1.0349188894267898,0.5669376167173872,0.0,0.0,74.66923434957157,0.0,0.0,0.0,0.0,82.69999999999999,5.121033060083034,0.5061112268696969,78.90897892675841,42.03724276216656,37.75778134181604,Kai-Wei Teng,0.5,1.0,,4.574790627079795,1.359456054309403,PIT,-4.210614220980721,0.0,0.0,0.5669376167173872,0.0,0.0
15873,0.0,0.0,0.0,0.0,0.0,1.4238657864689372,0.07699190745264124,2.346770810083133,-2.3288365256589607,-0.9595001292928158,0.5592918490529346,0.0,0.0,118.7415146930739,0.0,0.0,0.0,0.0,123.44999999999999,5.225553097528243,0.5061112268696969,123.34266130921203,65.03549584379358,40.922056022537355,Sean Manaea,0.5,1.0,,4.741348421175717,1.293346056829577,PIT,-4.2182599886451735,0.0,0.0,0.5592918490529346,0.0,0.0
31624,0.0,0.0,0.0,0.0,0.0,0.9950559752481511,0.07699190745264124,0.8229735877536248,-0.7275206903280544,-0.6115763081260289,0.5559244720003339,0.0,0.0,44.63742312895932,0.0,0.0,0.0,0.0,47.99790026246719,3.651831431786003,0.5061112268696969,43.25422493947187,23.820478407359218,20.567381430491867,Brian Fitzpatrick,0.08136482939632546,1.354225906645085,,4.466535087866637,1.358492854955975,PIT,-4.221627365697774,0.0,0.0,0.7762518021308202,0.0,0.0
25376,0.0,0.0,0.0,0.0,0.0,0.7239723535978315,0.07699190745264124,0.7314005730322722,-0.43523546061518814,-0.5424525548939649,0.5546768185735917,0.0,0.0,39.79960672766135,0.0,0.0,0.0,0.0,43.55112781954887,2.656961077946719,0.5061112268696969,38.44128824735443,20.185578732399172,19.165916481639528,Nick Mears,0.24812030075187974,1.4924986620168157,,4.171423742327195,1.353937915307739,PIT,-4.222875019124516,0.0,0.0,0.8517166321616331,0.0,0.0
23250,0.3845674816784116,0.21674421297166635,0.35481734801180365,0.05846768275346603,-0.4679858087415457,0.0,0.0,0.0,0.0,0.0,0.5466109166738019,130.0,117.0,22.0,3.0,13.0,12.0,1.0,0.0,0.0,0.0,0.0,0.0,0.0,David Bañuelos,0.0,2.0,0.18803418803418803,,,HIT,-4.230940921024306,0.0,0.0,1.106823609684561,0.0,0.0
21420,0.0,0.0,0.0,0.0,0.0,0.44516543515269724,0.07699190745264124,0.6934829883962855,-0.28444251688383343,-0.385409102350612,0.5457887117671786,0.0,0.0,43.067485343396484,0.0,0.0,0.0,0.0,46.11956521739131,1.6337464111301854,0.5061112268696969,36.448398366789476,20.273937510211443,16.699829853539192,Yerry De los Santos,0.2391304347826087,1.409380155550318,,3.956356412551278,1.2959210459858783,PIT,-4.23176312593093,0.0,0.0,0.7829144699039786,0.0,0.0
21527,0.0,0.0,0.0,0.0,0.0,0.8174440637541958,0.07699190745264124,0.8181365941229128,-0.6163495053392558,-0.5517002096083115,0.5445228503821826,0.0,0.0,46.0,0.0,0.0,0.0,0.0,47.7,3.0,0.5061112268696969,43.0,23.0,18.0,James McArthur,0.0,1.3626834381551363,,4.339622641509433,1.341719077568134,PIT,-4.233028987315926,0.0,0.0,0.762950932109935,0.0,0.0
14295,0.0,0.0,0.0,0.0,0.0,0.966949948534424,0.07699190745264124,0.8797443189564507,-0.514600982986108,-0.8706752566857018,0.5384099352717061,0.0,0.0,58.87729650255022,0.0,0.0,0.0,0.0,63.5,3.548682991568648,0.5061112268696969,46.23800718226293,28.741544013046045,28.391722268484788,Wandy Peralta,0.5,1.0236220472440944,,4.0736046632663685,1.3743152562367718,PIT,-4.239141902426402,0.0,0.0,0.5527422258493919,0.0,0.0
18519,0.0,0.0,0.0,0.0,0.0,0.8174440637541958,0.07699190745264124,0.856189458965839,-0.7558963832472487,-0.456589412375236,0.5381396345501913,0.0,0.0,45.0,0.0,0.0,0.0,0.0,48.0,3.0,0.5061112268696969,45.0,24.0,18.0,Phil Bickford,0.0,1.3541666666666667,,4.5,1.3125,PIT,-4.239412203147917,0.0,0.0,0.749945032318568,0.0,0.0
27583,0.0,0.0,0.0,0.0,0.0,0.7279766589459848,0.07699190745264124,0.8765338491287608,-0.5384686614892198,-0.6055489295485221,0.5374848244896449,0.0,0.0,41.73748312379375,0.0,0.0,0.0,0.0,46.096634615384616,2.67165678200418,0.5061112268696969,46.06926983011129,21.8618965960593,21.13341996239722,Garrett Acton,0.15865384615384615,1.4100812465451966,,4.268360825171098,1.3638935599261295,PIT,-4.2400670132084635,0.0,0.0,0.7810918368166223,0.0,0.0
24930,0.0,0.0,0.0,0.0,0.0,0.6847556412581282,0.07699190745264124,0.7124155039481499,-0.49223444178654957,-0.46121502005935183,0.5207135908130178,0.0,0.0,37.133274874529256,0.0,0.0,0.0,0.0,41.266532258064515,2.513036689434079,0.5061112268696969,37.44346224069298,19.62069831627975,17.981449678130687,Ethan Roberts,0.2943548387096774,1.5751262934698704,,4.2791646204293885,1.3355792584652941,PIT,-4.25683824688509,0.0,0.0,0.8473756414842972,0.0,0.0
17606,0.0,0.0,0.0,0.0,0.0,1.3412672071848764,0.0,1.419094465206049,-1.1500832081598114,-1.0912653187254935,0.5190131455056208,0.0,0.0,74.3941995044696,0.0,0.0,0.0,0.0,81.62849740932643,4.9224183035532825,0.0,74.58542062805299,40.16779640768973,37.583866861808595,Cristian Javier,0.48186528497409326,1.8375935458890589,,4.428725005881382,1.3718011469053968,PIT,-4.258538692192487,0.0,0.0,1.152918220073085,0.0,0.0
21620,0.0,0.0,0.0,0.0,0.0,0.5275518966042041,0.07699190745264124,0.867685436855661,-0.5560206422911564,-0.40109561348072653,0.5151129851406234,0.0,0.0,32.23315003673266,0.0,0.0,0.0,0.0,39.916666666666664,1.9361027377752353,0.5061112268696969,45.60421090171659,19.474765088201174,20.436650175167745,Jake Cousins,0.027777777777777776,1.62839248434238,,4.390969999009868,1.3194939510288204,PIT,-4.262438852557485,0.0,0.0,0.8686222995975118,0.0,0.0
23191,0.0,0.0,0.0,0.0,0.0,1.3624067729236595,0.07699190745264124,1.312823837080953,-1.4859226789309863,-0.7626839869126262,0.5036158516136412,0.0,0.0,87.00000000000001,0.0,0.0,0.0,0.0,85.7,5.0,0.5061112268696969,69.0,44.0,25.0,Michael Plassmeyer,0.0,1.0,,4.620770128354725,1.3068844807467912,PIT,-4.273935986084467,0.0,0.0,0.5036158516136412,0.0,0.0
15055,0.7099707354062984,0.2889922839622218,0.6504984713549733,0.05846768275346603,-1.2072294860094264,0.0,0.0,0.0,0.0,0.0,0.5006996874675331,268.0,229.0,38.0,4.0,24.0,22.0,1.0,0.0,0.0,0.0,0.0,0.0,0.0,Dom Nuñez,0.0,2.0,0.16593886462882096,,,HIT,-4.2768521502305745,0.0,0.0,1.0727866057445667,0.0,0.0
28901,0.0,0.0,0.0,0.0,0.0,1.2428214362423031,0.07699190745264124,1.3666057111214862,-1.1144882799785045,-1.0736159550933189,0.498314819744607,0.0,0.0,84.42504751135715,0.0,0.0,0.0,0.0,84.68663101604277,4.561124698372088,0.5061112268696969,71.82669251119634,41.18198567543596,30.926671736571485,Wilber Dotel,0.376114081996435,1.0,,4.3765806554367614,1.362100698350803,PIT,-4.279237017953501,0.0,0.0,0.498314819744607,0.0,0.0
19754,0.0,0.0,0.0,0.0,0.0,0.9515819494403883,0.07699190745264124,0.6511269706601336,-0.5298908259104825,-0.6530730356437758,0.4967369659989048,0.0,0.0,50.17981099024974,0.0,0.0,0.0,0.0,46.430598669623066,3.492282805517544,0.5061112268696969,34.222231274719626,21.94288526959452,13.761992248787767,Reiver Sanmartin,0.22394678492239467,1.3999388735542162,,4.2533581966401535,1.3771479384535923,PIT,-4.280814871699203,0.0,0.0,0.7187817213769951,0.0,0.0
26353,0.0,0.0,0.0,0.0,0.0,0.8174440637541958,0.07699190745264124,0.7991101617014498,-0.665036615249139,-0.5331045679291893,0.4954049497299584,0.0,0.0,36.0,0.0,0.0,0.0,0.0,42.0,3.0,0.5061112268696969,42.0,21.0,21.0,Marc Church,0.0,1.5476190476190477,,4.5,1.3571428571428572,PIT,-4.28214688796815,0.0,0.0,0.799117047367175,0.0,0.0
21304,0.2958211397526243,0.21674421297166635,0.41395357268043753,0.05846768275346603,-0.4955671754128398,0.0,0.0,0.0,0.0,0.0,0.4894194327453544,111.0,99.0,17.0,3.0,10.0,13.999999999999998,1.0,0.0,0.0,0.0,0.0,0.0,0.0,Mark Kolozsvary,0.0,2.0,0.1717171717171717,,,HIT,-4.288132404952754,0.0,0.0,0.9909602160004252,0.0,0.0
29866,0.0,0.0,0.0,0.0,0.0,1.1816192350720145,0.07699190745264124,1.2351919551167205,-1.0209912587468903,-0.9874184483530432,0.48539339054144304,0.0,0.0,61.10753069777946,0.0,0.0,0.0,0.0,66.45396825396826,4.336514096066612,0.5061112268696969,64.91978778550946,33.16799614730789,31.34868280472149,Chayce McDermott,0.20634920634920634,1.0,,4.492011134458409,1.3912820548076148,PIT,-4.292158447156665,0.0,0.0,0.48539339054144304,0.0,0.0
30140,0.0,0.0,0.0,0.0,0.0,0.833850190984607,0.07699190745264124,1.309287045005555,-0.9414457216808821,-0.7996021264192048,0.4790812953427166,0.0,0.0,69.25346212389738,0.0,0.0,0.0,0.0,74.8859649122807,3.060210091275473,0.5061112268696969,68.81411165282839,36.0832471754112,30.47812955966654,Ty Madden,0.38596491228070173,1.0,,4.336583296470879,1.3317794836507306,PIT,-4.298470542355392,0.0,0.0,0.4790812953427166,0.0,0.0
37124,0.0,0.0,0.0,0.0,0.0,2.179850836677855,0.0,2.0738811339394765,-2.3436702757435386,-1.4337027891619967,0.4763589057117963,0.0,0.0,74.0,0.0,0.0,0.0,0.0,89.2,8.0,0.0,108.99999999999999,51.0,52.0,Tatsuya Imai,1.0,1.6816143497757847,,5.145739910313901,1.412556053811659,PIT,-4.301192931986312,0.0,0.0,1.0738812993838467,0.0,0.0
27624,0.0,0.0,0.0,0.0,0.0,1.0899254183389275,0.07699190745264124,0.856189458965839,-0.6576768795514328,-0.8959884656290567,0.4694414395769182,0.0,0.0,51.0,0.0,0.0,0.0,0.0,52.0,4.0,0.5061112268696969,45.0,25.0,23.0,Walter Pennington,0.0,1.25,,4.326923076923077,1.4230769230769231,PIT,-4.30811039812119,0.0,0.0,0.6059352172893611,0.0,0.0
19962,0.0,0.0,0.0,0.0,0.0,1.3624067729236595,0.07699190745264124,1.6172467558243626,-1.2497514197496247,-1.3396614868440848,0.46723252960695416,0.0,0.0,86.0,0.0,0.0,0.0,0.0,87.0,5.0,0.5061112268696969,85.0,43.0,36.0,Joey Wentz,0.0,1.0,,4.448275862068965,1.4022988505747127,PIT,-4.310319308091154,0.0,0.0,0.46723252960695416,0.0,0.0
23055,0.0,0.0,0.0,0.0,0.0,0.48792680910096486,0.07699190745264124,0.7209393920563384,-0.3203520144152959,-0.49896792099377696,0.46653817320087165,0.0,0.0,35.37798635570536,0.0,0.0,0.0,0.0,37.16279069767442,1.7906796222610424,0.5061112268696969,37.89146467853167,16.890149972655163,15.424114392689,Dedniel Núñez,0.18604651162790697,1.749061326658323,,4.090418047194961,1.3670152266464064,PIT,-4.311013664497237,0.0,0.0,0.8465131122358707,0.0,0.0
13293,0.0,0.0,0.0,0.0,0.0,0.46663632964832463,0.07699190745264124,0.5737947012070008,-0.07436685712842013,-0.5773141909057548,0.46574189027379187,0.0,0.0,35.90632793202586,0.0,0.0,0.0,0.0,37.97979797979798,1.7125440761239958,0.5061112268696969,30.157766232608168,15.682317001380829,16.968156701699918,Danny Coulombe,0.29292929292929293,1.711436170212766,,3.7162086298484893,1.3921739305156522,PIT,-4.311809947424316,0.0,0.0,0.8202494335807676,0.0,0.0
23324,0.0,0.0,0.0,0.0,0.0,0.8174440637541958,0.07699190745264124,1.2367181073951008,-0.7506882934193451,-0.9170146662640012,0.4634511189185916,0.0,0.0,64.0,0.0,0.0,0.0,0.0,70.3,3.0,0.5061112268696969,65.0,33.0,32.0,Freddy Tarnok,0.0,1.0,,4.224751066856331,1.3655761024182078,PIT,-4.314100718779517,0.0,0.0,0.4634511189185916,0.0,0.0
20517,0.0,0.0,0.0,0.0,0.0,0.7305910636982628,0.07699190745264124,0.826610095880155,-0.7147415562719962,-0.45683758335030267,0.4626139274087603,0.0,0.0,37.68551865634613,0.0,0.0,0.0,0.0,43.199999999999996,2.681251584394466,0.5061112268696969,43.44535420879447,21.797410235243678,19.650208080422566,Nick Sandlin,0.10485933503836316,1.5046296296296298,,4.541127132342433,1.3272158966844607,PIT,-4.3149379102893475,0.0,0.0,0.7252830457551847,0.0,0.0
30106,0.0,0.0,0.0,0.0,0.0,0.5449627091694638,0.07699190745264124,0.8942423238087651,-0.6309813509774869,-0.4243831764504227,0.4608324130029606,0.0,0.0,38.0,0.0,0.0,0.0,0.0,45.0,2.0,0.5061112268696969,47.0,22.0,21.0,Jack Neely,0.0,1.4444444444444444,,4.4,1.3111111111111111,PIT,-4.3167194246951475,0.0,0.0,0.6888639466614666,0.0,0.0
25241,0.0,0.0,0.0,0.0,0.0,0.7364779466290389,0.07699190745264124,0.8898219226044825,-0.6011791283880976,-0.6435127004701282,0.4585999478279368,0.0,0.0,48.245128865383236,0.0,0.0,0.0,0.0,52.62746113989637,2.7028563027787675,0.5061112268696969,46.76767051718554,24.89688262826,22.890411381913214,Domingo Gonzalez,0.09326424870466321,1.2350966319126524,,4.257700044824568,1.3516810179803502,PIT,-4.3189518898701715,0.0,0.0,0.580866493188948,0.0,0.0
21212,0.0,0.0,0.0,0.0,0.0,1.239019729720011,0.07699190745264124,1.2731778066035973,-0.8672490622292147,-1.265737007374788,0.4562033741722469,0.0,0.0,74.3571461412812,0.0,0.0,0.0,0.0,75.55695538057743,4.547172527119541,0.5061112268696969,66.91626566667156,35.87867883599247,32.94681364722819,J.P. France,0.08136482939632546,1.0,,4.273704623187324,1.4201731561048685,PIT,-4.321348463525862,0.0,0.0,0.4562033741722469,0.0,0.0
25590,0.0,0.0,0.0,0.0,0.0,1.134485677953837,0.07699190745264124,1.1937809284512861,-1.036833700971543,-0.9144146602508006,0.45401015263542066,0.0,0.0,64.91127319122256,0.0,0.0,0.0,0.0,68.33980582524272,4.163535078144412,0.5061112268696969,62.74328796945776,34.03560401809211,28.726781234098667,Adam Macko,0.32038834951456313,1.0,,4.48231352816755,1.3701832086671524,PIT,-4.323541685062687,0.0,0.0,0.45401015263542066,0.0,0.0
32227,0.0,0.0,0.0,0.0,0.0,1.4211840835887337,0.07699190745264124,1.5127426873306442,-1.2976132317125384,-1.262428630528401,0.4508768161310799,0.0,0.0,87.18477644714692,0.0,0.0,0.0,0.0,90.08737864077669,5.2157113126314725,0.5061112268696969,79.50742702684342,44.568943816623324,37.355167096980125,Luis Morales,0.32038834951456313,1.0,,4.452571496714067,1.3824349806062168,PIT,-4.326675021567028,0.0,0.0,0.4508768161310799,0.0,0.0
32015,0.0,0.0,0.0,0.0,0.0,0.7042500254587143,0.07699190745264124,0.6437395489507216,-0.5806975023959973,-0.39355163814762834,0.4507323413184516,0.0,0.0,36.57831027933656,0.0,0.0,0.0,0.0,38.01971153846154,2.584580609311812,0.5061112268696969,33.83395976139701,18.862357762854455,13.74609741856052,Alex Cook,0.15865384615384615,1.7096394835674813,,4.465084373245601,1.3236399136534178,PIT,-4.326819496379657,0.0,0.0,0.804853812528016,0.0,0.0
31676,0.0,0.0,0.0,0.0,0.0,1.3522353987755893,0.0,1.3261844169317751,-1.0075960003156907,-1.2211560365246104,0.44966777886706355,0.0,0.0,85.3483423441905,0.0,0.0,0.0,0.0,86.37795275590551,4.9626713021756235,0.0,69.70221151053785,41.17732565675396,34.17426698774773,Carson Whisenhunt,0.44881889763779526,1.7365542388331814,,4.290399564783024,1.3837166258118647,PIT,-4.327884058831044,0.0,0.0,0.9550466250064069,0.0,0.0
27999,0.0,0.0,0.0,0.0,0.0,0.9798914644237843,0.07699190745264124,1.1521239517767987,-0.8011607610338901,-0.9596993211133866,0.4481472415059473,0.0,0.0,55.66884072885489,0.0,0.0,0.0,0.0,62.96424870466321,3.596178042777137,0.5061112268696969,60.55386139952994,30.350015135804234,32.24744250633991,Emiliano Teodo,0.09326424870466321,1.0323318603368965,,4.338178281193535,1.3962889265552947,PIT,-4.329404596192161,0.0,0.0,0.4654377672350726,0.0,0.0
27514,0.0,0.0,0.0,0.0,0.0,0.9731308273665311,0.17616015329574952,1.4022469949291319,-1.121861649475044,-0.9834971260010761,0.44617920011529266,0.0,0.0,56.857243546562444,0.0,0.0,0.0,0.0,65.08656591099916,3.5713666678206506,1.158000032209971,73.69994352421547,33.25573987453329,33.91992837475677,Kyle Hurt,0.4122586062132662,1.0,,4.598516678235436,1.3947144184170046,PIT,-4.331372637582815,0.0,0.0,0.44617920011529266,0.0,0.0
22304,0.0,0.0,0.0,0.0,0.0,0.6413869203688768,0.07699190745264124,0.7129982021151625,-0.40334253494164535,-0.5819781008359923,0.44605639415904297,0.0,0.0,58.22916443523435,0.0,0.0,0.0,0.0,55.752257444764645,2.35387452967696,0.5061112268696969,37.474087959382906,24.907329798596557,15.72090285302379,Brenan Hanifee,0.32756964457252646,1.1658720736895247,,4.020751418172737,1.3264048969052524,PIT,-4.331495443539065,0.0,0.0,0.5281431452319751,0.0,0.0
24914,0.0,0.0,0.0,0.0,0.0,0.9207364941322873,0.17616015329574952,1.1038129153412635,-1.1723153728565443,-0.5825280604421496,0.44586612947060644,0.0,0.0,69.60939596244354,0.0,0.0,0.0,0.0,72.37894736842105,3.379080728424562,1.158000032209971,58.01470769139508,36.54609949937088,24.00384637657837,Lazaro Estrada,0.2631578947368421,1.0,,4.544344833036956,1.2933766757136536,PIT,-4.331685708227502,0.0,0.0,0.44586612947060644,0.0,0.0
29754,0.0,0.0,0.0,0.0,0.0,0.8073710134207174,0.17616015329574952,0.9519102270228383,-0.6608037863072713,-0.8290031170373308,0.44563449039470304,0.0,0.0,47.80241192454705,0.0,0.0,0.0,0.0,52.761014263074486,2.963032148203939,1.158000032209971,50.03093622265307,25.327676490527175,26.142364146606518,Sam Bachman,0.44532488114104596,1.2319702512900919,,4.320407626702465,1.4015040670456713,PIT,-4.331917347303405,0.0,0.0,0.5660397354544433,0.0,0.0
21656,0.0,0.0,0.0,0.0,0.0,0.7202785721613292,0.07699190745264124,0.7460426251362685,-0.5795604380788475,-0.520943625266854,0.4428090414045376,0.0,0.0,36.35033709391503,0.0,0.0,0.0,0.0,40.763924794359575,2.643404989156234,0.5061112268696969,39.210851966902766,19.964571266971248,19.016852415600702,Kervin Castro,0.17743830787309048,1.5945471474570556,,4.407846945777982,1.3582399091555772,PIT,-4.33474279629357,0.0,0.0,0.738446659459379,0.0,0.0
13723,0.4437317096289365,0.21674421297166635,0.5617941343520224,0.0,-0.7823304172676172,0.0,0.0,0.0,0.0,0.0,0.43993963968500804,215.0,193.0,36.0,3.0,15.0,19.0,0.0,0.0,0.0,0.0,0.0,0.0,0.0,Jacob Stallings,0.0,2.0,0.18652849740932642,,,HIT,-4.3376121980131,0.0,0.0,0.9187049685082955,0.0,0.0
20395,0.0,0.0,0.0,0.0,0.0,1.0899254183389275,0.07699190745264124,0.9513216210731544,-0.8685995643944953,-0.815009261633127,0.43463012083710106,0.0,0.0,87.0,0.0,0.0,0.0,0.0,78.3,4.0,0.5061112268696969,50.0,37.0,17.0,Nick Margevicius,0.0,1.0,,4.252873563218391,1.3282247765006385,PIT,-4.342921716861007,0.0,0.0,0.43463012083710106,0.0,0.0
33865,0.0,0.0,0.0,0.0,0.0,0.0,0.07699190745264124,0.30442291874340943,0.0319185339311072,0.01594144388067605,0.4292748040078339,0.0,0.0,14.0,0.0,0.0,0.0,0.0,18.0,0.0,0.5061112268696969,16.0,7.0,7.0,Khristian Curtis,1.0,2.0,,3.5,1.1666666666666667,PIT,-4.348277033690274,0.0,0.0,0.8580291386779059,0.0,0.0
12095,0.0,0.0,0.0,0.0,0.0,0.5449627091694638,0.07699190745264124,0.7800837292799866,-0.5699802423013118,-0.4047424034382729,0.4273157001625068,0.0,0.0,38.0,0.0,0.0,0.0,0.0,41.0,2.0,0.5061112268696969,41.0,20.0,16.0,Yimi García,0.0,1.5853658536585367,,4.390243902439025,1.3170731707317074,PIT,-4.350236137535601,0.0,0.0,0.7057288508317141,0.0,0.0
17677,0.0,0.0,0.0,0.0,0.0,2.1132791522886083,0.0,2.008705967241621,-1.974993525736262,-1.720655388367931,0.4263362054260367,0.0,0.0,129.91103588781027,0.0,0.0,0.0,0.0,127.0,7.7556835237746675,0.0,105.57449356484015,64.1385031747684,45.45451350997424,Jeffrey Springs,0.5,1.1811023622047243,,4.545248256479651,1.3808310976203506,PIT,-4.351215632272071,0.0,0.0,0.5744709794356737,0.0,0.0
16727,0.0,0.0,0.0,0.0,0.0,0.23197935932135752,0.17616015329574952,0.7281263689534673,-0.3920773847821185,-0.3184762576041261,0.42571223918432954,0.0,0.0,31.090216422971857,0.0,0.0,0.0,0.0,35.94097664543525,0.8513586541541516,1.158000032209971,38.2692011210726,16.845250213829107,15.721648747329969,Brock Stewart,0.25690021231422505,1.8085206932810338,,4.218228497797851,1.3024650284857313,PIT,-4.351839598513779,0.0,0.0,0.7985528184160097,0.0,0.0
17192,0.0,0.0,0.0,0.0,0.0,0.7156993659831485,0.07699190745264124,0.7691911237292081,-0.5892562973331553,-0.552333749400724,0.4202923504311187,0.0,0.0,45.38980116107674,0.0,0.0,0.0,0.0,47.875,2.6265994129172303,0.5061112268696969,40.42750141963078,22.90019290869257,18.8260391621762,Jalen Beeks,0.2708333333333333,1.3577023498694516,,4.304997100328629,1.3413230354726462,PIT,-4.357259487266989,0.0,0.0,0.5908215429677088,0.0,0.0
13394,0.0,0.0,0.0,0.0,0.0,0.8174440637541958,0.07699190745264124,0.5707929726438926,-0.32666183195608717,-0.7196699794177711,0.41889713247687144,0.0,0.0,46.0,0.0,0.0,0.0,0.0,42.3,3.0,0.5061112268696969,30.0,19.0,14.0,Dylan Floro,0.0,1.5366430260047281,,4.042553191489362,1.4184397163120568,PIT,-4.3586547052212365,0.0,0.0,0.6714924672924842,0.0,0.0
16258,0.0,0.0,0.0,0.0,0.0,0.7149778153007678,0.07699190745264124,0.7996150995172874,-0.4135113920041577,-0.7598677995173229,0.4182056307492159,0.0,0.0,42.07855633922893,0.0,0.0,0.0,0.0,42.592111368909514,2.6239513393142477,0.5061112268696969,42.026538754331476,19.662342300701035,18.837333354377293,Aaron Bummer,0.1879350348027842,1.5261041988974353,,4.154785358574255,1.4302153083228533,PIT,-4.359346206948892,0.0,0.0,0.6687354435307189,0.0,0.0
21310,0.0,0.0,0.0,0.0,0.0,1.0899254183389275,0.07699190745264124,0.9322951886516914,-0.8607532617334988,-0.8302981114779584,0.4081611412318029,0.0,0.0,58.0,0.0,0.0,0.0,0.0,58.7,4.0,0.5061112268696969,49.0,29.0,23.0,Josh Maciejewski,0.0,1.1073253833049403,,4.4463373083475295,1.3798977853492334,PIT,-4.369390696466305,0.0,0.0,0.4609001047604725,0.0,0.0
12158,0.3549853677031492,0.07224807099055545,0.23654489867453576,0.05846768275346603,-0.31435781038965677,0.0,0.0,0.0,0.0,0.0,0.4078882097320497,126.0,111.0,23.0,1.0,12.0,8.0,1.0,0.0,0.0,0.0,0.0,0.0,0.0,Austin Barnes,0.0,2.0,0.2072072072072072,,,HIT,-4.369663627966059,0.0,0.0,0.8240213160762965,0.0,0.0
19647,0.0,0.0,0.0,0.0,0.0,0.5449627091694638,0.07699190745264124,0.6659251347512081,-0.37943118126784603,-0.500926108070007,0.40752246203546005,0.0,0.0,39.0,0.0,0.0,0.0,0.0,39.0,2.0,0.5061112268696969,35.0,18.0,14.0,Matt Foster,0.0,1.6666666666666667,,4.153846153846154,1.358974358974359,PIT,-4.370029375662648,0.0,0.0,0.7083413648911613,0.0,0.0
27481,0.0,0.0,0.0,0.0,0.0,1.023493925881456,0.07699190745264124,1.0791981317140498,-0.8303512784042486,-0.9483935124855717,0.4009391741583267,0.0,0.0,64.77115373170535,0.0,0.0,0.0,0.0,67.09345794392524,3.756198024783329,0.5061112268696969,56.720992554370945,32.21004977202384,27.879989579967255,Cole Wilcox,0.34579439252336447,1.0,,4.320696187555223,1.3809266380204719,PIT,-4.376612663539781,0.0,0.0,0.4009391741583267,0.0,0.0
30231,0.0,0.0,0.0,0.0,0.0,0.4777281159538314,0.07699190745264124,0.7441119313039782,-0.41973894827896824,-0.48115425581193094,0.39793875061955186,0.0,0.0,37.285415495055695,0.0,0.0,0.0,0.0,42.93067331670823,1.7532506643689454,0.5061112268696969,39.10937767106408,19.83799500424221,20.07727067193261,Carter Baumler,0.12718204488778054,1.514068962312375,,4.158843578367381,1.3361701956969603,PIT,-4.379613087078556,0.0,0.0,0.6254892645069343,0.0,0.0
23429,0.0,0.0,0.0,0.0,0.0,1.467222539821405,0.0,1.5448732201027435,-1.8748124237740051,-0.7489748039265408,0.3883085322236025,0.0,0.0,95.94641474033018,0.0,0.0,0.0,0.0,97.87695099818512,5.384671336713982,0.0,81.19615836965963,51.51669304822086,30.26970405838106,JP Sears,0.3647912885662432,1.5325365008844765,,4.737072750075602,1.2895387270599756,PIT,-4.389243305474506,0.0,0.0,0.7432776635907308,0.0,0.0
6887,0.4437317096289365,0.36124035495277723,0.5617941343520224,0.0,-0.9786338325432223,0.0,0.0,0.0,0.0,0.0,0.38813236639051396,216.0,194.0,33.0,5.0,15.0,19.0,0.0,0.0,0.0,0.0,0.0,0.0,0.0,Martín Maldonado,0.0,2.0,0.17010309278350516,,,HIT,-4.389419471307594,0.0,0.0,0.8253748341925844,0.0,0.0
19447,0.0,0.0,0.0,0.0,0.0,1.3253046325498739,0.0,1.3606274858634169,-0.6340564936486358,-1.6659539610203433,0.3859216637443117,0.0,0.0,82.67000254277805,0.0,0.0,0.0,0.0,79.54615384615384,4.863836039605975,0.0,71.5124861941295,35.99323911385308,35.21570308823313,Patrick Sandoval,0.46153846153846156,1.8856977081520163,,4.072342110357615,1.4819786995485402,PIT,-4.391630173953796,0.0,0.0,0.943849436106317,0.0,0.0
26440,0.0,0.0,0.0,0.0,0.0,1.41332272161634,0.0,1.4377581877748047,-1.303305231617702,-1.16705811785354,0.38071755991990264,0.0,0.0,90.9349735911459,0.0,0.0,0.0,0.0,89.65,5.186860303782171,0.0,75.566357156527,44.42761028511757,31.683477414906257,Ryan Gusto,0.5,1.6731734523145565,,4.460105884730152,1.3677462465817307,PIT,-4.396834277778206,0.0,0.0,0.8133960122034707,0.0,0.0
31910,0.0,0.0,0.0,0.0,0.0,1.1198419191164561,0.07699190745264124,1.348244419702385,-1.1550675461790225,-1.0099904524305097,0.3800202476619503,0.0,0.0,84.86273076868343,0.0,0.0,0.0,0.0,86.34444444444445,4.109792836369013,0.5061112268696969,70.86165129840501,42.11933825877327,31.525048983979083,Brycen Mautz,0.2222222222222222,1.0,,4.3902540200239795,1.3479475199767887,PIT,-4.397531590036158,0.0,0.0,0.3800202476619503,0.0,0.0
21584,0.0,0.0,0.0,0.0,0.0,0.6438477327903437,0.17616015329574952,0.8676350228249738,-0.6986691117959868,-0.6105384087754043,0.37843538833967605,0.0,0.0,60.88929354937783,0.0,0.0,0.0,0.0,61.387096774193544,2.3629056519172953,1.158000032209971,45.601561217867804,29.058880016659675,20.1328706001021,Tristan Beck,0.24731182795698925,1.0588544403573306,,4.260340265185523,1.3198565888774978,PIT,-4.3991164493584325,0.0,0.0,0.40451086487112975,0.0,0.0
31312,0.0,0.0,0.0,0.0,0.0,1.2949861773032358,0.07699190745264124,1.6122631948358477,-1.4392258927498087,-1.168946428123158,0.376068958718758,0.0,0.0,100.83683767752892,0.0,0.0,0.0,0.0,95.33041997729853,4.752568040029108,0.5061112268696969,84.73807170581843,47.630146609798224,28.560529068073514,Colton Gordon,0.20544835414301932,1.0,,4.4966897197165965,1.35735651617203,PIT,-4.40148287897935,0.0,0.0,0.376068958718758,0.0,0.0
29832,0.0,0.0,0.0,0.0,0.0,1.6348881275083915,0.07699190745264124,1.6743260530887518,-1.8164186086431477,-1.194263359315561,0.37552412009107616,0.0,0.0,105.0,0.0,0.0,0.0,0.0,107.3,6.0,0.5061112268696969,88.0,55.0,39.0,Jackson Wolf,0.0,1.0,,4.613233923578751,1.3420316868592732,PIT,-4.402027717607032,0.0,0.0,0.37552412009107616,0.0,0.0
17381,0.0,0.0,0.0,0.0,0.0,0.5499480584276663,0.17616015329574952,0.6650516433874994,-0.27858317373808883,-0.7374499767022648,0.37512670467056164,0.0,0.0,44.62914938733601,0.0,0.0,0.0,0.0,43.686679725759056,2.01829611154789,1.158000032209971,34.954090638520164,19.257131216206467,17.264565173127618,Matt Gage,0.3143976493633693,1.4878677072287079,,3.967208815909776,1.4167639873068476,PIT,-4.402425133027546,0.0,0.0,0.5826888515118918,0.0,0.0
26463,0.0,0.0,0.0,0.0,0.0,0.8174440637541958,0.07699190745264124,0.875215891387302,-0.8095155412830669,-0.5900964430593683,0.3700398782517039,0.0,0.0,40.0,0.0,0.0,0.0,0.0,44.7,3.0,0.5061112268696969,46.0,23.0,21.0,Alex Carrillo,0.0,1.45413870246085,,4.630872483221476,1.3646532438478747,PIT,-4.4075119594464045,0.0,0.0,0.5694351661043612,0.0,0.0
33876,0.0,0.0,0.0,0.0,0.0,1.4676076928555535,0.0,1.7846339922431156,-1.7967805344859111,-1.0937842287204844,0.3616769218922735,0.0,0.0,115.38268402294341,0.0,0.0,0.0,0.0,117.15,5.3860848390607226,0.0,93.79761548097315,58.90989131327789,38.820543159755715,Rhett Lowder,0.5,1.2804097311139564,,4.525727885783192,1.3162887510260275,PIT,-4.415874915805834,0.0,0.0,0.549032257055061,0.0,0.0
31730,0.0,0.0,0.0,0.0,0.0,1.5884579967527015,0.07699190745264124,1.4898937414179365,-1.6805923443815334,-1.1133554343210772,0.36139586692066894,0.0,0.0,104.43701349376403,0.0,0.0,0.0,0.0,103.33333333333333,5.829602539863872,0.5061112268696969,78.30652160187617,52.48184213566013,33.646806867445406,Jonathan Cannon,0.19540229885057472,1.0,,4.570999153751044,1.3362950357536398,PIT,-4.416155970777439,0.0,0.0,0.36139586692066894,0.0,0.0
25651,0.0,0.0,0.0,0.0,0.0,0.5449627091694638,0.07699190745264124,0.7039779995941343,-0.5054942632042704,-0.4625670090817199,0.357871343930249,0.0,0.0,40.0,0.0,0.0,0.0,0.0,42.0,2.0,0.5061112268696969,37.0,20.0,16.0,Ty Adcock,0.0,1.5476190476190477,,4.285714285714286,1.3333333333333333,PIT,-4.419680493767859,0.0,0.0,0.5801243568019049,0.0,0.0
14857,0.0,0.0,0.0,0.0,0.0,0.7128419949017193,0.07699190745264124,0.5611573142145039,-0.5536148387399219,-0.4440361393595757,0.35334023846936685,0.0,0.0,39.179058404289215,0.0,0.0,0.0,0.0,36.70108459869848,2.616112929958483,0.5061112268696969,29.49356462546709,18.16024410137767,10.302042740092423,Joe Mantiply,0.24078091106290672,1.7710648257600834,,4.45333424610005,1.348219042718328,PIT,-4.424211599228741,0.0,0.0,0.6638980834688519,0.0,0.0
19731,0.0,0.0,0.0,0.0,0.0,0.5449627091694638,0.07699190745264124,0.7039779995941343,-0.5699802423013118,-0.4047424034382729,0.35120997047665453,0.0,0.0,41.0,0.0,0.0,0.0,0.0,41.0,2.0,0.5061112268696969,37.0,20.0,13.0,Kodi Whitley,0.0,1.5853658536585367,,4.390243902439025,1.3170731707317074,PIT,-4.426341867221454,0.0,0.0,0.5850734257199965,0.0,0.0
16835,0.0,0.0,0.0,0.0,0.0,0.9853488871882284,0.27532839913885776,0.8615434437140398,-0.8202869795734103,-0.9535876489949912,0.3483461014727248,0.0,0.0,52.13747491046967,0.0,0.0,0.0,0.0,53.81997019374069,3.6162066527081227,1.809888837550245,45.28139719678405,26.764807255111958,24.844123471166824,Brennan Bernardino,0.47839046199701946,1.207730137456664,,4.475722755491652,1.4303537906936548,PIT,-4.429205736225383,0.0,0.0,0.4388367326974041,0.0,0.0
20827,0.0,0.0,0.0,0.0,0.0,0.36519315050500156,0.27532839913885776,1.096668165650467,-0.7718786359126334,-0.6176949829736926,0.3476160964080003,0.0,0.0,50.7963085488482,0.0,0.0,0.0,0.0,54.84093264248705,1.3402500551333674,1.809888837550245,57.63919064581714,26.872302378985,22.58775395823414,Michael Petersen,0.48186528497409326,1.1852460720123201,,4.4100402702395956,1.3381257205357835,PIT,-4.429935741290108,0.0,0.0,0.4247061230178143,0.0,0.0
23460,0.0,0.0,0.0,0.0,0.0,0.8174440637541958,0.07699190745264124,0.7610572968585235,-0.805179318186836,-0.5081057463979808,0.3422082034805437,0.0,0.0,39.0,0.0,0.0,0.0,0.0,42.3,3.0,0.5061112268696969,40.0,22.000000000000004,18.0,Brandon Hughes,0.0,1.5366430260047281,,4.680851063829788,1.347517730496454,PIT,-4.435343634217564,0.0,0.0,0.5606336696846733,0.0,0.0
19874,0.0,0.0,0.0,0.0,0.0,1.0899254183389275,0.07699190745264124,1.084506648023396,-1.068161891218103,-0.8427794922568663,0.3404825903399953,0.0,0.0,62.0,0.0,0.0,0.0,0.0,65.3,4.0,0.5061112268696969,57.0,33.0,27.0,Alex Faedo,0.0,1.0,,4.548238897396631,1.3629402756508424,PIT,-4.437069247358113,0.0,0.0,0.3404825903399953,0.0,0.0
21052,0.0,0.0,0.0,0.0,0.0,1.0892297532464272,0.0,1.3406144734354468,-1.2662563514496776,-0.8247769103726953,0.33881096485950135,0.0,0.0,65.02408231827704,0.0,0.0,0.0,0.0,77.7611165523996,3.9974469258876058,0.0,70.4606330676656,39.3419335220907,38.47977331980302,Luis Gil,0.3143976493633693,1.928984647473805,,4.55339914596288,1.3310489898680098,PIT,-4.438740872838607,0.0,0.0,0.8597075289973208,0.0,0.0
29521,0.0,0.0,0.0,0.0,0.0,0.8174440637541958,0.07699190745264124,0.9132687562302283,-0.8010786645722159,-0.6723673706212187,0.3342586922436309,0.0,0.0,52.0,0.0,0.0,0.0,0.0,54.7,3.0,0.5061112268696969,48.0,27.0,22.0,Ryan Loutos,0.0,1.1882998171846435,,4.442413162705667,1.352833638025594,PIT,-4.4432931454544775,0.0,0.0,0.4108743467348419,0.0,0.0
15094,0.0,0.0,0.0,0.0,0.0,0.505969456995502,0.07699190745264124,0.6420061551727262,-0.46934138262929104,-0.42504603922051687,0.33058009777106145,0.0,0.0,38.36648140272498,0.0,0.0,0.0,0.0,39.53333333333334,1.8568957049065304,0.5061112268696969,33.74285525270099,18.777573354525995,14.189814807655134,Rob Zastryzny,0.06666666666666667,1.6441821247892072,,4.274826986274888,1.3294172734497496,PIT,-4.446971739927046,0.0,0.0,0.5721290965229604,0.0,0.0
16502,0.0,0.0,0.0,0.0,0.0,0.7915894926793027,0.27532839913885776,0.883409039116075,-1.1067476776575553,-0.5207100464556509,0.32286920682102926,0.0,0.0,59.933669598373186,0.0,0.0,0.0,0.0,62.09302325581396,2.9051143476796932,1.809888837550245,46.430619232617175,31.941679657175026,20.630208742209113,Ryan Yarbrough,0.4573643410852713,1.0468164794007488,,4.629749073905144,1.2974706998670558,PIT,-4.454682630877079,0.0,0.0,0.3417362806128118,0.0,0.0
31936,0.0,0.0,0.0,0.0,0.0,0.5127189835456128,0.5728331366681826,1.113429409112617,-1.0574558425400005,-0.8222731243321063,0.31925256245430556,0.0,0.0,42.62793409920157,0.0,0.0,0.0,0.0,49.8141592920354,1.8816663045697524,3.7655552535710672,58.52013580100251,26.636311272440985,27.729369213830747,Samy Natera Jr.,0.3805309734513274,1.3048498845265588,,4.812422910654198,1.4123956785170815,PIT,-4.458299275243802,0.0,0.0,0.44475431459099246,0.0,0.0
33464,0.0,0.0,0.0,0.0,0.0,1.4646060432167611,0.0,1.4331753404574967,-1.2532026314471387,-1.3285790956008283,0.3159996566262908,0.0,0.0,78.03873915092704,0.0,0.0,0.0,0.0,81.08700564971751,5.375068857275962,0.0,75.3254897560711,40.61305408675711,36.760951354826986,George Klassen,0.3408662900188324,1.8498648309690366,,4.507719626000117,1.4157594004848293,PIT,-4.461552181071817,0.0,0.0,0.8172594576632783,0.0,0.0
14412,0.3845674816784116,0.2889922839622218,0.3843854603461206,0.05846768275346603,-0.8046951032599579,0.0,0.0,0.0,0.0,0.0,0.31171780548026207,147.0,127.0,19.0,4.0,13.0,13.0,1.0,0.0,0.0,0.0,0.0,0.0,0.0,Joe Hudson,0.0,2.0,0.14960629921259844,,,HIT,-4.465834032217846,0.0,0.0,0.6497942799687035,0.0,0.0
24590,0.0,0.0,0.0,0.0,0.0,0.8174440637541958,0.07699190745264124,0.9513216210731544,-0.7410420934265345,-0.793767670072025,0.3109478287814321,0.0,0.0,47.0,0.0,0.0,0.0,0.0,50.7,3.0,0.5061112268696969,50.0,25.0,24.0,John Rooney,0.0,1.282051282051282,,4.437869822485207,1.400394477317554,PIT,-4.466604008916676,0.0,0.0,0.4199781867107626,0.0,0.0
19535,0.0,0.0,0.0,0.0,0.0,1.0899254183389275,0.07699190745264124,0.6849515671726711,-0.6345648109683224,-0.9119925956212146,0.30531148637470296,0.0,0.0,38.0,0.0,0.0,0.0,0.0,40.0,4.0,0.5061112268696969,36.0,20.0,22.0,Ryan Hendrix,0.0,1.625,,4.5,1.5,PIT,-4.472240351323405,0.0,0.0,0.5437481134340232,0.0,0.0
19403,0.0,0.0,0.0,0.0,0.0,0.8174440637541958,0.07699190745264124,0.7039779995941343,-0.6456734894432564,-0.6491485684111675,0.3035919129465475,0.0,0.0,40.0,0.0,0.0,0.0,0.0,42.3,3.0,0.5061112268696969,37.0,21.0,19.0,Colin Poche,0.0,1.5366430260047281,,4.468085106382979,1.3947990543735225,PIT,-4.4739599247515605,0.0,0.0,0.5008111399819548,0.0,0.0
30091,0.0,0.0,0.0,0.0,0.0,1.5377087663673144,0.0,1.9644314459617451,-1.9017635349512811,-1.297733782285347,0.30264289509243136,0.0,0.0,107.14308878024511,0.0,0.0,0.0,0.0,110.19999999999999,5.643354088248787,0.0,103.24749287973373,56.75223546862026,41.84759364452159,Andrew Painter,0.5,1.3611615245009077,,4.6349375609580985,1.3520025628381735,PIT,-4.474908942605676,0.0,0.0,0.5344328485031924,0.0,0.0
22200,0.0,0.0,0.0,0.0,0.0,0.7093409637558247,0.17616015329574952,0.9733649187162278,-0.8267498623212588,-0.7300915872952014,0.30202458615134176,0.0,0.0,58.07476483596089,0.0,0.0,0.0,0.0,60.29833459500379,2.6032642300860447,1.158000032209971,51.158561792078636,29.43215229992694,23.37854375321983,Ryan Rolison,0.4700984102952309,1.0779733874339175,,4.3929798804309055,1.3508384458089129,PIT,-4.475527251546766,0.0,0.0,0.3315541303157512,0.0,0.0
16814,0.0,0.0,0.0,0.0,0.0,0.9478152391945511,0.17616015329574952,0.5150134610163708,-0.6962151234556744,-0.6415975396465888,0.30117619040440824,0.0,0.0,58.00942416991859,0.0,0.0,0.0,0.0,54.05343511450381,3.4784590697555955,1.158000032209971,27.068314732266945,26.074623827440497,14.785376195360884,Tim Hill,0.46564885496183206,1.2025137692416326,,4.341474578809822,1.346719227206837,PIT,-4.4763756472936995,0.0,0.0,0.37553636215974284,0.0,0.0
5097,0.0,0.0,0.0,0.0,0.0,0.8174440637541958,0.07699190745264124,0.7610572968585235,-0.46334930480913533,-0.8926831991564086,0.2994607640998166,0.0,0.0,37.0,0.0,0.0,0.0,0.0,37.7,3.0,0.5061112268696969,40.0,18.0,20.0,Anthony Gose,0.0,1.7241379310344827,,4.297082228116711,1.5119363395225462,PIT,-4.478091073598291,0.0,0.0,0.5647549639567297,0.0,0.0
17639,0.0,0.0,0.0,0.0,0.0,0.6930057473315696,0.17616015329574952,0.90425072459874,-0.49760490332748775,-0.9792199360392211,0.2965917858593501,0.0,0.0,39.90957538392998,0.0,0.0,0.0,0.0,42.97608069164265,2.5433143797590367,1.158000032209971,47.526026139229586,20.34473754876153,24.572999594800564,Justin Lawrence,0.32756964457252646,1.5124692376296713,,4.260570880174768,1.5004294002842882,PIT,-4.480960051838758,0.0,0.0,0.4858871730378329,0.0,0.0
19409,0.0,0.0,0.0,0.0,0.0,1.0899254183389275,0.07699190745264124,1.484061728874121,-1.262817805381502,-1.0953722128490948,0.2927890364350929,0.0,0.0,91.0,0.0,0.0,0.0,0.0,91.7,4.0,0.5061112268696969,78.0,45.0,33.0,Dane Dunning,0.0,1.0,,4.416575790621592,1.352235550708833,PIT,-4.484762801263015,0.0,0.0,0.2927890364350929,0.0,0.0
31942,0.0,0.0,0.0,0.0,0.0,0.927952813742327,0.07699190745264124,0.8381403249451795,-0.591396594087368,-0.9612850676785842,0.29040338437419555,0.0,0.0,51.59288607278295,0.0,0.0,0.0,0.0,49.51807228915663,3.4055644473602578,0.5061112268696969,44.05136529955564,23.57795574793937,20.3956882432105,Cameron Foster,0.1566265060240964,1.3126520681265206,,4.285336482654674,1.4537838608825926,PIT,-4.487148453323913,0.0,0.0,0.4051120187678461,0.0,0.0
27666,0.0,0.0,0.0,0.0,0.0,0.6745849097872301,0.07699190745264124,0.8742311174383138,-0.5541976323061909,-0.7889109858782665,0.2826993164937278,0.0,0.0,43.74583075704527,0.0,0.0,0.0,0.0,47.644444444444446,2.4757103502194253,0.5061112268696969,45.948241797139154,22.586290699703333,23.565900834842704,Zach McCambley,0.20634920634920634,1.3642723880597014,,4.266533457733139,1.4127928738969024,PIT,-4.49485252120438,0.0,0.0,0.4098183927830177,0.0,0.0
26152,0.0,0.0,0.0,0.0,0.0,1.0899254183389275,0.07699190745264124,0.7800837292799866,-1.0040258571795362,-0.6603581511261513,0.2826170467658681,0.0,0.0,54.0,0.0,0.0,0.0,0.0,54.0,4.0,0.5061112268696969,41.0,28.0,19.0,Jack Little,0.0,1.2037037037037037,,4.666666666666667,1.3518518518518519,PIT,-4.49493479093224,0.0,0.0,0.356877010419988,0.0,0.0
24977,0.0,0.0,0.0,0.0,0.0,0.5449627091694638,0.07699190745264124,0.8181365941229128,-0.34347114585188215,-0.8206404056596934,0.27597965923344225,0.0,0.0,46.0,0.0,0.0,0.0,0.0,47.0,2.0,0.5061112268696969,43.0,21.0,21.0,Shawn Dubin,0.0,1.3829787234042554,,4.0212765957446805,1.425531914893617,PIT,-4.501572178464666,0.0,0.0,0.4037108235024063,0.0,0.0
31967,0.0,0.0,0.0,0.0,0.0,1.2246258447599163,0.07699190745264124,1.2311259935268275,-1.3512931707729066,-0.9060821552940859,0.27536841967239245,0.0,0.0,85.20537773058697,0.0,0.0,0.0,0.0,85.81818181818183,4.494347316447672,0.5061112268696969,64.70608710322567,43.176215901572355,29.035485944831294,Drew Thorpe,0.09090909090909091,1.0,,4.52801416764371,1.3311965046923737,PIT,-4.502183418025716,0.0,0.0,0.27536841967239245,0.0,0.0
27485,0.0,0.0,0.0,0.0,0.0,0.8690146079800252,0.07699190745264124,1.0333457349589692,-1.1254770132279006,-0.5792045940485121,0.27467064311522293,0.0,0.0,73.12014099788645,0.0,0.0,0.0,0.0,71.69662921348315,3.189262653602204,0.5061112268696969,54.31106116316825,35.96811096194171,19.638312461656348,Garrett Stallings,0.21348314606741572,1.0,,4.5150379063650385,1.2937631026327079,PIT,-4.502881194582885,0.0,0.0,0.27467064311522293,0.0,0.0
29564,0.0,0.0,0.0,0.0,0.0,1.3624067729236595,0.07699190745264124,1.274770972238027,-1.1528968225321543,-1.2878915128495032,0.27338131723267045,0.0,0.0,96.0,0.0,0.0,0.0,0.0,91.0,5.0,0.5061112268696969,67.0,44.0,30.0,Patrick Monteverde,0.0,1.0,,4.351648351648351,1.3846153846153846,PIT,-4.504170520465438,0.0,0.0,0.27338131723267045,0.0,0.0
26257,0.0,0.0,0.0,0.0,0.0,1.3804253604024195,0.0,1.1536409298898624,-1.6336748457168158,-0.6295508662330999,0.2708405783423663,0.0,0.0,87.66360787009026,0.0,0.0,0.0,0.0,86.50650406504066,5.0661277814998416,0.0,60.633591434013574,45.287077316251015,23.339852976518625,Joey Estes,0.1869918699186992,1.7339736661560292,,4.7115959690130795,1.2831805197346777,PIT,-4.5067112593557415,0.0,0.0,0.645870612062984,0.0,0.0
18439,0.0,0.0,0.0,0.0,0.0,0.4840978153719529,0.07699190745264124,0.7339592324376799,-0.4549742906030603,-0.5724182891832765,0.26765637547593735,0.0,0.0,32.03398442325536,0.0,0.0,0.0,0.0,36.03233082706767,1.7766273076179084,0.5061112268696969,38.575767447066156,17.274534828858027,18.46931305124054,Danny Young,0.24812030075187974,1.803935479832231,,4.314758715051867,1.4016106178886871,PIT,-4.509895462222171,0.0,0.0,0.523734839540537,0.0,0.0
20271,0.0,0.0,0.0,0.0,0.0,0.8174440637541958,0.07699190745264124,0.8942423238087651,-0.6503012980501358,-0.8716664188671699,0.26671057809829635,0.0,0.0,39.0,0.0,0.0,0.0,0.0,44.7,3.0,0.5061112268696969,47.0,22.0,26.000000000000004,Daysbel Hernández,0.0,1.45413870246085,,4.429530201342281,1.45413870246085,PIT,-4.510841259599812,0.0,0.0,0.4218892282855842,0.0,0.0
18496,0.0,0.0,0.0,0.0,0.0,0.8174440637541959,0.07699190745264124,0.7230044320155974,-0.39609372364992523,-0.9551649722971413,0.26618170727536816,0.0,0.0,44.0,0.0,0.0,0.0,0.0,43.7,3.0000000000000004,0.5061112268696969,38.0,20.0,21.0,Junior Fernández,0.0,1.4874141876430205,,4.118993135011442,1.4874141876430205,PIT,-4.51137013042274,0.0,0.0,0.42841598356578015,0.0,0.0
25481,0.0,0.0,0.0,0.0,0.0,0.544028068194377,0.07699190745264124,0.7589451808105336,-0.5579012058593171,-0.5604209427377599,0.2616430078604749,0.0,0.0,55.88150414894903,0.0,0.0,0.0,0.0,55.920256776034236,1.9965698901618012,0.5061112268696969,39.88899043177389,25.954155627037487,17.958303566086606,Joe La Sorsa,0.0014265335235378034,1.162369483751317,,4.177151789178587,1.3204482949849612,PIT,-4.515908829837633,0.0,0.0,0.3131061951046742,0.0,0.0
16990,0.0,0.0,0.0,0.0,0.0,0.7096858660945476,0.07699190745264124,0.8970811908091969,-0.730983831729125,-0.6939148572822382,0.25886027534502276,0.0,0.0,53.3180435308585,0.0,0.0,0.0,0.0,49.828828828828826,2.6045300133512836,0.5061112268696969,47.14920647957256,24.583744170139227,15.22605071582872,Tanner Banks,0.36936936936936937,1.304465738564455,,4.440274891695731,1.375591115780561,PIT,-4.5186915623530854,0.0,0.0,0.35906476198418924,0.0,0.0
20203,0.0,0.0,0.0,0.0,0.0,0.45822934126510084,0.17616015329574952,0.6855592587696427,-0.5230127235449811,-0.5424758826399207,0.2544601471455914,0.0,0.0,41.791707170517775,0.0,0.0,0.0,0.0,41.90118694362018,1.6816906315056064,1.158000032209971,36.031939334895284,20.06988706008137,15.224379143339226,Eli Morgan,0.30761622156280916,1.5512687048092515,,4.31083214381913,1.3607272364521452,PIT,-4.5230916905525165,0.0,0.0,0.4238056452022999,0.0,0.0
17755,0.0,0.0,0.0,0.0,0.0,0.8174440637541958,0.07699190745264124,0.7420308644370605,-0.718672513823007,-0.6674177552063172,0.2503765666145734,0.0,0.0,37.0,0.0,0.0,0.0,0.0,38.7,3.0,0.5061112268696969,39.0,20.0,18.0,Drew Smith,0.0,1.6795865633074933,,4.651162790697674,1.421188630490956,PIT,-4.527175271083535,0.0,0.0,0.46698795693580575,0.0,0.0
6902,0.0,0.0,0.0,0.0,0.0,1.735090313831984,0.0,1.6187674520939952,-1.340288313299883,-1.7702184931493645,0.24335095947673158,0.0,0.0,115.19748452660461,0.0,0.0,0.0,0.0,114.05,6.367739607270755,0.0,85.0799254550694,54.62008806186767,45.44098630662815,Martín Pérez,0.5,1.31521262604121,,4.310221767267067,1.4084916337854692,PIT,-4.534200878221377,0.0,0.0,0.4239948406424574,0.0,0.0
33838,0.0,0.0,0.0,0.0,0.0,0.6738511042364621,0.07699190745264124,1.0583100772183924,-0.7368733880918501,-0.8309762591200297,0.24130344169561602,0.0,0.0,51.919734085460014,0.0,0.0,0.0,0.0,58.539024390243895,2.4730173015450077,0.5061112268696969,55.62314856381314,28.148438807645235,28.899271841869187,Yariel Rodríguez,0.1869918699186992,1.110370401233282,,4.327642148252611,1.3806004929046696,PIT,-4.536248396002492,0.0,0.0,0.2764595801540275,0.0,0.0
26259,0.0,0.0,0.0,0.0,0.0,0.4832517882517349,0.07699190745264124,0.703280188621174,-0.4266931575987178,-0.5958200909939736,0.24101063573285886,0.0,0.0,32.48897615632668,0.0,0.0,0.0,0.0,37.318717139852794,1.7735224084900127,0.5061112268696969,36.96332412942675,17.61714529191962,19.86546473379078,Hunter Bigge,0.26393270241850686,1.7417533340283624,,4.248653752836425,1.402900338023891,PIT,-4.53654120196525,0.0,0.0,0.4573411248287089,0.0,0.0
13218,0.0,0.0,0.0,0.0,0.0,0.5449627091694638,0.07699190745264124,0.9132687562302283,-0.6081879966996933,-0.686789242181631,0.24024613397100902,0.0,0.0,48.0,0.0,0.0,0.0,0.0,50.3,2.0,0.5061112268696969,48.0,24.0,21.0,Michael Fulmer,0.0,1.2922465208747516,,4.294234592445329,1.371769383697813,PIT,-4.537305703727099,0.0,0.0,0.3291379454588783,0.0,0.0
24580,0.0,0.0,0.0,0.0,0.0,1.6348881275083915,0.07699190745264124,1.8836168097248458,-1.9331082062578504,-1.4244662850230416,0.23792235340498635,0.0,0.0,105.0,0.0,0.0,0.0,0.0,110.3,6.0,0.5061112268696969,99.0,57.0,46.0,Josiah Gray,0.0,1.0,,4.650951949229374,1.3689936536718041,PIT,-4.539629484293122,0.0,0.0,0.23792235340498635,0.0,0.0
24452,0.0,0.0,0.0,0.0,0.0,1.2679160077453855,0.0,1.2753146071116772,-1.0270725291830431,-1.2835083956198914,0.23264969005412794,0.0,0.0,73.57745272708483,0.0,0.0,0.0,0.0,77.65,4.65322117059246,0.0,67.02857261212233,37.7566706107032,36.475077621449095,Luinder Avila,0.5,1.931745009658725,,4.37617560201325,1.417289508673972,PIT,-4.54490214764398,0.0,0.0,0.6778153813431098,0.0,0.0
14168,0.0,0.0,0.0,0.0,0.0,1.6348881275083915,0.07699190745264124,1.5982203234028995,-1.8436856544111033,-1.2360246268126924,0.23039007714013682,0.0,0.0,112.0,0.0,0.0,0.0,0.0,109.3,6.0,0.5061112268696969,84.0,56.0,35.0,José Berríos,0.0,1.0,,4.611161939615736,1.344922232387923,PIT,-4.547161760557971,0.0,0.0,0.23039007714013682,0.0,0.0
24737,0.0,0.0,0.0,0.0,0.0,0.4803330163555762,0.6720013825112908,0.8536557527567191,-0.7890598881981143,-0.9867689464822766,0.2301613169431953,0.0,0.0,47.45709175030531,0.0,0.0,0.0,0.0,46.15291902071563,1.7628105860219874,4.417444058911341,44.866832301873806,23.460304401001196,20.90198996572224,Gus Varland,0.3408662900188324,1.4083616243389698,,4.57485125727887,1.481143190213922,PIT,-4.547390520754913,0.0,0.0,0.3598270693673502,0.0,0.0
29946,0.0,0.0,0.0,0.0,0.0,0.8174440637541959,0.07699190745264124,0.7230044320155974,-0.7147649387298339,-0.6733803640274669,0.22929510046513368,0.0,0.0,42.0,0.0,0.0,0.0,0.0,43.7,3.0000000000000004,0.5061112268696969,38.0,22.0,19.0,Grant Hartwig,0.0,1.4874141876430205,,4.530892448512586,1.3958810068649885,PIT,-4.5482567372329745,0.0,0.0,0.37442690732959627,0.0,0.0
22113,0.0,0.0,0.0,0.0,0.0,1.0566111144730832,0.17616015329574952,1.0746389451555787,-1.173504260921997,-0.9099507685926632,0.22395518340975118,0.0,0.0,58.587483993895994,0.0,0.0,0.0,0.0,63.449309504467905,3.8777373082403517,1.158000032209971,56.481368726977635,32.91864023665251,29.187371249555934,Cole Winn,0.4313566206336312,1.0244398324842747,,4.669361486258732,1.3833855077220516,PIT,-4.553596654288357,0.0,0.0,0.23193037141340667,0.0,0.0
22296,0.0,0.0,0.0,0.0,0.0,0.8174440637541958,0.07699190745264124,0.875215891387302,-0.9550578273680057,-0.5911471245393208,0.22344691068681255,0.0,0.0,51.0,0.0,0.0,0.0,0.0,52.3,3.0,0.5061112268696969,46.0,27.000000000000004,19.0,Joe Barlow,0.0,1.24282982791587,,4.646271510516253,1.338432122370937,PIT,-4.554104927011296,0.0,0.0,0.2962028171961508,0.0,0.0
23307,0.0,0.0,0.0,0.0,0.0,0.5449627091694638,0.07699190745264124,0.7991101617014498,-0.6274250760908071,-0.571458081404332,0.22218162082841575,0.0,0.0,49.0,0.0,0.0,0.0,0.0,50.0,2.0,0.5061112268696969,42.0,24.0,18.0,Collin Snider,0.0,1.3,,4.32,1.34,PIT,-4.555370216869692,0.0,0.0,0.30660688486839094,0.0,0.0
19349,0.0,0.0,0.0,0.0,0.0,0.7362369132945291,0.17616015329574952,0.859008869920646,-0.8398548169754524,-0.7180861241706266,0.21346499536484553,0.0,0.0,47.6431976610998,0.0,0.0,0.0,0.0,49.69820143884892,2.701971716254023,1.158000032209971,45.148183899763914,25.21724989660563,21.091003281711238,Caleb Ferguson,0.3705035971223022,1.3078944130398593,,4.566669265661604,1.3830319599671015,PIT,-4.564086842333262,0.0,0.0,0.3028181485197139,0.0,0.0
31615,0.0,0.0,0.0,0.0,0.0,0.9348741412425171,0.07699190745264124,0.8841240399836838,-0.8973929053178143,-0.7853063905119874,0.2132907928490404,0.0,0.0,42.29637721714218,0.0,0.0,0.0,0.0,47.80034443168771,3.430965552367015,0.5061112268696969,46.468198577592126,24.809939385367123,25.148672190797114,William Kempner,0.1963260619977038,1.3598228375298134,,4.671293839470359,1.4109741302037304,PIT,-4.564261044849068,0.0,0.0,0.3198399619328087,0.0,0.0
19388,0.0,0.0,0.0,0.0,0.0,1.3624067729236595,0.07699190745264124,1.4269824316097317,-2.0400030585145075,-0.6137055163536247,0.21267253711790035,0.0,0.0,78.0,0.0,0.0,0.0,0.0,86.7,5.0,0.5061112268696969,75.0,47.99999999999999,33.0,Tony Gonsolin,0.0,1.0,,4.982698961937715,1.2802768166089964,PIT,-4.564879300580207,0.0,0.0,0.21267253711790035,0.0,0.0
24698,0.0,0.0,0.0,0.0,0.0,0.7796477703650538,0.07699190745264124,0.6607057117872072,-0.6090460059062485,-0.6965415803165468,0.21175780338210703,0.0,0.0,39.85959862686131,0.0,0.0,0.0,0.0,40.3972602739726,2.861288514780234,0.5061112268696969,34.7256751634577,20.00093838930193,17.560761110863428,Tanner Andrews,0.0410958904109589,1.6090200067819602,,4.455956772387714,1.421392424840253,PIT,-4.565794034316001,0.0,0.0,0.37996681860711345,0.0,0.0
25215,0.0,0.0,0.0,0.0,0.0,0.2526444169979138,0.07699190745264124,0.961396962373469,-0.6673185404546638,-0.41280021863057986,0.21091452773878056,0.0,0.0,44.682466653779244,0.0,0.0,0.0,0.0,48.0,0.9271989174560217,0.5061112268696969,50.52954442940911,23.442257877440557,17.693897802693474,Yaramil Hiraldo,0.2222222222222222,1.3541666666666667,,4.395423352020105,1.2995075928431816,PIT,-4.566637309959328,0.0,0.0,0.30454202127049557,0.0,0.0
23221,0.0,0.0,0.0,0.0,0.0,0.7122382589516681,0.07699190745264124,1.028372850875403,-1.092271809339897,-0.516452085796953,0.2088791221428623,0.0,0.0,56.73082586971467,0.0,0.0,0.0,0.0,57.51162790697674,2.6138972335818584,0.5061112268696969,54.04969403067543,29.986336894308923,18.359126207268528,Michael Grove,0.18604651162790697,1.130206227254347,,4.692564649453115,1.305648176025183,PIT,-4.568672715555246,0.0,0.0,0.2463911749892863,0.0,0.0
17578,0.0,0.0,0.0,0.0,0.0,0.7284228422666804,0.37449664498196605,1.0312594455035242,-0.9007106107416933,-1.0247243027371495,0.20874401927332809,0.0,0.0,71.54819421749865,0.0,0.0,0.0,0.0,72.75,2.6732942640307047,2.461777642890519,54.2014090008905,34.95479094915578,28.919770195381254,JT Brubaker,0.5,1.0,,4.324304034947106,1.381002947256081,PIT,-4.56880781842478,0.0,0.0,0.20874401927332809,0.0,0.0
24719,0.0,0.0,0.0,0.0,0.0,1.7460531667194195,0.0,1.5083159138293256,-1.748641129243135,-1.2976226314784585,0.20810531982715164,0.0,0.0,120.93524596972331,0.0,0.0,0.0,0.0,120.35,6.407973012980819,0.0,79.27476262590586,59.9023130571693,40.131173020544445,Randy Vásquez,0.5,1.2463647694225177,,4.479607956082457,1.338316734443438,PIT,-4.569446517870956,0.0,0.0,0.33893614117288395,0.0,0.0
16128,0.0,0.0,0.0,0.0,0.0,0.8174440637541958,0.07699190745264124,0.6659251347512081,-0.7558963832472487,-0.5970214137232436,0.2074433089875528,0.0,0.0,50.0,0.0,0.0,0.0,0.0,48.0,3.0,0.5061112268696969,35.0,24.0,15.0,John Curtiss,0.0,1.3541666666666667,,4.5,1.3541666666666667,PIT,-4.570108528710556,0.0,0.0,0.30455203403513964,0.0,0.0
23443,0.0,0.0,0.0,0.0,0.0,0.4766497047798329,0.27532839913885776,0.7090769482197642,-0.7255071161599843,-0.5286559137523572,0.20689202222611336,0.0,0.0,36.951948643218365,0.0,0.0,0.0,0.0,41.00882352941177,1.7492929213679902,1.809888837550245,37.267992890768,20.97766020024198,18.813838719447475,Tom Cosgrove,0.2647058823529412,1.5850247435989382,,4.603861451103812,1.3598485048631128,PIT,-4.570659815471995,0.0,0.0,0.36416022909729084,0.0,0.0
31280,0.0,0.0,0.0,0.0,0.0,1.0788687556997163,0.0,1.2445432462507517,-0.9913237696105761,-1.1293797421474507,0.2027084901924412,0.0,0.0,63.99797488570056,0.0,0.0,0.0,0.0,70.08247422680412,3.9594223147632914,0.0,65.41127725273519,34.452504244661306,34.81928692438941,Eduardo Rivera,0.27835051546391754,2.0,,4.424394852249091,1.410013885786809,PIT,-4.5748433475056665,0.0,0.0,0.6172219848252816,0.0,0.0
33794,0.0,0.0,0.0,0.0,0.0,1.2060622004284107,0.0,1.4161522929915886,-1.3308036807496708,-1.0891311952439682,0.20227961742636058,0.0,0.0,77.80739673946941,0.0,0.0,0.0,0.0,82.0701754385965,4.426219189443176,0.0,74.4307845854525,41.514932235739096,34.66405168332274,Trey Gibson,0.38596491228070173,1.827704147071398,,4.552620828758904,1.3704302180630936,PIT,-4.5752722202717475,0.0,0.0,0.5821731520448783,0.0,0.0
35205,0.0,0.0,0.0,0.0,0.0,0.976222324688628,0.07699190745264124,1.5819763622226846,-1.3831207038092264,-1.050786580078239,0.2012833104764884,0.0,0.0,75.20129683478123,0.0,0.0,0.0,0.0,85.375,3.5827123884363177,0.5061112268696969,83.1462424052819,43.20152532502013,40.633474660905456,Hagen Smith,0.20454545454545456,1.0,,4.554187149928916,1.3567762400666084,PIT,-4.57626852722162,0.0,0.0,0.2012833104764884,0.0,0.0
23426,0.0,0.0,0.0,0.0,0.0,0.6861616001905425,0.07699190745264124,0.6967157357595744,-0.7999471787849365,-0.4639215131666028,0.19600055145121897,0.0,0.0,49.04340570583086,0.0,0.0,0.0,0.0,48.76470588235294,2.51819652480908,0.5061112268696969,36.618306591919584,24.587302114987523,14.96403454321313,Max Lazar,0.17647058823529413,1.3329312424607962,,4.537825360184669,1.3125771824291286,PIT,-4.5815512862468895,0.0,0.0,0.2820316189908991,0.0,0.0
31501,0.0,0.0,0.0,0.0,0.0,0.8174440637541958,0.07699190745264124,0.8371630265443759,-0.8565557187096962,-0.679833353067928,0.19520992597358877,0.0,0.0,56.99999999999999,0.0,0.0,0.0,0.0,56.3,3.0,0.5061112268696969,44.0,28.0,19.0,Michael Darrell-Hicks,0.0,1.1545293072824157,,4.476021314387212,1.349911190053286,PIT,-4.582341911724519,0.0,0.0,0.2370721124946601,0.0,0.0
24591,0.0,0.0,0.0,0.0,0.0,0.2430975848025276,0.07699190745264124,0.8906225182679282,-0.6992613756907194,-0.31700500592392117,0.19444562890845646,0.0,0.0,46.89000605354005,0.0,0.0,0.0,0.0,50.40473751600512,0.8921622735361623,0.5061112268696969,46.809748592870534,24.61685670751622,16.957924506113102,Joey Gerber,0.10371318822023047,1.2895613230673093,,4.395454103838874,1.2667049508864001,PIT,-4.583106208789651,0.0,0.0,0.26532384122877223,0.0,0.0
10200,0.32540325372788675,0.07224807099055545,0.2956811233431697,0.0,-0.5007478143044894,0.0,0.0,0.0,0.0,0.0,0.19258463375712243,148.0,131.0,25.0,1.0,11.0,10.0,0.0,0.0,0.0,0.0,0.0,0.0,0.0,Tucker Barnhart,0.0,2.0,0.19083969465648856,,,HIT,-4.584967203940986,0.0,0.0,0.4016407751885781,0.0,0.0
31839,0.0,0.0,0.0,0.0,0.0,0.8174440637541958,0.07699190745264124,0.8942423238087653,-0.6806402447862756,-0.9159065992676805,0.1921314509616463,0.0,0.0,41.0,0.0,0.0,0.0,0.0,46.7,3.0,0.5061112268696969,47.00000000000001,23.0,26.999999999999996,Shintaro Fujinami,0.0,1.3918629550321198,,4.43254817987152,1.45610278372591,PIT,-4.585420386736462,0.0,0.0,0.2982306387387741,0.0,0.0
31815,0.0,0.0,0.0,0.0,0.0,0.952872828757845,0.07699190745264124,0.9042647307053299,-0.8123888196024202,-0.9303644194195306,0.19137622789386555,0.0,0.0,59.41262822650901,0.0,0.0,0.0,0.0,59.608695652173914,3.4970203014809798,0.5061112268696969,47.52676227863184,29.06133380815674,24.101716382063643,Cade Gibson,0.391304347826087,1.0904449307075128,,4.387816264251236,1.4010429803042823,PIT,-4.5861756098042425,0.0,0.0,0.21644114656798052,0.0,0.0
16631,0.0,0.0,0.0,0.0,0.0,0.8174440637541958,0.07699190745264124,0.7420308644370605,-0.7790772595046478,-0.6690090626285115,0.18838051351073837,0.0,0.0,32.0,0.0,0.0,0.0,0.0,35.3,3.0,0.5061112268696969,39.0,19.0,19.0,Jeff Brigham,0.0,1.841359773371105,,4.8441926345609065,1.444759206798867,PIT,-4.58917132418737,0.0,0.0,0.4069376630528796,0.0,0.0
33174,0.0,0.0,0.0,0.0,0.0,0.6101796349345563,0.07699190745264124,1.2985532670536382,-0.7123369895656925,-1.0859154853354753,0.18747233453966805,0.0,0.0,70.35411289028632,0.0,0.0,0.0,0.0,74.77085828343314,2.2393445447468676,0.5061112268696969,68.2499608065663,34.564561077223956,33.40168161571231,Hunter Barco,0.3013972055888223,1.0,,4.160458457167949,1.3876501739847975,PIT,-4.5900795031584405,0.0,0.0,0.18747233453966805,0.0,0.0
15890,0.0,0.0,0.0,0.0,0.0,1.2915897755608219,0.0,1.714291913114321,-1.5220492904732508,-1.2969765269418079,0.18685587126008452,0.0,0.0,101.1131532900742,0.0,0.0,0.0,0.0,100.6,4.740103327544138,0.0,90.1005440820574,50.32434045581921,36.44334766070344,Luis Severino,0.5,1.4910536779324057,,4.5021775755703075,1.3673608444411296,PIT,-4.590695966438023,0.0,0.0,0.4253904729646176,0.0,0.0
15467,0.0,0.0,0.0,0.0,0.0,0.0,0.17616015329574952,0.05707929726438927,0.22619187134463917,-0.2820233000673712,0.17740802183740678,0.0,0.0,7.0,0.0,0.0,0.0,0.0,6.0,0.0,1.158000032209971,3.0,1.0,4.0,Marco Gonzales,1.0,2.0,,1.5,1.8333333333333333,PIT,-4.600143815860701,0.0,0.0,0.35615504949968824,0.0,0.0
19281,0.0,0.0,0.0,0.0,0.0,0.8174440637541958,0.07699190745264124,0.9322951886516914,-0.9147114327294594,-0.7374534150712513,0.17456631205781759,0.0,0.0,44.0,0.0,0.0,0.0,0.0,48.0,3.0,0.5061112268696969,49.0,25.0,23.0,Nick Hernandez,0.0,1.3541666666666667,,4.6875,1.3958333333333333,PIT,-4.602985525640291,0.0,0.0,0.26519841946141953,0.0,0.0
18694,0.0,0.0,0.0,0.0,0.0,0.7244374931625783,0.07699190745264124,1.1473355473405613,-0.766612116010796,-1.010518154114111,0.17163467783087372,0.0,0.0,79.1173742826093,0.0,0.0,0.0,0.0,74.2613810741688,2.6586681289317515,0.5061112268696969,60.302190233324566,34.706856162609746,22.938148422709023,Kolby Allard,0.10485933503836316,1.0,,4.206246920610263,1.374274504851856,PIT,-4.605917159867234,0.0,0.0,0.17163467783087372,0.0,0.0
29542,0.0,0.0,0.0,0.0,0.0,0.7209808851455877,0.07699190745264124,0.8927741076080632,-0.717282428614857,-0.8035837319902664,0.16988073960116856,0.0,0.0,48.15707733320006,0.0,0.0,0.0,0.0,51.75486725663717,2.6459824608710556,0.5061112268696969,46.922832816569134,25.277201058646774,24.23254554332858,Andre Granillo,0.11504424778761062,1.2559205239129319,,4.395621544148517,1.3987017398299908,PIT,-4.607671098096939,0.0,0.0,0.23253398797932778,0.0,0.0
27698,0.23665691180209947,0.07224807099055545,0.2956811233431697,0.0,-0.43714426433634723,0.0,0.0,0.0,0.0,0.0,0.1674418417994774,128.0,115.0,22.0,1.0,8.0,10.0,0.0,0.0,0.0,0.0,0.0,0.0,0.0,Eric Yang,0.0,2.0,0.19130434782608696,,,HIT,-4.610109995898631,0.0,0.0,0.3472800411252266,0.0,0.0
23988,0.0,0.0,0.0,0.0,0.0,1.0547162407006239,0.07699190745264124,0.8068637511593281,-0.6797017094162339,-1.095110810328427,0.1637593795679324,0.0,0.0,53.673433841689096,0.0,0.0,0.0,0.0,54.208333333333336,3.8707831671933537,0.5061112268696969,42.407516726526815,26.03285685904065,25.793875909104532,Wilkin Ramos,0.027777777777777776,1.1990776325903152,,4.322134574598601,1.4659611329892752,PIT,-4.613792458130176,0.0,0.0,0.21374285452177744,0.0,0.0
27271,0.0,0.0,0.0,0.0,0.0,0.706904176158931,0.07699190745264124,0.609924162158277,-0.5659943497407588,-0.6648935917400146,0.1629323042890758,0.0,0.0,39.25691979665098,0.0,0.0,0.0,0.0,40.131873479318735,2.5943212783724956,0.5061112268696969,32.05667508482787,19.62416125177809,17.401355786485404,Juan Burgos,0.1484184914841849,1.6196602442070547,,4.400927142288026,1.4118024071897428,PIT,-4.614619533409032,0.0,0.0,0.3015680567568675,0.0,0.0
31884,0.0,0.0,0.0,0.0,0.0,0.4956026421578916,0.07699190745264124,0.729433830769352,-0.5033202745918225,-0.6360979525327445,0.1626101532553179,0.0,0.0,36.24076686207461,0.0,0.0,0.0,0.0,40.24096385542169,1.818849744464908,0.5061112268696969,38.33791930149248,19.275943613462903,20.13888429025421,Logan VanWey,0.1566265060240964,1.6152694610778442,,4.311116730316404,1.4010512112704465,PIT,-4.61494168444279,0.0,0.0,0.29732143880434436,0.0,0.0
11752,0.0,0.0,0.0,0.0,0.0,0.8174440637541958,0.07699190745264124,0.7039779995941343,-0.6456734894432564,-0.7901913904243543,0.16254909093336078,0.0,0.0,40.0,0.0,0.0,0.0,0.0,42.3,3.0,0.5061112268696969,37.0,21.0,21.0,Luke Jackson,0.0,1.5366430260047281,,4.468085106382979,1.442080378250591,PIT,-4.615002746764747,0.0,0.0,0.2877689923778153,0.0,0.0
20257,0.0,0.0,0.0,0.0,0.0,0.48646128723783516,0.07699190745264124,0.5642318368723305,-0.517491556232396,-0.449097065613111,0.16109640971729988,0.0,0.0,37.66880748844978,0.0,0.0,0.0,0.0,36.064678899082566,1.7853011923667723,0.5061112268696969,29.65515680363909,17.67767046842529,11.132341180981799,Blake Weiman,0.19724770642201833,1.802317446992534,,4.411491771797665,1.353156333541431,PIT,-4.616455427980808,0.0,0.0,0.3287860459437777,0.0,0.0
14706,0.0,0.0,0.0,0.0,0.0,0.5009190215060051,0.27532839913885776,0.8221022696425382,-0.6131237158696369,-0.8250445088524798,0.16018146556528434,0.0,0.0,44.00019014047711,0.0,0.0,0.0,0.0,45.934774255523536,1.8383607284594485,1.809888837550245,43.208429800804474,22.265835931500092,21.800428941589484,Anthony Banda,0.32756964457252646,1.4150499497052371,,4.3625450790019755,1.4324794265023353,PIT,-4.617370372132823,0.0,0.0,0.2560928532550224,0.0,0.0
14527,0.0,0.0,0.0,0.0,0.0,0.8174440637541958,0.07699190745264124,0.646898702329745,-0.805179318186836,-0.5786271574045845,0.1575281979451616,0.0,0.0,43.0,0.0,0.0,0.0,0.0,42.3,3.0,0.5061112268696969,34.0,22.000000000000004,15.0,Jorge López,0.0,1.5366430260047281,,4.680851063829788,1.3711583924349884,PIT,-4.620023639752946,0.0,0.0,0.2786915877414754,0.0,0.0
31318,0.0,0.0,0.0,0.0,0.0,1.3624067729236595,0.07699190745264124,1.1796388101307116,-1.6935329911390442,-0.7698726102675709,0.15563188910039727,0.0,0.0,90.0,0.0,0.0,0.0,0.0,87.3,5.0,0.5061112268696969,62.0,46.0,24.0,Gunnar Hoglund,0.0,1.0,,4.742268041237113,1.3058419243986255,PIT,-4.621919948597711,0.0,0.0,0.15563188910039727,0.0,0.0
27783,0.0,0.0,0.0,0.0,0.0,0.4617617542033812,0.07699190745264124,0.7930417423555246,-0.5403892084023683,-0.6369736402157654,0.15443255539341327,0.0,0.0,38.71621108900818,0.0,0.0,0.0,0.0,41.92941176470588,1.6946545017992778,0.5061112268696969,41.68105322051445,20.19019769750027,19.672836890529002,Zach Brzykcy,0.17647058823529413,1.5502244668911336,,4.333754556281624,1.3925558580978283,PIT,-4.623119282304695,0.0,0.0,0.2714208623265659,0.0,0.0
21649,0.0,0.0,0.0,0.0,0.0,1.2053329046358239,0.17616015329574952,1.437550350236748,-1.276759045733126,-1.390555144484555,0.1517292179506402,0.0,0.0,74.80867490357119,0.0,0.0,0.0,0.0,77.95,4.423542691472523,1.158000032209971,75.55543353545855,39.48654461402301,37.16000334551118,Luis Medina,0.5,1.0,,4.5590622389507,1.4364166548952195,PIT,-4.625822619747468,0.0,0.0,0.1517292179506402,0.0,0.0
31878,0.0,0.0,0.0,0.0,0.0,0.8802720048034681,0.07699190745264124,0.9857847549569905,-1.0842679124996155,-0.7070858649360947,0.15169488977738976,0.0,0.0,65.16348113857117,0.0,0.0,0.0,0.0,64.66072644721908,3.2305770284540154,0.5061112268696969,51.81132926659227,32.84278363736607,21.122019350120357,Trevor Martin,0.20544835414301932,1.0052469802215702,,4.571322794796828,1.3344344431255997,PIT,-4.6258569479207186,0.0,0.0,0.15295320634524556,0.0,0.0
23552,0.414149595653674,0.07224807099055545,0.44352168501475453,0.05846768275346603,-0.8413400202685065,0.0,0.0,0.0,0.0,0.0,0.1470470141439435,195.0,181.0,32.0,1.0,13.999999999999998,15.0,1.0,0.0,0.0,0.0,0.0,0.0,0.0,Chandler Seagle,0.0,2.0,0.17679558011049723,,,HIT,-4.630504823554165,0.0,0.0,0.3333871704260323,0.0,0.0
12718,0.0,0.0,0.0,0.0,0.0,1.7906019663228618,0.0,1.6370565296894872,-1.4990728039277028,-1.7830671308108061,0.1455185612738401,0.0,0.0,132.89294004222168,0.0,0.0,0.0,0.0,126.0,6.571466033159524,0.0,86.04117122045318,60.553297315972586,42.21967036566985,Adrian Houser,0.5,1.1904761904761905,,4.3252355225694705,1.3897826222848535,PIT,-4.632033276424268,0.0,0.0,0.23950085757652406,0.0,0.0
8241,0.0,0.0,0.0,0.0,0.0,0.8174440637541958,0.07699190745264124,0.8561894589658389,-0.7793269318327425,-0.8272912436416759,0.1440072546982576,0.0,0.0,41.0,0.0,0.0,0.0,0.0,42.7,3.0,0.5061112268696969,44.99999999999999,22.000000000000004,21.0,David Robertson,0.0,1.5222482435597189,,4.637002341920375,1.451990632318501,PIT,-4.633544582999851,0.0,0.0,0.26053268865169077,0.0,0.0
29914,0.0,0.0,0.0,0.0,0.0,1.2803783699804807,0.09916824584310827,1.7504927181757417,-1.3057629172303964,-1.6826043961607864,0.14167202060814765,0.0,0.0,112.50521762170978,0.0,0.0,0.0,0.0,111.9,4.698957739445357,0.651888805340274,92.00320267088374,53.51520071468879,44.255633506937414,Andrew Alvarez,0.5,1.3404825737265416,,4.304171639251108,1.4009012612032812,PIT,-4.63587981708996,0.0,0.0,0.2977792496186411,0.0,0.0
14524,0.0,0.0,0.0,0.0,0.0,0.5056586753583584,0.07699190745264124,0.872814505179891,-0.5676150028671381,-0.7471114129315954,0.1407386721921573,0.0,0.0,37.513117716966,0.0,0.0,0.0,0.0,42.61333333333334,1.8557551437932123,0.5061112268696969,45.873786837478676,20.63726672966239,23.24697034746887,José Leclerc,0.06666666666666667,1.5253441802252814,,4.358621727948095,1.4258468726009432,PIT,-4.63681316550595,0.0,0.0,0.24876133319719118,0.0,0.0
3137,0.0,0.0,0.0,0.0,0.0,1.1553034152527812,0.0,1.3474183259448265,-1.4892939823809486,-0.8742539509046671,0.13917380791199185,0.0,0.0,81.34667037715963,0.0,0.0,0.0,0.0,81.34057971014494,4.239935671978332,0.0,70.81823308214358,42.24061368872507,27.12053240186093,Max Scherzer,0.4927536231884058,1.844097995545657,,4.67374986203978,1.3334943415149074,PIT,-4.638378029786116,0.0,0.0,0.4682899387300141,0.0,0.0
21131,0.0,0.0,0.0,0.0,0.0,0.8038321595053302,0.07699190745264124,0.944158973854176,-0.7916169028367683,-0.8946565515092191,0.13870958646616005,0.0,0.0,47.71481149257055,0.0,0.0,0.0,0.0,51.28169014084507,2.9500446396796196,0.5061112268696969,49.62354228789111,25.55483640373565,25.41458363476328,Jose Espada,0.014084507042253521,1.267508926119198,,4.484905372696259,1.4260332474706678,PIT,-4.638842251231948,0.0,0.0,0.19801864086522758,0.0,0.0
27741,0.0,0.0,0.0,0.0,0.0,0.6606791512708319,0.17616015329574952,0.5812281633711227,-0.766752595711813,-0.5130333072685997,0.13828156495729138,0.0,0.0,49.25568046750079,0.0,0.0,0.0,0.0,49.986948176583496,2.4246765518239686,1.158000032209971,30.54845756135861,24.873339539027445,16.895563621611853,Nick Davila,0.32821497120921306,1.3003394360140075,,4.478370134948842,1.3233703296994104,PIT,-4.639270272740816,0.0,0.0,0.19878854293669102,0.0,0.0
24493,0.0,0.0,0.0,0.0,0.0,1.3624067729236595,0.07699190745264124,1.5411410261385101,-1.7880298245512447,-1.0627311433318891,0.1297787386316771,0.0,0.0,92.0,0.0,0.0,0.0,0.0,98.0,5.0,0.5061112268696969,81.0,51.0,39.0,Adam Kloffenstein,0.0,1.0,,4.683673469387755,1.336734693877551,PIT,-4.6477730990664305,0.0,0.0,0.1297787386316771,0.0,0.0
19481,0.0,0.0,0.0,0.0,0.0,0.6630239649038913,0.07699190745264124,0.9007297831760679,-0.91034702781312,-0.601691721011995,0.12870690670748552,0.0,0.0,42.3293760815097,0.0,0.0,0.0,0.0,47.83870967741935,2.433281961308346,0.5061112268696969,47.34097087796577,24.907063814360956,22.546434017741603,Tyler Ferguson,0.24731182795698925,1.3587322993931221,,4.685819827516323,1.3561362866330349,PIT,-4.648844930990623,0.0,0.0,0.20160526798586953,0.0,0.0
26285,0.0,0.0,0.0,0.0,0.0,1.3624067729236595,0.07699190745264124,1.3889295667668056,-1.3477455189551735,-1.3574765236491038,0.12310620453882914,0.0,0.0,99.0,0.0,0.0,0.0,0.0,97.7,5.0,0.5061112268696969,73.0,48.0,36.0,Tommy Henry,0.0,1.0,,4.421699078812692,1.3817809621289663,PIT,-4.654445633159279,0.0,0.0,0.12310620453882914,0.0,0.0
15256,0.0,0.0,0.0,0.0,0.0,0.5719354850737913,0.27532839913885776,0.8293925866034992,-0.8397815876706173,-0.7141543001167525,0.12272058302877842,0.0,0.0,49.6629564921607,0.0,0.0,0.0,0.0,48.00813859790492,2.098989437077024,1.809888837550245,43.59159763802535,24.531494376446517,17.01485557728843,Cole Sulser,0.43593875906526997,1.3539371010488752,,4.598875437292078,1.3888855935014102,PIT,-4.65483125466933,0.0,0.0,0.19324872479786237,0.0,0.0
27636,0.0,0.0,0.0,0.0,0.0,1.6594626724482493,0.17616015329574952,1.49034872728227,-1.7937741736598436,-1.4114143951797051,0.12078298418672007,0.0,0.0,103.80908044710426,0.0,0.0,0.0,0.0,100.4179487179487,6.090187987274616,1.158000032209971,78.33043495852942,52.029019595798225,35.22550666471968,Mitchell Parker,0.358974358974359,1.0,,4.6631223037369915,1.384559124010197,PIT,-4.656768853511388,0.0,0.0,0.12078298418672007,0.0,0.0
13435,0.0,0.0,0.0,0.0,0.0,0.8538416057485755,0.17616015329574952,0.90699532120522,-0.9771219446114692,-0.8406158702850467,0.11925926535302922,0.0,0.0,47.766372153890245,0.0,0.0,0.0,0.0,47.79240924092409,3.1335781013341277,1.158000032209971,47.67027791200985,25.308664881613858,20.456859777170504,Pierce Johnson,0.42244224422442245,1.360048615091395,,4.7659866399763136,1.4274909554599726,PIT,-4.658292572345079,0.0,0.0,0.19438990516385202,0.0,0.0
33482,0.0,0.0,0.0,0.0,0.0,1.0902520312845763,0.07699190745264124,1.4840210508810998,-1.5323496916754653,-0.9997789588746672,0.11913633906818488,0.0,0.0,79.02317181220667,0.0,0.0,0.0,0.0,83.1140350877193,4.001198661633734,0.5061112268696969,77.99786202730391,43.243571337078436,33.38151724411687,Chase Dollander,0.38596491228070173,1.0,,4.682628410748546,1.3524152561921776,PIT,-4.658415498629923,0.0,0.0,0.11913633906818488,0.0,0.0
22713,0.0,0.0,0.0,0.0,0.0,0.5449627091694638,0.07699190745264124,0.9893744859160806,-0.7179063362283366,-0.7743985661154436,0.1190242001944054,0.0,0.0,52.0,0.0,0.0,0.0,0.0,56.0,2.0,0.5061112268696969,52.0,27.0,25.0,Carlos Hernández,0.0,1.1607142857142858,,4.339285714285714,1.375,PIT,-4.658527637503703,0.0,0.0,0.14997233695976697,0.0,0.0
19618,0.0,0.0,0.0,0.0,0.0,0.934269477138993,0.27532839913885776,1.19668314126236,-1.0756532262820904,-1.214015537495231,0.11661225376288953,0.0,0.0,59.87470997232948,0.0,0.0,0.0,0.0,62.743801652892564,3.428746449689528,1.809888837550245,62.89582380732718,32.00840760997665,31.442556772357644,Jordan Hicks,0.4214876033057851,1.035958904109589,,4.591300828143384,1.455399008970909,PIT,-4.660939583935218,0.0,0.0,0.12484793870581012,0.0,0.0
25918,0.0,0.0,0.0,0.0,0.0,1.0899254183389275,0.07699190745264124,1.3699031343453423,-1.0769086465490727,-1.3592123981445066,0.10069941544333205,0.0,0.0,70.0,0.0,0.0,0.0,0.0,75.0,4.0,0.5061112268696969,72.0,37.0,38.0,Zack Thompson,0.0,1.0,,4.44,1.44,PIT,-4.676852422254776,0.0,0.0,0.10069941544333205,0.0,0.0
2036,0.0,0.0,0.0,0.0,0.0,1.6348881275083915,0.07699190745264124,1.3699031343453423,-1.5258041731683858,-1.4573880691856647,0.09859092695232441,0.0,0.0,101.00000000000001,0.0,0.0,0.0,0.0,97.3,6.0,0.5061112268696969,72.0,48.99999999999999,35.0,Clayton Kershaw,0.0,1.0,,4.532374100719424,1.3977389516957863,PIT,-4.678960910745784,0.0,0.0,0.09859092695232441,0.0,0.0
16587,0.0,0.0,0.0,0.0,0.0,0.5449627091694638,0.07699190745264124,0.7420308644370605,-0.6954155297527107,-0.5779518129172964,0.09061813838915833,0.0,0.0,43.0,0.0,0.0,0.0,0.0,44.0,2.0,0.5061112268696969,39.0,22.0,17.0,Erik Swanson,0.0,1.4772727272727273,,4.5,1.3636363636363635,PIT,-4.68693369930895,0.0,0.0,0.16387263509007355,0.0,0.0
31761,0.0,0.0,0.0,0.0,0.0,0.0,0.07699190745264124,0.24734362147902014,-0.21665687339302006,-0.017755115232368095,0.08992354030627324,0.0,0.0,12.0,0.0,0.0,0.0,0.0,14.2,0.0,0.5061112268696969,13.0,7.0,5.0,Owen Murphy,1.0,2.0,,4.436619718309859,1.1971830985915493,PIT,-4.687628297391835,0.0,0.0,0.18578696548698748,0.0,0.0
19593,0.0,0.0,0.0,0.0,0.0,0.0,0.07699190745264124,0.19026432421463088,-0.16604446349927124,-0.01337185223868493,0.08783991592931598,0.0,0.0,9.0,0.0,0.0,0.0,0.0,10.0,0.0,0.5061112268696969,10.0,5.0,3.0,Brian Keller,1.0,2.0,,4.5,1.2,PIT,-4.689711921768792,0.0,0.0,0.17927602128311157,0.0,0.0
23391,0.0,0.0,0.0,0.0,0.0,0.9362299292294249,0.07699190745264124,0.8451900848768483,-0.812955339210321,-0.9628667646891197,0.08258981765947382,0.0,0.0,43.55783349241146,0.0,0.0,0.0,0.0,46.192996555683116,3.4359412615819593,0.5061112268696969,44.421889829615004,23.626799785937195,24.508859344540152,Ricky Vanasco,0.1963260619977038,1.407139714819022,,4.60332115101274,1.4735284114963394,PIT,-4.694962020038634,0.0,0.0,0.15178522934298022,0.0,0.0
25645,0.0,0.0,0.0,0.0,0.0,0.5449627091694638,0.07699190745264124,0.7800837292799866,-0.7108870368304977,-0.6091190177945407,0.08203229127705314,0.0,0.0,46.0,0.0,0.0,0.0,0.0,48.7,2.0,0.5061112268696969,41.0,24.0,20.0,Declan Cronin,0.0,1.3347022587268993,,4.435318275154004,1.35523613963039,PIT,-4.695519546421055,0.0,0.0,0.13129165442695934,0.0,0.0
1247,0.0,0.0,0.0,0.0,0.0,0.8174440637541958,0.07699190745264124,0.856189458965839,-0.8353377331820293,-0.8346366242018742,0.08065107278877248,0.0,0.0,40.0,0.0,0.0,0.0,0.0,44.3,3.0,0.5061112268696969,45.0,23.0,24.0,Adam Ottavino,0.0,1.4672686230248309,,4.672686230248307,1.4446952595936795,PIT,-4.696900764909335,0.0,0.0,0.15674833864701232,0.0,0.0
29640,0.0,0.0,0.0,0.0,0.0,0.6675096728425495,0.07699190745264124,0.7332515436422785,-0.6554107861003076,-0.744582209585073,0.07776012825208867,0.0,0.0,48.03093105836558,0.0,0.0,0.0,0.0,48.768146503884566,2.449744401263162,0.5061112268696969,38.538572413350686,23.678072880963224,19.98000947593459,Hayden Juenger,0.2230854605993341,1.3328372033745943,,4.36970996861024,1.3945771043171151,PIT,-4.6997917094460195,0.0,0.0,0.12662108135693584,0.0,0.0
25368,0.0,0.0,0.0,0.0,0.0,0.8174440637541958,0.07699190745264124,0.9132687562302283,-0.6430679726622225,-1.0915296182479475,0.07310713652689538,0.0,0.0,53.0,0.0,0.0,0.0,0.0,54.7,3.0,0.5061112268696969,48.0,26.0,27.0,Zach Penrod,0.0,1.1882998171846435,,4.2778793418647165,1.4625228519195612,PIT,-4.704444701171212,0.0,0.0,0.10294556480525685,0.0,0.0
34847,0.0,0.0,0.0,0.0,0.0,0.7745379599415857,0.17616015329574952,0.7320858717407894,-0.7893100929311289,-0.8204111801575052,0.07306271188949043,0.0,0.0,40.32670770696083,0.0,0.0,0.0,0.0,43.11307189542483,2.8425356337573997,1.158000032209971,38.47730649256913,22.230001567647097,22.065080162792842,Tyler Davis,0.34640522875817,1.5076633870503162,,4.640588232592522,1.4471663726744255,PIT,-4.7044891258086174,0.0,0.0,0.15039479317842885,0.0,0.0
17169,0.0,0.0,0.0,0.0,0.0,0.5449627091694638,0.07699190745264124,0.8371630265443759,-0.7147649387298339,-0.6733803640274669,0.0709723404091801,0.0,0.0,42.0,0.0,0.0,0.0,0.0,43.7,2.0,0.5061112268696969,44.0,22.0,19.0,José Castillo,0.0,1.4874141876430205,,4.530892448512586,1.3958810068649885,PIT,-4.706579497288928,0.0,0.0,0.1389353877955688,0.0,0.0
29863,0.0,0.0,0.0,0.0,0.0,0.8174440637541958,0.07699190745264124,1.5982203234028995,-1.2513613076870558,-1.1711319469238717,0.07016303999880935,0.0,0.0,97.0,0.0,0.0,0.0,0.0,101.7,3.0,0.5061112268696969,84.0,49.0,40.0,Ryan Bergert,0.0,1.0,,4.336283185840708,1.3470993117010817,PIT,-4.7073887976992985,0.0,0.0,0.07016303999880935,0.0,0.0
21652,0.0,0.0,0.0,0.0,0.0,0.8174440637541956,0.07699190745264124,0.7230044320155974,-0.6613427573202947,-0.8909097956132334,0.06518785028890628,0.0,0.0,46.0,0.0,0.0,0.0,0.0,47.0,2.9999999999999996,0.5061112268696969,38.0,23.0,22.0,Elvis Peguero,0.0,1.3829787234042554,,4.404255319148936,1.446808510638298,PIT,-4.712363987409201,0.0,0.0,0.1194377973402001,0.0,0.0
25501,0.0,0.0,0.0,0.0,0.0,0.870962898735758,0.17616015329574952,1.0794842864429792,-0.9711429291674887,-1.0941119178004728,0.06135249150652511,0.0,0.0,64.6126515410853,0.0,0.0,0.0,0.0,61.843869209809256,3.1964128336895796,1.158000032209971,56.7360324064352,30.977499060697,23.909006771031674,Paxton Schultz,0.36421435059037244,1.0510338507360102,,4.508086171006456,1.4313732216818715,PIT,-4.716199346191583,0.0,0.0,0.06966229253552703,0.0,0.0
14420,0.0,0.0,0.0,0.0,0.0,0.5449627091694638,0.07699190745264124,0.6659251347512081,-0.6760749664191147,-0.5529808346572956,0.058823950296902794,0.0,0.0,46.0,0.0,0.0,0.0,0.0,44.3,2.0,0.5061112268696969,35.0,22.0,14.0,Jackson Stephens,0.0,1.4672686230248309,,4.469525959367946,1.3544018058690745,PIT,-4.718727887401205,0.0,0.0,0.11467702317893724,0.0,0.0
21541,0.0,0.0,0.0,0.0,0.0,0.8174440637541958,0.07699190745264124,0.9132687562302283,-0.8908318722382582,-0.8581393682401816,0.05873348695862568,0.0,0.0,50.0,0.0,0.0,0.0,0.0,53.3,3.0,0.5061112268696969,48.0,27.000000000000004,25.0,Reiss Knehr,0.0,1.2195121951219512,,4.559099437148219,1.4071294559099439,PIT,-4.7188183507394825,0.0,0.0,0.0905165444620557,0.0,0.0
26214,0.0,0.0,0.0,0.0,0.0,0.7236656846059717,0.17616015329574952,1.044912134069126,-0.9253192467273526,-0.9645567610053865,0.054861964238108296,0.0,0.0,56.949247552153516,0.0,0.0,0.0,0.0,61.47706422018348,2.6558356101424097,1.158000032209971,54.91897329582372,30.537045536937732,29.272772983859433,Chris Murphy,0.3577981651376147,1.0573048798686764,,4.470503159489019,1.4025071240748266,PIT,-4.72268987346,0.0,0.0,0.06333093257038747,0.0,0.0
33168,0.0,0.0,0.0,0.0,0.0,1.3624067729236595,0.07699190745264124,1.2557445398165639,-1.3315300079276753,-1.3087700625874257,0.054843149677763714,0.0,0.0,85.0,0.0,0.0,0.0,0.0,85.7,5.0,0.5061112268696969,66.0,43.0,35.0,Jake Bloss,0.0,1.0,,4.515752625437573,1.4002333722287048,PIT,-4.722708688020345,0.0,0.0,0.054843149677763714,0.0,0.0
19951,0.0,0.0,0.0,0.0,0.0,1.6348881275083915,0.07699190745264124,1.1606123777092483,-1.2078806646640028,-1.6121063702105545,0.05250537779572406,0.0,0.0,82.0,0.0,0.0,0.0,0.0,80.3,6.0,0.5061112268696969,61.0,40.0,36.0,Ian Anderson,0.0,1.0,,4.483188044831881,1.4694894146948942,PIT,-4.725046459902384,0.0,0.0,0.05250537779572406,0.0,0.0
23162,0.0,0.0,0.0,0.0,0.0,0.8174440637541958,0.07699190745264124,0.9703480534946174,-0.8052810981736015,-1.0170778114426502,0.042425115085202636,0.0,0.0,43.0,0.0,0.0,0.0,0.0,49.7,3.0,0.5061112268696969,50.99999999999999,25.0,30.0,Eduarniel Núñez,0.0,1.3078470824949697,,4.527162977867203,1.4688128772635813,PIT,-4.735126722612906,0.0,0.0,0.08307915402739674,0.0,0.0
18769,0.0,0.0,0.0,0.0,0.0,0.8174440637541958,0.07699190745264124,1.084506648023396,-0.9893239191009244,-0.9544398111305638,0.035178888998744884,0.0,0.0,69.0,0.0,0.0,0.0,0.0,69.0,3.0,0.5061112268696969,57.0,34.0,26.0,Cody Poteet,0.0,1.0,,4.434782608695652,1.3768115942028984,PIT,-4.742372948699363,0.0,0.0,0.035178888998744884,0.0,0.0
31696,0.0,0.0,0.0,0.0,0.0,1.1914643500239452,0.07699190745264124,1.5784147218191293,-1.7618346881981775,-1.0516644805509832,0.033371810546555025,0.0,0.0,94.51517497781379,0.0,0.0,0.0,0.0,98.75949367088607,4.372645430509421,0.5061112268696969,82.95904806823228,51.140105852182145,37.22292218112209,Cameron Weston,0.11392405063291139,1.0,,4.660422361048642,1.3339284382922245,PIT,-4.744180027151553,0.0,0.0,0.033371810546555025,0.0,0.0
31886,0.0,0.0,0.0,0.0,0.0,1.206192497637679,0.07699190745264124,1.5385970952570658,-1.7783474605501708,-1.014511215705254,0.028922824091961452,0.0,0.0,110.2198292278917,0.0,0.0,0.0,0.0,108.24358974358975,4.426697377058864,0.5061112268696969,80.86629490883563,55.13632701676689,32.22472064125947,Duncan Davitt,0.10256410256410256,1.0,,4.584354088093137,1.3159629148162726,PIT,-4.748629013606147,0.0,0.0,0.028922824091961452,0.0,0.0
16427,0.0,0.0,0.0,0.0,0.0,0.6855711947278063,0.07699190745264124,0.7053898472816682,-0.609897409254639,-0.8311194334063258,0.026936106801150994,0.0,0.0,54.79575719742747,0.0,0.0,0.0,0.0,53.09270386266095,2.5160297509994147,0.5061112268696969,37.07420454114883,25.140108366847404,19.572268160435982,Scott Blewett,0.24892703862660942,1.2242736811472361,,4.261620878961328,1.4007202486849613,PIT,-4.750615730896957,0.0,0.0,0.048909879704934545,0.0,0.0
24710,0.0,0.0,0.0,0.0,0.0,0.678239362187182,0.07699190745264124,0.7880240635425941,-0.9325990930514398,-0.5845686034883655,0.026087636642612155,0.0,0.0,45.228995692798684,0.0,0.0,0.0,0.0,47.80034443168771,2.4891221023942536,0.5061112268696969,41.417331746000386,25.031586183135225,19.357626372141855,Luis Curvelo,0.1963260619977038,1.3598228375298134,,4.7130261994278015,1.3511748258894323,PIT,-4.751464201055496,0.0,0.0,0.06237283009289052,0.0,0.0
27910,0.0,0.0,0.0,0.0,0.0,0.8174440637541958,0.07699190745264124,0.7039779995941343,-0.8117751096976525,-0.7615505647219545,0.02508829638136445,0.0,0.0,61.0,0.0,0.0,0.0,0.0,57.0,3.0,0.5061112268696969,37.0,28.0,17.0,Austin Kitchen,0.0,1.1403508771929824,,4.421052631578948,1.368421052631579,PIT,-4.752463541316744,0.0,0.0,0.039485563164926685,0.0,0.0
13897,0.5354579593102472,0.1479414329227749,0.47805636206505064,0.15315539390643515,-0.42638289815227987,0.0,0.07699190745264124,0.0,-0.6537945319774047,-0.2864516226951367,0.02497400283232798,184.72687224669605,162.33843566689225,43.144219347661576,2.0476869609724857,18.10073342824706,16.167970300566495,2.619488009337191,5.1,0.0,0.5061112268696969,0.0,6.0,1.0,Tyler Heineman,0.724669603524229,2.0,0.21032738924331673,10.588235294117649,1.9607843137254903,TWO,-4.752577834865781,0.0,0.0,0.07556765075361493,0.0,0.0
22116,0.0,0.0,0.0,0.0,0.0,0.8174440637541958,0.07699190745264124,0.7991101617014498,-1.1031473359871349,-0.571458081404332,0.018940715516819973,0.0,0.0,51.0,0.0,0.0,0.0,0.0,50.0,3.0,0.5061112268696969,42.0,27.0,16.0,Hagen Danner,0.0,1.3,,4.86,1.34,PIT,-4.758611122181288,0.0,0.0,0.04935199626368614,0.0,0.0
25611,0.0,0.0,0.0,0.0,0.0,0.7481075903141151,0.07699190745264124,0.8738517102469838,-0.9506751809810863,-0.7350497070474818,0.013226319985171986,0.0,0.0,40.7901289234737,0.0,0.0,0.0,0.0,47.328464419475665,2.7455368146354417,0.5061112268696969,45.928300739197994,24.953797154997638,25.380671728042486,Antoine Kelly,0.12609238451935081,1.3733807085710665,,4.745224193298829,1.3981184782383707,PIT,-4.764325517712936,0.0,0.0,0.04914505155982796,0.0,0.0
27757,0.0,0.0,0.0,0.0,0.0,1.2817312343181946,0.07699190745264124,1.2448583566936977,-1.143426310448937,-1.4572344426515338,0.002920745364062949,0.0,0.0,76.53449487186718,0.0,0.0,0.0,0.0,79.44791666666667,4.703922718938268,0.5061112268696969,65.42783897255558,39.23745067572315,38.190368440112024,Dax Fulton,0.2708333333333333,1.0,,4.444887555241222,1.4440260755146195,PIT,-4.774631092334046,0.0,0.0,0.002920745364062949,0.0,0.0
21951,0.0,0.0,0.0,0.0,0.0,0.6946371083115236,0.07699190745264124,0.6153470366181484,-0.6076845919485374,-0.7831270994472626,-0.0038356390134866025,0.0,0.0,45.319578274882026,0.0,0.0,0.0,0.0,45.581203007518795,2.549301435212575,0.5061112268696969,32.34169301881291,22.088666534900703,19.466256626499337,Joel Peguero,0.24812030075187974,1.426026425614041,,4.361403071816991,1.4213278857667422,PIT,-4.781387476711595,0.0,0.0,0.023752957429829857,0.0,0.0
25071,0.0,0.0,0.0,0.0,0.0,0.5449627091694638,0.07699190745264124,0.7039779995941343,-0.6039996902135059,-0.7260123477765391,-0.004079421773805714,0.0,0.0,36.0,0.0,0.0,0.0,0.0,38.0,2.0,0.5061112268696969,37.0,19.0,19.0,Lane Ramsey,0.0,1.7105263157894737,,4.5,1.4473684210526316,PIT,-4.781631259471914,0.0,0.0,0.03965334388581554,0.0,0.0
4301,0.0,0.0,0.0,0.0,0.0,0.5449627091694638,0.07699190745264124,0.7610572968585235,-0.5393396883697589,-0.8544233326420811,-0.010751107531211335,0.0,0.0,41.0,0.0,0.0,0.0,0.0,39.0,2.0,0.5061112268696969,40.0,19.0,17.0,Justin Wilson,0.0,1.6666666666666667,,4.384615384615385,1.4871794871794872,PIT,-4.7883029452293195,0.0,0.0,0.027906474337947573,0.0,0.0
13932,0.0,0.0,0.0,0.0,0.0,1.2681188309881475,0.07699190745264124,1.3911947706131662,-1.070194094653289,-1.6813747657675828,-0.0152633513669167,0.0,0.0,90.57848796696499,0.0,0.0,0.0,0.0,83.3139534883721,4.653965527001988,0.5061112268696969,73.11905562725492,40.33719515815687,32.03101774175996,Dietrich Enns,0.18604651162790697,1.0,,4.357430432995591,1.4716563141591548,PIT,-4.792815189065025,0.0,0.0,-0.0152633513669167,0.0,0.0
19712,0.0,0.0,0.0,0.0,0.0,0.5449627091694638,0.07699190745264124,0.5707929726438926,-0.6187148399305963,-0.5981089319569594,-0.024076182621558084,0.0,0.0,35.0,0.0,0.0,0.0,0.0,35.3,2.0,0.5061112268696969,29.999999999999996,18.0,14.999999999999998,Patrick Murphy,0.0,1.841359773371105,,4.589235127478754,1.41643059490085,PIT,-4.801628020319666,0.0,0.0,0.0062417584262131065,0.0,0.0
31880,0.0,0.0,0.0,0.0,0.0,0.4601183860935823,0.07699190745264124,0.9795339185871528,-0.7251641553885805,-0.8220655196425435,-0.03058546289774766,0.0,0.0,49.33582917865074,0.0,0.0,0.0,0.0,51.6168126094571,1.68862338046878,0.5061112268696969,51.48279492913096,25.271067697107465,23.15419835868579,Alex Hoppe,0.38704028021015763,1.2592796167365605,,4.40630867688053,1.4043879091452287,PIT,-4.808137300595856,0.0,0.0,-0.018753385088520202,0.0,0.0
31743,0.0,0.0,0.0,0.0,0.0,1.098686458569036,0.0,1.1384688375115701,-1.3829955033767791,-0.8868262296735777,-0.03266643696975102,0.0,0.0,69.68726034568816,0.0,0.0,0.0,0.0,69.04931506849314,4.032152806357926,0.0,59.8361696135583,36.538480209684366,24.392899030486095,David Sandlin,0.31506849315068497,2.0,,4.762484921986,1.3625067719042814,PIT,-4.810218274667859,0.0,0.0,0.15831099608112553,0.0,0.0
23798,0.0,0.0,0.0,0.0,0.0,1.229832776081683,0.0,1.0409895591503977,-0.9773684747376022,-1.3299392273301174,-0.03648536683563908,0.0,0.0,85.65120778960092,0.0,0.0,0.0,0.0,82.85,4.513456628825034,0.0,54.71280879625609,39.54859281287506,31.26672808020139,Randy Dobnak,0.5,1.8105009052504528,,4.296165785345511,1.4112001915486097,PIT,-4.814037204533747,0.0,0.0,0.1323379538267213,0.0,0.0
27753,0.0,0.0,0.0,0.0,0.0,0.8174440637541958,0.07699190745264124,0.8942423238087651,-0.8352702724393898,-0.9909108932532593,-0.03750287067704694,0.0,0.0,49.0,0.0,0.0,0.0,0.0,51.7,3.0,0.5061112268696969,47.0,26.000000000000004,26.000000000000004,Bailey Horn,0.0,1.2572533849129592,,4.526112185686654,1.4506769825918762,PIT,-4.815054708375155,0.0,0.0,-0.02404399860459283,0.0,0.0
31741,0.0,0.0,0.0,0.0,0.0,1.0259658281173427,0.27532839913885776,1.5964298908556176,-1.6045639749271712,-1.3378686944701965,-0.0447085512855494,0.0,0.0,90.8093064276976,0.0,0.0,0.0,0.0,94.9776119402985,3.765269846375137,1.809888837550245,83.90589762139211,48.56430854153914,40.660367826280755,Mason Barnett,0.47761194029850745,1.0,,4.60191373466616,1.3842175178779839,PIT,-4.822260388983658,0.0,0.0,-0.0447085512855494,0.0,0.0
33628,0.0,0.0,0.0,0.0,0.0,0.9994082567333189,0.17616015329574952,1.6447920639001088,-1.5209745724616255,-1.3444652591530728,-0.04507935768552107,0.0,0.0,87.64654863076827,0.0,0.0,0.0,0.0,89.24717273431449,3.667804199874303,1.158000032209971,86.44773899097727,45.67691316960774,37.09892257492319,Mitch Farris,0.4577846630518978,1.0,,4.6062211936984925,1.397752638921729,PIT,-4.822631195383629,0.0,0.0,-0.04507935768552107,0.0,0.0
30142,0.0,0.0,0.0,0.0,0.0,1.3178595209091841,0.07699190745264124,1.5183057544279488,-1.1954203430074721,-1.7633568638800001,-0.04562002409769783,0.0,0.0,85.05913729248431,0.0,0.0,0.0,0.0,89.79166666666667,4.836512659435481,0.5061112268696969,79.79981327004838,43.78448671821902,46.489683015718036,Doug Nikhazy,0.027777777777777776,1.0,,4.388607485445618,1.4650448665414646,PIT,-4.823171861795806,0.0,0.0,-0.04562002409769783,0.0,0.0
22932,0.0,0.0,0.0,0.0,0.0,0.5119575848460316,0.07699190745264124,1.0105538787141024,-0.6389379509958911,-1.0067312553823264,-0.046165835365442276,0.0,0.0,46.67866764135629,0.0,0.0,0.0,0.0,51.58108108108108,1.878871989704643,0.5061112268696969,53.11315628326255,24.712186763771268,28.406149428031362,Prelander Berroa,0.05405405405405406,1.2601519517946032,,4.311846053097109,1.455665827386609,PIT,-4.82371767306355,0.0,0.0,-0.037098610514168184,0.0,0.0
5273,0.26141977186456344,0.2224103421079832,0.3840165745471412,0.04356529069876643,-0.9630014196525202,0.0,0.0,0.0,0.0,0.0,-0.05158944043406588,167.6216216216216,146.90735650301795,21.410159891112563,3.0784260265863366,8.83708892755844,12.98752420192373,0.7451174503094845,0.0,0.0,0.0,0.0,0.0,0.0,Sandy León,0.1554054054054054,2.0,0.1457391951006397,,,HIT,-4.829141278132174,0.0,0.0,-0.06642611142890176,0.0,0.0
26058,0.0,0.0,0.0,0.0,0.0,1.0899254183389275,0.07699190745264124,1.2176916749736377,-1.3150244746583248,-1.121450067408663,-0.051865541301781004,0.0,0.0,72.0,0.0,0.0,0.0,0.0,73.7,4.0,0.5061112268696969,64.0,38.0,31.0,Easton Lucas,0.0,1.0,,4.640434192672998,1.3975576662143825,PIT,-4.829417378999889,0.0,0.0,-0.051865541301781004,0.0,0.0
19588,0.0,0.0,0.0,0.0,0.0,0.5124781273928931,0.07699190745264124,0.6927880395288977,-0.6807211575831869,-0.655703346846093,-0.05416643005484778,0.0,0.0,38.78126677704322,0.0,0.0,0.0,0.0,41.554054054054056,1.8807823682979044,0.5061112268696969,36.41187292407937,20.917824880941623,19.429267465525076,Guillo Zuñiga,0.05405405405405406,1.5642276422764227,,4.530494754701502,1.4008388728292858,PIT,-4.831718267752956,0.0,0.0,-0.04752239228110655,0.0,0.0
27451,0.0,0.0,0.0,0.0,0.0,1.3624067729236595,0.07699190745264124,1.5982203234028995,-1.8673587509333547,-1.2250611540983385,-0.05480090125249282,0.0,0.0,91.0,0.0,0.0,0.0,0.0,94.3,5.0,0.5061112268696969,84.0,50.0,38.0,Alec Marsh,0.0,1.0,,4.7720042417815485,1.3679745493107105,PIT,-4.8323527389506005,0.0,0.0,-0.05480090125249282,0.0,0.0
31751,0.0,0.0,0.0,0.0,0.0,0.8174440637541958,0.07699190745264124,0.856189458965839,-0.7967599456371353,-1.0110712138449705,-0.05720572930942969,0.0,0.0,51.0,0.0,0.0,0.0,0.0,52.3,3.0,0.5061112268696969,45.0,26.0,25.0,Garrett McDaniels,0.0,1.24282982791587,,4.474187380497132,1.4531548757170172,PIT,-4.834757567007538,0.0,0.0,-0.04950315754466894,0.0,0.0
21132,0.0,0.0,0.0,0.0,0.0,0.8174440637541958,0.07699190745264124,0.875215891387302,-1.2323415316938704,-0.5970214137232436,-0.05971108282297488,0.0,0.0,37.0,0.0,0.0,0.0,0.0,48.0,3.0,0.5061112268696969,46.0,27.0,28.0,Alexis Díaz,0.0,1.3541666666666667,,5.0625,1.3541666666666667,PIT,-4.837262920521083,0.0,0.0,-0.04899240965021867,0.0,0.0
20349,0.0,0.0,0.0,0.0,0.0,0.684453044638882,0.07699190745264124,0.8012826861742393,-0.7900245788172994,-0.8340667538742431,-0.061363694425779824,0.0,0.0,42.37950214621934,0.0,0.0,0.0,0.0,45.53089430894308,2.51192616713905,0.5061112268696969,42.11418454204472,23.214297035346252,23.07086074030802,Zack Kelly,0.1869918699186992,1.4276020927450317,,4.588723250205936,1.4374934619650495,PIT,-4.838915532123888,0.0,0.0,-0.05340872906243588,0.0,0.0
21367,0.0,0.0,0.0,0.0,0.0,0.4842699626153012,0.07699190745264124,0.5780001819936347,-0.6836546278493888,-0.5175334844781004,-0.061926060265911964,0.0,0.0,33.69368195382716,0.0,0.0,0.0,0.0,36.07219730941704,1.7772590838493891,0.5061112268696969,30.378799829105734,18.71749345931481,16.082166560035535,Peter Strzelecki,0.21524663677130043,1.8019417958503747,,4.6700077538624365,1.3798951055545532,PIT,-4.83947789796402,0.0,0.0,-0.06399326894937596,0.0,0.0
16300,0.0,0.0,0.0,0.0,0.0,0.2724813545847319,0.07699190745264124,0.7039779995941343,-0.6309813509774869,-0.4947595889037138,-0.07228967824969318,0.0,0.0,42.0,0.0,0.0,0.0,0.0,45.0,1.0,0.5061112268696969,37.0,22.0,18.0,Jesus Tinoco,0.0,1.4444444444444444,,4.4,1.3333333333333333,PIT,-4.849841515947801,0.0,0.0,-0.07967628764488999,0.0,0.0
12791,0.0,0.0,0.0,0.0,0.0,0.7589088005539798,0.07699190745264124,0.6446255372240606,-0.5928116625307612,-0.9613268714881634,-0.07361228878824289,0.0,0.0,41.345272382439155,0.0,0.0,0.0,0.0,39.81333333333333,2.7851769957271935,0.5061112268696969,33.880525941210074,19.66322392487594,19.131630585208576,Michael Kelly,0.06666666666666667,1.6326188881446753,,4.444968569755948,1.5190112935611453,PIT,-4.851164126486351,0.0,0.0,-0.07174957204099242,0.0,0.0
22622,0.0,0.0,0.0,0.0,0.0,0.4532108470376049,0.17616015329574952,0.7680928882991763,-0.9008230033595104,-0.5730403500512764,-0.07639946477825599,0.0,0.0,36.147623749187275,0.0,0.0,0.0,0.0,40.49718004338394,1.6632728787197533,1.158000032209971,40.369779855981626,21.868083487663753,19.642130320455706,Yovanny Cruz,0.24078091106290672,1.605050028924646,,4.859912497070947,1.3776207135873748,PIT,-4.853951302476364,0.0,0.0,-0.07867240541756615,0.0,0.0
32056,0.0,0.0,0.0,0.0,0.0,1.1617603311005742,0.0,1.5240673542007237,-1.5619068600617165,-1.2011557812557836,-0.077234956016202,0.0,0.0,84.0562636731678,0.0,0.0,0.0,0.0,89.55,4.263632397420825,0.0,80.10263408506756,46.066563713200566,38.94428070671754,Noah Schultz,0.5,1.6750418760469012,,4.629805398311615,1.3735404174191552,PIT,-4.85478679371431,0.0,0.0,0.06840579494006183,0.0,0.0
20353,0.0,0.0,0.0,0.0,0.0,0.5274320205820822,0.07699190745264124,0.8713920952495645,-0.9816841685374368,-0.5764416354525749,-0.08230978070572381,0.0,0.0,41.933116420527014,0.0,0.0,0.0,0.0,47.69444444444444,1.9356627956650507,0.5061112268696969,45.79902716110751,25.297597312868916,22.41259776162758,Steven Wilson,0.027777777777777776,1.3628421665695982,,4.773687553505841,1.3491238850073182,PIT,-4.859861618403832,0.0,0.0,-0.08432668805094345,0.0,0.0
26333,0.0,0.0,0.0,0.0,0.0,0.0,0.07699190745264124,0.24734362147902014,-0.22978060447391743,-0.1788643696833054,-0.08430944522556144,0.0,0.0,13.0,0.0,0.0,0.0,0.0,14.0,0.0,0.5061112268696969,13.0,7.0,6.0,Jack Weisenburger,1.0,2.0,,4.5,1.3571428571428572,PIT,-4.86186128292367,0.0,0.0,-0.1589857143893892,0.0,0.0
29000,0.0,0.0,0.0,0.0,0.0,0.6687747216512796,0.07699190745264124,1.2174473528392966,-0.8884107969931935,-1.1618824087589383,-0.08707922380891442,0.0,0.0,86.23438099630384,0.0,0.0,0.0,0.0,86.33384253819037,2.4543870998825157,0.5061112268696969,63.98715880471289,40.387081301033184,32.36703077654666,Antwone Kelly,0.17743830787309048,1.0,,4.21021144226853,1.373753423756001,PIT,-4.864631061507023,0.0,0.0,-0.08707922380891442,0.0,0.0
25703,0.0,0.0,0.0,0.0,0.0,0.450577811408246,0.07699190745264124,0.8182432602112886,-0.648102239923751,-0.7865882276709735,-0.08887748852254873,0.0,0.0,45.30678435281811,0.0,0.0,0.0,0.0,46.8627695800227,1.6536097014598938,0.5061112268696969,43.00560620541008,22.861173741349813,21.046090482053863,Zak Kent,0.20544835414301932,1.3870285640929998,,4.390490906023157,1.4158974262408466,PIT,-4.866429326220657,0.0,0.0,-0.09589994817264946,0.0,0.0
30226,0.0,0.0,0.0,0.0,0.0,0.7123092741046101,0.07699190745264124,0.7814257340548001,-0.7238026887653856,-0.9369214524073644,-0.08999722556069834,0.0,0.0,58.811423664303895,0.0,0.0,0.0,0.0,54.82558139534884,2.6141578574805107,0.5061112268696969,41.07053370516795,26.561796236490956,19.124411926543885,Spencer Bivens,0.18604651162790697,1.185577942735949,,4.360303348259596,1.4215231942339148,PIT,-4.8675490632588065,0.0,0.0,-0.0915270930364116,0.0,0.0
29628,0.0,0.0,0.0,0.0,0.0,0.5013346387088105,0.07699190745264124,0.8799926085906898,-0.9760598048857847,-0.5728606524264684,-0.09060130256011145,0.0,0.0,45.4267980478258,0.0,0.0,0.0,0.0,48.96341463414634,1.8398860335704672,0.5061112268696969,46.25105690323738,25.777565703099533,20.36791301024318,Alek Jacob,0.14634146341463414,1.327521793275218,,4.738192649785169,1.3437525047974237,PIT,-4.86815314025822,0.0,0.0,-0.09528452778636953,0.0,0.0
27649,0.0,0.0,0.0,0.0,0.0,0.8666724253723115,0.17616015329574952,1.260471442120508,-1.2308475029159844,-1.1667622450399746,-0.09430572716739016,0.0,0.0,53.51139294599055,0.0,0.0,0.0,0.0,63.09041095890411,3.1806668999173944,1.158000032209971,66.2484387088045,33.13774866018847,37.53730124159036,Connor Phillips,0.31506849315068497,1.030267500434254,,4.727180143682436,1.4431463165914118,PIT,-4.871857564865499,0.0,0.0,-0.09359821642597632,0.0,0.0
21997,0.0,0.0,0.0,0.0,0.0,0.5449627091694638,0.07699190745264124,0.7800837292799866,-0.5811937159957072,-0.9181324094616617,-0.09728777955527745,0.0,0.0,43.0,0.0,0.0,0.0,0.0,43.3,2.0,0.5061112268696969,41.0,21.0,21.0,Luis Frías,0.0,1.5011547344110856,,4.364896073903003,1.4780600461893765,PIT,-4.874839617253386,0.0,0.0,-0.10901653883399165,0.0,0.0
23875,0.0,0.0,0.0,0.0,0.0,1.0899254183389275,0.07699190745264124,1.3318502695024161,-1.2959733917398615,-1.303477584791138,-0.1006833812370147,0.0,0.0,68.0,0.0,0.0,0.0,0.0,74.0,4.0,0.5061112268696969,70.0,38.0,38.0,Omar Cruz,0.0,1.0,,4.621621621621622,1.4324324324324325,PIT,-4.878235218935123,0.0,0.0,-0.1006833812370147,0.0,0.0
19865,0.0,0.0,0.0,0.0,0.0,1.105522104099293,0.07699190745264124,1.2574224104977203,-1.5238620214007976,-1.017502925117518,-0.10142852446866102,0.0,0.0,86.03656124725073,0.0,0.0,0.0,0.0,84.94186046511629,4.057239460601387,0.5061112268696969,66.08818630019486,43.93583802268941,28.796655575379692,Charlie Barnes,0.18604651162790697,1.0,,4.6552140492213,1.3519037161870247,PIT,-4.878980362166769,0.0,0.0,-0.10142852446866102,0.0,0.0
26270,0.0,0.0,0.0,0.0,0.0,1.2777058272831323,0.07699190745264124,1.1933945916969257,-1.2035640238558725,-1.446402136593498,-0.10187383401667138,0.0,0.0,86.31307785262646,0.0,0.0,0.0,0.0,86.95945945945945,4.689149572198753,0.5061112268696969,62.72298270435065,42.684048277951064,37.203838600673066,Blake Walston,0.05405405405405406,1.0,,4.417649751843887,1.4203965528429163,PIT,-4.879425671714779,0.0,0.0,-0.10187383401667138,0.0,0.0
30167,0.0,0.0,0.0,0.0,0.0,0.782215653111471,0.07699190745264124,0.8328766468165623,-1.0276991240947602,-0.766688081107635,-0.10230299782172059,0.0,0.0,47.35798085769741,0.0,0.0,0.0,0.0,50.45945945945946,2.8707125825309636,0.5061112268696969,43.774714479684675,26.710925063181584,22.970731640674586,Robby Ahlstrom,0.36936936936936937,1.2881628280664168,,4.764187491183431,1.3937666644026587,PIT,-4.879854835519828,0.0,0.0,-0.10634670084267128,0.0,0.0
22175,0.0,0.0,0.0,0.0,0.0,0.45530731729498,0.07699190745264124,0.5417016912563631,-0.6500429903227487,-0.5289332242038732,-0.10497529852263743,0.0,0.0,41.484369427433485,0.0,0.0,0.0,0.0,39.464434687156974,1.670966874004569,0.5061112268696969,28.47100703152775,19.88019087484465,12.460537602710717,Max Kranick,0.23161361141602638,1.647052606106458,,4.5337458725040065,1.3669246109256863,PIT,-4.882527136220745,0.0,0.0,-0.13519909638962413,0.0,0.0
30153,0.0,0.0,0.0,0.0,0.0,1.3624067729236595,0.07699190745264124,1.3508767019238792,-1.7947080209375978,-1.1039877842093835,-0.10842042284680109,0.0,0.0,82.0,0.0,0.0,0.0,0.0,85.7,5.0,0.5061112268696969,71.0,46.00000000000001,35.0,Dom Hamel,0.0,1.0,,4.830805134189032,1.365227537922987,PIT,-4.885972260544909,0.0,0.0,-0.10842042284680109,0.0,0.0
20447,0.0,0.0,0.0,0.0,0.0,0.5449627091694638,0.07699190745264124,0.9322951886516914,-0.7667260019562763,-0.8970697802083155,-0.10954597689079526,0.0,0.0,47.0,0.0,0.0,0.0,0.0,50.3,2.0,0.5061112268696969,49.0,25.0,25.0,Enoli Paredes,0.0,1.2922465208747516,,4.473161033797217,1.4314115308151094,PIT,-4.887097814588904,0.0,0.0,-0.11762448630059819,0.0,0.0
29952,0.0,0.0,0.0,0.0,0.0,0.47688001894683035,0.17616015329574952,0.6796663969406119,-0.762752365831454,-0.6822524701323368,-0.11229826678059918,0.0,0.0,41.294001113049916,0.0,0.0,0.0,0.0,42.307464324917675,1.7501381688064745,1.158000032209971,35.72221958825569,21.73703393434623,18.184247244832715,Luke Murphy,0.23161361141602638,1.5363719153860325,,4.624084863764682,1.4058570823600967,PIT,-4.8898501044787075,0.0,0.0,-0.13432300781578888,0.0,0.0
21850,0.0,0.0,0.0,0.0,0.0,0.5449627091694638,0.07699190745264124,0.646898702329745,-0.718672513823007,-0.6674177552063172,-0.11723695007747414,0.0,0.0,35.0,0.0,0.0,0.0,0.0,38.7,2.0,0.5061112268696969,34.0,20.0,20.0,Mason Thompson,0.0,1.6795865633074933,,4.651162790697674,1.421188630490956,PIT,-4.894788787775582,0.0,0.0,-0.15045076619037268,0.0,0.0
19205,0.0,0.0,0.0,0.0,0.0,0.787151196141259,0.07699190745264124,0.9762710992927845,-1.1327185734215013,-0.8253115167515953,-0.11761588728641181,0.0,0.0,64.83030242753927,0.0,0.0,0.0,0.0,62.8952714535902,2.88882590642173,0.5061112268696969,51.31130616959412,32.43338313160658,21.06857758179269,Jesse Scholtens,0.38704028021015763,1.0334640188008866,,4.641055542622942,1.365744642229836,PIT,-4.89516772498452,0.0,0.0,-0.1183309138344737,0.0,0.0
17796,0.0,0.0,0.0,0.0,0.0,0.5449627091694638,0.07699190745264124,0.6659251347512081,-0.6954155297527107,-0.7188119050079316,-0.12634768338732916,0.0,0.0,43.0,0.0,0.0,0.0,0.0,44.0,2.0,0.5061112268696969,35.0,22.0,19.0,Dillon Tate,0.0,1.4772727272727273,,4.5,1.4090909090909092,PIT,-4.903899521085437,0.0,0.0,-0.1533672574834477,0.0,0.0
13449,0.0,0.0,0.0,0.0,0.0,0.7125577395554886,0.27532839913885776,0.9178329993431101,-0.8851509024990069,-1.1521308882216845,-0.13156265268323497,0.0,0.0,49.363339681097756,0.0,0.0,0.0,0.0,49.04469096671949,2.615069719693091,1.809888837550245,48.2398895921094,25.23770066516552,24.783824521649375,Taylor Rogers,0.44532488114104596,1.3253218384861958,,4.631272040038355,1.511828553534195,PIT,-4.909114490381343,0.0,0.0,-0.1417939589497752,0.0,0.0
21319,0.0,0.0,0.0,0.0,0.0,0.5449627091694638,0.07699190745264124,0.7420308644370605,-0.5880149823363988,-0.9080382932107963,-0.13206779448802974,0.0,0.0,28.0,0.0,0.0,0.0,0.0,33.3,2.0,0.5061112268696969,39.0,17.0,24.0,Bryce Montes de Oca,0.0,1.9519519519519521,,4.594594594594595,1.5615615615615617,PIT,-4.909619632186137,0.0,0.0,-0.18760757942551654,0.0,0.0
6655,0.0,0.0,0.0,0.0,0.0,0.8062060267307516,0.07699190745264124,0.8988412184603325,-0.9984299626268023,-0.9158711997534551,-0.13226200973653202,0.0,0.0,39.331998842672746,0.0,0.0,0.0,0.0,44.27337883959044,2.9587566751472916,0.5061112268696969,47.24171082364235,24.013230268099093,25.790106502309783,Craig Kimbrel,0.40273037542662116,1.4681508776528087,,4.88146778216151,1.4709088633359195,PIT,-4.90981384743464,0.0,0.0,-0.1501197157156382,0.0,0.0
12317,0.0,0.0,0.0,0.0,0.0,1.8547254348874203,0.09916824584310827,1.7474858270393223,-2.310930521996423,-1.5297888149074967,-0.13933982913406884,0.0,0.0,128.692862957635,0.0,0.0,0.0,0.0,124.1,6.80679761635091,0.651888805340274,91.84516510136926,65.18442450855325,40.333281390645766,Colin Rea,0.5,1.20870265914585,,4.727315234302814,1.3620156675929151,PIT,-4.916891666832177,0.0,0.0,-0.08348480865237717,0.0,0.0
30187,0.0,0.0,0.0,0.0,0.0,0.8191831387279621,0.0,0.829803476052736,-0.9030855897936523,-0.8856273486626338,-0.1397263236755879,0.0,0.0,69.76770058987603,0.0,0.0,0.0,0.0,66.98066604995375,3.0063823632131337,0.0,43.61319335498031,32.628905361886495,21.842866663870264,Mike Paredes,0.35245143385753935,2.0,,4.384252435441126,1.367716576383754,PIT,-4.917278161373696,0.0,0.0,-0.10781218076478316,0.0,0.0
26349,0.0,0.0,0.0,0.0,0.0,0.9046131913622203,0.07699190745264124,0.9390860110232176,-1.088767449136052,-0.9777057306102602,-0.14578206990823295,0.0,0.0,42.624262739929584,0.0,0.0,0.0,0.0,49.63725490196079,3.3199085960977857,0.5061112268696969,49.356915170490176,26.761798044454203,29.739842336094803,Gavin Collyer,0.3137254901960784,1.3095002962670352,,4.852326803240955,1.4578587236331202,PIT,-4.923333907606341,0.0,0.0,-0.15947620813043129,0.0,0.0
21544,0.0,0.0,0.0,0.0,0.0,0.7866527309211894,0.07699190745264124,0.9552018993117501,-1.1921784093257615,-0.7783404961624765,-0.15167236780265725,0.0,0.0,53.702478013981406,0.0,0.0,0.0,0.0,54.915028901734104,2.886996551085365,0.5061112268696969,50.20394145116867,29.562700688752724,22.069102249974428,Chase Shugart,0.42196531791907516,1.1836468322052989,,4.845018049155078,1.3797967838557055,PIT,-4.929224205500765,0.0,0.0,-0.1617388958216176,0.0,0.0
27967,0.0,0.0,0.0,0.0,0.0,1.6348881275083915,0.07699190745264124,1.084506648023396,-1.438708504346602,-1.515383130817288,-0.1577049521794609,0.0,0.0,89.0,0.0,0.0,0.0,0.0,84.0,6.0,0.5061112268696969,57.0,43.0,32.0,Andry Lara,0.0,1.0,,4.607142857142857,1.4404761904761905,PIT,-4.9352567898775686,0.0,0.0,-0.1577049521794609,0.0,0.0
27407,0.0,0.0,0.0,0.0,0.0,0.7678954079812896,0.07699190745264124,0.886721594416728,-0.7986716401584449,-1.091727544660499,-0.15879027496828513,0.0,0.0,51.42226632979294,0.0,0.0,0.0,0.0,52.24324324324324,2.818157628258934,0.5061112268696969,46.60472204008392,25.989073756890015,25.662767350541188,Rolddy Muñoz,0.05405405405405406,1.2441800310398345,,4.477165836029164,1.475502455340074,PIT,-4.936342112666393,0.0,0.0,-0.1748668007843599,0.0,0.0
25178,0.0,0.0,0.0,0.0,0.0,0.5449627091694638,0.07699190745264124,0.7420308644370605,-0.8009536312241624,-0.725417663972576,-0.16238581413757303,0.0,0.0,48.00000000000001,0.0,0.0,0.0,0.0,47.3,1.9999999999999998,0.5061112268696969,39.0,24.000000000000004,18.0,Joe Jacques,0.0,1.3742071881606766,,4.566596194503172,1.3953488372093024,PIT,-4.939937651835681,0.0,0.0,-0.19501027841310348,0.0,0.0
28040,0.0,0.0,0.0,0.0,0.0,0.9372914909158726,0.17616015329574952,0.8975769735764023,-1.0831237253215455,-1.0905222063251054,-0.1626173138586262,0.0,0.0,59.7106823566666,0.0,0.0,0.0,0.0,57.26744186046512,3.4398371673699555,1.158000032209971,47.17526405864062,29.82902063255069,23.324119905996483,Eiberson Castellano,0.18604651162790697,1.1350253807106598,,4.687850146110504,1.449947816160208,PIT,-4.940169151556734,0.0,0.0,-0.17015927739957593,0.0,0.0
19820,0.0,0.0,0.0,0.0,0.0,0.8174440637541958,0.07699190745264124,0.6088458374868189,-0.8483962217033062,-0.8349976650900165,-0.18011207809966678,0.0,0.0,37.0,0.0,0.0,0.0,0.0,36.7,3.0,0.5061112268696969,32.0,20.0,18.0,CD Pelham,0.0,1.771117166212534,,4.9046321525885554,1.4986376021798364,PIT,-4.957663915797775,0.0,0.0,-0.2551058192910418,0.0,0.0
14916,0.0,0.0,0.0,0.0,0.0,1.0899254183389275,0.07699190745264124,1.4079559991882686,-1.7592518865798632,-0.9975057187088776,-0.18188428030890336,0.0,0.0,89.00000000000001,0.0,0.0,0.0,0.0,88.7,4.0,0.5061112268696969,74.0,46.99999999999999,30.0,Jon Gray,0.0,1.0,,4.768883878241262,1.3416009019165729,PIT,-4.9594361180070115,0.0,0.0,-0.18188428030890336,0.0,0.0
33787,0.0,0.0,0.0,0.0,0.0,1.7042525523998493,0.07699190745264124,1.3893627277326155,-1.919618713086059,-1.435324769564355,-0.1843362950653078,0.0,0.0,112.93520999573083,0.0,0.0,0.0,0.0,107.08988764044943,6.254565766517019,0.5061112268696969,73.02276627358272,55.592807743680574,34.40228682356899,Kade Morris,0.21348314606741572,1.0,,4.672105655512343,1.3758301560085704,PIT,-4.961888132763416,0.0,0.0,-0.1843362950653078,0.0,0.0
22284,0.0,0.0,0.0,0.0,0.0,1.3624067729236595,0.07699190745264124,1.3889295667668056,-1.9850522530243442,-1.0286268412213124,-0.18535084710255023,0.0,0.0,92.0,0.0,0.0,0.0,0.0,90.0,5.0,0.5061112268696969,73.0,48.99999999999999,29.000000000000004,Matt Sauer,0.0,1.0,,4.8999999999999995,1.3444444444444446,PIT,-4.9629026848006585,0.0,0.0,-0.18535084710255023,0.0,0.0
23617,0.0,0.0,0.0,0.0,0.0,0.48756468862868385,0.07699190745264124,0.6730107066686858,-0.675898586047258,-0.7509663015245548,-0.18929758482180192,0.0,0.0,38.93448737074279,0.0,0.0,0.0,0.0,38.89,1.7893506488608883,0.5061112268696969,35.3724067529068,19.809464420873834,17.471939445671566,Josh Walker,0.3,1.671380817690923,,4.584345070400219,1.4504095350067974,PIT,-4.9668494225199105,0.0,0.0,-0.26915577598746787,0.0,0.0
21163,0.0,0.0,0.0,0.0,0.0,0.2724813545847319,0.07699190745264124,0.837163026544376,-0.6198697748197884,-0.7567913515923963,-0.19002483783043556,0.0,0.0,37.0,0.0,0.0,0.0,0.0,42.7,1.0,0.5061112268696969,44.00000000000001,21.0,24.0,Angel Felipe,0.0,1.5222482435597189,,4.426229508196721,1.4285714285714284,PIT,-4.9675766755285435,0.0,0.0,-0.2538024078862312,0.0,0.0
18413,0.0,0.0,0.0,0.0,0.0,0.966815161629331,0.17616015329574952,1.0584740092484846,-1.261150096759877,-1.1329421188948787,-0.19264289148119063,0.0,0.0,84.19591227123617,0.0,0.0,0.0,0.0,76.39705505761843,3.54818832687756,1.158000032209971,55.63176457896831,38.75319912355127,22.1753464098665,José Urquidy,0.10371318822023047,1.0,,4.565343413419712,1.3923476317362988,PIT,-4.9701947291792985,0.0,0.0,-0.19264289148119063,0.0,0.0
15145,0.0,0.0,0.0,0.0,0.0,0.45690415090135067,0.27532839913885776,0.5748661410400692,-0.686216266074266,-0.8150170082497004,-0.1941345832436886,0.0,0.0,43.52927701649185,0.0,0.0,0.0,0.0,39.44943820224719,1.6768272148297394,1.809888837550245,30.214079460928353,20.100413755433458,14.445780351152564,Justin Topa,0.21348314606741572,1.6476787240102537,,4.585711027656566,1.4696041315067938,PIT,-4.971686420941797,0.0,0.0,-0.2719579020830416,0.0,0.0
31610,0.0,0.0,0.0,0.0,0.0,0.44656394030974417,0.17616015329574952,0.9965362793330391,-0.8043072708809019,-1.0100599658696219,-0.19510686381199116,0.0,0.0,45.102448898665486,0.0,0.0,0.0,0.0,49.438202247191015,1.6388788913293473,1.158000032209971,52.376412837589015,24.887749817558465,27.48677928113762,Zach Maxwell,0.21348314606741572,1.3147727272727272,,4.530701728150984,1.468282115455108,PIT,-4.972658701510099,0.0,0.0,-0.22842946715309975,0.0,0.0
5615,0.0,0.0,0.0,0.0,0.0,0.2724813545847319,0.07699190745264124,0.5517665402224295,-0.7749287087797407,-0.3218350685019853,-0.1955239750219233,0.0,0.0,39.0,0.0,0.0,0.0,0.0,40.3,1.0,0.5061112268696969,29.0,21.0,13.000000000000002,Ryan Brasier,0.0,1.6129032258064517,,4.689826302729529,1.2903225806451615,PIT,-4.973075812720031,0.0,0.0,-0.2821069610615242,0.0,0.0
30203,0.0,0.0,0.0,0.0,0.0,0.8977895081771591,0.0,1.0553689514796758,-1.1587533898500282,-0.9920897568696397,-0.19768468706283293,0.0,0.0,69.25386152633446,0.0,0.0,0.0,0.0,73.89,3.2948658433727025,0.0,55.46856752236688,37.074136784161226,32.0932963096286,Jackson Jobe,0.3,2.0,,4.515729206353377,1.3715950444710117,PIT,-4.975236524760941,0.0,0.0,-0.1701526035335319,0.0,0.0
23265,0.0,0.0,0.0,0.0,0.0,0.4575217873347924,0.17616015329574952,0.6581829435810442,-0.6631582117585975,-0.8296330810728964,-0.20092640861990774,0.0,0.0,38.09160770258621,0.0,0.0,0.0,0.0,38.43333333333334,1.679093925645175,1.158000032209971,34.59308234992966,19.545012968118098,18.886347449687545,Cody Bolton,0.2222222222222222,1.6912402428447526,,4.576889420114385,1.4825140109004444,PIT,-4.978478246318016,0.0,0.0,-0.2889632567724496,0.0,0.0
15369,0.0,0.0,0.0,0.0,0.0,0.5195113783242271,0.07699190745264124,0.6917471061970241,-0.8956544434950564,-0.5939297124064441,-0.20133376392760793,0.0,0.0,50.57514384361516,0.0,0.0,0.0,0.0,48.06849315068493,1.9065942295977458,0.5061112268696969,36.357163070502224,24.907796342986053,14.461802718091397,Kevin Herget,0.0410958904109589,1.3522371045882018,,4.6635571950247465,1.353005727843995,PIT,-4.978885601625716,0.0,0.0,-0.24639349560311175,0.0,0.0
21189,0.0,0.0,0.0,0.0,0.0,0.504573232443071,0.07699190745264124,0.8335438284218336,-0.831521616614747,-0.7882311863175268,-0.20464383461472802,0.0,0.0,37.35508350179015,0.0,0.0,0.0,0.0,40.66542553191489,1.8517715944713082,0.5061112268696969,43.809780517841084,21.502419865806484,21.681164718451644,Brooks Kriske,0.06914893617021277,1.5984094387254582,,4.758877504930553,1.4517553289565155,PIT,-4.982195672312836,0.0,0.0,-0.2793779962208671,0.0,0.0
18384,0.0,0.0,0.0,0.0,0.0,0.8174440637541958,0.07699190745264124,0.49468724295804023,-0.805179318186836,-0.7901913904243543,-0.20624749444631296,0.0,0.0,47.0,0.0,0.0,0.0,0.0,42.3,3.0,0.5061112268696969,25.999999999999996,22.000000000000004,14.0,Scott Effross,0.0,1.5366430260047281,,4.680851063829788,1.442080378250591,PIT,-4.983799332144421,0.0,0.0,-0.2747663111862664,0.0,0.0
31873,0.0,0.0,0.0,0.0,0.0,1.1915320057794305,0.07699190745264124,1.3040014849376738,-1.6611140881195914,-1.1204450877004768,-0.20903377765032238,0.0,0.0,97.51538897304314,0.0,0.0,0.0,0.0,98.22784810126583,4.3728937255004245,0.5061112268696969,68.53631075191336,50.26378374876635,34.60846224489379,Max Rajcic,0.11392405063291139,1.0,,4.605354413063514,1.3450752894609557,PIT,-4.986585615348431,0.0,0.0,-0.20903377765032238,0.0,0.0
31920,0.0,0.0,0.0,0.0,0.0,0.8507725627884966,0.17616015329574952,0.9432933388364816,-1.1337305945588847,-1.0490537981929842,-0.2125583378311411,0.0,0.0,74.41433521564997,0.0,0.0,0.0,0.0,73.15890410958905,3.1223147876855437,1.158000032209971,49.578045843864224,36.61600216484129,26.892091447875725,Tyler Schweitzer,0.31506849315068497,1.0,,4.504496390349535,1.3847449998946515,PIT,-4.990110175529249,0.0,0.0,-0.2125583378311411,0.0,0.0
13652,0.0,0.0,0.0,0.0,0.0,0.8174440637541958,0.07699190745264124,0.7039779995941343,-0.7793269318327425,-1.0387909197895355,-0.21970388082130654,0.0,0.0,43.0,0.0,0.0,0.0,0.0,42.7,3.0,0.5061112268696969,37.0,22.000000000000004,22.000000000000004,Tayler Scott,0.0,1.5222482435597189,,4.637002341920375,1.5222482435597189,PIT,-4.997255718519415,0.0,0.0,-0.28774059295587295,0.0,0.0
26117,0.0,0.0,0.0,0.0,0.0,1.0571421626158344,0.07699190745264124,1.1047780398365346,-1.393703064754185,-1.0684575789566828,-0.2232485338058574,0.0,0.0,82.04138544507104,0.0,0.0,0.0,0.0,80.07701612903226,3.8796862421171694,0.5061112268696969,58.065433149215664,41.10776221895307,27.761312576245107,Blas Castaño,0.2943548387096774,1.0,,4.620175399323396,1.3712136556685048,PIT,-5.000800371503965,0.0,0.0,-0.2232485338058574,0.0,0.0
18873,0.0,0.0,0.0,0.0,0.0,0.7680982619927101,0.07699190745264124,0.7391170614241164,-0.7951133948212302,-1.0134457004093307,-0.22435186436109322,0.0,0.0,49.39917521930034,0.0,0.0,0.0,0.0,49.12162162162163,2.8189020975886963,0.5061112268696969,38.84685499896149,24.70149530198351,22.862601512372624,Beau Burrows,0.05405405405405406,1.3232462173314992,,4.525776030569743,1.471078811043686,PIT,-5.001903702059201,0.0,0.0,-0.26811636503665914,0.0,0.0
18815,0.0,0.0,0.0,0.0,0.0,0.5449627091694638,0.07699190745264124,0.7420308644370605,-0.7366008023126728,-0.852921961178317,-0.22553728243182436,0.0,0.0,48.0,0.0,0.0,0.0,0.0,48.3,1.9999999999999998,0.5061112268696969,39.0,24.0,21.0,Miguel Díaz,0.0,1.3457556935817807,,4.472049689440994,1.4285714285714286,PIT,-5.003089120129933,0.0,0.0,-0.27645165754875933,0.0,0.0
18152,0.0,0.0,0.0,0.0,0.0,0.5449627091694638,0.07699190745264124,0.7039779995941343,-0.9387840888456966,-0.615791567493837,-0.2286430401232944,0.0,0.0,43.0,0.0,0.0,0.0,0.0,42.7,2.0,0.5061112268696969,37.0,23.0,16.0,Anthony Misiewicz,0.0,1.5222482435597189,,4.847775175644028,1.3817330210772834,PIT,-5.006194877821402,0.0,0.0,-0.30805871184250455,0.0,0.0
11674,0.0,0.0,0.0,0.0,0.0,1.4761241070598905,0.0,1.6371417824837817,-2.2254722333196093,-1.1213587729993277,-0.2335651167752648,0.0,0.0,109.77135186987061,0.0,0.0,0.0,0.0,106.15,5.417339873803618,0.0,86.0456519760886,57.217776138484666,31.77739644166686,Jameson Taillon,0.5,1.413094677343382,,4.85124809464307,1.3334785521576775,PIT,-5.011116954473373,0.0,0.0,-0.18351218729259755,0.0,0.0
16074,0.0,0.0,0.0,0.0,0.0,0.5449627091694638,0.07699190745264124,0.7610572968585235,-0.8786177288890429,-0.7381334296055502,-0.23373924501396437,0.0,0.0,35.0,0.0,0.0,0.0,0.0,38.7,2.0,0.5061112268696969,40.0,21.0,21.0,Nick Burdi,0.0,1.6795865633074933,,4.883720930232558,1.4470284237726097,PIT,-5.011291082712073,0.0,0.0,-0.33848376197517394,0.0,0.0
15855,0.0,0.0,0.0,0.0,0.0,0.5449627091694638,0.07699190745264124,0.7610572968585235,-0.8741005462697882,-0.7438265160948855,-0.23491514888404497,0.0,0.0,44.0,0.0,0.0,0.0,0.0,43.7,2.0,0.5061112268696969,40.0,23.0,18.0,Wander Suero,0.0,1.4874141876430205,,4.7368421052631575,1.4187643020594964,PIT,-5.012466986582153,0.0,0.0,-0.3105853904841134,0.0,0.0
14874,0.0,0.0,0.0,0.0,0.0,0.646811189598997,0.17616015329574952,0.9793321855533006,-1.1369483512449363,-0.902803137317623,-0.2374479601145122,0.0,0.0,46.13553555427566,0.0,0.0,0.0,0.0,51.448978046934144,2.3737814669365274,1.158000032209971,51.47219215140661,27.802753685652647,27.30851034363634,Sam Moll,0.4700984102952309,1.26338758256197,,4.863552060112975,1.4275122400082065,PIT,-5.01499979781262,0.0,0.0,-0.2735886065125359,0.0,0.0
19479,0.0,0.0,0.0,0.0,0.0,1.37950293493449,0.09916824584310827,1.533716603467959,-1.9790765211627765,-1.271438577603329,-0.23812731452054825,0.0,0.0,102.64479730491655,0.0,0.0,0.0,0.0,97.0,5.062742502278313,0.651888805340274,80.60978377311682,51.83771505895998,30.25087493556286,Aaron Civale,0.5,1.5463917525773196,,4.80968490237773,1.3700584767059731,PIT,-5.015679152218656,0.0,0.0,-0.17998237049346932,0.0,0.0
27477,0.0,0.0,0.0,0.0,0.0,1.0899254183389275,0.07699190745264124,1.29379740465949,-1.2686094726428132,-1.4322300487137625,-0.24012479090551664,0.0,0.0,84.0,0.0,0.0,0.0,0.0,86.7,4.0,0.5061112268696969,68.0,43.0,39.0,Bryce Jarvis,0.0,1.0,,4.463667820069204,1.4186851211072664,PIT,-5.017676628603625,0.0,0.0,-0.24012479090551664,0.0,0.0
19459,0.0,0.0,0.0,0.0,0.0,0.2724813545847319,0.07699190745264124,0.9893744859160806,-0.880243262844857,-0.6988181197498141,-0.24021363464121737,0.0,0.0,47.0,0.0,0.0,0.0,0.0,51.0,1.0,0.5061112268696969,52.0,26.0,23.0,Jorge Alcala,0.0,1.2745098039215685,,4.588235294117647,1.3725490196078431,PIT,-5.017765472339326,0.0,0.0,-0.2848054890221766,0.0,0.0
8801,0.0,0.0,0.0,0.0,0.0,0.5449627091694638,0.07699190745264124,0.4946872429580403,-0.6566993769841476,-0.702160720465662,-0.24221823786966434,0.0,0.0,26.0,0.0,0.0,0.0,0.0,27.3,2.0,0.5061112268696969,26.0,14.999999999999998,16.0,Wilking Rodríguez,0.0,2.0,,4.9450549450549435,1.5384615384615383,PIT,-5.019770075567773,0.0,0.0,-0.4275574140143126,0.0,0.0
19264,0.0,0.0,0.0,0.0,0.0,1.3624067729236595,0.07699190745264124,1.1986652425521747,-1.2252511849198318,-1.6583305863249693,-0.2455178483163254,0.0,0.0,101.0,0.0,0.0,0.0,0.0,92.3,5.0,0.5061112268696969,63.0,45.0,32.0,Thomas Hatch,0.0,1.0,,4.387865655471289,1.4409534127843988,PIT,-5.023069686014433,0.0,0.0,-0.2455178483163254,0.0,0.0
21866,0.0,0.0,0.0,0.0,0.0,0.8174440637541958,0.07699190745264124,0.9893744859160806,-1.042676415962092,-1.0870766363437856,-0.2459425951829599,0.0,0.0,65.0,0.0,0.0,0.0,0.0,65.7,3.0,0.5061112268696969,52.0,33.0,28.0,Jordan Balazovic,0.0,1.0,,4.520547945205479,1.4155251141552512,PIT,-5.023494432881068,0.0,0.0,-0.2459425951829599,0.0,0.0
19614,0.0,0.0,0.0,0.0,0.0,0.5927013770618142,0.07699190745264124,0.7998781653680024,-0.7501640314994767,-0.9699176568461259,-0.2505102384631447,0.0,0.0,45.14610040481069,0.0,0.0,0.0,0.0,46.662457337883964,2.175199759870195,0.5061112268696969,42.04036509049833,23.422126485159005,23.577814237454398,Cionel Pérez,0.40273037542662116,1.3929827897689453,,4.517531874500939,1.4727881591111582,PIT,-5.028062076161253,0.0,0.0,-0.31569145608067206,0.0,0.0
17556,0.0,0.0,0.0,0.0,0.0,0.2590729312155246,0.4736648908250743,0.9948696595872576,-1.069753309654512,-0.9088224835156958,-0.2509683115423512,0.0,0.0,57.56255862824246,0.0,0.0,0.0,0.0,55.25,0.9507914096006971,3.113666448230793,52.288817869238486,28.923978807825502,20.47424901378409,Jimmy Herget,0.4166666666666667,1.1764705882352942,,4.711598357835828,1.412430907547992,PIT,-5.028520149240459,0.0,0.0,-0.2780949688039158,0.0,0.0
12447,0.0,0.0,0.0,0.0,0.0,2.0573799248867615,0.0,2.1811742402701997,-2.4025875805592687,-2.0888649648129225,-0.2528983802152305,0.0,0.0,150.80277826321384,0.0,0.0,0.0,0.0,145.25,7.550534707309635,0.0,114.63916050860325,74.52904508140881,51.99324601509276,Seth Lugo,0.5,1.0327022375215147,,4.617978696954763,1.396186053551164,PIT,-5.030450217913339,0.0,0.0,-0.24560907738509252,0.0,0.0
7005,0.0,0.0,0.0,0.0,0.0,0.5449627091694638,0.07699190745264124,0.6088458374868189,-0.7296444595753331,-0.7576995956023139,-0.2565436010687231,0.0,0.0,42.0,0.0,0.0,0.0,0.0,41.0,2.0,0.5061112268696969,32.0,21.0,17.0,Ryan Pressly,0.0,1.5853658536585367,,4.609756097560975,1.4390243902439024,PIT,-5.0340954387668315,0.0,0.0,-0.36380808173185053,0.0,0.0
31552,0.0,0.0,0.0,0.0,0.0,0.6625964622641534,0.27532839913885776,0.9416245123522946,-1.2981353813292615,-0.8382903521999339,-0.2568763597738897,0.0,0.0,65.51627141441773,0.0,0.0,0.0,0.0,65.95,2.431713036930421,1.809888837550245,49.490334892740016,34.732082174424065,24.189153471216017,Zach Agnos,0.5,1.0,,4.739783769064694,1.3602035615713988,PIT,-5.034428197471998,0.0,0.0,-0.2568763597738897,0.0,0.0
14739,0.0,0.0,0.0,0.0,0.0,1.0788984400957167,0.17616015329574952,1.2163531631407813,-1.69461138650332,-1.033908566859358,-0.25710819683043074,0.0,0.0,79.79225864079174,0.0,0.0,0.0,0.0,81.25,3.959531255780725,1.158000032209971,63.9296498784845,43.52907163189189,30.89878451217717,Paul Blackburn,0.5,1.0,,4.821681780763409,1.362351300344233,PIT,-5.034660034528539,0.0,0.0,-0.25710819683043074,0.0,0.0
14696,0.0,0.0,0.0,0.0,0.0,0.5449627091694638,0.07699190745264124,0.5898194050653558,-0.6418145427279219,-0.8306359313991203,-0.2606764524395814,0.0,0.0,29.0,0.0,0.0,0.0,0.0,30.0,2.0,0.5061112268696969,31.000000000000004,16.0,18.0,Keone Kela,0.0,2.0,,4.8,1.5666666666666667,PIT,-5.038228290137689,0.0,0.0,-0.4540488855683358,0.0,0.0
26079,0.0,0.0,0.0,0.0,0.0,0.6648063616679981,0.07699190745264124,0.7701066905944264,-1.0125179587935915,-0.7610065844270647,-0.26161958350559045,0.0,0.0,47.146969857565935,0.0,0.0,0.0,0.0,48.91558726673985,2.439823314447254,0.5061112268696969,40.47562220470163,25.987864569335233,21.272601661390837,Beau Brieske,0.23161361141602638,1.3288197818325438,,4.781518411474764,1.3987273861368656,PIT,-5.039171421203698,0.0,0.0,-0.3189547269771982,0.0,0.0
31261,0.0,0.0,0.0,0.0,0.0,0.901356442222231,0.17616015329574952,0.769379300233066,-0.9537608437681291,-1.1577287477655545,-0.26459369578263714,0.0,0.0,52.18547842592922,0.0,0.0,0.0,0.0,50.556164383561644,3.307956405295767,1.158000032209971,40.43739168700669,26.28375796642311,23.837673220981955,Chris Roycroft,0.31506849315068497,1.2856988023627594,,4.67903023463393,1.5037365388350175,PIT,-5.0421455334807455,0.0,0.0,-0.31055199628914987,0.0,0.0
10591,0.0,0.0,0.0,0.0,0.0,0.5449627091694638,0.07699190745264124,0.4756608105365772,-0.5280154893502348,-0.8349976650900165,-0.2653977272815691,0.0,0.0,41.0,0.0,0.0,0.0,0.0,36.7,2.0,0.5061112268696969,25.0,18.0,14.0,Scott Alexander,0.0,1.771117166212534,,4.4141689373297,1.4986376021798364,PIT,-5.042949564979677,0.0,0.0,-0.41820190869006924,0.0,0.0
31773,0.0,0.0,0.0,0.0,0.0,0.0,0.07699190745264124,0.20929075663609398,-0.29546072116869715,-0.26382299706297363,-0.2730010541429356,0.0,0.0,13.0,0.0,0.0,0.0,0.0,13.0,0.0,0.5061112268696969,11.0,7.0,6.0,Alex McFarlane,1.0,2.0,,4.846153846153846,1.4615384615384615,PIT,-5.050552891841043,0.0,0.0,-0.533959215756304,0.0,0.0
20383,0.0,0.0,0.0,0.0,0.0,1.3624067729236595,0.07699190745264124,1.1415859452877852,-1.4962589866846263,-1.3608622011854863,-0.2761365622060268,0.0,0.0,71.0,0.0,0.0,0.0,0.0,73.3,5.0,0.5061112268696969,60.0,39.0,35.0,Antonio Santos,0.0,1.0,,4.788540245566167,1.446111869031378,PIT,-5.053688399904135,0.0,0.0,-0.2761365622060268,0.0,0.0
33294,0.0,0.0,0.0,0.0,0.0,0.5128719664058331,0.07699190745264124,0.6928443624453002,-0.6665481090182422,-0.8928381541575945,-0.276678026872062,0.0,0.0,38.94904021935875,0.0,0.0,0.0,0.0,40.271844660194176,1.882227747977333,0.5061112268696969,36.414833169865595,20.310166423236154,21.102099618662088,Seth Halvorsen,0.32038834951456313,1.6140308582449372,,4.538940278288311,1.4911445041745772,PIT,-5.05422986457017,0.0,0.0,-0.3994015664014756,0.0,0.0
21045,0.0,0.0,0.0,0.0,0.0,0.4788774407944224,0.07699190745264124,0.635556225747395,-0.7774715316217409,-0.6932502202465435,-0.27929617787382555,0.0,0.0,42.62232606919691,0.0,0.0,0.0,0.0,42.112500000000004,1.757468658816098,0.5061112268696969,33.40385689071405,21.75031741777331,16.781160965303393,Seth Martinez,0.125,1.543484713564856,,4.648331416086905,1.4105903718492205,PIT,-5.0568480155719335,0.0,0.0,-0.3916923497896623,0.0,0.0
27902,0.0,0.0,0.0,0.0,0.0,0.48852819501841493,0.17616015329574952,0.7091887565123488,-0.7329715853560089,-0.9285373484661877,-0.2876318289956834,0.0,0.0,31.447976439538166,0.0,0.0,0.0,0.0,35.28352668213457,1.7928866940746957,1.158000032209971,37.27386936251572,18.705819527159793,23.1929647304144,Jefry Yan,0.1879350348027842,1.8422194749855332,,4.771415773176709,1.5486247069973142,PIT,-5.065183666693791,0.0,0.0,-0.4609944038793603,0.0,0.0
30412,0.0,0.0,0.0,0.0,0.0,1.3092635922036555,0.0,1.1768164821917815,-1.3882330699789072,-1.3882100071439543,-0.29036300272742466,0.0,0.0,91.69151132763926,0.0,0.0,0.0,0.0,89.28715596330275,4.804965808390833,0.0,61.8516627880408,44.83121247296922,33.744101453614334,Jose Cabrera,0.19724770642201833,1.679972873832496,,4.518913251336561,1.4048561792337517,PIT,-5.067914840425533,0.0,0.0,-0.28761734454525056,0.0,0.0
20185,0.0,0.0,0.0,0.0,0.0,0.4934682814848498,0.07699190745264124,0.6014991424413568,-0.938660163357922,-0.5291073383920496,-0.2958081703711237,0.0,0.0,40.942008643013054,0.0,0.0,0.0,0.0,40.3295719844358,1.8110166922683837,0.5061112268696969,31.613869017442575,22.036930345085516,14.02758683089105,Zach Pop,0.09208819714656291,1.6117205514872595,,4.9177901809201225,1.363009642034343,PIT,-5.073360008069232,0.0,0.0,-0.4325047928942545,0.0,0.0
19990,0.0,0.0,0.0,0.0,0.0,0.8113372111376614,0.07699190745264124,0.9679993598606241,-1.4066691849469597,-0.7502331205050713,-0.30057382700110413,0.0,0.0,75.60825639434015,0.0,0.0,0.0,0.0,71.01381957773513,2.9775879981738886,0.5061112268696969,50.87655627802594,37.49183202222142,18.821374703388724,Bryse Wilson,0.32821497120921306,1.0,,4.751560896265122,1.3297359818022698,PIT,-5.078125664699212,0.0,0.0,-0.30057382700110413,0.0,0.0
26247,0.0,0.0,0.0,0.0,0.0,0.2815995295171502,0.37449664498196605,0.7743819553237276,-0.840038113951654,-0.8911132770037951,-0.30067326113260506,0.0,0.0,43.0615664769703,0.0,0.0,0.0,0.0,44.94262295081967,1.0334634821025264,2.461777642890519,40.700323537804856,23.290087628877252,22.502324420449618,Orlando Ribalta,0.4262295081967213,1.446288528178005,,4.663964292633088,1.4588354348869654,PIT,-5.078225098830713,0.0,0.0,-0.3968422300715013,0.0,0.0
25158,0.0,0.0,0.0,0.0,0.0,0.5449627091694638,0.07699190745264124,0.9322951886516913,-0.8547147085773888,-1.000532089189243,-0.3009969924928356,0.0,0.0,38.0,0.0,0.0,0.0,0.0,44.0,2.0,0.5061112268696969,48.99999999999999,23.0,28.0,Jayvien Sandridge,0.0,1.4772727272727273,,4.704545454545454,1.5,PIT,-5.078548830190944,0.0,0.0,-0.4011094471014538,0.0,0.0
21573,0.0,0.0,0.0,0.0,0.0,0.0,0.07699190745264124,0.09513216210731544,-0.2659581593327067,-0.20949279577233662,-0.3033268855450867,0.0,0.0,6.0,0.0,0.0,0.0,0.0,6.0,0.0,0.5061112268696969,5.0,4.0,4.0,Nolan Kingham,1.0,2.0,,6.0,1.6666666666666667,PIT,-5.0808787232431945,0.0,0.0,-0.6013813558720702,0.0,0.0
17888,0.0,0.0,0.0,0.0,0.0,0.4671474473393749,0.07699190745264124,0.5971724699822869,-0.748410796160528,-0.6966807546981416,-0.30377972608436654,0.0,0.0,33.201892255217615,0.0,0.0,0.0,0.0,33.237694013303766,1.7144198657237255,0.5061112268696969,31.38646577319647,17.97343669779933,15.74788966227768,Tayler Saucedo,0.22394678492239467,1.955610999186135,,4.866791607608136,1.4727189527017905,PIT,-5.0813315637824745,0.0,0.0,-0.525997196424772,0.0,0.0
20379,0.0,0.0,0.0,0.0,0.0,0.5248116050512567,0.17616015329574952,0.7451707827519057,-0.8990315170837354,-0.8582540523034503,-0.3111430282882738,0.0,0.0,41.135280208937935,0.0,0.0,0.0,0.0,39.992554194156455,1.926045933862455,1.158000032209971,39.165029273239014,21.652106598560877,18.095215490215267,Tyler Zuber,0.34024505183788883,1.6253025421791523,,4.872631001285767,1.481038080528693,PIT,-5.0886948659863815,0.0,0.0,-0.4516370402147094,0.0,0.0
26406,0.0,0.0,0.0,0.0,0.0,0.6872097325342099,0.07699190745264124,0.752195632902859,-0.9311831004096282,-0.8979506270784345,-0.31273645459835253,0.0,0.0,48.52058814889714,0.0,0.0,0.0,0.0,49.838575982996815,2.5220431452329426,0.5061112268696969,39.53424458356849,25.850033555842735,22.944929791023707,Ben Peoples,0.2561105207226355,1.304210618340615,,4.668076834337257,1.4339398052685612,PIT,-5.090288292296461,0.0,0.0,-0.3805060802808875,0.0,0.0
18347,0.0,0.0,0.0,0.0,0.0,1.0899254183389275,0.07699190745264124,1.1796388101307116,-1.5559338954203945,-1.1126800594245276,-0.32205781892264196,0.0,0.0,83.00000000000001,0.0,0.0,0.0,0.0,79.7,4.0,0.5061112268696969,62.0,42.0,27.0,Brandon Waddell,0.0,1.0,,4.742785445420326,1.380175658720201,PIT,-5.09960965662075,0.0,0.0,-0.32205781892264196,0.0,0.0
15046,0.0,0.0,0.0,0.0,0.0,0.5449627091694638,0.07699190745264124,0.5137136753795034,-0.7530940887722392,-0.7063452674810903,-0.32377106425172086,0.0,0.0,39.0,0.0,0.0,0.0,0.0,35.7,2.0,0.5061112268696969,27.0,19.0,13.0,Trevor Gott,0.0,1.8207282913165264,,4.7899159663865545,1.4565826330532212,PIT,-5.101322901949829,0.0,0.0,-0.5304562773916925,0.0,0.0
20387,0.0,0.0,0.0,0.0,0.0,1.7638784088349055,0.0,2.0286841617287146,-2.206021057171149,-1.9141628190713662,-0.327621305678895,0.0,0.0,131.75790636967906,0.0,0.0,0.0,0.0,129.65,6.47339122166028,0.0,106.62451671392809,66.77236731593972,49.69983699935776,Anthony Kay,0.5,1.1569610489780178,,4.635181687955707,1.3995969407561653,PIT,-5.105173143377003,0.0,0.0,-0.31052712286553197,0.0,0.0
11426,0.0,0.0,0.0,0.0,0.0,0.5047359061122062,0.07699190745264124,0.6666241469626771,-0.9100565310450747,-0.6679605256528335,-0.32966509617038353,0.0,0.0,40.15271854370123,0.0,0.0,0.0,0.0,40.101010101010104,1.8523686029138975,0.5061112268696969,35.03673900582016,21.765118335185512,16.512460712747494,Drew Pomeranz,0.29292929292929293,1.6209068010075565,,4.8848162308942795,1.413061145186001,PIT,-5.107216933868491,0.0,0.0,-0.4860989223724519,0.0,0.0
14552,0.0,0.0,0.0,0.0,0.0,0.5449627091694638,0.07699190745264124,0.8181365941229128,-0.9985843816402198,-0.7753357541215791,-0.33382892501678096,0.0,0.0,47.00000000000001,0.0,0.0,0.0,0.0,46.7,2.0,0.5061112268696969,43.0,25.0,19.0,José Ruiz,0.0,1.3918629550321198,,4.817987152034261,1.4132762312633833,PIT,-5.111380762714889,0.0,0.0,-0.43044529172725965,0.0,0.0
21324,0.0,0.0,0.0,0.0,0.0,0.7427530199012763,0.07699190745264124,0.6626370140406248,-0.8667596489738,-0.9504002985395134,-0.33477800611877084,0.0,0.0,38.95483000428813,0.0,0.0,0.0,0.0,39.019025522041765,2.7258856703543977,0.5061112268696969,34.82718143697428,21.055262607680266,20.425271741107043,Parker Mushinski,0.1879350348027842,1.6658540066122778,,4.856537571961549,1.5218243139324807,PIT,-5.1123298438168785,0.0,0.0,-0.4981768502423778,0.0,0.0
30128,0.0,0.0,0.0,0.0,0.0,0.48643660669235234,0.07699190745264124,0.9266443660978484,-0.8852998249706217,-0.9466930502952883,-0.3419199950230679,0.0,0.0,43.39489703427675,0.0,0.0,0.0,0.0,48.970678617157496,1.7852106153600613,0.5061112268696969,48.70300146508452,25.208612162008215,27.736361219345905,Eric Cerantola,0.10371318822023047,1.3273248775692161,,4.632925576379179,1.4525275177359076,PIT,-5.119471832721176,0.0,0.0,-0.42434570136490035,0.0,0.0
27472,0.0,0.0,0.0,0.0,0.0,0.9261957870665762,0.07699190745264124,0.8804567070841991,-1.1455390456075405,-1.0836568168219725,-0.34555146082609633,0.0,0.0,71.62735952477149,0.0,0.0,0.0,0.0,68.9390243902439,3.3991162018337757,0.5061112268696969,46.27544920565271,34.974509578751565,25.169868293532105,Jared Shuster,0.14634146341463414,1.0,,4.565927484365585,1.4040991829295764,PIT,-5.123103298524205,0.0,0.0,-0.34555146082609633,0.0,0.0
27483,0.0,0.0,0.0,0.0,0.0,1.0072890966589896,0.07699190745264124,1.519389150923615,-1.8884367559589874,-1.0799622728904181,-0.3647288738141594,0.0,0.0,81.11486590010901,0.0,0.0,0.0,0.0,86.47999999999999,3.6967266923423887,0.5061112268696969,79.85675492214938,46.9272710307576,36.45944540712928,Bobby Miller,0.06666666666666667,1.0,,4.883735421794848,1.359554941110526,PIT,-5.142280711512267,0.0,0.0,-0.3647288738141594,0.0,0.0
13074,0.0,0.0,0.0,0.0,0.0,1.3624067729236595,0.07699190745264124,1.4460088640311948,-2.029349266893463,-1.2213528205332855,-0.3652945430192529,0.0,0.0,92.0,0.0,0.0,0.0,0.0,89.3,5.0,0.5061112268696969,76.0,49.0,31.0,Yu Darvish,0.0,1.0,,4.938409854423292,1.3773796192609182,PIT,-5.142846380717361,0.0,0.0,-0.3652945430192529,0.0,0.0
20515,0.0,0.0,0.0,0.0,0.0,0.5449627091694638,0.07699190745264124,0.6659251347512081,-0.9541373486026563,-0.7000563944448754,-0.36631399167421863,0.0,0.0,41.0,0.0,0.0,0.0,0.0,40.0,2.0,0.5061112268696969,35.0,22.0,16.0,Kyle Nelson,0.0,1.625,,4.95,1.425,PIT,-5.143865829372327,0.0,0.0,-0.544363342984914,0.0,0.0
25862,0.0,0.0,0.0,0.0,0.0,0.8174440637541958,0.07699190745264124,1.1415859452877852,-1.3944860994734065,-1.0106437066244442,-0.3691078896032285,0.0,0.0,70.0,0.0,0.0,0.0,0.0,70.0,3.0,0.5061112268696969,60.0,37.0,27.0,Noah Davis,0.0,1.0,,4.757142857142857,1.3857142857142857,PIT,-5.146659727301337,0.0,0.0,-0.3691078896032285,0.0,0.0
29514,0.0,0.0,0.0,0.0,0.0,0.7557169044719049,0.07699190745264124,1.3487233783207233,-1.4562171414701492,-1.0943555623431982,-0.3691405135680781,0.0,0.0,75.13216234621949,0.0,0.0,0.0,0.0,79.66666666666666,2.773462814083685,0.5061112268696969,70.88682462610663,41.34338330370488,34.560989148027275,River Ryan,0.06666666666666667,1.0,,4.670591419246995,1.3769014831913822,PIT,-5.146692351266186,0.0,0.0,-0.3691405135680781,0.0,0.0
31184,0.0,0.0,0.0,0.0,0.0,0.5449627091694638,0.07699190745264124,0.8371630265443759,-0.9896623457210898,-0.8399392675713273,-0.37048397012593615,0.0,0.0,44.0,0.0,0.0,0.0,0.0,49.3,1.9999999999999998,0.5061112268696969,44.0,26.0,26.0,Luis Guerrero,0.0,1.3184584178498986,,4.7464503042596355,1.4198782961460448,PIT,-5.148035807824044,0.0,0.0,-0.4598105251211,0.0,0.0
22318,0.0,0.0,0.0,0.0,0.0,0.5449627091694638,0.07699190745264124,0.7230044320155974,-0.9541373486026563,-0.7707017948369885,-0.3798800948019423,0.0,0.0,38.0,0.0,0.0,0.0,0.0,40.0,2.0,0.5061112268696969,38.0,22.0,20.0,Jose E. Hernandez,0.0,1.625,,4.95,1.45,PIT,-5.15743193250005,0.0,0.0,-0.564255520475955,0.0,0.0
17952,0.0,0.0,0.0,0.0,0.0,0.5449627091694638,0.07699190745264124,0.5327401078009664,-0.7834846983216597,-0.7511435460823662,-0.3799335199809545,0.0,0.0,39.0,0.0,0.0,0.0,0.0,37.7,2.0,0.5061112268696969,27.999999999999996,20.0,16.0,Tyler Jay,0.0,1.7241379310344827,,4.774535809018567,1.4588859416445623,PIT,-5.157485357679063,0.0,0.0,-0.600308983309132,0.0,0.0
22815,0.0,0.0,0.0,0.0,0.0,0.5449627091694638,0.07699190745264124,0.7991101617014498,-1.0040258571795362,-0.8001528730421291,-0.3831139518981105,0.0,0.0,52.0,0.0,0.0,0.0,0.0,54.0,2.0,0.5061112268696969,42.0,28.0,23.0,Luis Patiño,0.0,1.2037037037037037,,4.666666666666667,1.3888888888888888,PIT,-5.1606657895962185,0.0,0.0,-0.44307744943694904,0.0,0.0
30166,0.0,0.0,0.0,0.0,0.0,0.9033903719957442,0.07699190745264124,1.290844647199051,-1.348506358006607,-1.311456805375528,-0.3887362367346985,0.0,0.0,77.84631804800742,0.0,0.0,0.0,0.0,80.91666666666666,3.315420878513074,0.5061112268696969,67.84480761316513,41.15874792506824,36.50068028703615,Marco Raya,0.16666666666666666,1.0,,4.577903991665676,1.4131451905463677,PIT,-5.166288074432806,0.0,0.0,-0.3887362367346985,0.0,0.0
10855,0.0,0.0,0.0,0.0,0.0,0.5449627091694638,0.07699190745264124,0.437607945693651,-0.8180520927058058,-0.6308227557525858,-0.3893122861426356,0.0,0.0,29.999999999999996,0.0,0.0,0.0,0.0,27.3,2.0,0.5061112268696969,23.0,16.0,11.0,Chasen Shreve,0.0,2.0,,5.274725274725275,1.5018315018315018,PIT,-5.166864123840743,0.0,0.0,-0.7180299712898328,0.0,0.0
18674,0.0,0.0,0.0,0.0,0.0,0.8745505343934549,0.17616015329574952,1.0250359601228065,-1.364695655436046,-1.1007189916229403,-0.3896679992469756,0.0,0.0,76.8170065679049,0.0,0.0,0.0,0.0,70.46004162330905,3.209579370031725,1.158000032209971,53.87431218931498,36.99697998871382,22.03368673277823,Jake Woodford,0.27159209157127995,1.0,,4.725697178530658,1.4029326554922457,PIT,-5.167219836945083,0.0,0.0,-0.3896679992469756,0.0,0.0
16933,0.0,0.0,0.0,0.0,0.0,1.0430929927862673,0.17616015329574952,1.0409586494439265,-1.5987927245444786,-1.057500547062573,-0.3960814760811082,0.0,0.0,69.43699780727931,0.0,0.0,0.0,0.0,65.86842105263158,3.8281261276609766,1.158000032209971,54.71118422966438,36.61765435535632,23.33608693570228,Elieser Hernández,0.07894736842105263,1.0,,5.0032911664130495,1.408460735211067,PIT,-5.1736333137792165,0.0,0.0,-0.3960814760811082,0.0,0.0
30171,0.0,0.0,0.0,0.0,0.0,1.0203507121463113,0.07699190745264124,1.2527260278767953,-1.4086614303067222,-1.3421535148051118,-0.40074629763608605,0.0,0.0,79.02522530769767,0.0,0.0,0.0,0.0,81.18717948717949,3.7446625061790018,0.5061112268696969,65.84135165894982,41.65742013477742,36.09189308782296,Mason Black,0.358974358974359,1.0,,4.617930855353842,1.4179223754619918,PIT,-5.178298135334194,0.0,0.0,-0.40074629763608605,0.0,0.0
30004,0.0,0.0,0.0,0.0,0.0,1.0899254183389275,0.07699190745264124,1.712378917931678,-1.9766467515914803,-1.3042204218024673,-0.4015709296707006,0.0,0.0,93.0,0.0,0.0,0.0,0.0,95.0,4.0,0.5061112268696969,90.0,51.0,38.0,McCade Brown,0.0,1.0,,4.831578947368421,1.3789473684210527,PIT,-5.179122767368809,0.0,0.0,-0.4015709296707006,0.0,0.0
6984,0.0,0.0,0.0,0.0,0.0,0.4637182391628898,0.27532839913885776,0.5676788786083163,-0.7115391116214518,-0.9974336250377819,-0.4022472197491699,0.0,0.0,43.11920729252165,0.0,0.0,0.0,0.0,39.45882352941177,1.701834754416894,1.809888837550245,29.83632801112712,20.26262638591275,17.44804465855295,Luis García,0.17647058823529413,1.6472868217054262,,4.6216187195060385,1.5349482456294992,PIT,-5.179799057447278,0.0,0.0,-0.6081759475642126,0.0,0.0
25873,0.0,0.0,0.0,0.0,0.0,1.1549207304092188,0.07699190745264124,0.9434113666363076,-1.26649961355639,-1.3152374617002986,-0.40641307075852073,0.0,0.0,81.26584827921155,0.0,0.0,0.0,0.0,72.80645554202192,4.238531227831517,0.5061112268696969,49.58424920333864,37.32434833524155,23.484526250868857,Connor Thomas,0.14738124238733252,1.0,,4.613864698073243,1.4387511897158807,PIT,-5.183964908456629,0.0,0.0,-0.40641307075852073,0.0,0.0
22690,0.0,0.0,0.0,0.0,0.0,0.8174440637541958,0.07699190745264124,1.0464537831804699,-0.9844962987648864,-1.372333388575403,-0.4159399329529825,0.0,0.0,77.99999999999999,0.0,0.0,0.0,0.0,74.0,3.0,0.5061112268696969,55.0,36.0,29.0,Jack O'Loughlin,0.0,1.0,,4.378378378378378,1.4459459459459458,PIT,-5.19349177065109,0.0,0.0,-0.4159399329529825,0.0,0.0
11189,0.0,0.0,0.0,0.0,0.0,1.0364884710512632,0.07699190745264124,1.3147009449198632,-1.5550735891000798,-1.290482399079609,-0.4173746647559211,0.0,0.0,71.89899326355298,0.0,0.0,0.0,0.0,74.53638850889193,3.8038876921721725,0.5061112268696969,69.09865789851347,39.88301961437597,34.55047875714759,Vince Velasquez,0.0424076607387141,1.0,,4.81573072844229,1.428154410888871,PIT,-5.194926502454029,0.0,0.0,-0.4173746647559211,0.0,0.0
25550,0.0,0.0,0.0,0.0,0.0,1.062802762022063,0.07699190745264124,1.2782242260793295,-1.9289641124472336,-0.9104888228222628,-0.4214340397154629,0.0,0.0,84.3684219831256,0.0,0.0,0.0,0.0,81.6041204437401,3.9004605054235726,0.5061112268696969,67.18149770618096,45.18741854634335,24.940382516262655,Matt Waldron,0.44532488114104596,1.0,,4.9836548045079425,1.3395010436360066,PIT,-5.198985877413571,0.0,0.0,-0.4214340397154629,0.0,0.0
19867,0.0,0.0,0.0,0.0,0.0,1.252406479178908,0.0,1.6293140353210183,-1.8675682226697448,-1.435831963088655,-0.4216796712584734,0.0,0.0,90.31043981244345,0.0,0.0,0.0,0.0,90.35,4.596301574790706,0.0,85.63423763474665,48.38028055785704,37.09092716031667,Griffin Canning,0.5,1.6602102933038185,,4.819286386504852,1.4100870721943566,PIT,-5.199231508956581,0.0,0.0,-0.46891275194496806,0.0,0.0
3548,0.0,0.0,0.0,0.0,0.0,0.5449627091694638,0.07699190745264124,0.5898194050653558,-0.8028316689699485,-0.8306359313991203,-0.42169357868160795,0.0,0.0,32.0,0.0,0.0,0.0,0.0,30.0,2.0,0.5061112268696969,31.000000000000004,17.0,15.0,Liam Hendriks,0.0,2.0,,5.1,1.5666666666666667,PIT,-5.199245416379716,0.0,0.0,-0.7688092012894401,0.0,0.0
13607,0.0,0.0,0.0,0.0,0.0,0.49857192450614546,0.07699190745264124,0.8996998798969796,-0.901773185578451,-0.9967824237830011,-0.42329189750568574,0.0,0.0,49.24493619868147,0.0,0.0,0.0,0.0,49.93421052631579,1.8297469390739818,0.5061112268696969,47.286840746984076,25.703398106955262,23.74357085597245,Carl Edwards Jr.,0.07894736842105263,1.3017127799736496,,4.632707326787194,1.4616934219113829,PIT,-5.200843735203794,0.0,0.0,-0.5228398482169361,0.0,0.0
14506,0.0,0.0,0.0,0.0,0.0,0.5449627091694638,0.07699190745264124,0.5137136753795034,-0.7681446286250322,-0.7912513238760795,-0.42372766049950317,0.0,0.0,33.0,0.0,0.0,0.0,0.0,33.0,2.0,0.5061112268696969,27.0,18.0,17.0,J.B. Wendelken,0.0,1.9696969696969697,,4.909090909090909,1.5151515151515151,PIT,-5.201279498197612,0.0,0.0,-0.7601296852065424,0.0,0.0
24604,0.0,0.0,0.0,0.0,0.0,0.8174440637541958,0.07699190745264124,0.9893744859160806,-1.1802447296212792,-1.1316660039597204,-0.4281002764580819,0.0,0.0,68.0,0.0,0.0,0.0,0.0,66.0,3.0,0.5061112268696969,52.0,34.0,26.0,Austin Cox,0.0,1.0,,4.636363636363637,1.4242424242424243,PIT,-5.20565211415619,0.0,0.0,-0.4281002764580819,0.0,0.0
25839,0.0,0.0,0.0,0.0,0.0,0.5449627091694638,0.07699190745264124,0.856189458965839,-1.0541585190731655,-0.852921961178317,-0.42893640466353844,0.0,0.0,45.0,0.0,0.0,0.0,0.0,48.3,1.9999999999999998,0.5061112268696969,45.0,25.999999999999996,24.0,Luis Contreras,0.0,1.3457556935817807,,4.84472049689441,1.4285714285714286,PIT,-5.2064882423616465,0.0,0.0,-0.5448239075375547,0.0,0.0
26020,0.0,0.0,0.0,0.0,0.0,1.1239382973464052,0.17616015329574952,1.0579308238889966,-1.3527046932532407,-1.4365042828383503,-0.4311797015604397,0.0,0.0,57.5187211746391,0.0,0.0,0.0,0.0,57.2,4.124826445682179,1.158000032209971,55.6032155926184,31.51091294032716,30.39782264728722,Seth Johnson,0.3333333333333333,1.1363636363636362,,4.958010777324203,1.5370025143693413,PIT,-5.208731539258547,0.0,0.0,-0.47132596302429564,0.0,0.0
23381,0.0,0.0,0.0,0.0,0.0,0.6909763086142173,0.07699190745264124,0.839676688098443,-1.1486145580038227,-0.9011365140707872,-0.44210616790930835,0.0,0.0,47.51558520331251,0.0,0.0,0.0,0.0,47.537292161520185,2.5358663886095316,0.5061112268696969,44.13211418191208,26.284497647652852,21.266964732443753,Nolan Hoffman,0.168646080760095,1.3673475506165933,,4.976313712297717,1.4469177104587667,PIT,-5.219658005607417,0.0,0.0,-0.5675132444447071,0.0,0.0
10315,0.0,0.0,0.0,0.0,0.0,0.5449627091694638,0.07699190745264124,0.7800837292799866,-1.1187527503866324,-0.725417663972576,-0.44213206845711683,0.0,0.0,48.00000000000001,0.0,0.0,0.0,0.0,47.3,1.9999999999999998,0.5061112268696969,41.0,26.0,18.0,Michael Tonkin,0.0,1.3742071881606766,,4.947145877378436,1.3953488372093024,PIT,-5.219683906155225,0.0,0.0,-0.5736414011200438,0.0,0.0
19583,0.0,0.0,0.0,0.0,0.0,0.5449627091694638,0.07699190745264124,0.5707929726438926,-0.8289123205201456,-0.809827937383259,-0.44599266863740705,0.0,0.0,36.0,0.0,0.0,0.0,0.0,37.0,2.0,0.5061112268696969,30.0,20.0,19.0,Sean Poppen,0.0,1.7567567567567568,,4.864864864864865,1.4864864864864864,PIT,-5.223544506335515,0.0,0.0,-0.7224443031982191,0.0,0.0
17464,0.0,0.0,0.0,0.0,0.0,0.4532449183634449,0.07699190745264124,0.6826384903118499,-0.8368275797790088,-0.8309384422444162,-0.45489070589548897,0.0,0.0,39.04010193260811,0.0,0.0,0.0,0.0,40.49305103148751,1.6633979196639013,0.5061112268696969,35.87842824079768,21.465750679532896,20.396747259732084,Jonathan Hernández,0.23995656894679698,1.6052136933187824,,4.770985420821208,1.4678283724810444,PIT,-5.2324425435935975,0.0,0.0,-0.6805107073215364,0.0,0.0
15514,0.0,0.0,0.0,0.0,0.0,0.5449627091694638,0.07699190745264124,0.6088458374868189,-0.6687587749070236,-1.0222512846046872,-0.4602096054027869,0.0,0.0,37.0,0.0,0.0,0.0,0.0,37.0,2.0,0.5061112268696969,32.0,19.0,21.0,Kendall Graveman,0.0,1.7567567567567568,,4.621621621621622,1.5675675675675675,PIT,-5.237761443100895,0.0,0.0,-0.7454914353948867,0.0,0.0
22461,0.0,0.0,0.0,0.0,0.0,0.5449627091694638,0.07699190745264124,0.8181365941229128,-1.0439002244074975,-0.8633174422945313,-0.46712645595701097,0.0,0.0,61.0,0.0,0.0,0.0,0.0,58.3,2.0,0.5061112268696969,43.0,29.999999999999996,20.0,Logan Gillaspie,0.0,1.1149228130360207,,4.631217838765008,1.3893653516295026,PIT,-5.244678293655119,0.0,0.0,-0.510033463126707,0.0,0.0
31614,0.0,0.0,0.0,0.0,0.0,1.0500003540180995,0.09916824584310827,1.1886339636532772,-1.6131632349340324,-1.1993367114294455,-0.4746973828489931,0.0,0.0,85.98896833709692,0.0,0.0,0.0,0.0,82.53933933933934,3.8534759767996793,0.651888805340274,62.47277142258254,43.53084380444031,28.650384844999333,Gabriel Hughes,0.47447447447447455,1.817315248712053,,4.746555974106719,1.3889056309354009,PIT,-5.252249220547101,0.0,0.0,-0.6189394242689166,0.0,0.0
20370,0.0,0.0,0.0,0.0,0.0,1.2586801891694621,0.07699190745264124,1.164139291868624,-1.6522013425216093,-1.3234552119879377,-0.47584516601881965,0.0,0.0,107.91073571330928,0.0,0.0,0.0,0.0,94.88,4.619325939155436,0.5061112268696969,61.1853691791109,48.835010240264026,23.230163449713935,Bruce Zimmermann,0.06666666666666667,1.0,,4.63232601351577,1.38217642456812,PIT,-5.253397003716928,0.0,0.0,-0.47584516601881965,0.0,0.0
27508,0.0,0.0,0.0,0.0,0.0,1.3624067729236595,0.07699190745264124,1.3318502695024161,-1.656581850705143,-1.596929468288534,-0.4822623691149601,0.0,0.0,84.0,0.0,0.0,0.0,0.0,83.0,5.0,0.5061112268696969,70.0,44.0,37.0,Carson Ragsdale,0.0,1.0,,4.771084337349397,1.4578313253012047,PIT,-5.259814206813068,0.0,0.0,-0.4822623691149601,0.0,0.0
25620,0.0,0.0,0.0,0.0,0.0,0.6936433447402479,0.07699190745264124,0.911183208282344,-1.1230391165750353,-1.0423173832309969,-0.48353803933079886,0.0,0.0,40.15661118970539,0.0,0.0,0.0,0.0,45.05056642636457,2.5456543468721997,0.5061112268696969,47.89038681021821,25.11181722910776,27.683834066714425,Luis Mey,0.27909371781668385,1.442823146435748,,5.016726158845941,1.5058733027764577,PIT,-5.2610898770289065,0.0,0.0,-0.6505624191306196,0.0,0.0
21229,0.0,0.0,0.0,0.0,0.0,0.2724813545847319,0.07699190745264124,0.7800837292799866,-0.843987502615697,-0.7697759826901561,-0.48420649398849336,0.0,0.0,40.0,0.0,0.0,0.0,0.0,41.7,1.0,0.5061112268696969,41.0,22.0,20.0,Daniel Robert,0.0,1.5587529976019183,,4.748201438848921,1.4388489208633093,PIT,-5.261758331686601,0.0,0.0,-0.7103576798879871,0.0,0.0
17871,0.0,0.0,0.0,0.0,0.0,0.5449627091694638,0.07699190745264124,0.646898702329745,-0.9646851469304257,-0.7901913904243543,-0.48602321840292995,0.0,0.0,44.00000000000001,0.0,0.0,0.0,0.0,42.3,2.0,0.5061112268696969,34.0,23.0,17.0,Ian Gibaut,0.0,1.5366430260047281,,4.893617021276596,1.4420803782505913,PIT,-5.263575056101038,0.0,0.0,-0.700508328875669,0.0,0.0
27568,0.0,0.0,0.0,0.0,0.0,1.3661669281565878,0.07699190745264124,1.0358062898514973,-1.575432242696537,-1.3905509070971884,-0.4870180243329991,0.0,0.0,88.64087408239511,0.0,0.0,0.0,0.0,83.66788990825688,5.013799679022657,0.5061112268696969,54.44038414069883,43.74861228517941,30.137158156795984,CJ Van Eyk,0.19724770642201833,1.0,,4.7059572196496635,1.4196370001613885,PIT,-5.264569862031108,0.0,0.0,-0.4870180243329991,0.0,0.0
27608,0.0,0.0,0.0,0.0,0.0,0.7102180136767833,0.07699190745264124,1.1530874741051083,-1.087640841452004,-1.3440650357040038,-0.491408481921475,0.0,0.0,68.96886534460938,0.0,0.0,0.0,0.0,67.1375,2.606482982144494,0.5061112268696969,60.604502649921294,33.87152007666222,29.45151431205714,Jeff Criswell,0.125,1.0,,4.540587312455186,1.4659524059827447,PIT,-5.268960319619583,0.0,0.0,-0.491408481921475,0.0,0.0
26226,0.0,0.0,0.0,0.0,0.0,0.5449627091694638,0.07699190745264124,0.8371630265443759,-1.0735264822116597,-0.8778854164192589,-0.4922942554644376,0.0,0.0,47.0,0.0,0.0,0.0,0.0,48.0,2.0,0.5061112268696969,44.0,26.0,22.0,Nick Robertson,0.0,1.3541666666666667,,4.875,1.4375,PIT,-5.2698460931625455,0.0,0.0,-0.6326746136229986,0.0,0.0
19884,0.0,0.0,0.0,0.0,0.0,0.7576939073420724,0.17616015329574952,0.8512400122413379,-1.131312334322082,-1.1558179378071587,-0.5020361992500806,0.0,0.0,47.05533790717939,0.0,0.0,0.0,0.0,49.14666666666667,2.7807183669385966,1.158000032209971,44.73986469902167,26.830410777602705,27.265561581763034,Corbin Martin,0.06666666666666667,1.3225718936516548,,4.913328072404185,1.5122266580766908,PIT,-5.279588036948189,0.0,0.0,-0.6277559313554768,0.0,0.0
27681,0.0,0.0,0.0,0.0,0.0,0.9545673551383551,0.07699190745264124,1.3901763389107318,-1.5886429901150478,-1.3353384879070003,-0.5022458765203197,0.0,0.0,74.14633130057639,0.0,0.0,0.0,0.0,78.65752212389381,3.503239172431224,0.5061112268696969,73.06552842468354,41.784474518802476,37.86023266681654,Ken Waldichuk,0.11504424778761062,1.0,,4.780982931001667,1.423977782963604,PIT,-5.279797714218428,0.0,0.0,-0.5022458765203197,0.0,0.0
22362,0.0,0.0,0.0,0.0,0.0,0.5648835381740632,0.17616015329574952,0.7420308644370605,-1.2434981324436993,-0.7495217552969716,-0.5099453318337978,0.0,0.0,37.74040049161401,0.0,0.0,0.0,0.0,39.0,2.0731089620240595,1.158000032209971,39.0,23.403508336333505,18.775831460813645,Julian Garcia,0.3577981651376147,1.6666666666666667,,5.400809616076963,1.4491341526263501,PIT,-5.287497169531906,0.0,0.0,-0.7846056712411362,0.0,0.0
26255,0.0,0.0,0.0,0.0,0.0,0.8174440637541958,0.07699190745264124,0.7039779995941343,-0.9946004999449439,-1.1162924137464736,-0.512478942890446,0.0,0.0,43.0,0.0,0.0,0.0,0.0,44.3,3.0,0.5061112268696969,37.0,24.0,25.0,Caleb Freeman,0.0,1.4672686230248309,,4.8758465011286685,1.5349887133182845,PIT,-5.2900307805885545,0.0,0.0,-0.7034876592285073,0.0,0.0
21453,0.0,0.0,0.0,0.0,0.0,0.8174440637541958,0.07699190745264124,1.2176916749736377,-1.253926943803252,-1.3707892702993942,-0.5125885679221718,0.0,0.0,63.0,0.0,0.0,0.0,0.0,67.3,3.0,0.5061112268696969,64.0,35.0,36.0,Konnor Pilkington,0.0,1.0,,4.680534918276375,1.4710252600297178,PIT,-5.29014040562028,0.0,0.0,-0.5125885679221718,0.0,0.0
26952,0.0,0.0,0.0,0.0,0.0,0.911784059756792,0.07699190745264124,1.0848751774695293,-1.4943320542971679,-1.091926011045409,-0.5126069206636144,0.0,0.0,90.94657023003735,0.0,0.0,0.0,0.0,84.43373493975905,3.346225510168843,0.5061112268696969,57.01936934039812,43.53705175092483,24.372829268293856,Anthony Molina,0.1566265060240964,1.0,,4.640721697765532,1.365797682414596,PIT,-5.290158758361723,0.0,0.0,-0.5126069206636144,0.0,0.0
14932,0.0,0.0,0.0,0.0,0.0,1.2779163886597755,0.07699190745264124,1.1040330359148525,-1.5393038752602473,-1.4324971219585358,-0.512859665191514,0.0,0.0,86.18533991201883,0.0,0.0,0.0,0.0,81.56756756756756,4.689922327373007,0.5061112268696969,58.0262768899034,42.65628396555406,30.704049607204958,Ben Lively,0.05405405405405406,1.0,,4.706607872938868,1.4330375785988336,PIT,-5.290411502889622,0.0,0.0,-0.512859665191514,0.0,0.0
31533,0.0,0.0,0.0,0.0,0.0,1.1417172467129428,0.17616015329574952,1.1536248518456198,-1.7939242796541963,-1.1926594103285582,-0.5150814381284423,0.0,0.0,79.13799557896681,0.0,0.0,0.0,0.0,78.77132867132867,4.190074761089423,1.158000032209971,60.632746396757696,43.15382965593146,30.924522810587924,Victor Mederos,0.30069930069930073,1.0,,4.930530860078637,1.3972408520464055,PIT,-5.29263327582655,0.0,0.0,-0.5150814381284423,0.0,0.0
22810,0.0,0.0,0.0,0.0,0.0,1.0899254183389275,0.07699190745264124,1.1796388101307116,-1.6304198013555797,-1.2342338575244949,-0.5180975229577944,0.0,0.0,92.0,0.0,0.0,0.0,0.0,88.3,4.0,0.5061112268696969,62.0,46.0,30.0,Roansy Contreras,0.0,1.0,,4.688561721404303,1.3816534541336354,PIT,-5.2956493606559025,0.0,0.0,-0.5180975229577944,0.0,0.0
15684,0.0,0.0,0.0,0.0,0.0,0.5449627091694638,0.07699190745264124,0.6088458374868188,-0.9695541161971367,-0.7846697777951757,-0.5234234398833887,0.0,0.0,38.0,0.0,0.0,0.0,0.0,37.3,1.9999999999999998,0.5061112268696969,31.999999999999996,21.0,17.0,Miguel Castro,0.0,1.742627345844504,,5.067024128686327,1.4745308310991958,PIT,-5.300975277581497,0.0,0.0,-0.8480342774936913,0.0,0.0
24681,0.0,0.0,0.0,0.0,0.0,0.5449627091694638,0.07699190745264124,0.7610572968585235,-0.9387840888456966,-0.9682910277402558,-0.5240632031053237,0.0,0.0,40.0,0.0,0.0,0.0,0.0,42.7,2.0,0.5061112268696969,40.0,23.0,24.0,Kelvin Cáceres,0.0,1.5222482435597189,,4.847775175644028,1.4988290398126463,PIT,-5.301615040803432,0.0,0.0,-0.7487859433870119,0.0,0.0
25416,0.0,0.0,0.0,0.0,0.0,0.2724813545847319,0.07699190745264124,0.646898702329745,-0.839704606950328,-0.6879269785701025,-0.5312596211533125,0.0,0.0,39.0,0.0,0.0,0.0,0.0,39.3,1.0,0.5061112268696969,34.0,21.0,17.0,Blair Calvo,0.0,1.6539440203562341,,4.809160305343512,1.424936386768448,PIT,-5.30881145885142,0.0,0.0,-0.8294549887004539,0.0,0.0
25348,0.0,0.0,0.0,0.0,0.0,0.8174440637541958,0.07699190745264124,0.7800837292799866,-1.1225014670431257,-1.0872032362905304,-0.5351850028468323,0.0,0.0,50.99999999999999,0.0,0.0,0.0,0.0,49.7,3.0,0.5061112268696969,41.0,27.000000000000004,23.0,Devin Sweet,0.0,1.3078470824949697,,4.88933601609658,1.488933601609658,PIT,-5.31273684054494,0.0,0.0,-0.66653273359047,0.0,0.0
27908,0.0,0.0,0.0,0.0,0.0,0.47483550702302313,0.07699190745264124,0.6967650610860103,-0.723271699899766,-1.063038933016604,-0.5377181573546951,0.0,0.0,40.42884577366271,0.0,0.0,0.0,0.0,41.85185185185186,1.7426348593527943,0.5061112268696969,36.62089905514881,21.305024165288973,23.908047183146238,Noah Murdock,0.13580246913580246,1.553097345132743,,4.581522895721434,1.5372531945432224,PIT,-5.3152699950528035,0.0,0.0,-0.7865243754390054,0.0,0.0
24581,0.0,0.0,0.0,0.0,0.0,0.7774894237552371,0.07699190745264124,1.1538180224623367,-1.3795984267599484,-1.1679812011209991,-0.5392802742107325,0.0,0.0,64.80681463707877,0.0,0.0,0.0,0.0,68.4077975376197,2.853367434774205,0.5061112268696969,60.64289914701785,36.25496600840275,32.57909025818836,Lyon Richardson,0.0424076607387141,1.0,,4.769846506111888,1.4236082493623832,PIT,-5.316832111908841,0.0,0.0,-0.5392802742107325,0.0,0.0
14120,0.0,0.0,0.0,0.0,0.0,0.9420736782962532,0.0,1.3195561837563994,-1.3387431527186229,-1.4638345172968767,-0.5409478079628471,0.0,0.0,64.11290322580645,0.0,0.0,0.0,0.0,69.24193548387096,3.4573876797258145,0.0,69.35384177791795,36.33394749774352,38.54584125973874,Lance McCullers Jr.,0.43548387096774194,2.0,,4.722651456729766,1.4826094009093413,PIT,-5.318499645660955,0.0,0.0,-0.8052420073447104,0.0,0.0
15552,0.0,0.0,0.0,0.0,0.0,0.5449627091694638,0.07699190745264124,0.5898194050653558,-0.9995764229334625,-0.7586102014474426,-0.5464126026934443,0.0,0.0,43.0,0.0,0.0,0.0,0.0,39.3,2.0,0.5061112268696969,31.0,22.0,14.0,Chad Green,0.0,1.6539440203562341,,5.038167938931298,1.4503816793893132,PIT,-5.323964440391553,0.0,0.0,-0.8471662318409097,0.0,0.0
25379,0.0,0.0,0.0,0.0,0.0,0.8174440637541958,0.07699190745264124,0.7610572968585235,-1.1225014670431257,-1.0872032362905304,-0.5542114352682956,0.0,0.0,50.0,0.0,0.0,0.0,0.0,49.7,3.0,0.5061112268696969,40.0,27.000000000000004,24.0,Sam Long,0.0,1.3078470824949697,,4.88933601609658,1.488933601609658,PIT,-5.331763272966404,0.0,0.0,-0.6914163977231687,0.0,0.0
19309,0.0,0.0,0.0,0.0,0.0,0.28327893378366786,0.17616015329574952,1.054658905497646,-1.3855189469747302,-0.6888626307132993,-0.5602835851109661,0.0,0.0,52.133239571333334,0.0,0.0,0.0,0.0,56.11505216095381,1.0396268552591121,1.158000032209971,55.43124859855073,31.276214639904325,23.777314734356306,Trevor Richards,0.47839046199701946,1.1583344841872667,,5.016228639541452,1.352766350246931,PIT,-5.337835422809074,0.0,0.0,-0.632858079371638,0.0,0.0
21504,0.0,0.0,0.0,0.0,0.0,1.6053595552711497,0.0,1.9575202948994443,-2.6817003091336016,-1.4437986113759615,-0.5626190703389691,0.0,0.0,123.18692956719137,0.0,0.0,0.0,0.0,123.2,5.891630852018319,0.0,102.88425341848273,67.28114404102985,43.471428232399575,Jake Irvin,0.5,1.2175324675324675,,4.915018639360946,1.3527464107109652,PIT,-5.340170908037077,0.0,0.0,-0.5899255788726008,0.0,0.0
17610,0.0,0.0,0.0,0.0,0.0,0.24996647103620173,0.07699190745264124,0.7282893848734688,-0.7857410295904228,-0.8331229434554505,-0.5636162096835614,0.0,0.0,36.212087342671836,0.0,0.0,0.0,0.0,38.881578947368425,0.9173709203595108,0.5061112268696969,38.27776898689161,20.492902257010563,21.346318854077502,Tanner Rainey,0.07894736842105263,1.6717428087986461,,4.743534735632902,1.4803515637742637,PIT,-5.34116804738167,0.0,0.0,-0.8886750516451281,0.0,0.0
19545,0.0,0.0,0.0,0.0,0.0,0.5449627091694638,0.07699190745264124,0.7039779995941343,-0.9299532560603796,-0.962348991516607,-0.5663696313607474,0.0,0.0,44.0,0.0,0.0,0.0,0.0,45.3,2.0,0.5061112268696969,37.0,24.0,23.0,Stephen Nogosek,0.0,1.434878587196468,,4.768211920529802,1.479028697571744,PIT,-5.343921469058856,0.0,0.0,-0.7722087098275341,0.0,0.0
25174,0.0,0.0,0.0,0.0,0.0,0.5449627091694638,0.07699190745264124,0.6088458374868189,-1.0190652096754973,-0.783723887727654,-0.5719886432942274,0.0,0.0,39.0,0.0,0.0,0.0,0.0,39.0,2.0,0.5061112268696969,32.0,22.0,18.0,Penn Murfee,0.0,1.6666666666666667,,5.076923076923077,1.4615384615384615,PIT,-5.349540480992335,0.0,0.0,-0.8941944465742915,0.0,0.0
20962,0.0,0.0,0.0,0.0,0.0,0.8174440637541958,0.07699190745264124,0.8181365941229128,-1.3238601081400416,-0.9637245768469551,-0.5750121196572469,0.0,0.0,67.0,0.0,0.0,0.0,0.0,61.3,3.0,0.5061112268696969,43.0,33.0,19.0,Elvin Rodríguez,0.0,1.0603588907014683,,4.8450244698205545,1.402936378466558,PIT,-5.352563957355355,0.0,0.0,-0.602939907262853,0.0,0.0
26030,0.0,0.0,0.0,0.0,0.0,0.5449627091694638,0.07699190745264124,0.6278722699082819,-0.9041219125608164,-0.9289728036487974,-0.5832678296792269,0.0,0.0,47.00000000000001,0.0,0.0,0.0,0.0,45.7,2.0,0.5061112268696969,33.0,24.0,20.0,Tyler Owens,0.0,1.422319474835886,,4.726477024070022,1.4660831509846826,PIT,-5.360819667377335,0.0,0.0,-0.7915179176114147,0.0,0.0
26227,0.0,0.0,0.0,0.0,0.0,0.9146810130214349,0.17616015329574952,0.5790195476009107,-0.9956206073995576,-1.2590606266196096,-0.584820520101072,0.0,0.0,48.16852189222838,0.0,0.0,0.0,0.0,45.631578947368425,3.356857258785397,1.158000032209971,30.432376116278,24.547332195746502,23.44291226283192,Alec Gamboa,0.2631578947368421,1.4244521337946943,,4.841515346565918,1.5693393874811365,PIT,-5.36237235779918,0.0,0.0,-0.7860567351150598,0.0,0.0
27567,0.0,0.0,0.0,0.0,0.0,0.9294538833051705,0.07699190745264124,0.8569035515458474,-1.329446274058438,-1.1242957486452334,-0.5903926804000124,0.0,0.0,61.71137654999267,0.0,0.0,0.0,0.0,57.16350364963504,3.4110733364551877,0.5061112268696969,45.03753160677684,31.348555352162588,21.68432724857201,TJ Shook,0.1484184914841849,1.1370891539188395,,4.935614162118711,1.458897696504247,PIT,-5.3679445180981205,0.0,0.0,-0.6548211430101978,0.0,0.0
12763,0.0,0.0,0.0,0.0,0.0,0.2633622590850633,0.07699190745264124,0.6065232958582011,-0.8034141229339913,-0.7358628023713217,-0.5923994629094075,0.0,0.0,45.479447442525036,0.0,0.0,0.0,0.0,41.12912621359224,0.9665331394378659,0.5061112268696969,31.877930787171756,21.51436620884615,13.364073247710666,Chris Devenski,0.029126213592233014,1.580388546609069,,4.707838792248041,1.4307019406308044,PIT,-5.369951300607515,0.0,0.0,-0.8922092148262346,0.0,0.0
27590,0.0,0.0,0.0,0.0,0.0,1.0821404960975964,0.07699190745264124,1.1493998078294607,-1.635946196190535,-1.268178672969201,-0.5955926577800379,0.0,0.0,80.0714121146947,0.0,0.0,0.0,0.0,79.39189189189189,3.9714295231202312,0.5061112268696969,60.41068458703066,42.38983575279472,31.82998426359202,Jake Eder,0.05405405405405406,1.0,,4.805383933848729,1.4094814182116115,PIT,-5.3731444954781455,0.0,0.0,-0.5955926577800379,0.0,0.0
21327,0.0,0.0,0.0,0.0,0.0,0.8174440637541958,0.07699190745264124,0.6659251347512081,-1.0489728941233756,-1.1106567877663753,-0.5992685759317058,0.0,0.0,40.0,0.0,0.0,0.0,0.0,41.0,3.0,0.5061112268696969,35.0,23.000000000000004,24.0,Nicholas Padilla,0.0,1.5853658536585367,,5.048780487804879,1.5609756097560976,PIT,-5.3768204136298134,0.0,0.0,-0.8879654733848659,0.0,0.0
25097,0.0,0.0,0.0,0.0,0.0,0.8174440637541958,0.07699190745264124,0.9513216210731544,-1.1565870267247262,-1.2929848758747176,-0.6038143103194522,0.0,0.0,57.0,0.0,0.0,0.0,0.0,59.0,3.0,0.5061112268696969,50.0,31.000000000000004,31.000000000000004,Garrett Hill,0.0,1.1016949152542372,,4.728813559322035,1.4915254237288136,PIT,-5.381366148017561,0.0,0.0,-0.652993956785554,0.0,0.0
23479,0.0,0.0,0.0,0.0,0.0,0.47283738313226126,0.17616015329574952,0.8521230096925834,-0.9444977024123067,-1.1613366983567885,-0.6047138546485011,0.0,0.0,40.164358955445806,0.0,0.0,0.0,0.0,44.1063829787234,1.7353017928616683,1.158000032209971,44.786273685829386,23.6068023229019,28.245250258299794,Cam Sanders,0.2553191489361702,1.4737095996140859,,4.817017550693441,1.5510138123714632,PIT,-5.382265692346609,0.0,0.0,-0.842164890138082,0.0,0.0
21859,0.0,0.0,0.0,0.0,0.0,0.5449627091694638,0.07699190745264124,0.646898702329745,-0.8743886971177873,-1.010266868703842,-0.6158022468697794,0.0,0.0,33.0,0.0,0.0,0.0,0.0,36.3,2.0,0.5061112268696969,34.0,20.0,24.0,Alex Speas,0.0,1.790633608815427,,4.958677685950414,1.5702479338842976,PIT,-5.393354084567887,0.0,0.0,-1.0294070632170407,0.0,0.0
17490,0.0,0.0,0.0,0.0,0.0,0.2724813545847319,0.07699190745264124,0.875215891387302,-1.0838020124694525,-0.7568827548571787,-0.6159956139019561,0.0,0.0,48.0,0.0,0.0,0.0,0.0,50.3,1.0,0.5061112268696969,46.0,27.000000000000004,22.0,Génesis Cabrera,0.0,1.2922465208747516,,4.831013916500995,1.3916500994035785,PIT,-5.393547451600064,0.0,0.0,-0.7695618192104866,0.0,0.0
6562,0.0,0.0,0.0,0.0,0.0,1.0899254183389275,0.07699190745264124,1.3889295667668056,-1.262817805381502,-1.9108871770687959,-0.6178580898919233,0.0,0.0,101.0,0.0,0.0,0.0,0.0,91.7,4.0,0.5061112268696969,73.0,45.0,35.0,Alex Cobb,0.0,1.0,,4.416575790621592,1.4830970556161396,PIT,-5.395409927590031,0.0,0.0,-0.6178580898919233,0.0,0.0
17792,0.0,0.0,0.0,0.0,0.0,0.8174440637541958,0.07699190745264124,0.6278722699082819,-1.168776954056388,-0.9766457884396926,-0.6231145013809616,0.0,0.0,38.0,0.0,0.0,0.0,0.0,36.7,3.0,0.5061112268696969,33.0,22.0,19.0,Patrick Weigel,0.0,1.771117166212534,,5.395095367847411,1.5531335149863759,PIT,-5.40066633907907,0.0,0.0,-1.0223443221544808,0.0,0.0
16269,0.0,0.0,0.0,0.0,0.0,0.5449627091694638,0.07699190745264124,0.6088458374868189,-1.2458556641364216,-0.6280263801691967,-0.6430815901966943,0.0,0.0,56.0,0.0,0.0,0.0,0.0,52.7,2.0,0.5061112268696969,32.0,29.000000000000004,15.0,John Means,0.0,1.2333965844402277,,4.9525616698292225,1.3472485768500948,PIT,-5.420633427894803,0.0,0.0,-0.7716680418009625,0.0,0.0
20476,0.0,0.0,0.0,0.0,0.0,1.0899254183389275,0.07699190745264124,1.1225595128663222,-1.5599783345942781,-1.3740010625716683,-0.6445025585080553,0.0,0.0,72.0,0.0,0.0,0.0,0.0,72.3,4.0,0.5061112268696969,59.0,38.99999999999999,33.0,Peter Solomon,0.0,1.0,,4.854771784232365,1.4522821576763485,PIT,-5.422054396206163,0.0,0.0,-0.6445025585080553,0.0,0.0
27775,0.0,0.0,0.0,0.0,0.0,0.7458408382895544,0.07699190745264124,1.192965720302974,-1.2940556911321326,-1.3719519983477415,-0.6502092234347043,0.0,0.0,57.79812545757185,0.0,0.0,0.0,0.0,62.54266337854501,2.7372178893716734,0.5061112268696969,62.70044188406171,33.317017193564105,35.55413803091501,Kyle Nicolas,0.13686806411837238,1.0392905656508702,,4.794377766216785,1.492617334242132,PIT,-5.427761061132813,0.0,0.0,-0.6706184027094129,0.0,0.0
20277,0.0,0.0,0.0,0.0,0.0,0.8174440637541958,0.07699190745264124,1.3318502695024161,-1.6802805586588456,-1.197064805297498,-0.6510591232470901,0.0,0.0,72.0,0.0,0.0,0.0,0.0,75.3,3.0,0.5061112268696969,70.0,41.00000000000001,34.0,Cory Abbott,0.0,1.0,,4.900398406374503,1.407702523240372,PIT,-5.428610960945198,0.0,0.0,-0.6510591232470901,0.0,0.0
12304,0.0,0.0,0.0,0.0,0.0,1.6761030578489493,0.0,1.6983341538603556,-1.8916414389917018,-2.1429155909946447,-0.6601198182770418,0.0,0.0,120.97210259313609,0.0,0.0,0.0,0.0,111.89999999999999,6.151257800385536,0.0,89.26182882002203,57.38336618965377,42.66267004960126,Chris Bassitt,0.5,1.3404825737265416,,4.615284143939982,1.462330407888627,PIT,-5.43767165597515,0.0,0.0,-0.7393324443193325,0.0,0.0
19795,0.0,0.0,0.0,0.0,0.0,0.7013833113758994,0.07699190745264124,0.8466689209034737,-1.2465940074973059,-1.0391742438168994,-0.6607241115821909,0.0,0.0,52.50532980642523,0.0,0.0,0.0,0.0,50.41463414634146,2.5740598377633006,0.5061112268696969,44.49961517474892,28.073538059124125,21.658107189360162,Keegan Thompson,0.14634146341463414,1.2893081761006289,,5.011676605620127,1.4710696259444611,PIT,-5.438275949280299,0.0,0.0,-0.819408506894219,0.0,0.0
18311,0.0,0.0,0.0,0.0,0.0,0.5449627091694638,0.07699190745264124,0.8942423238087651,-1.0094075754333511,-1.1722652597400092,-0.6654758947424901,0.0,0.0,62.0,0.0,0.0,0.0,0.0,61.3,2.0,0.5061112268696969,47.0,31.0,27.0,Carson Fulmer,0.0,1.0603588907014683,,4.551386623164763,1.4518760195758564,PIT,-5.443027732440598,0.0,0.0,-0.699175658732329,0.0,0.0
12997,0.0,0.0,0.0,0.0,0.0,0.2724813545847319,0.07699190745264124,0.5707929726438926,-0.8441050083422551,-0.7529546350782005,-0.6767934087391898,0.0,0.0,34.0,0.0,0.0,0.0,0.0,34.3,1.0,0.5061112268696969,30.0,19.0,17.0,Colten Brewer,0.0,1.8950437317784259,,4.985422740524782,1.4868804664723034,PIT,-5.454345246437298,0.0,0.0,-1.2121584528168985,0.0,0.0
30170,0.0,0.0,0.0,0.0,0.0,1.4154614276737922,0.17616015329574952,1.1420211040967474,-2.213258787717212,-1.1995364412180125,-0.6791525438689354,0.0,0.0,87.15197014511024,0.0,0.0,0.0,0.0,88.01711409395973,5.194709303434686,1.158000032209971,60.02287127714344,49.66572820466598,34.002443601675154,Chase Petty,0.412751677852349,1.0,,5.078461824649499,1.3764870047596771,PIT,-5.456704381567043,0.0,0.0,-0.6791525438689354,0.0,0.0
12972,0.0,0.0,0.0,0.0,0.0,0.47269198411768226,0.07699190745264124,0.6165240517518988,-0.8014832415024367,-1.0541209767850979,-0.6893962749653122,0.0,0.0,49.028502143830345,0.0,0.0,0.0,0.0,45.251724137931035,1.7347681819846945,0.5061112268696969,32.40355512242108,23.173164717996585,19.218496194045567,Joe Ross,0.13793103448275862,1.4364093576163988,,4.608851627979203,1.5081634929500887,PIT,-5.46694811266342,0.0,0.0,-0.9504307288271743,0.0,0.0
19482,0.0,0.0,0.0,0.0,0.0,0.5449627091694638,0.07699190745264124,0.6088458374868189,-1.2541776100772508,-0.6749810842210571,-0.698358240189384,0.0,0.0,42.0,0.0,0.0,0.0,0.0,40.3,2.0,0.5061112268696969,32.0,24.0,15.0,Andrew Vasquez,0.0,1.6129032258064517,,5.359801488833747,1.41439205955335,PIT,-5.475910077887492,0.0,0.0,-1.0682557753837887,0.0,0.0
20198,0.0,0.0,0.0,0.0,0.0,0.26795945589117165,0.07699190745264124,0.7035314401986958,-0.8290429475563774,-0.921738623808809,-0.7022987678226777,0.0,0.0,40.739625001662894,0.0,0.0,0.0,0.0,42.40845070422535,0.9834047408474913,0.5061112268696969,36.9765295255807,22.19357924240163,22.254330114423094,Ben Bowden,0.014084507042253521,1.5327133842577216,,4.709962516072614,1.4854104328270026,PIT,-5.479850605520786,0.0,0.0,-1.03053252003708,0.0,0.0
27861,0.0,0.0,0.0,0.0,0.0,0.6673130565086846,0.07699190745264124,0.9571118676922699,-1.392739449265606,-1.0124776098156092,-0.7038002274276194,0.0,0.0,63.0032354606354,0.0,0.0,0.0,0.0,61.81609195402299,2.449022824059597,0.5061112268696969,50.30432644916572,33.64872295537432,24.310611015101134,Nick Frasso,0.19540229885057472,1.0515061361100781,,4.899023814439957,1.4124776205632352,PIT,-5.481352065125727,0.0,0.0,-0.7339698609939598,0.0,0.0
19244,0.0,0.0,0.0,0.0,0.0,0.0,0.07699190745264124,0.09513216210731544,-0.5940581797842638,-0.2820233000673712,-0.7039574102916784,0.0,0.0,8.0,0.0,0.0,0.0,0.0,6.0,0.0,0.5061112268696969,5.0,6.0,3.0,Cole Irvin,1.0,2.0,,9.0,1.8333333333333333,PIT,-5.481509247989786,0.0,0.0,-1.3988869941649298,0.0,0.0
13528,0.0,0.0,0.0,0.0,0.0,0.49944892456705214,0.07699190745264124,0.6075693386590025,-1.0106661595681117,-0.879540282690824,-0.7061962715802398,0.0,0.0,45.51176930645945,0.0,0.0,0.0,0.0,42.19736842105263,1.8329655081472427,0.5061112268696969,31.932909186570555,23.246572286225753,16.633549980688187,Matt Bowman,0.07894736842105263,1.540380417835984,,4.958108962824576,1.4727297367705707,PIT,-5.4837481092783475,0.0,0.0,-1.0375868415194314,0.0,0.0
27453,0.0,0.0,0.0,0.0,0.0,0.8174440637541958,0.07699190745264124,1.1796388101307114,-1.489564324524756,-1.2954606343241595,-0.7109501775113671,0.0,0.0,77.0,0.0,0.0,0.0,0.0,78.3,3.0,0.5061112268696969,61.99999999999999,41.0,34.0,Anthony Veneziano,0.0,1.0,,4.712643678160919,1.417624521072797,PIT,-5.488502015209475,0.0,0.0,-0.7109501775113671,0.0,0.0
27570,0.0,0.0,0.0,0.0,0.0,0.2276856873917199,0.07699190745264124,0.7892086625836798,-1.0495618583369268,-0.7559674228040187,-0.7116430237129046,0.0,0.0,36.99539306780367,0.0,0.0,0.0,0.0,41.612698412698414,0.8356009817211836,0.5061112268696969,41.479592448103915,23.25274321535014,22.705522250677394,Cole Henry,0.20634920634920634,1.562023191943851,,5.029106424741962,1.4346802201191284,PIT,-5.489194861411013,0.0,0.0,-1.0616876389411485,0.0,0.0
19835,0.0,0.0,0.0,0.0,0.0,0.8174440637541958,0.07699190745264124,0.8942423238087651,-1.6004573320520858,-0.9010288109888485,-0.7128078480253321,0.0,0.0,58.0,0.0,0.0,0.0,0.0,57.0,3.0,0.5061112268696969,47.0,33.0,22.0,Gerson Garabito,0.0,1.1403508771929824,,5.2105263157894735,1.4035087719298245,PIT,-5.4903596857234405,0.0,0.0,-0.7956236046732397,0.0,0.0
10058,0.0,0.0,0.0,0.0,0.0,0.2724813545847319,0.07699190745264124,0.4756608105365772,-0.6418145427279219,-0.9018255238313114,-0.718505993985283,0.0,0.0,31.000000000000004,0.0,0.0,0.0,0.0,30.0,1.0,0.5061112268696969,25.0,16.0,17.0,Tyler Matzek,0.0,2.0,,4.8,1.6,PIT,-5.496057831683391,0.0,0.0,-1.3664919840895577,0.0,0.0
23150,0.0,0.0,0.0,0.0,0.0,0.9639974945823784,0.17616015329574952,1.0818250921369672,-1.8415071634830322,-1.1007354335554136,-0.7202598570233507,0.0,0.0,66.52350803629258,0.0,0.0,0.0,0.0,70.18412698412699,3.5378475567678147,1.158000032209971,56.85906155042477,39.93731895612291,31.999702876817445,Osvaldo Bido,0.20634920634920634,1.0,,5.1213270870548415,1.4037819539365686,PIT,-5.497811694721459,0.0,0.0,-0.7202598570233507,0.0,0.0
17732,0.0,0.0,0.0,0.0,0.0,1.0899254183389275,0.07699190745264124,1.1796388101307116,-2.1489272219314564,-0.9215679114147408,-0.723938997423917,0.0,0.0,100.0,0.0,0.0,0.0,0.0,94.7,4.0,0.5061112268696969,62.0,52.0,25.0,Nabil Crismatt,0.0,1.0,,4.941921858500528,1.3199577613516367,PIT,-5.501490835122025,0.0,0.0,-0.723938997423917,0.0,0.0
26410,0.0,0.0,0.0,0.0,0.0,0.9784305120579914,0.07699190745264124,1.3549871110764724,-1.8095154166509495,-1.3258914819009173,-0.7249973679647619,0.0,0.0,80.67606530175544,0.0,0.0,0.0,0.0,85.36199740596626,3.5908163828278923,0.5061112268696969,71.21603677775957,45.95728457127383,39.17246878453043,Alek Manoah,0.09208819714656291,1.0,,4.845429742867701,1.404003394113517,PIT,-5.50254920566287,0.0,0.0,-0.7249973679647619,0.0,0.0
31598,0.0,0.0,0.0,0.0,0.0,1.0899254183389275,0.07699190745264124,0.8371630265443759,-1.5276395530700995,-1.207150052216166,-0.730709252950321,0.0,0.0,87.0,0.0,0.0,0.0,0.0,77.7,4.0,0.5061112268696969,44.0,41.0,22.0,Jake Palisch,0.0,1.0,,4.749034749034749,1.4028314028314028,PIT,-5.508261090648429,0.0,0.0,-0.730709252950321,0.0,0.0
20633,0.0,0.0,0.0,0.0,0.0,1.1639387365520222,0.0,1.8455886540775854,-1.7640898089449841,-1.983015647619677,-0.7375780659350535,0.0,0.0,102.19490150124388,0.0,0.0,0.0,0.0,95.89312977099236,4.2716270928918885,0.0,97.00129867728845,49.97991289436913,39.88690764689097,Yusei Kikuchi,0.46564885496183206,1.5642413628403122,,4.690838823631683,1.4816682851779706,PIT,-5.515129903633161,0.0,0.0,-0.9297079659951835,0.0,0.0
19320,0.0,0.0,0.0,0.0,0.0,0.777568876467041,0.07699190745264124,0.8876928913922045,-0.9962048971655036,-1.4861863555241441,-0.7401375773777611,0.0,0.0,70.25339048278036,0.0,0.0,0.0,0.0,64.96046511627908,2.8536590243103954,0.5061112268696969,46.655771913962575,32.40302766603927,27.625602126036767,Joey Lucchesi,0.0424076607387141,1.000608599147961,,4.489303585994056,1.5067471027741868,PIT,-5.5176894150758695,0.0,0.0,-0.7405138882196609,0.0,0.0
23563,0.0,0.0,0.0,0.0,0.0,0.7582734114041522,0.07699190745264124,0.7571612231094783,-1.212276424011195,-1.1253222438818253,-0.7451721259267485,0.0,0.0,45.968848376663885,0.0,0.0,0.0,0.0,44.2,2.782845132870757,0.5061112268696969,39.795228361116706,25.326045585850153,22.040588182228237,Matt Seelinger,0.06666666666666667,1.4705882352941175,,5.156887110240981,1.5386750352690524,PIT,-5.522723963624856,0.0,0.0,-1.0418389658363332,0.0,0.0
27942,0.0,0.0,0.0,0.0,0.0,0.5449627091694638,0.07699190745264124,0.8181365941229127,-1.0295070214295687,-1.1560818240053907,-0.7454976346899418,0.0,0.0,38.0,0.0,0.0,0.0,0.0,41.3,2.0,0.5061112268696969,42.99999999999999,23.0,27.0,John McMillon,0.0,1.573849878934625,,5.012106537530267,1.573849878934625,PIT,-5.52304947238805,0.0,0.0,-1.111702189031676,0.0,0.0
26215,0.0,0.0,0.0,0.0,0.0,1.0698891049049446,0.07699190745264124,1.3346093155617995,-1.7614831445297856,-1.4662083492302065,-0.7462011658406067,0.0,0.0,85.92232806793359,0.0,0.0,0.0,0.0,83.40661040787624,3.926467212905196,0.5061112268696969,70.1450112137823,44.84475681615234,33.65102901440623,Jackson Rutledge,0.01547116736990155,1.0,,4.8389787017080135,1.4336196675251567,PIT,-5.523753003538715,0.0,0.0,-0.7462011658406067,0.0,0.0
20070,0.0,0.0,0.0,0.0,0.0,1.4260466750859553,0.07699190745264124,1.3154530759190315,-1.8605892752320434,-1.7177348274012936,-0.7598324441757092,0.0,0.0,106.72639674722582,0.0,0.0,0.0,0.0,99.17474747474748,5.233556906157063,0.5061112268696969,69.13818874604745,51.95631518808485,35.35955262543745,Bailey Falter,0.11616161616161615,1.0,,4.714978848943666,1.432682744252433,PIT,-5.537384281873817,0.0,0.0,-0.7598324441757092,0.0,0.0
19312,0.0,0.0,0.0,0.0,0.0,1.2462750654564805,0.07699190745264124,1.2621535503931776,-2.344901900946128,-1.0015938748157533,-0.7610752524595821,0.0,0.0,95.11972289602889,0.0,0.0,0.0,0.0,95.1,4.573799434298297,0.5061112268696969,66.33684773028621,53.44283821473632,31.535102384396012,Cal Quantrill,0.5,1.0,,5.057681849975046,1.3318067852831221,PIT,-5.53862709015769,0.0,0.0,-0.7610752524595821,0.0,0.0
19695,0.0,0.0,0.0,0.0,0.0,0.668990661241325,0.07699190745264124,0.9773310771986286,-1.4172425759093248,-1.0777316151830336,-0.7716605451997636,0.0,0.0,65.62354090194644,0.0,0.0,0.0,0.0,61.63917525773196,2.4551795929702522,0.5061112268696969,51.367016976663145,33.73240403949174,22.419302717534574,Connor Seabold,0.27835051546391754,1.054524167921057,,4.92530334946919,1.4283585601421072,PIT,-5.549212382897871,0.0,0.0,-0.8070594048546302,0.0,0.0
23223,0.0,0.0,0.0,0.0,0.0,0.8174440637541958,0.07699190745264124,0.9893744859160806,-1.5166457916262857,-1.14200054505835,-0.7748358795617178,0.0,0.0,58.0,0.0,0.0,0.0,0.0,58.3,3.0,0.5061112268696969,52.0,33.0,27.0,Michael Mercado,0.0,1.1149228130360207,,5.09433962264151,1.4579759862778732,PIT,-5.552387717259826,0.0,0.0,-0.8488953353563631,0.0,0.0
16201,0.0,0.0,0.0,0.0,0.0,0.5449627091694638,0.07699190745264124,0.6849515671726711,-1.0190652096754973,-1.0665216673853215,-0.7786806932660426,0.0,0.0,40.0,0.0,0.0,0.0,0.0,39.0,2.0,0.5061112268696969,36.0,22.0,21.0,Justin Anderson,0.0,1.6666666666666667,,5.076923076923077,1.564102564102564,PIT,-5.5562325309641505,0.0,0.0,-1.2294891454903993,0.0,0.0
19558,0.0,0.0,0.0,0.0,0.0,0.4864182721091647,0.07699190745264124,0.6180724289701045,-1.0395092618073523,-0.9284039678684113,-0.786430621143853,0.0,0.0,42.91684509056604,0.0,0.0,0.0,0.0,40.9780487804878,1.7851433278819309,0.5061112268696969,32.484935445537204,22.931806059237655,18.47532525599715,Geoff Hartlieb,0.1869918699186992,1.586215106243676,,5.036507610177189,1.4981721232123628,PIT,-5.563982458841961,0.0,0.0,-1.1907431198783507,0.0,0.0
26482,0.0,0.0,0.0,0.0,0.0,0.4514591155706159,0.07699190745264124,0.8719802518726887,-1.1615606462289998,-1.0267703076644388,-0.7878996789974928,0.0,0.0,54.55447725136646,0.0,0.0,0.0,0.0,53.66097560975609,1.6568440664817246,0.5061112268696969,45.82993976784826,28.858469661255306,23.28526005359096,Jayden Murray,0.1869918699186992,1.211308576882869,,4.84013240534667,1.4505837141508362,PIT,-5.565451516695601,0.0,0.0,-0.9316787422863113,0.0,0.0
11384,0.0,0.0,0.0,0.0,0.0,0.48412646163718304,0.07699190745264124,0.5856328436429865,-0.8603541139854853,-1.0774051080617288,-0.7910080093144034,0.0,0.0,39.87863526379427,0.0,0.0,0.0,0.0,39.74683544303797,1.7767324387204524,0.5061112268696969,30.779960776164923,21.310391600326373,22.162177484323802,Tommy Kahnle,0.11392405063291139,1.6353503184713376,,4.82537848020129,1.5608994290131617,PIT,-5.568559847012511,0.0,0.0,-1.2330513880291707,0.0,0.0
9646,0.0,0.0,0.0,0.0,0.0,0.2724813545847319,0.07699190745264124,0.6088458374868189,-0.9995764229334625,-0.7586102014474426,-0.7998675248567132,0.0,0.0,44.0,0.0,0.0,0.0,0.0,39.3,1.0,0.5061112268696969,32.0,22.0,13.0,Brian Moran,0.0,1.6539440203562341,,5.038167938931298,1.4503816793893132,PIT,-5.577419362554822,0.0,0.0,-1.2663664847827025,0.0,0.0
16754,0.0,0.0,0.0,0.0,0.0,0.2724813545847319,0.07699190745264124,0.5707929726438926,-0.9240615553278169,-0.7967659199658829,-0.8005612406124339,0.0,0.0,41.0,0.0,0.0,0.0,0.0,38.0,1.0,0.5061112268696969,30.0,21.000000000000004,15.0,Vinny Nittoli,0.0,1.7105263157894737,,4.973684210526317,1.4736842105263157,PIT,-5.578113078310542,0.0,0.0,-1.3092109861254906,0.0,0.0
19871,0.0,0.0,0.0,0.0,0.0,1.008184671814309,0.07699190745264124,1.0538397044542203,-1.6088072549798256,-1.335808216312038,-0.8055991875706927,0.0,0.0,74.87036736330374,0.0,0.0,0.0,0.0,70.33333333333333,3.700013431564176,0.5061112268696969,55.38819265273392,38.508446449155514,27.234724803287722,Tucker Davidson,0.06666666666666667,1.0,,4.9276211096075775,1.4517311682453764,PIT,-5.583151025268801,0.0,0.0,-0.8055991875706927,0.0,0.0
11804,0.0,0.0,0.0,0.0,0.0,0.8174440637541958,0.07699190745264124,0.6659251347512081,-1.2636877885904514,-1.1049926787674722,-0.8083193613998785,0.0,0.0,38.00000000000001,0.0,0.0,0.0,0.0,37.7,3.0,0.5061112268696969,35.0,23.0,21.999999999999996,Héctor Neris,0.0,1.7241379310344827,,5.4907161803713525,1.5915119363395225,PIT,-5.585871199097987,0.0,0.0,-1.3094581819193614,0.0,0.0
17964,0.0,0.0,0.0,0.0,0.0,0.4763585010722164,0.07699190745264124,0.7864783346007558,-1.2210619715828779,-0.939365447540311,-0.8205986759975756,0.0,0.0,49.47795587775166,0.0,0.0,0.0,0.0,47.29476309226933,1.7482242107838832,0.5061112268696969,41.336090612213546,26.64172791284293,19.561207265296993,Tyler Gilbert,0.12718204488778054,1.3743593529200853,,5.069811867918616,1.4597633782065313,PIT,-5.598150513695684,0.0,0.0,-1.088071597397547,0.0,0.0
17759,0.0,0.0,0.0,0.0,0.0,0.2724813545847319,0.07699190745264124,0.5898194050653558,-0.9181036287192901,-0.8427752846014198,-0.821586246217981,0.0,0.0,27.0,0.0,0.0,0.0,0.0,30.7,1.0,0.5061112268696969,31.0,18.0,21.0,Angel Perdomo,0.0,2.0,,5.276872964169381,1.5635179153094463,PIT,-5.599138083916089,0.0,0.0,-1.5610691732522939,0.0,0.0
15068,0.0,0.0,0.0,0.0,0.0,0.2724813545847319,0.07699190745264124,0.5898194050653558,-1.099802098652761,-0.6690090626285115,-0.8295184941785436,0.0,0.0,34.0,0.0,0.0,0.0,0.0,35.3,1.0,0.5061112268696969,31.0,21.0,17.0,Yency Almonte,0.0,1.841359773371105,,5.354107648725213,1.444759206798867,PIT,-5.607070331876652,0.0,0.0,-1.4542240727546218,0.0,0.0
18337,0.0,0.0,0.0,0.0,0.0,0.2724813545847319,0.07699190745264124,0.6849515671726711,-0.9541373486026563,-0.9119925956212146,-0.8317051150138267,0.0,0.0,42.0,0.0,0.0,0.0,0.0,40.0,1.0,0.5061112268696969,36.0,22.0,18.0,Nick Anderson,0.0,1.625,,4.95,1.5,PIT,-5.6092569527119345,0.0,0.0,-1.2941656981372673,0.0,0.0
25595,0.0,0.0,0.0,0.0,0.0,0.8525964742196054,0.07699190745264124,0.7756257092556256,-1.3874657927758287,-1.1502403634816918,-0.8324920653296484,0.0,0.0,66.08860199849958,0.0,0.0,0.0,0.0,62.72340425531915,3.1290084986511566,0.5061112268696969,40.76569332991023,33.98544623036804,24.285980857521672,Xzavion Curry,0.2553191489361702,1.0362957937584802,,4.876473458427978,1.4408430780980321,PIT,-5.610043903027757,0.0,0.0,-0.8581887810667677,0.0,0.0
35324,0.0,0.0,0.0,0.0,0.0,0.5449627091694638,0.07699190745264124,0.9322951886516914,-1.5483126417484132,-0.8483986409782867,-0.8424614774529033,0.0,0.0,64.0,0.0,0.0,0.0,0.0,62.7,2.0,0.5061112268696969,49.0,35.0,22.0,Shinnosuke Ogasawara,0.0,1.036682615629984,,5.023923444976076,1.3716108452950557,PIT,-5.620013315151011,0.0,0.0,-0.8690499284359735,0.0,0.0
16511,0.0,0.0,0.0,0.0,0.0,0.8605043348218757,0.07699190745264124,1.0967668257657661,-1.6659608825139753,-1.2156284190694993,-0.8473262335431917,0.0,0.0,76.68506231289234,0.0,0.0,0.0,0.0,73.54545454545455,3.1580301563507156,0.5061112268696969,57.64437606960619,40.18958871529914,27.498638824233716,Jordan Montgomery,0.29292929292929293,1.0,,4.918132611637348,1.4165892614442357,PIT,-5.6248780712413,0.0,0.0,-0.8473262335431917,0.0,0.0
17496,0.0,0.0,0.0,0.0,0.0,0.5449627091694638,0.07699190745264124,0.5137136753795034,-0.7681446286250322,-1.217404063064782,-0.8498803996882056,0.0,0.0,34.0,0.0,0.0,0.0,0.0,33.0,2.0,0.5061112268696969,27.0,18.0,22.0,Diego Castillo,0.0,1.9696969696969697,,4.909090909090909,1.696969696969697,PIT,-5.627432237386314,0.0,0.0,-1.5793735800842081,0.0,0.0
30031,0.0,0.0,0.0,0.0,0.0,1.0071278276558169,0.07699190745264124,1.1838063591007435,-2.224406973757839,-0.8959213136171255,-0.8524021931657629,0.0,0.0,92.66076346329761,0.0,0.0,0.0,0.0,90.21333333333332,3.6961348389900066,0.5061112268696969,62.21903995860678,50.64313878399286,26.64188122036942,Julian Aguiar,0.06666666666666667,1.0,,5.052337966183149,1.3224502440548374,PIT,-5.629954030863871,0.0,0.0,-0.8524021931657629,0.0,0.0
18000,0.0,0.0,0.0,0.0,0.0,1.0899254183389275,0.07699190745264124,1.484061728874121,-1.8279244334912064,-1.680640482424458,-0.8575858612499747,0.0,0.0,75.0,0.0,0.0,0.0,0.0,80.3,4.0,0.5061112268696969,78.0,43.99999999999999,43.99999999999999,Triston McKenzie,0.0,1.0,,4.931506849315068,1.4819427148194273,PIT,-5.635137698948083,0.0,0.0,-0.8575858612499747,0.0,0.0
12777,0.0,0.0,0.0,0.0,0.0,0.5120994665004234,0.07699190745264124,0.6350335505901459,-1.1538557905899425,-0.9281868046321564,-0.8579176706788882,0.0,0.0,42.40951311710695,0.0,0.0,0.0,0.0,37.35236167341431,1.8793926919545565,0.5061112268696969,33.37638588902171,22.17235612780434,14.679901992585995,John Brebbia,0.0553306342780027,1.7401844779807862,,5.342398611766238,1.5284017543213757,PIT,-5.635469508376996,0.0,0.0,-1.4172176872319322,0.0,0.0
26907,0.0,0.0,0.0,0.0,0.0,0.8174440637541958,0.07699190745264124,1.2557445398165639,-1.5628686964089924,-1.452612527980322,-0.8653007133659132,0.0,0.0,71.0,0.0,0.0,0.0,0.0,74.7,3.0,0.5061112268696969,66.0,40.0,38.0,Jairo Iriarte,0.0,1.0,,4.8192771084337345,1.4591700133868808,PIT,-5.6428525510640215,0.0,0.0,-0.8653007133659132,0.0,0.0
22187,0.0,0.0,0.0,0.0,0.0,0.5449627091694638,0.07699190745264124,0.6278722699082819,-1.1834452634579926,-0.9492534196660302,-0.8828717965936358,0.0,0.0,51.0,0.0,0.0,0.0,0.0,46.3,2.0,0.5061112268696969,33.0,26.000000000000004,17.0,Ryan Miller,0.0,1.4038876889848813,,5.053995680345573,1.468682505399568,PIT,-5.660423634291744,0.0,0.0,-1.197139554008802,0.0,0.0
23811,0.0,0.0,0.0,0.0,0.0,0.5449627091694638,0.07699190745264124,0.6278722699082819,-1.1834452634579926,-0.9492534196660302,-0.8828717965936358,0.0,0.0,46.99999999999999,0.0,0.0,0.0,0.0,46.3,2.0,0.5061112268696969,33.0,26.000000000000004,21.0,Luarbert Arias,0.0,1.4038876889848813,,5.053995680345573,1.468682505399568,PIT,-5.660423634291744,0.0,0.0,-1.197139554008802,0.0,0.0
19524,0.0,0.0,0.0,0.0,0.0,0.7834344041215463,0.07699190745264124,1.4161571978094651,-1.8759185306545223,-1.284293852504163,-0.8836288737750326,0.0,0.0,86.34535535822666,0.0,0.0,0.0,0.0,82.99065420560748,2.8751853693458,0.5061112268696969,74.43104237512993,45.41397272672797,30.07263977168505,Alan Rangel,0.34579439252336447,1.0,,4.924961231513405,1.402784400777089,PIT,-5.661180711473141,0.0,0.0,-0.8836288737750326,0.0,0.0
19243,0.0,0.0,0.0,0.0,0.0,1.3624067729236595,0.07699190745264124,1.3699031343453423,-1.806854232187876,-1.8987649019296606,-0.8963173193958935,0.0,0.0,104.00000000000001,0.0,0.0,0.0,0.0,97.7,5.0,0.5061112268696969,72.0,51.0,39.0,Wes Benjamin,0.0,1.0,,4.698055271238485,1.4636642784032754,PIT,-5.673869157094002,0.0,0.0,-0.8963173193958935,0.0,0.0
30158,0.0,0.0,0.0,0.0,0.0,0.2724813545847319,0.07699190745264124,0.2853964863219463,-0.83339384109726,-0.6987687543142324,-0.8972928470521729,0.0,0.0,19.0,0.0,0.0,0.0,0.0,17.2,1.0,0.5061112268696969,15.0,12.0,11.0,Chad Dallas,1.0,2.0,,6.279069767441861,1.744186046511628,PIT,-5.674844684750281,0.0,0.0,-1.7533206911909263,0.0,0.0
29357,0.0,0.0,0.0,0.0,0.0,1.5587711442979117,0.0,1.9877267182495444,-2.321211619009093,-2.1227337644312843,-0.8974475208929209,0.0,0.0,118.14952415753727,0.0,0.0,0.0,0.0,125.44999999999999,5.720652507300972,0.0,104.47185653192953,65.80987528990447,61.42787032483336,Walbert Ureña,0.5,1.195695496213631,,4.721314289431169,1.4314658786956609,PIT,-5.6749993585910286,0.0,0.0,-0.9809458516275367,0.0,0.0
5448,0.0,0.0,0.0,0.0,0.0,0.2724813545847319,0.07699190745264124,0.646898702329745,-0.8786177288890429,-1.0209961272024617,-0.9032418917243865,0.0,0.0,43.0,0.0,0.0,0.0,0.0,38.7,1.0,0.5061112268696969,34.0,21.0,17.0,Jesse Chavez,0.0,1.6795865633074933,,4.883720930232558,1.5503875968992247,PIT,-5.680793729422494,0.0,0.0,-1.4535990689438387,0.0,0.0
3237,0.0,0.0,0.0,0.0,0.0,0.2724813545847319,0.07699190745264124,0.41858151327218796,-0.8743886971177873,-0.7977295316656415,-0.9040634534738679,0.0,0.0,41.0,0.0,0.0,0.0,0.0,36.3,1.0,0.5061112268696969,22.0,20.0,13.0,T.J. McFarland,0.0,1.790633608815427,,4.958677685950414,1.4876033057851241,PIT,-5.681615291171976,0.0,0.0,-1.553770178127997,0.0,0.0
19374,0.0,0.0,0.0,0.0,0.0,1.7065015593980324,0.0,1.9829635461847817,-2.623154959175633,-1.980443711952668,-0.9141335655454874,0.0,0.0,122.81791280544749,0.0,0.0,0.0,0.0,120.55,6.262819567961931,0.0,104.22151154032777,65.79430079294194,48.74710256995187,Walker Buehler,0.5,1.244296972210701,,4.912058955922666,1.4231855277926118,PIT,-5.6916854032435955,0.0,0.0,-1.0183199391319713,0.0,0.0
19454,0.0,0.0,0.0,0.0,0.0,0.0,0.07699190745264124,0.7991101617014498,-1.0775852797856855,-0.7176378468604947,-0.9191210574920892,0.0,0.0,39.0,0.0,0.0,0.0,0.0,38.1,0.0,0.5061112268696969,42.0,22.0,16.0,Michael Rucker,1.0,1.7060367454068242,,5.196850393700787,1.4435695538057742,PIT,-5.696672895190197,0.0,0.0,-1.5057034496624937,0.0,0.0
24203,0.0,0.0,0.0,0.0,0.0,0.8174440637541958,0.07699190745264124,0.9703480534946175,-1.4299514725606064,-1.3610079549330356,-0.9261754027921876,0.0,0.0,50.0,0.0,0.0,0.0,0.0,52.3,3.0,0.5061112268696969,51.0,30.0,31.0,Luis Peralta,0.0,1.24282982791587,,5.162523900573614,1.5487571701720841,PIT,-5.703727240490296,0.0,0.0,-1.1178449377057562,0.0,0.0
33502,0.0,0.0,0.0,0.0,0.0,1.2197693482126257,0.0,1.1319801008646806,-2.059795995366285,-1.2189869634455874,-0.9270335097345663,0.0,0.0,86.67771388420107,0.0,0.0,0.0,0.0,80.83190621814474,4.4765240912413375,0.0,59.4951316037436,45.71462407712446,26.218631059792653,Sean Sullivan,0.2864424057084608,1.8557028655885979,,5.0899655339535235,1.3966804721803199,PIT,-5.704585347432674,0.0,0.0,-1.422913391398057,0.0,0.0
20418,0.0,0.0,0.0,0.0,0.0,1.0383173366084855,0.07699190745264124,0.5782780332548568,-1.2463619228440297,-1.3827407415935782,-0.9355153871216244,0.0,0.0,76.0483668521946,0.0,0.0,0.0,0.0,65.32876712328768,3.8105995846611442,0.5061112268696969,30.393403263689123,34.14852925455368,20.776971188497647,Josh Fleming,0.0410958904109589,1.0,,4.704462931482862,1.4821240673035299,PIT,-5.713067224819732,0.0,0.0,-0.9355153871216244,0.0,0.0
15474,0.0,0.0,0.0,0.0,0.0,1.2476882854630074,0.0,1.43827268125262,-1.72737252200539,-1.8961411495247154,-0.937552704814478,0.0,0.0,95.47108442178722,0.0,0.0,0.0,0.0,93.68320895522389,4.578985917640178,0.0,75.59339814174265,48.83483285363756,42.68457980942667,Lucas Giolito,0.34701492537313433,1.6011407131847166,,4.69148634621178,1.4747110583844938,PIT,-5.715104542512586,0.0,0.0,-1.2703184041805775,0.0,0.0
13707,0.0,0.0,0.0,0.0,0.0,0.5449627091694638,0.07699190745264124,0.5327401078009665,-1.108514960932361,-0.9873944760768126,-0.9412147125861022,0.0,0.0,48.99999999999999,0.0,0.0,0.0,0.0,45.0,2.0,0.5061112268696969,28.0,25.0,18.0,Joey Krehbiel,0.0,1.4444444444444444,,5.0,1.488888888888889,PIT,-5.718766550284211,0.0,0.0,-1.3137673398578236,0.0,0.0
31612,0.0,0.0,0.0,0.0,0.0,1.0343536694231776,0.0,1.3396942915346148,-1.8039318779478262,-1.51175457363766,-0.9416384906276938,0.0,0.0,74.95522784636394,0.0,0.0,0.0,0.0,75.55889698231009,3.7960530216812716,0.0,70.41226972342697,41.90090917800023,35.928130147682474,Carson Palmquist,0.27159209157127995,1.9852063223622511,,4.990916988773551,1.4675089555635852,PIT,-5.719190328325801,0.0,0.0,-1.5231090142638108,0.0,0.0
19736,0.0,0.0,0.0,0.0,0.0,0.8174440637541959,0.07699190745264124,1.084506648023396,-1.5461568377682846,-1.3803532988161007,-0.947567517354152,0.0,0.0,91.00000000000001,0.0,0.0,0.0,0.0,82.3,3.0000000000000004,0.5061112268696969,57.0,43.00000000000001,26.0,Caleb Boushley,0.0,1.0,,4.702308626974484,1.4216281895504255,PIT,-5.72511935505226,0.0,0.0,-0.947567517354152,0.0,0.0
13942,0.0,0.0,0.0,0.0,0.0,0.3455696867732851,0.07699190745264124,1.0043398682406963,-1.3131359704762937,-1.0691519484611707,-0.9553864564708416,0.0,0.0,71.03113207679338,0.0,0.0,0.0,0.0,66.05,1.2682324164893468,0.5061112268696969,52.786557458230256,34.868598407170374,22.125752259283125,Brent Suter,0.5,1.0,,4.751209472589453,1.4103994600465783,PIT,-5.7329382941689495,0.0,0.0,-0.9553864564708416,0.0,0.0
16233,0.0,0.0,0.0,0.0,0.0,0.37320919055637564,0.27532839913885776,0.6363221804803008,-1.402804101073268,-0.8399056376065936,-0.9578499685043274,0.0,0.0,40.91556907855772,0.0,0.0,0.0,0.0,39.712,1.369668728802216,1.809888837550245,33.44411429241389,24.690362881012984,17.72276315215703,Tejay Antone,0.44,1.6367848509266718,,5.595620113041822,1.47658975198214,PIT,-5.735401806202436,0.0,0.0,-1.4976660361398337,0.0,0.0
15043,0.0,0.0,0.0,0.0,0.0,0.49993294207240346,0.07699190745264124,0.6718750653173345,-1.0684493257337337,-1.1406333852492305,-0.9602827961405851,0.0,0.0,41.93800225975851,0.0,0.0,0.0,0.0,38.881578947368425,1.8347418407190217,0.5061112268696969,35.312719191613375,22.260679905316508,19.96955524560369,Lou Trivino III,0.07894736842105263,1.6717428087986461,,5.152725907017425,1.5922079087673526,PIT,-5.737834633838693,0.0,0.0,-1.532469037353036,0.0,0.0
27487,0.0,0.0,0.0,0.0,0.0,1.3944353335153912,0.07699190745264124,1.6261067752576073,-2.689261098218608,-1.368556306841339,-0.9602833888343072,0.0,0.0,99.80776687183783,0.0,0.0,0.0,0.0,100.27160493827161,5.11754404495142,0.5061112268696969,85.4656689828646,57.831498310117134,38.417890940952994,Landon Knack,0.13580246913580246,1.0,,5.190736551105072,1.378512470184198,PIT,-5.7378352265324155,0.0,0.0,-0.9602833888343072,0.0,0.0
27014,0.0,0.0,0.0,0.0,0.0,1.0741411055751666,0.07699190745264124,1.209677938924374,-1.8519308767694966,-1.4725085877592896,-0.9636285125766044,0.0,0.0,72.09173655360591,0.0,0.0,0.0,0.0,73.88681771369723,3.9420719528210775,0.5061112268696969,63.57881036908298,41.523371300997375,36.228229508463315,Jose Franco,0.27909371781668385,1.0,,5.057875724964367,1.4660255971748088,PIT,-5.741180350274712,0.0,0.0,-0.9636285125766044,0.0,0.0
21513,0.0,0.0,0.0,0.0,0.0,1.3624067729236595,0.07699190745264124,1.503088161295584,-1.7516673697810345,-2.1556537329518517,-0.9648342610610015,0.0,0.0,93.0,0.0,0.0,0.0,0.0,93.7,5.0,0.5061112268696969,79.0,49.00000000000001,49.00000000000001,Thaddeus Ward,0.0,1.0,,4.706510138740662,1.5154749199573105,PIT,-5.742386098759109,0.0,0.0,-0.9648342610610015,0.0,0.0
16094,0.0,0.0,0.0,0.0,0.0,1.0899254183389275,0.07699190745264124,0.875215891387302,-1.4774453488962365,-1.532069766783464,-0.9673818985008293,0.0,0.0,76.00000000000001,0.0,0.0,0.0,0.0,68.7,4.0,0.5061112268696969,46.0,37.0,27.0,Zach Thompson,0.0,1.0,,4.847161572052402,1.4992721979621544,PIT,-5.744933736198938,0.0,0.0,-0.9673818985008293,0.0,0.0
16703,0.0,0.0,0.0,0.0,0.0,0.2724813545847319,0.07699190745264124,0.7230044320155974,-0.8786177288890429,-1.1624274760009072,-0.9685675108369796,0.0,0.0,40.0,0.0,0.0,0.0,0.0,38.7,1.0,0.5061112268696969,38.0,21.0,22.0,Julian Merryweather,0.0,1.6795865633074933,,4.883720930232558,1.6020671834625322,PIT,-5.746119348535087,0.0,0.0,-1.558632929772618,0.0,0.0
18615,0.0,0.0,0.0,0.0,0.0,0.5449627091694638,0.07699190745264124,0.5898194050653558,-0.9995764229334625,-1.182709538711442,-0.9705119399574436,0.0,0.0,42.0,0.0,0.0,0.0,0.0,39.3,2.0,0.5061112268696969,31.0,22.0,21.0,Hobie Harris,0.0,1.6539440203562341,,5.038167938931298,1.6030534351145038,PIT,-5.748063777655552,0.0,0.0,-1.5350809527305747,0.0,0.0
29826,0.0,0.0,0.0,0.0,0.0,1.067187723554718,0.07699190745264124,1.1093820775838807,-2.2742370204834237,-0.9522916483290321,-0.9729669602212155,0.0,0.0,86.08332748409093,0.0,0.0,0.0,0.0,81.28436213991769,3.9165532084980184,0.5061112268696969,58.307414286055206,47.2851313084693,23.456740674069813,Brett Kerry,0.27983539094650206,1.0,,5.235523421389239,1.34761552252333,PIT,-5.750518797919324,0.0,0.0,-0.9729669602212155,0.0,0.0
21549,0.0,0.0,0.0,0.0,0.0,0.5449627091694638,0.07699190745264124,0.7800837292799866,-1.167695391516632,-1.2156942758316653,-0.9813513214462057,0.0,0.0,51.0,0.0,0.0,0.0,0.0,49.0,1.9999999999999998,0.5061112268696969,41.0,26.999999999999996,24.0,Jackson Kowar,0.0,1.3265306122448979,,4.959183673469387,1.530612244897959,PIT,-5.758903159144314,0.0,0.0,-1.2635925120745117,0.0,0.0
30008,0.0,0.0,0.0,0.0,0.0,0.5449627091694638,0.07699190745264124,0.5707929726438926,-0.9394396790787095,-1.2362101080009076,-0.9829021978136195,0.0,0.0,36.0,0.0,0.0,0.0,0.0,35.3,2.0,0.5061112268696969,29.999999999999996,20.0,23.0,Evan Justice,0.0,1.841359773371105,,5.09915014164306,1.671388101983003,PIT,-5.760454035511728,0.0,0.0,-1.719969604612714,0.0,0.0
13050,0.0,0.0,0.0,0.0,0.0,0.8174440637541958,0.07699190745264124,0.9703480534946175,-1.3560916731334012,-1.5027821878113716,-0.9940898362433184,0.0,0.0,75.0,0.0,0.0,0.0,0.0,65.7,3.0,0.5061112268696969,51.0,35.0,24.0,Anthony DeSclafani,0.0,1.0,,4.794520547945205,1.5068493150684932,PIT,-5.771641673941426,0.0,0.0,-0.9940898362433184,0.0,0.0
26443,0.0,0.0,0.0,0.0,0.0,1.3068827778587373,0.0,1.2777171033833852,-2.0435876014771743,-1.5353658480098382,-0.9943535682448899,0.0,0.0,88.14028186935528,0.0,0.0,0.0,0.0,88.94450084602369,4.7962282771621485,0.0,67.15484411791434,48.94627014511726,39.0482287256819,Sam Aldegheri,0.4077834179357022,1.6864449018570868,,4.952711265069165,1.42997610178531,PIT,-5.771905405942998,0.0,0.0,-1.4165659783132085,0.0,0.0
18335,0.0,0.0,0.0,0.0,0.0,0.2724813545847319,0.07699190745264124,0.5517665402224295,-0.9744605255257457,-0.9212330809347834,-0.9944538042007264,0.0,0.0,30.0,0.0,0.0,0.0,0.0,32.3,1.0,0.5061112268696969,29.0,19.0,21.0,Josh Staumont,0.0,2.0,,5.294117647058824,1.5789473684210529,PIT,-5.772005641898835,0.0,0.0,-1.8962389953233378,0.0,0.0
16408,0.0,0.0,0.0,0.0,0.0,0.2724813545847319,0.07699190745264124,0.5517665402224295,-0.9995764229334625,-0.8999766472021022,-0.998313267875762,0.0,0.0,39.0,0.0,0.0,0.0,0.0,39.3,1.0,0.5061112268696969,29.0,22.0,20.0,Victor González,0.0,1.6539440203562341,,5.038167938931298,1.5012722646310435,PIT,-5.77586510557387,0.0,0.0,-1.5900773541424833,0.0,0.0
10314,0.0,0.0,0.0,0.0,0.0,0.5449627091694638,0.07699190745264124,0.5707929726438926,-1.1538632667078483,-1.0458784663603289,-1.0069941438021797,0.0,0.0,52.0,0.0,0.0,0.0,0.0,44.3,2.0,0.5061112268696969,30.0,25.0,15.0,Erasmo Ramírez,0.0,1.4672686230248309,,5.07900677200903,1.5124153498871333,PIT,-5.784545981500288,0.0,0.0,-1.427050131855125,0.0,0.0
20010,0.0,0.0,0.0,0.0,0.0,0.4599735965868528,0.07699190745264124,0.6157684574724004,-1.2376652022181285,-0.9244546230584854,-1.0093858637647193,0.0,0.0,37.23675292847209,0.0,0.0,0.0,0.0,37.88433598183882,1.6880920064709144,0.5061112268696969,32.36384225020411,22.912523836752523,20.4307827328328,Wyatt Mills,0.20544835414301932,1.7157486944250528,,5.4432183958464515,1.5221999849476007,PIT,-5.786937701462827,0.0,0.0,-1.655840358730474,0.0,0.0
15968,0.0,0.0,0.0,0.0,0.0,0.5449627091694638,0.07699190745264124,0.646898702329745,-1.1036200918341943,-1.1757625053044936,-1.0105292781868378,0.0,0.0,42.0,0.0,0.0,0.0,0.0,37.7,2.0,0.5061112268696969,34.0,21.999999999999996,19.000000000000004,Brady Feigl,0.0,1.7241379310344827,,5.251989389920423,1.6180371352785146,PIT,-5.788081115884946,0.0,0.0,-1.6612487235059819,0.0,0.0
13801,0.0,0.0,0.0,0.0,0.0,0.2724813545847319,0.07699190745264124,0.7039779995941343,-1.0790339780300036,-0.9850777370769328,-1.0106604534754289,0.0,0.0,27.0,0.0,0.0,0.0,0.0,30.7,1.0,0.5061112268696969,37.0,19.0,23.0,Austin Adams,0.0,2.0,,5.570032573289902,1.6286644951140066,PIT,-5.7882122911735365,0.0,0.0,-1.9252141969830407,0.0,0.0
16977,0.0,0.0,0.0,0.0,0.0,0.8690931971404912,0.07699190745264124,0.9874673314066619,-1.58938550788314,-1.3652247748251014,-1.0210578467084472,0.0,0.0,73.30857706506929,0.0,0.0,0.0,0.0,63.80629370629371,3.18955107392581,0.5061112268696969,51.89976289473652,35.7140611996554,21.451327050327976,Trevor Williams,0.30069930069930073,1.0187082844711375,,5.037536771473592,1.4851184516622435,PIT,-5.798609684406555,0.0,0.0,-1.037450415302458,0.0,0.0
21093,0.0,0.0,0.0,0.0,0.0,0.2724813545847319,0.07699190745264124,0.6088458374868189,-1.0944279763114106,-0.8868686936525124,-1.022977570439731,0.0,0.0,42.0,0.0,0.0,0.0,0.0,40.3,1.0,0.5061112268696969,32.0,23.0,18.0,Nick Vespi,0.0,1.6129032258064517,,5.136476426799008,1.488833746898263,PIT,-5.800529408137839,0.0,0.0,-1.590277317668512,0.0,0.0
12988,0.0,0.0,0.0,0.0,0.0,0.5449627091694638,0.07699190745264124,0.7800837292799866,-0.9541373486026563,-1.4771557987580983,-1.029254801458663,0.0,0.0,41.0,0.0,0.0,0.0,0.0,40.0,2.0,0.5061112268696969,41.0,22.0,27.0,Andrew Chafin,0.0,1.625,,4.95,1.7,PIT,-5.806806639156771,0.0,0.0,-1.5979620178781406,0.0,0.0
33827,0.0,0.0,0.0,0.0,0.0,0.4767321143614413,0.07699190745264124,0.5698710776567645,-1.0810983550080715,-1.072321603641382,-1.0298248591786066,0.0,0.0,40.60415270025261,0.0,0.0,0.0,0.0,37.79012345679013,1.7495953625450535,0.5061112268696969,29.95154661858267,21.895946361663018,19.041212074713023,Woo-Suk Go,0.13580246913580246,1.7200261352499182,,5.214683076658719,1.5783320962993193,PIT,-5.807376696876714,0.0,0.0,-1.6951647051725458,0.0,0.0
22276,0.0,0.0,0.0,0.0,0.0,0.5449627091694638,0.07699190745264124,0.7039779995941343,-1.168776954056388,-1.1891179734642376,-1.0319623113043863,0.0,0.0,31.0,0.0,0.0,0.0,0.0,36.7,2.0,0.5061112268696969,37.0,22.0,29.0,Dylan Coleman,0.0,1.771117166212534,,5.395095367847411,1.6348773841961852,PIT,-5.809514149002494,0.0,0.0,-1.7384734743045795,0.0,0.0
19976,0.0,0.0,0.0,0.0,0.0,0.5449627091694638,0.07699190745264124,0.7610572968585235,-1.371716235833648,-1.0635219602979535,-1.052226282650973,0.0,0.0,48.0,0.0,0.0,0.0,0.0,48.3,1.9999999999999998,0.5061112268696969,40.0,28.0,24.0,Tyson Miller,0.0,1.3457556935817807,,5.217391304347826,1.4906832298136647,PIT,-5.829778120349081,0.0,0.0,-1.3747163117049652,0.0,0.0
19315,0.0,0.0,0.0,0.0,0.0,0.7299899732429719,0.07699190745264124,0.8817895823305814,-1.2919749987284102,-1.4497706541099409,-1.0529741898121565,0.0,0.0,44.82713475012607,0.0,0.0,0.0,0.0,47.71587708066581,2.6790455969198113,0.5061112268696969,46.345503076859735,27.2596680147431,31.97897911119066,Matt Krook,0.10371318822023047,1.3622300160199217,,5.141622184119864,1.6096552879342987,PIT,-5.830526027510265,0.0,0.0,-1.3856877210731033,0.0,0.0
16610,0.0,0.0,0.0,0.0,0.0,0.5449627091694638,0.07699190745264124,0.4756608105365772,-1.3551071569351008,-0.7977295316656415,-1.05522126144206,0.0,0.0,41.0,0.0,0.0,0.0,0.0,36.3,2.0,0.5061112268696969,25.0,23.0,13.0,J.P. Feyereisen,0.0,1.790633608815427,,5.702479338842975,1.4876033057851241,PIT,-5.832773099140168,0.0,0.0,-1.805907646669342,0.0,0.0
20099,0.0,0.0,0.0,0.0,0.0,0.9590366747417987,0.0,1.2487048468195514,-1.91772549224024,-1.35412494954963,-1.0641089202285199,0.0,0.0,99.08101795469037,0.0,0.0,0.0,0.0,88.58267716535433,3.519641467591034,0.0,65.63000457252978,47.9805290319242,25.01525202191614,Chris Paddack,0.44881889763779526,1.6933333333333334,,4.874821749643499,1.400909003291469,PIT,-5.841660757926628,0.0,0.0,-1.5614429844143896,0.0,0.0
14814,0.0,0.0,0.0,0.0,0.0,0.5449627091694638,0.07699190745264124,0.7420308644370605,-1.3424657078901483,-1.0898670412319005,-1.0683472680628834,0.0,0.0,46.99999999999999,0.0,0.0,0.0,0.0,46.3,2.0,0.5061112268696969,39.0,26.999999999999996,23.0,Buck Farmer,0.0,1.4038876889848813,,5.248380129589632,1.511879049676026,PIT,-5.845899105760991,0.0,0.0,-1.4516259116480807,0.0,0.0
27707,0.0,0.0,0.0,0.0,0.0,1.091175253279218,0.07699190745264124,1.2732036392697816,-1.9376645736533133,-1.5803701813698932,-1.0766639550215655,0.0,0.0,98.51853799118396,0.0,0.0,0.0,0.0,91.19873708381171,4.004586864089087,0.5061112268696969,66.91762339184106,49.184460724515695,32.02004521450784,Mitch Spence,0.1963260619977038,1.0,,4.853796891001202,1.4313639352892216,PIT,-5.854215792719674,0.0,0.0,-1.0766639550215655,0.0,0.0
12760,0.0,0.0,0.0,0.0,0.0,0.2724813545847319,0.07699190745264124,0.7610572968585235,-1.0890947694128528,-1.1030696681181138,-1.0816338786350699,0.0,0.0,43.0,0.0,0.0,0.0,0.0,45.3,1.0,0.5061112268696969,40.0,25.0,26.0,Rafael Montero,0.0,1.434878587196468,,4.966887417218543,1.5231788079470199,PIT,-5.859185716333178,0.0,0.0,-1.5051923903769815,0.0,0.0
22224,0.0,0.0,0.0,0.0,0.0,0.7671792285606881,0.07699190745264124,0.8722415494504087,-1.658743358047769,-1.1404973237564935,-1.0828279963405245,0.0,0.0,72.84395432992879,0.0,0.0,0.0,0.0,67.37837837837837,2.8155292670571446,0.5061112268696969,45.843673166308456,37.618446084850184,22.921315979391967,Jonathan Heasley,0.05405405405405406,1.0,,5.024846588951108,1.4213056564159119,PIT,-5.860379834038633,0.0,0.0,-1.0828279963405245,0.0,0.0
17701,0.0,0.0,0.0,0.0,0.0,0.2350661649860238,0.07699190745264124,0.5940377219610569,-1.0444253133073438,-0.9477187696168602,-1.086048288524482,0.0,0.0,32.82458861026627,0.0,0.0,0.0,0.0,32.652173913043484,0.8626871565001952,0.5061112268696969,31.221708242631053,19.578433278506953,18.965830145075337,Jose Cuas,0.2391304347826087,1.990679094540612,,5.396452315114432,1.5861246755963472,PIT,-5.86360012622259,0.0,0.0,-2.064974131239741,0.0,0.0
27669,0.0,0.0,0.0,0.0,0.0,1.4091227283011643,0.07699190745264124,1.4949208461979342,-2.5910262891217597,-1.4780067818790052,-1.0879975890490252,0.0,0.0,117.68465257617918,0.0,0.0,0.0,0.0,100.55,5.1714464296050675,0.5061112268696969,78.57073849070956,57.30360143002955,22.493483071367365,Tanner Gordon,0.5,1.0,,5.129114001693346,1.3941137309552116,PIT,-5.865549426747133,0.0,0.0,-1.0879975890490252,0.0,0.0
22253,0.0,0.0,0.0,0.0,0.0,0.2724813545847319,0.07699190745264124,0.8942423238087651,-1.1777989861100033,-1.1642348673696952,-1.0983182676335603,0.0,0.0,46.0,0.0,0.0,0.0,0.0,51.3,1.0,0.5061112268696969,47.0,28.000000000000004,31.000000000000004,Sean Reynolds,0.0,1.267056530214425,,4.912280701754387,1.5009746588693957,PIT,-5.875870105331669,0.0,0.0,-1.3609274880366924,0.0,0.0
19784,0.0,0.0,0.0,0.0,0.0,0.5449627091694638,0.07699190745264124,0.5898194050653558,-1.3878493164876398,-0.9239956914862035,-1.1000709862863824,0.0,0.0,44.0,0.0,0.0,0.0,0.0,40.7,2.0,0.5061112268696969,31.0,25.0,17.0,Justin Garza,0.0,1.597051597051597,,5.528255528255528,1.4987714987714986,PIT,-5.87762282398449,0.0,0.0,-1.689105099561641,0.0,0.0
15038,0.0,0.0,0.0,0.0,0.0,1.3367890951244483,0.09916824584310827,1.213322531274604,-2.3053387982858062,-1.4474654917732965,-1.103524417816942,0.0,0.0,89.91575693869657,0.0,0.0,0.0,0.0,86.30597014925372,4.9059837402883835,0.651888805340274,63.77036453275891,49.55731112719121,32.838111189670656,Germán Márquez,0.47761194029850745,1.7380025940337225,,5.167844117543676,1.422310274898505,PIT,-5.88107625551505,0.0,0.0,-1.6244462914087774,0.0,0.0
26419,0.0,0.0,0.0,0.0,0.0,1.207442854346044,0.07699190745264124,1.1986114108999906,-2.033385303233144,-1.5862502758866877,-1.136589406421156,0.0,0.0,99.36310151171881,0.0,0.0,0.0,0.0,95.32051282051282,4.431286156024202,0.5061112268696969,62.99717069122621,51.50181261320396,36.179310180784285,Bradley Blalock,0.10256410256410256,1.0,,4.862713174777294,1.4219647763302274,PIT,-5.914141244119264,0.0,0.0,-1.136589406421156,0.0,0.0
19891,0.0,0.0,0.0,0.0,0.0,0.8174440637541958,0.07699190745264124,0.7420308644370605,-1.5429454910681546,-1.2327608664012586,-1.1392395218255156,0.0,0.0,56.0,0.0,0.0,0.0,0.0,53.0,3.0,0.5061112268696969,39.0,31.0,24.0,Ryder Ryan,0.0,1.2264150943396226,,5.264150943396227,1.509433962264151,PIT,-5.916791359523623,0.0,0.0,-1.3663619529427842,0.0,0.0
12784,0.0,0.0,0.0,0.0,0.0,0.23632833506869602,0.07699190745264124,0.5216398155456516,-1.0315280468284274,-0.9488592836935091,-1.1454272724549477,0.0,0.0,35.03659968952236,0.0,0.0,0.0,0.0,30.561797752808992,0.8673192902643414,0.5061112268696969,27.41658572613997,18.648638790831512,14.290441398361224,Burch Smith,0.21348314606741572,2.0,,5.491749879211779,1.614009800302073,PIT,-5.922979110153056,0.0,0.0,-2.1990068632844384,0.0,0.0
27685,0.0,0.0,0.0,0.0,0.0,1.0899254183389275,0.07699190745264124,1.312823837080953,-2.194281775688838,-1.4322300487137625,-1.1467706615300788,0.0,0.0,90.0,0.0,0.0,0.0,0.0,86.7,4.0,0.5061112268696969,69.0,49.00000000000001,33.0,Carson Spiers,0.0,1.0,,5.086505190311419,1.4186851211072664,PIT,-5.924322499228187,0.0,0.0,-1.1467706615300788,0.0,0.0
27536,0.0,0.0,0.0,0.0,0.0,0.5449627091694638,0.07699190745264124,0.6849515671726711,-1.417155559884569,-1.0387909197895355,-1.1490402958793284,0.0,0.0,43.0,0.0,0.0,0.0,0.0,42.7,2.0,0.5061112268696969,36.0,26.000000000000004,22.000000000000004,Evan Kravetz,0.0,1.5222482435597189,,5.480093676814988,1.5222482435597189,PIT,-5.9265921335774365,0.0,0.0,-1.686180471013499,0.0,0.0
20038,0.0,0.0,0.0,0.0,0.0,1.0899254183389275,0.07699190745264124,1.4079559991882686,-2.5456045262838236,-1.180017633896365,-1.1507488352003512,0.0,0.0,102.0,0.0,0.0,0.0,0.0,95.7,4.0,0.5061112268696969,74.0,55.0,28.0,Darren McCaughan,0.0,1.0,,5.172413793103448,1.3584117032392895,PIT,-5.928300672898459,0.0,0.0,-1.1507488352003512,0.0,0.0
20631,0.0,0.0,0.0,0.0,0.0,0.2724813545847319,0.07699190745264124,0.5137136753795034,-0.8180520927058058,-1.2015264734570716,-1.1563916287460008,0.0,0.0,26.0,0.0,0.0,0.0,0.0,27.3,1.0,0.5061112268696969,27.0,16.0,23.0,Jordan Holloway,0.0,2.0,,5.274725274725275,1.794871794871795,PIT,-5.933943466444109,0.0,0.0,-2.228631716648648,0.0,0.0
15463,0.0,0.0,0.0,0.0,0.0,0.8174440637541958,0.07699190745264124,1.1225595128663222,-1.697843041192818,-1.4762015033932476,-1.1570490605129067,0.0,0.0,70.0,0.0,0.0,0.0,0.0,67.7,3.0,0.5061112268696969,59.0,38.0,31.0,José De León,0.0,1.0,,5.051698670605613,1.4918759231905465,PIT,-5.9346008982110146,0.0,0.0,-1.1570490605129067,0.0,0.0
15444,0.0,0.0,0.0,0.0,0.0,0.2724813545847319,0.07699190745264124,0.7610572968585235,-1.1538632667078483,-1.1162924137464736,-1.1596251215584252,0.0,0.0,45.0,0.0,0.0,0.0,0.0,44.3,1.0,0.5061112268696969,40.0,25.0,23.0,Zack Weiss,0.0,1.4672686230248309,,5.07900677200903,1.5349887133182845,PIT,-5.937176959256533,0.0,0.0,-1.649396596773503,0.0,0.0
19800,0.0,0.0,0.0,0.0,0.0,1.0899254183389275,0.07699190745264124,0.7230044320155974,-1.636403248808921,-1.4292291216640296,-1.1757106126657846,0.0,0.0,57.0,0.0,0.0,0.0,0.0,54.0,4.0,0.5061112268696969,38.0,32.0,27.0,Wil Crowe,0.0,1.2037037037037037,,5.333333333333333,1.5555555555555556,PIT,-5.9532624503638925,0.0,0.0,-1.3846005192085662,0.0,0.0
12323,0.0,0.0,0.0,0.0,0.0,0.5449627091694638,0.07699190745264124,0.4756608105365772,-1.1948676703293297,-1.0811126477165758,-1.1783648908872233,0.0,0.0,41.0,0.0,0.0,0.0,0.0,36.3,2.0,0.5061112268696969,25.0,22.0,17.0,Jacob Barnes,0.0,1.790633608815427,,5.454545454545455,1.5977961432506889,PIT,-5.955916728585331,0.0,0.0,-2.0216658154818634,0.0,0.0
13896,0.0,0.0,0.0,0.0,0.0,1.0899254183389275,0.07699190745264124,1.1606123777092485,-1.9744774542220207,-1.5461149050617948,-1.1930626557829982,0.0,0.0,89.0,0.0,0.0,0.0,0.0,85.3,4.0,0.5061112268696969,61.00000000000001,47.0,34.0,Chris Flexen,0.0,1.0,,4.9589683470105514,1.4419695193434936,PIT,-5.970614493481106,0.0,0.0,-1.1930626557829982,0.0,0.0
20369,0.0,0.0,0.0,0.0,0.0,0.8174440637541958,0.07699190745264124,1.084506648023396,-1.7260944320342744,-1.4497002906017158,-1.196852103405757,0.0,0.0,69.0,0.0,0.0,0.0,0.0,69.7,3.0,0.5061112268696969,57.0,39.0,34.0,Matt Manning,0.0,1.0,,5.03586800573888,1.4777618364418939,PIT,-5.974403941103866,0.0,0.0,-1.196852103405757,0.0,0.0
25480,0.0,0.0,0.0,0.0,0.0,0.9546455391884212,0.07699190745264124,1.1160895065151248,-1.7779650594766034,-1.5841419277544841,-1.2143800340749002,0.0,0.0,94.13602064645619,0.0,0.0,0.0,0.0,86.0886075949367,3.5035261060094327,0.5061112268696969,58.65994642569467,46.05087442967942,30.361701499685935,Chase Solesky,0.11392405063291139,1.0,,4.814317265034858,1.446157925238234,PIT,-5.991931871773009,0.0,0.0,-1.2143800340749002,0.0,0.0
17485,0.0,0.0,0.0,0.0,0.0,0.2724813545847319,0.07699190745264124,0.6278722699082819,-1.1296708581697363,-1.0678358202810545,-1.2201611465051359,0.0,0.0,37.0,0.0,0.0,0.0,0.0,37.3,0.9999999999999999,0.5061112268696969,33.0,22.0,22.0,Albert Abreu,0.0,1.742627345844504,,5.3083109919571045,1.5817694369973192,PIT,-5.997712984203244,0.0,0.0,-2.0461382932399346,0.0,0.0
16507,0.0,0.0,0.0,0.0,0.0,0.2724813545847319,0.07699190745264124,0.6088458374868189,-1.0944279763114106,-1.0987563030839678,-1.2348651798711865,0.0,0.0,41.0,0.0,0.0,0.0,0.0,40.3,1.0,0.5061112268696969,32.0,23.0,22.0,Dan Altavilla,0.0,1.6129032258064517,,5.136476426799008,1.5632754342431763,PIT,-6.012417017569295,0.0,0.0,-1.9256997560179305,0.0,0.0
26641,0.0,0.0,0.0,0.0,0.0,0.7455256342981391,0.07699190745264124,1.3620115566301354,-1.74524877376959,-1.6889212693098745,-1.2496409446985488,0.0,0.0,68.80936022887857,0.0,0.0,0.0,0.0,74.1578947368421,2.7360610983248304,0.5061112268696969,71.58523082307828,40.949513080115004,42.97702456902529,Wikelman González,0.07894736842105263,1.0,,4.969742183605158,1.5074104408517912,PIT,-6.027192782396657,0.0,0.0,-1.2496409446985488,0.0,0.0
14416,0.0,0.0,0.0,0.0,0.0,0.2720143190029515,0.07699190745264124,0.6640777287592625,-1.3116989713801872,-0.9520538528432224,-1.2506688690085546,0.0,0.0,42.18590074249488,0.0,0.0,0.0,0.0,39.64350927246791,0.9982859906781797,0.5061112268696969,34.90290318484186,24.09239316322148,17.958322375499126,Yunior Marte,0.0014265335235378034,1.6396126678205545,,5.469534419335098,1.5171266172382896,PIT,-6.028220706706662,0.0,0.0,-1.9795165882251262,0.0,0.0
19456,0.0,0.0,0.0,0.0,0.0,0.8174440637541958,0.07699190745264124,1.103533080444859,-1.7697579951072226,-1.4866907531486098,-1.2584796966041363,0.0,0.0,60.0,0.0,0.0,0.0,0.0,61.7,3.0,0.5061112268696969,58.0,36.0,34.0,Kyle Funkhouser,0.0,1.053484602917342,,5.251215559157212,1.5235008103727714,PIT,-6.036031534302245,0.0,0.0,-1.3172552740230485,0.0,0.0
22925,0.0,0.0,0.0,0.0,0.0,0.8174440637541956,0.07699190745264124,1.065480215601933,-1.715914390498609,-1.511887317585638,-1.267885521275477,0.0,0.0,73.0,0.0,0.0,0.0,0.0,72.3,2.9999999999999996,0.5061112268696969,56.0,40.0,34.0,Joan Adon,0.0,1.0,,4.979253112033195,1.479944674965422,PIT,-6.045437358973585,0.0,0.0,-1.267885521275477,0.0,0.0
20061,0.0,0.0,0.0,0.0,0.0,0.2724813545847319,0.07699190745264124,0.7230044320155974,-1.2541776100772508,-1.0987563030839678,-1.280456219108248,0.0,0.0,41.0,0.0,0.0,0.0,0.0,40.3,1.0,0.5061112268696969,38.0,24.0,22.0,Kaleb Ort,0.0,1.6129032258064517,,5.359801488833747,1.5632754342431763,PIT,-6.058008056806356,0.0,0.0,-1.9944599424954532,0.0,0.0
27877,0.0,0.0,0.0,0.0,0.0,0.6775257270914482,0.07699190745264124,0.7321893580843521,-1.433611748504236,-1.356410501792831,-1.3033152576686253,0.0,0.0,53.73063479283565,0.0,0.0,0.0,0.0,52.4946587537092,2.486503078803368,0.5061112268696969,38.48274557548653,30.1026067734065,27.435421971568292,Beck Way,0.30761622156280916,1.2382212122753762,,5.160971942531494,1.5461774338835732,PIT,-6.080867095366734,0.0,0.0,-1.5812007357190705,0.0,0.0
13287,0.0,0.0,0.0,0.0,0.0,0.2724813545847319,0.07699190745264124,0.4946872429580403,-1.054169863774577,-1.106358288986264,-1.3163676477654276,0.0,0.0,40.0,0.0,0.0,0.0,0.0,36.0,1.0,0.5061112268696969,26.0,21.0,18.0,Jesse Hahn,0.0,1.8055555555555556,,5.25,1.6111111111111112,PIT,-6.093919485463536,0.0,0.0,-2.2912878748786953,0.0,0.0
12808,0.0,0.0,0.0,0.0,0.0,1.0899254183389275,0.07699190745264124,1.1606123777092483,-1.8557195904866417,-1.7909489921912634,-1.3191388791770882,0.0,0.0,88.0,0.0,0.0,0.0,0.0,82.3,4.0,0.5061112268696969,61.0,45.0,35.0,Mike Clevinger,0.0,1.0,,4.921020656136088,1.49453219927096,PIT,-6.096690716875196,0.0,0.0,-1.3191388791770882,0.0,0.0
7836,0.0,0.0,0.0,0.0,0.0,0.5449627091694638,0.07699190745264124,0.5327401078009665,-1.3388822238793332,-1.137221112299728,-1.3214086117559898,0.0,0.0,42.0,0.0,0.0,0.0,0.0,39.0,2.0,0.5061112268696969,28.0,24.0,20.0,Hunter Strickland,0.0,1.6666666666666667,,5.538461538461538,1.5897435897435896,PIT,-6.098960449454098,0.0,0.0,-2.1213423403575,0.0,0.0
31953,0.0,0.0,0.0,0.0,0.0,1.122410998105672,0.07699190745264124,1.2092972562855393,-1.7558160148667565,-1.9743600488711934,-1.3214759018940974,0.0,0.0,82.3132581611165,0.0,0.0,0.0,0.0,79.76923076923077,4.119221294301965,0.5061112268696969,63.55880227558431,43.31727266176106,40.337040232416,Riley Cornelio,0.3269230769230769,1.0,,4.887291129629744,1.537564010719308,PIT,-6.099027739592206,0.0,0.0,-1.3214759018940974,0.0,0.0
23899,0.0,0.0,0.0,0.0,0.0,0.6770989099363179,0.07699190745264124,1.019030899393573,-1.8155348285994222,-1.2863843125989556,-1.3287974244158456,0.0,0.0,83.78174865233484,0.0,0.0,0.0,0.0,77.46603325415677,2.4849366701374223,0.5061112268696969,53.55869544119254,42.757714767508126,26.093784505953142,Valente Bellozo,0.168646080760095,1.0,,4.967589235465648,1.4183704591895072,PIT,-6.1063492621139535,0.0,0.0,-1.3287974244158456,0.0,0.0
23465,0.0,0.0,0.0,0.0,0.0,0.8174440637541958,0.07699190745264124,0.875215891387302,-1.7594316346778893,-1.3411078033309851,-1.3308875754147353,0.0,0.0,64.0,0.0,0.0,0.0,0.0,64.3,3.0,0.5061112268696969,46.0,36.99999999999999,31.0,Tommy Romero,0.0,1.010886469673406,,5.178849144634525,1.4774494556765163,PIT,-6.108439413112843,0.0,0.0,-1.343722010928227,0.0,0.0
17117,0.0,0.0,0.0,0.0,0.0,0.2724813545847319,0.07699190745264124,0.6088458374868189,-1.204288619432,-1.0873329480664324,-1.3333024679742405,0.0,0.0,32.0,0.0,0.0,0.0,0.0,33.7,1.0,0.5061112268696969,32.0,21.0,23.0,Austin Davis,0.0,1.9287833827893173,,5.608308605341246,1.632047477744807,PIT,-6.1108543056723486,0.0,0.0,-2.4671510370283762,0.0,0.0
24458,0.0,0.0,0.0,0.0,0.0,0.46796901492950665,0.07699190745264124,0.8735792022438039,-1.4963334166186457,-1.2577876672454298,-1.3355809592381236,0.0,0.0,46.7926874854007,0.0,0.0,0.0,0.0,49.30487804878049,1.7174349989660855,0.5061112268696969,45.913978138032235,29.19546594433671,29.1698925641723,Carlos Duran,0.14634146341463414,1.3183279742765273,,5.329273773663243,1.5406706811934174,PIT,-6.113132796936232,0.0,0.0,-1.7177393964331364,0.0,0.0
22310,0.0,0.0,0.0,0.0,0.0,0.5449627091694638,0.07699190745264124,0.6088458374868189,-1.3131260334707628,-1.2571203085187628,-1.3394458878806017,0.0,0.0,46.99999999999999,0.0,0.0,0.0,0.0,44.3,2.0,0.5061112268696969,32.0,26.0,23.0,Chris Rodriguez,0.0,1.4672686230248309,,5.282167042889391,1.580135440180587,PIT,-6.11699772557871,0.0,0.0,-1.9064052607514435,0.0,0.0
20638,0.0,0.0,0.0,0.0,0.0,0.2724813545847319,0.07699190745264124,0.45663437811511415,-1.054169863774577,-1.106358288986264,-1.3544205126083537,0.0,0.0,41.0,0.0,0.0,0.0,0.0,36.0,1.0,0.5061112268696969,24.0,21.0,17.0,Luis F. Castillo,0.0,1.8055555555555556,,5.25,1.6111111111111112,PIT,-6.131972350306462,0.0,0.0,-2.359994436400645,0.0,0.0
25650,0.0,0.0,0.0,0.0,0.0,1.0899254183389275,0.07699190745264124,0.8371630265443759,-1.8712355845165096,-1.4913080775424064,-1.3584633097229715,0.0,0.0,71.0,0.0,0.0,0.0,0.0,65.0,4.0,0.5061112268696969,44.0,38.0,27.0,Levi Stoudt,0.0,1.0,,5.2615384615384615,1.5076923076923077,PIT,-6.136015147421079,0.0,0.0,-1.3584633097229715,0.0,0.0
29823,0.0,0.0,0.0,0.0,0.0,1.0899254183389275,0.07699190745264124,1.103533080444859,-1.858063940926812,-1.7999285021778186,-1.3875420368682028,0.0,0.0,89.0,0.0,0.0,0.0,0.0,84.7,4.0,0.5061112268696969,58.0,46.0,37.0,Ky Bush,0.0,1.0,,4.887839433293979,1.487603305785124,PIT,-6.165093874566311,0.0,0.0,-1.3875420368682028,0.0,0.0
27582,0.0,0.0,0.0,0.0,0.0,1.6348881275083915,0.07699190745264124,1.3889295667668056,-3.056614853954657,-1.4573880691856647,-1.4131933214124834,0.0,0.0,102.0,0.0,0.0,0.0,0.0,97.3,6.0,0.5061112268696969,73.0,59.0,34.0,Davis Daniel,0.0,1.0,,5.457348406988695,1.3977389516957863,PIT,-6.190745159110591,0.0,0.0,-1.4131933214124834,0.0,0.0
12056,0.0,0.0,0.0,0.0,0.0,0.5449627091694638,0.07699190745264124,0.7039779995941343,-1.6027084619047642,-1.1427984454573312,-1.4195742911458562,0.0,0.0,46.0,0.0,0.0,0.0,0.0,42.3,2.0,0.5061112268696969,37.0,27.0,20.0,Scott McGough,0.0,1.5366430260047281,,5.74468085106383,1.5602836879432624,PIT,-6.197126128843964,0.0,0.0,-2.1091236817032915,0.0,0.0
19268,0.0,0.0,0.0,0.0,0.0,1.0899254183389275,0.07699190745264124,0.856189458965839,-1.9440807321920044,-1.5018869619206408,-1.4228609093552373,0.0,0.0,59.0,0.0,0.0,0.0,0.0,59.0,4.0,0.5061112268696969,45.0,36.0,32.0,Justin Dunn,0.0,1.1016949152542372,,5.491525423728813,1.5423728813559323,PIT,-6.200412747053345,0.0,0.0,-1.5503930678282987,0.0,0.0
23592,0.0,0.0,0.0,0.0,0.0,0.5449627091694638,0.07699190745264124,0.41858151327218796,-1.3388822238793332,-1.137221112299728,-1.4355672062847682,0.0,0.0,44.0,0.0,0.0,0.0,0.0,39.0,2.0,0.5061112268696969,22.0,24.0,18.0,Brett de Geus,0.0,1.6666666666666667,,5.538461538461538,1.5897435897435896,PIT,-6.213119043982877,0.0,0.0,-2.311606664572131,0.0,0.0
16561,0.0,0.0,0.0,0.0,0.0,1.0899254183389275,0.07699190745264124,1.274770972238027,-2.7362102856309627,-1.1505350387313924,-1.4450570263327593,0.0,0.0,99.0,0.0,0.0,0.0,0.0,92.7,3.9999999999999996,0.5061112268696969,67.0,55.0,27.0,Austin Gomber,0.0,1.0,,5.339805825242718,1.3592233009708738,PIT,-6.222608864030867,0.0,0.0,-1.4450570263327593,0.0,0.0
13761,0.0,0.0,0.0,0.0,0.0,0.2724813545847319,0.07699190745264124,0.646898702329745,-1.413927243843091,-1.0281270999401493,-1.4456823794161222,0.0,0.0,44.0,0.0,0.0,0.0,0.0,40.3,1.0,0.5061112268696969,34.0,25.0,18.0,Chris Stratton,0.0,1.6129032258064517,,5.583126550868487,1.5384615384615385,PIT,-6.22323421711423,0.0,0.0,-2.2582905918048404,0.0,0.0
8700,0.0,0.0,0.0,0.0,0.0,1.1086877139621851,0.0,1.3685722730939651,-2.275963301321636,-1.6542342098184595,-1.4529375240839453,0.0,0.0,95.29535136824418,0.0,0.0,0.0,0.0,89.8951754385965,4.06885717245443,0.0,71.93005198127022,50.84698788039935,34.77358647738614,Justin Verlander,0.23245614035087717,1.6686101258288162,,5.090627930707766,1.4468956449667847,PIT,-6.230489361782054,0.0,0.0,-2.145954545162595,0.0,0.0
25463,0.0,0.0,0.0,0.0,0.0,0.9098312237846203,0.0,1.0686305842080706,-1.8952856382874768,-1.5447368888234556,-1.4615607191182416,0.0,0.0,72.67813899001241,0.0,0.0,0.0,0.0,73.74358974358975,3.3390586492467524,0.0,56.16557852446283,41.7429296014043,36.51990907896073,Brandon Williamson,0.4017094017094017,2.0,,5.094495232994752,1.4807802067767568,PIT,-6.23911255681635,0.0,0.0,-2.563992647436121,0.0,0.0
27688,0.0,0.0,0.0,0.0,0.0,1.2248111846259784,0.0,1.1963553962635995,-2.263155605974488,-1.625903875073251,-1.4678929001581615,0.0,0.0,96.00290502765935,0.0,0.0,0.0,0.0,93.09701492537313,4.49502750928635,0.0,62.87859803470201,52.08387383989017,37.470929527697955,Jack Kochanowicz,0.47761194029850745,1.6112224448897796,,5.0351223928583195,1.4337069202739785,PIT,-6.245444737856269,0.0,0.0,-2.1132279605847675,0.0,0.0
6576,0.0,0.0,0.0,0.0,0.0,0.6955415315100987,0.0,1.0325189562243577,-1.7220624784558756,-1.5181195926717093,-1.5121215833931283,0.0,0.0,62.40159225671139,0.0,0.0,0.0,0.0,59.24299065420561,2.552620646539726,0.0,54.26760694556733,34.68990353888112,29.121233387041492,Robert Stock,0.34579439252336447,2.0,,5.269975880729219,1.5448718005807789,PIT,-6.289673421091236,0.0,0.0,-2.7466254864782607,0.0,0.0
15239,0.0,0.0,0.0,0.0,0.0,0.5449627091694638,0.07699190745264124,0.4946872429580403,-1.5641852855564595,-1.0797802087232988,-1.527323634699613,0.0,0.0,45.0,0.0,0.0,0.0,0.0,38.0,2.0,0.5061112268696969,26.0,25.0,15.0,Alan Busenitz,0.0,1.7105263157894737,,5.921052631578948,1.5789473684210527,PIT,-6.304875472397721,0.0,0.0,-2.520377478402846,0.0,0.0
8110,0.0,0.0,0.0,0.0,0.0,0.2724813545847319,0.07699190745264124,0.437607945693651,-1.1548178829720195,-1.1597597534820274,-1.5274964287230228,0.0,0.0,34.0,0.0,0.0,0.0,0.0,32.0,1.0,0.5061112268696969,23.0,20.0,20.0,Bryan Shaw,0.0,2.0,,5.625,1.6875,PIT,-6.305048266421131,0.0,0.0,-2.943012328470604,0.0,0.0
20018,0.0,0.0,0.0,0.0,0.0,0.5449627091694638,0.07699190745264124,0.7039779995941343,-1.6437788212784463,-1.2156942758316653,-1.5335404808938724,0.0,0.0,52.0,0.0,0.0,0.0,0.0,49.0,1.9999999999999998,0.5061112268696969,37.0,30.0,23.0,Parker Dunshee,0.0,1.3265306122448979,,5.510204081632653,1.530612244897959,PIT,-6.311092318591981,0.0,0.0,-1.9885089387648076,0.0,0.0
22273,0.0,0.0,0.0,0.0,0.0,0.8174440637541958,0.07699190745264124,1.084506648023396,-1.9383669480784735,-1.6233876859370429,-1.5828120147852833,0.0,0.0,85.0,0.0,0.0,0.0,0.0,81.0,3.0,0.5061112268696969,57.0,45.0,34.0,Owen White,0.0,1.0,,5.0,1.4691358024691359,PIT,-6.360363852483392,0.0,0.0,-1.5828120147852833,0.0,0.0
16929,0.0,0.0,0.0,0.0,0.0,0.5449627091694638,0.07699190745264124,1.103533080444859,-1.7594316346778893,-1.5491789658175321,-1.5831229034284573,0.0,0.0,62.0,0.0,0.0,0.0,0.0,64.3,2.0,0.5061112268696969,58.0,36.99999999999999,36.0,Touki Toussaint,0.0,1.010886469673406,,5.178849144634525,1.5241057542768275,PIT,-6.360674741126566,0.0,0.0,-1.5985928511264973,0.0,0.0
23135,0.0,0.0,0.0,0.0,0.0,0.5449627091694638,0.07699190745264124,0.8942423238087651,-1.464910593887242,-1.6433720657954753,-1.5920857192518472,0.0,0.0,68.0,0.0,0.0,0.0,0.0,64.0,2.0,0.5061112268696969,47.0,35.0,31.0,Eduardo Salazar,0.0,1.015625,,4.921875,1.546875,PIT,-6.3696375569499555,0.0,0.0,-1.6145818941284675,0.0,0.0
19666,0.0,0.0,0.0,0.0,0.0,0.8618345568922646,0.0,1.0716270848346678,-1.9402620322296296,-1.5904356050320845,-1.5972359955347817,0.0,0.0,84.19678254416326,0.0,0.0,0.0,0.0,76.33649337410804,3.162912039268599,0.0,56.32306998477554,43.096701204570444,28.75831421200146,Jason Alexander,0.2864424057084608,1.9649841559381516,,5.081060102410894,1.4796998363888305,PIT,-6.37478783323289,0.0,0.0,-2.777467136433261,0.0,0.0
13431,0.0,0.0,0.0,0.0,0.0,1.3624067729236595,0.07699190745264124,1.1225595128663222,-2.311906820604069,-1.869578623459464,-1.6195272508209102,0.0,0.0,94.0,0.0,0.0,0.0,0.0,89.7,5.0,0.5061112268696969,58.99999999999999,51.0,39.0,Marcus Stroman,0.0,1.0,,5.117056856187291,1.4827201783723523,PIT,-6.3970790885190185,0.0,0.0,-1.6195272508209102,0.0,0.0
13190,0.0,0.0,0.0,0.0,0.0,0.5449627091694638,0.07699190745264124,0.6659251347512081,-1.6512106027008002,-1.282252273370534,-1.645583124698021,0.0,0.0,47.0,0.0,0.0,0.0,0.0,44.0,2.0,0.5061112268696969,35.0,28.0,23.0,Jordan Weems,0.0,1.4772727272727273,,5.7272727272727275,1.5909090909090908,PIT,-6.423134962396129,0.0,0.0,-2.362339901372211,0.0,0.0
20042,0.0,0.0,0.0,0.0,0.0,0.2724813545847319,0.07699190745264124,0.3615022160077987,-1.4371081276013187,-0.9536650196123438,-1.6797976691684906,0.0,0.0,32.0,0.0,0.0,0.0,0.0,27.7,1.0,0.5061112268696969,19.0,20.0,13.999999999999998,Jesus Cruz,0.0,2.0,,6.498194945848375,1.660649819494585,PIT,-6.457349506866599,0.0,0.0,-3.2587370766125234,0.0,0.0
22092,0.0,0.0,0.0,0.0,0.0,0.8174440637541958,0.07699190745264124,1.1225595128663222,-1.9576056422221908,-1.8037053104947023,-1.744315468643734,0.0,0.0,97.0,0.0,0.0,0.0,0.0,88.0,3.0,0.5061112268696969,59.0,48.0,33.0,Kyle Tyler,0.0,1.0,,4.909090909090909,1.4772727272727273,PIT,-6.521867306341842,0.0,0.0,-1.744315468643734,0.0,0.0
19903,0.0,0.0,0.0,0.0,0.0,0.8174440637541958,0.07699190745264124,0.7039779995941343,-1.8593735115705412,-1.5125619327776423,-1.773521473547212,0.0,0.0,58.0,0.0,0.0,0.0,0.0,53.0,3.0,0.5061112268696969,37.0,33.0,26.0,Adonis Medina,0.0,1.2264150943396226,,5.60377358490566,1.5849056603773586,PIT,-6.55107331124532,0.0,0.0,-2.137673089186719,0.0,0.0
33026,0.0,0.0,0.0,0.0,0.0,0.8775499920626869,0.07699190745264124,1.2335071410919298,-2.2016772677987513,-1.7822377860964111,-1.7958660132879045,0.0,0.0,81.93342139340403,0.0,0.0,0.0,0.0,78.6105504587156,3.220587307341062,0.5061112268696969,64.83123655386132,45.7150858368089,36.52989257597355,Yunior Tur,0.19724770642201833,1.0,,5.23384927507099,1.5069645649103007,PIT,-6.573417850986012,0.0,0.0,-1.7958660132879045,0.0,0.0
15488,0.0,0.0,0.0,0.0,0.0,1.1836199934763065,0.37449664498196605,1.0828858385700717,-2.417835680144011,-2.035762457003131,-1.8125956601187978,0.0,0.0,96.42673486919614,0.0,0.0,0.0,0.0,81.25,4.343856831158857,2.461777642890519,56.914812750103586,48.19799239480385,28.89293139935186,Antonio Senzatela,0.5,1.0,,5.3388545421936575,1.5423958925359753,PIT,-6.590147497816906,0.0,0.0,-1.8125956601187978,0.0,0.0
16135,0.0,0.0,0.0,0.0,0.0,0.49722873627000574,0.07699190745264124,0.9473244060339523,-1.9256702146130193,-1.4088607741051007,-1.8129859389615206,0.0,0.0,79.3571699796461,0.0,0.0,0.0,0.0,69.55263157894737,1.824817470640493,0.5061112268696969,49.78991253059649,40.216852975684,22.87608393089411,Brandon Leibrandt,0.07894736842105263,1.0,,5.203996866320063,1.4698689552026212,PIT,-6.5905377766596285,0.0,0.0,-1.8129859389615206,0.0,0.0
13470,0.0,0.0,0.0,0.0,0.0,0.24113537926423714,0.07699190745264124,0.6102960253130238,-1.5573541806379234,-1.1856825346060846,-1.8146134032141057,0.0,0.0,30.873460675338205,0.0,0.0,0.0,0.0,34.237500000000004,0.8849610265323776,0.5061112268696969,32.07621963981903,23.418763123512672,26.150908631076298,Lucas Sims,0.125,1.8985031033223803,,6.156082310671457,1.6655529552804524,PIT,-6.592165240912214,0.0,0.0,-3.3241801935526385,0.0,0.0
19487,0.0,0.0,0.0,0.0,0.0,0.8174440637541958,0.07699190745264124,0.7991101617014498,-2.0000407914954628,-1.5384299738788592,-1.844924632466035,0.0,0.0,78.0,0.0,0.0,0.0,0.0,70.3,3.0,0.5061112268696969,42.0,41.0,26.999999999999996,Devin Smeltzer,0.0,1.0,,5.248933143669986,1.4935988620199148,PIT,-6.622476470164143,0.0,0.0,-1.844924632466035,0.0,0.0
19453,0.0,0.0,0.0,0.0,0.0,0.9155398153287343,0.07699190745264124,0.9995597514857215,-2.2671888295267393,-1.6031855594311062,-1.8782829146907485,0.0,0.0,86.88340012376358,0.0,0.0,0.0,0.0,74.34375000000001,3.3600090425417872,0.5061112268696969,52.535321879794516,44.3779243458042,23.879451586889406,Shaun Anderson,0.2708333333333333,1.0,,5.372359063300382,1.4898744240188713,PIT,-6.655834752388857,0.0,0.0,-1.8782829146907485,0.0,0.0
14975,0.0,0.0,0.0,0.0,0.0,0.5449627091694638,0.07699190745264124,0.9703480534946175,-1.7504324864096636,-1.7397550186709914,-1.8978848349639323,0.0,0.0,66.0,0.0,0.0,0.0,0.0,62.0,2.0,0.5061112268696969,51.0,36.0,32.0,Chad Kuhl,0.0,1.0483870967741935,,5.225806451612903,1.5806451612903225,PIT,-6.67543667266204,0.0,0.0,-1.981446165836432,0.0,0.0
21290,0.0,0.0,0.0,0.0,0.0,0.0,0.07699190745264124,0.5707929726438926,-1.289787600142346,-1.2802103521454535,-1.9222130721912656,0.0,0.0,40.0,0.0,0.0,0.0,0.0,37.3,0.0,0.5061112268696969,30.0,23.0,22.0,Lucas Gilbreath,0.0,1.742627345844504,,5.549597855227883,1.6621983914209117,PIT,-6.699764909889374,0.0,0.0,-3.25606619659355,0.0,0.0
6175,0.0,0.0,0.0,0.0,0.0,0.7346042008391567,0.17616015329574952,0.9670792709378712,-2.086936561755919,-1.7142852006308216,-1.923378137313963,0.0,0.0,78.40291811067837,0.0,0.0,0.0,0.0,69.26515151515152,2.695979700918292,1.158000032209971,50.82819782057203,41.13063203632415,27.907982421993978,Albert Suárez,0.4696969696969697,1.0,,5.344327995094946,1.5348396445710106,PIT,-6.700929975012071,0.0,0.0,-1.923378137313963,0.0,0.0
15047,0.0,0.0,0.0,0.0,0.0,0.0,0.07699190745264124,0.05707929726438927,-1.1472641842249864,-0.9533176386045621,-1.966510618112518,0.0,0.0,19.0,0.0,0.0,0.0,0.0,10.0,0.0,0.5061112268696969,3.0,11.0,6.0,Austin Voth,1.0,2.0,,9.9,2.5,PIT,-6.744062455810626,0.0,0.0,-3.899597230669783,0.0,0.0
16207,0.0,0.0,0.0,0.0,0.0,0.8174440637541958,0.07699190745264124,0.9703480534946175,-1.9829288174788098,-1.8678239525735665,-1.9859687453509218,0.0,0.0,80.0,0.0,0.0,0.0,0.0,73.0,3.0,0.5061112268696969,51.0,42.0,33.0,Spencer Turnbull,0.0,1.0,,5.178082191780822,1.547945205479452,PIT,-6.76352058304903,0.0,0.0,-1.9859687453509218,0.0,0.0
14361,0.0,0.0,0.0,0.0,0.0,0.519154364863296,0.07699190745264124,0.7526638863106458,-2.1379482547817497,-1.1971651176730203,-1.9863032138281866,0.0,0.0,77.64208063941273,0.0,0.0,0.0,0.0,65.61643835616438,1.9052839988060823,0.5061112268696969,39.55885526188244,39.95486754732614,16.84752023933994,Ty Blach,0.0410958904109589,1.0,,5.480239661501728,1.4400294079642892,PIT,-6.763855051526295,0.0,0.0,-1.9863032138281866,0.0,0.0
15423,0.0,0.0,0.0,0.0,0.0,1.3624067729236595,0.07699190745264124,1.5982203234028995,-2.9366063052188895,-2.131979559517258,-2.0309668609569473,0.0,0.0,115.0,0.0,0.0,0.0,0.0,104.0,5.0,0.5061112268696969,84.0,61.0,39.0,Andrew Heaney,0.0,1.0,,5.278846153846154,1.4807692307692308,PIT,-6.808518698655055,0.0,0.0,-2.0309668609569473,0.0,0.0
29833,0.0,0.0,0.0,0.0,0.0,1.0899254183389275,0.07699190745264124,1.274770972238027,-2.485181328474567,-1.9953712903324228,-2.038864320777394,0.0,0.0,73.0,0.0,0.0,0.0,0.0,77.3,4.0,0.5061112268696969,67.0,47.0,47.0,Nick Nastrini,0.0,1.0,,5.472186287192756,1.5523932729624839,PIT,-6.816416158475502,0.0,0.0,-2.038864320777394,0.0,0.0
19191,0.0,0.0,0.0,0.0,0.0,0.8174440637541958,0.07699190745264124,1.1225595128663222,-2.3662291803486415,-1.8571160282119383,-2.2063497244874206,0.0,0.0,88.0,0.0,0.0,0.0,0.0,84.0,3.0,0.5061112268696969,58.99999999999999,49.0,38.0,Robert Dugger,0.0,1.0,,5.25,1.5,PIT,-6.983901562185529,0.0,0.0,-2.2063497244874206,0.0,0.0
19979,0.0,0.0,0.0,0.0,0.0,1.0899254183389275,0.07699190745264124,0.9132687562302284,-2.267391987702442,-2.0590000552627896,-2.2462059609434344,0.0,0.0,93.0,0.0,0.0,0.0,0.0,80.7,3.9999999999999996,0.5061112268696969,48.00000000000001,47.0,31.999999999999996,Zach Plesac,0.0,1.0,,5.241635687732342,1.5489467162329615,PIT,-7.023757798641542,0.0,0.0,-2.2462059609434344,0.0,0.0
16256,0.0,0.0,0.0,0.0,0.0,1.8030127917021868,0.0,2.0294898911422274,-3.5542956256586864,-2.5250486322398644,-2.2468415750541366,0.0,0.0,162.47270580154782,0.0,0.0,0.0,0.0,136.95,6.617013462994638,0.0,106.66686461161406,78.84345276215817,37.00801080650321,Kyle Freeland,0.5,1.095290251916758,,5.181387914271074,1.4565952289744508,PIT,-7.024393412752245,0.0,0.0,-2.39960066810903,0.0,0.0
20237,0.0,0.0,0.0,0.0,0.0,1.0899254183389275,0.07699190745264124,1.2557445398165639,-2.3197732671431006,-2.362110054420709,-2.2592214559556774,0.0,0.0,98.99999999999999,0.0,0.0,0.0,0.0,92.0,4.0,0.5061112268696969,66.0,51.99999999999999,44.0,Tyler Ivey,0.0,1.0,,5.08695652173913,1.5543478260869565,PIT,-7.036773293653786,0.0,0.0,-2.2592214559556774,0.0,0.0
21446,0.0,0.0,0.0,0.0,0.0,1.217337377474283,0.0,1.5734319584576533,-2.8685436118304133,-2.1988424254500196,-2.2766167013484964,0.0,0.0,109.81483344096047,0.0,0.0,0.0,0.0,105.15,4.4675988172825045,0.0,82.69716169610004,61.0306681835161,46.5575170688856,Ryan Feltner,0.5,1.4265335235378032,,5.223737647661863,1.4871360010446604,PIT,-7.0541685390466045,0.0,0.0,-3.0187434798814947,0.0,0.0
15817,0.0,0.0,0.0,0.0,0.0,0.0,0.07699190745264124,0.6088458374868189,-1.404154352999304,-1.5750552140487868,-2.2933718221086306,0.0,0.0,39.0,0.0,0.0,0.0,0.0,38.0,0.0,0.5061112268696969,32.0,24.0,28.0,Erick Mejia,0.0,1.7105263157894737,,5.684210526315789,1.763157894736842,PIT,-7.070923659806739,0.0,0.0,-3.819109405903406,0.0,0.0
10835,0.0,0.0,0.0,0.0,0.0,0.8174440637541958,0.07699190745264124,0.7230044320155974,-2.2300484691447084,-1.6878930741419038,-2.3005011400641777,0.0,0.0,77.0,0.0,0.0,0.0,0.0,64.3,3.0,0.5061112268696969,38.0,40.0,23.0,Michael Mariot,0.0,1.010886469673406,,5.598755832037325,1.5552099533437014,PIT,-7.078052977762286,0.0,0.0,-2.3234573833471996,0.0,0.0
26171,0.0,0.0,0.0,0.0,0.0,0.8174440637541958,0.07699190745264124,1.0464537831804699,-2.7958944697498285,-1.4458759066559463,-2.300880622018468,0.0,0.0,81.0,0.0,0.0,0.0,0.0,77.3,3.0,0.5061112268696969,55.0,49.0,31.0,Connor Gillispie,0.0,1.0,,5.705045278137129,1.4489003880983182,PIT,-7.078432459716576,0.0,0.0,-2.300880622018468,0.0,0.0
4676,0.0,0.0,0.0,0.0,0.0,1.3624067729236595,0.07699190745264124,1.8075110800389935,-2.967532554778571,-2.6292132907782606,-2.349836085141537,0.0,0.0,102.0,0.0,0.0,0.0,0.0,98.7,5.0,0.5061112268696969,95.0,59.0,53.0,Charlie Morton,0.0,1.0,,5.379939209726444,1.5704154002026343,PIT,-7.127387922839645,0.0,0.0,-2.349836085141537,0.0,0.0
18498,0.0,0.0,0.0,0.0,0.0,1.0899254183389275,0.07699190745264124,1.1986652425521747,-2.8299895183496715,-1.9254626076908725,-2.3898695576968008,0.0,0.0,93.0,0.0,0.0,0.0,0.0,84.0,4.0,0.5061112268696969,63.0,52.0,34.0,Kenta Maeda,0.0,1.0,,5.571428571428571,1.5119047619047619,PIT,-7.167421395394909,0.0,0.0,-2.3898695576968008,0.0,0.0
17425,0.0,0.0,0.0,0.0,0.0,1.543552477574852,0.07699190745264124,1.636454770888117,-3.203075445749038,-2.4607502503514334,-2.406826540184861,0.0,0.0,131.02962541000576,0.0,0.0,0.0,0.0,119.6,5.664800367449959,0.5061112268696969,86.00954370416214,69.25117680854586,46.61050893568101,Erick Fedde,0.5,1.0,,5.211208957164823,1.4852854042281503,PIT,-7.184378377882969,0.0,0.0,-2.406826540184861,0.0,0.0
11423,0.0,0.0,0.0,0.0,0.0,1.0956750947397322,0.0,0.8866011536198531,-2.0290767427115464,-2.386788860677314,-2.433589355029275,0.0,0.0,91.75214544821837,0.0,0.0,0.0,0.0,80.28688524590163,4.021101173728262,0.0,46.598391857199026,45.29227278079194,37.5356992320062,Jose Quintana,0.4262295081967213,1.868300153139357,,5.077173610342987,1.6103233334341398,PIT,-7.211141192727383,0.0,0.0,-4.140482164530242,0.0,0.0
11589,0.0,0.0,0.0,0.0,0.0,0.5449627091694638,0.07699190745264124,0.7800837292799866,-2.0194952615308783,-1.8900051907383077,-2.5074621063670945,0.0,0.0,70.0,0.0,0.0,0.0,0.0,62.7,2.0,0.5061112268696969,41.0,38.0,31.0,José Ureña,0.0,1.036682615629984,,5.454545454545454,1.6108452950558212,PIT,-7.285013944065202,0.0,0.0,-2.5924215179864536,0.0,0.0
16904,0.0,0.0,0.0,0.0,0.0,0.8174440637541958,0.07699190745264124,1.2176916749736375,-2.7140142838996653,-1.9673940415306521,-2.569280679249843,0.0,0.0,125.0,0.0,0.0,0.0,0.0,102.7,3.0,0.5061112268696969,63.99999999999999,59.0,25.0,Aaron Wilkerson,0.0,1.0,,5.170399221032132,1.4605647517039921,PIT,-7.346832516947951,0.0,0.0,-2.569280679249843,0.0,0.0
11176,0.0,0.0,0.0,0.0,0.0,1.0899254183389275,0.07699190745264124,0.875215891387302,-2.4760911141051,-2.1414845806943483,-2.575442477620577,0.0,0.0,101.0,0.0,0.0,0.0,0.0,84.7,4.0,0.5061112268696969,46.0,50.0,30.0,David Buchanan,0.0,1.0,,5.312868949232586,1.5466351829988194,PIT,-7.352994315318686,0.0,0.0,-2.575442477620577,0.0,0.0
13684,0.0,0.0,0.0,0.0,0.0,0.8174440637541958,0.07699190745264124,0.9513216210731544,-2.257731247947055,-2.171151163889264,-2.5831248195563274,0.0,0.0,86.0,0.0,0.0,0.0,0.0,76.0,3.0,0.5061112268696969,50.0,45.0,35.0,John Gant,0.0,1.0,,5.328947368421052,1.5921052631578947,PIT,-7.3606766572544355,0.0,0.0,-2.5831248195563274,0.0,0.0
35321,0.0,0.0,0.0,0.0,0.0,1.7934079133777407,0.0,1.4547119962076498,-3.426770557135715,-2.462287044056067,-2.640937691606392,0.0,0.0,157.29209632027994,0.0,0.0,0.0,0.0,130.25,6.581763791181005,0.0,76.45742323014993,75.18654149629096,33.17767057221938,Tomoyuki Sugano,0.5,1.1516314779270633,,5.195231274215882,1.4623398609788814,PIT,-7.4184895293045,0.0,0.0,-2.946826192446978,0.0,0.0
11836,0.0,0.0,0.0,0.0,0.0,0.89154796345425,0.0,1.0405242265663608,-2.5874964933515936,-1.9967028508711213,-2.652127154202104,0.0,0.0,90.8145562770514,0.0,0.0,0.0,0.0,79.21735357917571,3.2719595247645126,0.0,54.6883516319423,48.45207074453783,31.50077533761746,Taijuan Walker,0.24078091106290672,1.8935245021796754,,5.504710988167524,1.544047182697385,PIT,-7.429678991900213,0.0,0.0,-4.587965617332925,0.0,0.0
12880,0.0,0.0,0.0,0.0,0.0,1.0899254183389275,0.07699190745264124,1.484061728874121,-2.8923210085351108,-2.4120652783995675,-2.6534072322689886,0.0,0.0,113.0,0.0,0.0,0.0,0.0,104.7,4.0,0.5061112268696969,78.0,61.0,46.0,Tyler Anderson,0.0,1.0,,5.243553008595988,1.5186246418338107,PIT,-7.430959069967097,0.0,0.0,-2.6534072322689886,0.0,0.0
14309,0.0,0.0,0.0,0.0,0.0,1.0899254183389275,0.07699190745264124,1.274770972238027,-2.9845762976833483,-2.1305023461276544,-2.673390345781407,0.0,0.0,90.0,0.0,0.0,0.0,0.0,84.0,4.0,0.5061112268696969,67.0,53.0,40.0,Frankie Montas,0.0,1.0,,5.678571428571429,1.5476190476190477,PIT,-7.4509421834795155,0.0,0.0,-2.673390345781407,0.0,0.0
11121,0.0,0.0,0.0,0.0,0.0,1.0899254183389275,0.07699190745264124,0.856189458965839,-2.773005970225327,-1.92893574373335,-2.6788349292012694,0.0,0.0,109.0,0.0,0.0,0.0,0.0,87.3,4.0,0.5061112268696969,45.0,53.00000000000001,22.0,Casey Lawrence,0.0,1.0,,5.463917525773197,1.5005727376861397,PIT,-7.456386766899378,0.0,0.0,-2.6788349292012694,0.0,0.0
15846,0.0,0.0,0.0,0.0,0.0,1.0899254183389275,0.07699190745264124,0.8371630265443759,-2.7772774774522873,-1.9793930461009206,-2.752590171217263,0.0,0.0,97.0,0.0,0.0,0.0,0.0,80.0,4.0,0.5061112268696969,44.0,50.0,26.0,Adam Plutko,0.0,1.0,,5.625,1.5375,PIT,-7.530142008915371,0.0,0.0,-2.752590171217263,0.0,0.0
25804,0.0,0.0,0.0,0.0,0.0,0.5449627091694638,0.07699190745264124,0.6659251347512081,-2.6247170405335214,-1.469383828588333,-2.8062211177485414,0.0,0.0,86.0,0.0,0.0,0.0,0.0,70.3,2.0,0.5061112268696969,35.0,45.0,18.0,Randy Wynne,0.0,1.0,,5.761024182076814,1.4793741109530585,PIT,-7.5837729554466495,0.0,0.0,-2.8062211177485414,0.0,0.0
10123,0.0,0.0,0.0,0.0,0.0,1.0899254183389275,0.07699190745264124,1.5411410261385101,-2.9040139836110543,-2.6154103706619427,-2.811366002342918,0.0,0.0,112.0,0.0,0.0,0.0,0.0,99.7,4.0,0.5061112268696969,81.0,59.0,44.0,Kyle Gibson,0.0,1.0,,5.325977933801404,1.5646940822467401,PIT,-7.5889178400410255,0.0,0.0,-2.811366002342918,0.0,0.0
9323,0.0,0.0,0.0,0.0,0.0,1.1793218523163487,0.09916824584310827,1.3703371042936312,-3.161667844048371,-2.3792419760610195,-2.892082617656303,0.0,0.0,109.14151372084693,0.0,0.0,0.0,0.0,91.85,4.328082756758397,0.651888805340274,72.0228087924565,57.415829406675584,33.93039253270076,Patrick Corbin,0.5,1.6330974414806751,,5.625938646271968,1.557669093669545,PIT,-7.6696344553544105,0.0,0.0,-4.351551923884177,0.0,0.0
12272,0.0,0.0,0.0,0.0,0.0,0.816041752758094,0.07699190745264124,0.7020239915532634,-2.5361584960969066,-2.0959929506448804,-3.037093794977788,0.0,0.0,82.82433674478735,0.0,0.0,0.0,0.0,67.20413694721826,2.994853552463291,0.5061112268696969,36.89730034524672,43.15248326463891,26.540401110605156,Aaron Brooks,0.0014265335235378034,1.0,,5.778994672407974,1.6273512736468432,PIT,-7.814645632675896,0.0,0.0,-3.037093794977788,0.0,0.0
12049,0.0,0.0,0.0,0.0,0.0,1.0899254183389275,0.07699190745264124,1.29379740465949,-3.3876125484869317,-2.1830841183303797,-3.1099819363662524,0.0,0.0,119.0,0.0,0.0,0.0,0.0,101.7,4.0,0.5061112268696969,68.0,63.0,33.0,Kyle Hendricks,0.0,1.0,,5.575221238938053,1.494591937069813,PIT,-7.8875337740643605,0.0,0.0,-3.1099819363662524,0.0,0.0
27488,0.0,0.0,0.0,0.0,0.0,0.8174440637541958,0.07699190745264124,0.9703480534946174,-2.483707930309961,-2.498981207184414,-3.1179051127929207,0.0,0.0,101.0,0.0,0.0,0.0,0.0,87.0,3.0,0.5061112268696969,50.99999999999999,50.99999999999999,38.0,Karl Kauffmann,0.0,1.0,,5.275862068965517,1.5977011494252873,PIT,-7.895456950491029,0.0,0.0,-3.1179051127929207,0.0,0.0
9434,0.0,0.0,0.0,0.0,0.0,0.8174440637541958,0.07699190745264124,0.7610572968585235,-2.212394472500677,-2.5721994348960737,-3.1291006393313903,0.0,0.0,84.0,0.0,0.0,0.0,0.0,67.0,3.0,0.5061112268696969,40.0,41.0,32.0,Dallas Keuchel,0.0,1.0,,5.507462686567164,1.7313432835820894,PIT,-7.906652477029498,0.0,0.0,-3.1291006393313903,0.0,0.0
13339,0.0,0.0,0.0,0.0,0.0,0.8174440637541958,0.07699190745264124,0.8371630265443759,-2.6488567710496973,-2.226179167029309,-3.1434369403277937,0.0,0.0,98.0,0.0,0.0,0.0,0.0,82.0,3.0,0.5061112268696969,44.0,50.0,31.0,Adrian Sampson,0.0,1.0,,5.487804878048781,1.5731707317073171,PIT,-7.920988778025902,0.0,0.0,-3.1434369403277937,0.0,0.0
9803,0.0,0.0,0.0,0.0,0.0,1.399047404968409,0.07699190745264124,1.2531265106797458,-3.8902453834484114,-2.071072668661392,-3.2321522290090074,0.0,0.0,136.87466040766444,0.0,0.0,0.0,0.0,114.5,5.134470235956477,0.5061112268696969,65.8624004185953,71.67101857565925,28.80274384276127,Miles Mikolas,0.5,1.0,,5.633529844374962,1.4469642292613598,PIT,-8.009704066707116,0.0,0.0,-3.2321522290090074,0.0,0.0
8779,0.0,0.0,0.0,0.0,0.0,0.8174440637541958,0.07699190745264124,0.7230044320155974,-3.0214954912291456,-1.9220256205885176,-3.326080708595229,0.0,0.0,80.0,0.0,0.0,0.0,0.0,69.0,3.0,0.5061112268696969,38.0,47.0,29.0,Wade Miley,0.0,1.0,,6.130434782608695,1.5797101449275361,PIT,-8.103632546293337,0.0,0.0,-3.326080708595229,0.0,0.0
6632,0.0,0.0,0.0,0.0,0.0,0.8861669455138746,0.07699190745264124,0.9852464203301224,-2.9729988817200432,-2.302921464662443,-3.327515073085848,0.0,0.0,96.26175130242875,0.0,0.0,0.0,0.0,76.94245939675176,3.252211318695234,0.5061112268696969,51.78303522728194,49.991360689377096,27.786490195266516,Carlos Carrasco,0.1879350348027842,1.0,,5.847515789486033,1.6122209046898772,PIT,-8.105066910783956,0.0,0.0,-3.327515073085848,0.0,0.0
19206,0.0,0.0,0.0,0.0,0.0,1.0899254183389275,0.07699190745264124,1.1035330804448593,-3.196832879823473,-2.4120652783995675,-3.3384477519866125,0.0,0.0,119.0,0.0,0.0,0.0,0.0,104.7,4.0,0.5061112268696969,58.00000000000001,63.00000000000001,40.0,Dakota Hudson,0.0,1.0,,5.415472779369629,1.5186246418338107,PIT,-8.115999589684721,0.0,0.0,-3.3384477519866125,0.0,0.0
4806,0.0,0.0,0.0,0.0,0.0,1.0899254183389275,0.07699190745264124,1.1606123777092485,-3.2360539290962422,-2.443147211206219,-3.351671436801644,0.0,0.0,87.0,0.0,0.0,0.0,0.0,77.7,4.0,0.5061112268696969,61.00000000000001,51.99999999999999,40.0,Rich Hill,0.0,1.0,,6.023166023166022,1.6344916344916345,PIT,-8.129223274499752,0.0,0.0,-3.351671436801644,0.0,0.0
14843,0.0,0.0,0.0,0.0,0.0,1.5891874184541226,0.0,1.8115852871435585,-3.6362690263464867,-3.2497258994871867,-3.4852222202359924,0.0,0.0,150.4144512053985,0.0,0.0,0.0,0.0,130.15,5.83227949991691,0.0,95.21413405384233,76.54622534007551,51.84955272357144,Michael Lorenzen,0.5,1.1525163273146368,,5.2932464699245445,1.5540837797077982,PIT,-8.2627740579341,0.0,0.0,-3.9055806584692854,0.0,0.0
9174,0.0,0.0,0.0,0.0,0.0,0.8174440637541958,0.07699190745264124,0.7991101617014498,-2.810747478677479,-2.857571126229323,-3.9747724719985156,0.0,0.0,107.00000000000001,0.0,0.0,0.0,0.0,84.3,3.0,0.5061112268696969,42.0,52.0,34.0,Casey Kelly,0.0,1.0,,5.551601423487544,1.6725978647686834,PIT,-8.752324309696624,0.0,0.0,-3.9747724719985156,0.0,0.0
