season,team,player,fg_id,match,salary,log_salary,pos,pos_group,role,rp_prior1,rp_prior2,rp_prior_best,rp_prior_mean,PA_prior1,IP_prior1,SV_prior1,PA_prior2,IP_prior2,SV_prior2,played_prior1,played_prior2,has_prior_window,no_prior_line,auction_tenure,ever_bought_before,last_salary,last_salary_season,years_since_last,birth_year,age,rp_realized,played
2022,Spehr's Army,Starling Marte,9241,exact,42,3.7376696182833684,OF,OF,HIT,0.0,0.0,0.0,0.0,0.0,0.0,0.0,0.0,0.0,0.0,0,0,0,0,0,0,,,,1988.0,34.0,10.229110739914963,True
2022,Pookie 2.0,Ronald Acuna Jr.,18401,exact,40,3.6888794541139363,OF,OF,HIT,0.0,0.0,0.0,0.0,0.0,0.0,0.0,0.0,0.0,0.0,0,0,0,0,0,0,,,,1997.0,25.0,9.841230068887343,True
2022,Producers,Matt Olson,14344,exact,39,3.6635616461296463,1B,CI,HIT,0.0,0.0,0.0,0.0,0.0,0.0,0.0,0.0,0.0,0.0,0,0,0,0,0,0,,,,1994.0,28.0,10.109064435329072,True
2022,Who's On First,Freddie Freeman,5361,exact,39,3.6635616461296463,1B,CI,HIT,0.0,0.0,0.0,0.0,0.0,0.0,0.0,0.0,0.0,0.0,0,0,0,0,0,0,,,,1989.0,33.0,15.14541387765407,True
2022,Producers,Paul Goldschmidt,9218,exact,36,3.58351893845611,CI,CI,HIT,0.0,0.0,0.0,0.0,0.0,0.0,0.0,0.0,0.0,0.0,0,0,0,0,0,0,,,,1987.0,35.0,15.46975799819599,True
2022,Who's On First,Aaron Nola,16149,exact,32,3.4657359027997265,P,SP,PIT,0.0,0.0,0.0,0.0,0.0,0.0,0.0,0.0,0.0,0.0,0,0,0,0,0,0,,,,1993.0,29.0,14.649705545739442,True
2022,Milwaukee Beers,Ketel Marte,13613,exact,32,3.4657359027997265,OF,OF,HIT,0.0,0.0,0.0,0.0,0.0,0.0,0.0,0.0,0.0,0.0,0,0,0,0,0,0,,,,1993.0,29.0,5.943713120707032,True
2022,Micks,Joe Musgrove,12970,exact,31,3.4339872044851463,P,SP,PIT,0.0,0.0,0.0,0.0,0.0,0.0,0.0,0.0,0.0,0.0,0,0,0,0,0,0,,,,1992.0,30.0,12.017914259205185,True
2022,Micks,Kyle Schwarber,16478,exact,30,3.4011973816621555,OF,OF,HIT,0.0,0.0,0.0,0.0,0.0,0.0,0.0,0.0,0.0,0.0,0,0,0,0,0,0,,,,1993.0,29.0,11.625704941328763,True
2022,Producers,Zack Wheeler,10310,exact,29,3.367295829986474,P,SP,PIT,0.0,0.0,0.0,0.0,0.0,0.0,0.0,0.0,0.0,0.0,0,0,0,0,0,0,,,,1990.0,32.0,12.39240832691841,True
2022,Producers,Kenley Jansen,3096,exact,29,3.367295829986474,P,SP,PIT,0.0,0.0,0.0,0.0,0.0,0.0,0.0,0.0,0.0,0.0,0,0,0,0,0,0,,,,1987.0,35.0,13.37116101710934,True
2022,Who's On First,Nolan Arenado,9777,exact,29,3.367295829986474,3B,CI,HIT,0.0,0.0,0.0,0.0,0.0,0.0,0.0,0.0,0.0,0.0,0,0,0,0,0,0,,,,1991.0,31.0,11.928612910251752,True
2022,Pookie 2.0,Francisco Lindor,12916,exact,28,3.332204510175204,U,UTIL,HIT,0.0,0.0,0.0,0.0,0.0,0.0,0.0,0.0,0.0,0.0,0,0,0,0,0,0,,,,1993.0,29.0,12.990322740840448,True
2022,Moben,Christian Yelich,11477,exact,27,3.295836866004329,OF,OF,HIT,0.0,0.0,0.0,0.0,0.0,0.0,0.0,0.0,0.0,0.0,0,0,0,0,0,0,,,,1991.0,31.0,9.492107131394995,True
2022,Milwaukee Beers,Max Muncy,13301,exact,27,3.295836866004329,1B,CI,HIT,0.0,0.0,0.0,0.0,0.0,0.0,0.0,0.0,0.0,0.0,0,0,0,0,0,0,,,,1990.0,32.0,5.540950809293096,True
2022,Moben,Willy Adames,15986,exact,26,3.258096538021482,U,UTIL,HIT,0.0,0.0,0.0,0.0,0.0,0.0,0.0,0.0,0.0,0.0,0,0,0,0,0,0,,,,1995.0,27.0,10.35549342053439,True
2022,Spehr's Army,Yu Darvish,13074,exact,26,3.258096538021482,P,SP,PIT,0.0,0.0,0.0,0.0,0.0,0.0,0.0,0.0,0.0,0.0,0,0,0,0,0,0,,,,1986.0,36.0,15.802086794515551,True
2022,All-Stars,Carlos Rodon,16137,exact,26,3.258096538021482,P,SP,PIT,0.0,0.0,0.0,0.0,0.0,0.0,0.0,0.0,0.0,0.0,0,0,0,0,0,0,,,,1992.0,30.0,15.33259389363139,True
2022,Moben,Randal Grichuk,10243,exact,25,3.2188758248682006,OF,OF,HIT,0.0,0.0,0.0,0.0,0.0,0.0,0.0,0.0,0.0,0.0,0,0,0,0,0,0,,,,1991.0,31.0,7.889144059912484,True
2022,Spehr's Army,Seiya Suzuki,30116,exact,25,3.2188758248682006,U,UTIL,HIT,0.0,0.0,0.0,0.0,0.0,0.0,0.0,0.0,0.0,0.0,0,0,0,0,0,0,,,,1994.0,28.0,6.51639515489136,True
2022,Block Bombers,Craig Kimbrel,6655,exact,25,3.2188758248682006,P,SP,PIT,0.0,0.0,0.0,0.0,0.0,0.0,0.0,0.0,0.0,0.0,0,0,0,0,0,0,,,,1988.0,34.0,7.676989931038569,True
2022,All-Stars,C.J. Cron,12546,exact,23,3.1354942159291497,1B,CI,HIT,0.0,0.0,0.0,0.0,0.0,0.0,0.0,0.0,0.0,0.0,0,0,0,0,0,0,,,,1990.0,32.0,10.040226142255744,True
2022,Moben,Eddie Rosario,12155,exact,22,3.091042453358316,OF,OF,HIT,0.0,0.0,0.0,0.0,0.0,0.0,0.0,0.0,0.0,0.0,0,0,0,0,0,0,,,,1991.0,31.0,2.051782109210772,True
2022,Block Bombers,Marcell Ozuna,10324,exact,22,3.091042453358316,OF,OF,HIT,0.0,0.0,0.0,0.0,0.0,0.0,0.0,0.0,0.0,0.0,0,0,0,0,0,0,,,,1990.0,32.0,5.937959039428012,True
2022,Milwaukee Beers,Cody Bellinger,15998,exact,22,3.091042453358316,OF,OF,HIT,0.0,0.0,0.0,0.0,0.0,0.0,0.0,0.0,0.0,0.0,0,0,0,0,0,0,,,,1995.0,27.0,7.200583638623188,True
2022,Micks,Hunter Renfroe,15464,exact,21,3.044522437723423,OF,OF,HIT,0.0,0.0,0.0,0.0,0.0,0.0,0.0,0.0,0.0,0.0,0,0,0,0,0,0,,,,1992.0,30.0,8.238345865434034,True
2022,Pookie 2.0,Blake Snell,13543,exact,21,3.044522437723423,P,SP,PIT,0.0,0.0,0.0,0.0,0.0,0.0,0.0,0.0,0.0,0.0,0,0,0,0,0,0,,,,1992.0,30.0,7.633612024934968,True
2022,Milwaukee Beers,Jacob deGrom,10954,exact,21,3.044522437723423,P,SP,PIT,0.0,0.0,0.0,0.0,0.0,0.0,0.0,0.0,0.0,0.0,0,0,0,0,0,0,,,,1988.0,34.0,7.260723501222928,True
2022,All-Stars,Justin Turner,5235,exact,20,2.995732273553991,3B,CI,HIT,0.0,0.0,0.0,0.0,0.0,0.0,0.0,0.0,0.0,0.0,0,0,0,0,0,0,,,,1984.0,38.0,7.957366805499951,True
2022,All-Stars,Trent Grisham,18564,exact,20,2.995732273553991,OF,OF,HIT,0.0,0.0,0.0,0.0,0.0,0.0,0.0,0.0,0.0,0.0,0,0,0,0,0,0,,,,1996.0,26.0,4.392894468168064,True
2022,Producers,Chris Bassitt,12304,exact,20,2.995732273553991,P,SP,PIT,0.0,0.0,0.0,0.0,0.0,0.0,0.0,0.0,0.0,0.0,0,0,0,0,0,0,,,,1989.0,33.0,10.898793020980774,True
2022,Moben,Luke Voit,14811,exact,19,2.9444389791664403,1B,CI,HIT,0.0,0.0,0.0,0.0,0.0,0.0,0.0,0.0,0.0,0.0,0,0,0,0,0,0,,,,1991.0,31.0,6.121188399480562,True
2022,New York Polar Bears,Steven Matz,13361,exact,19,2.9444389791664403,P,SP,PIT,0.0,0.0,0.0,0.0,0.0,0.0,0.0,0.0,0.0,0.0,0,0,0,0,0,0,,,,1991.0,31.0,1.3324775222602945,True
2022,Who's On First,Sean Manaea,15873,exact,19,2.9444389791664403,P,SP,PIT,0.0,0.0,0.0,0.0,0.0,0.0,0.0,0.0,0.0,0.0,0,0,0,0,0,0,,,,1992.0,30.0,1.8652959431895368,True
2022,Micks,Jorge Soler,14221,exact,18,2.8903717578961645,U,UTIL,HIT,0.0,0.0,0.0,0.0,0.0,0.0,0.0,0.0,0.0,0.0,0,0,0,0,0,0,,,,1992.0,30.0,2.934067751001872,True
2022,All-Stars,Corey Knebel,15010,exact,18,2.8903717578961645,P,SP,PIT,0.0,0.0,0.0,0.0,0.0,0.0,0.0,0.0,0.0,0.0,0,0,0,0,0,0,,,,1991.0,31.0,4.16220130033655,True
2022,Who's On First,J.T. Realmuto,11739,exact,18,2.8903717578961645,C,C,HIT,0.0,0.0,0.0,0.0,0.0,0.0,0.0,0.0,0.0,0.0,0,0,0,0,0,0,,,,1991.0,31.0,11.478578039295632,True
2022,Spehr's Army,Ian Anderson,19951,exact,17,2.833213344056216,P,SP,PIT,0.0,0.0,0.0,0.0,0.0,0.0,0.0,0.0,0.0,0.0,0,0,0,0,0,0,,,,1998.0,24.0,0.3781590229166887,True
2022,Milwaukee Beers,Adam Wainwright,2233,exact,17,2.833213344056216,P,SP,PIT,0.0,0.0,0.0,0.0,0.0,0.0,0.0,0.0,0.0,0.0,0,0,0,0,0,0,,,,1981.0,41.0,6.235922506360554,True
2022,Moben,Charlie Blackmon,7859,exact,16,2.772588722239781,OF,OF,HIT,0.0,0.0,0.0,0.0,0.0,0.0,0.0,0.0,0.0,0.0,0,0,0,0,0,0,,,,1986.0,36.0,7.834594928967689,True
2022,Moben,Nelson Cruz,2434,exact,16,2.772588722239781,U,UTIL,HIT,0.0,0.0,0.0,0.0,0.0,0.0,0.0,0.0,0.0,0.0,0,0,0,0,0,0,,,,1980.0,42.0,5.236643511437523,True
2022,Micks,Robert Suarez,30115,exact,16,2.772588722239781,P,SP,PIT,0.0,0.0,0.0,0.0,0.0,0.0,0.0,0.0,0.0,0.0,0,0,0,0,0,0,,,,1991.0,31.0,5.246742836189552,True
2022,Micks,Ranger Suarez,17277,exact,15,2.70805020110221,P,SP,PIT,0.0,0.0,0.0,0.0,0.0,0.0,0.0,0.0,0.0,0.0,0,0,0,0,0,0,,,,1995.0,27.0,5.2530498955634375,True
2022,All-Stars,Zac Gallen,19291,exact,15,2.70805020110221,P,SP,PIT,0.0,0.0,0.0,0.0,0.0,0.0,0.0,0.0,0.0,0.0,0,0,0,0,0,0,,,,1995.0,27.0,16.4780658159727,True
2022,Block Bombers,Tommy Pham,2967,exact,15,2.70805020110221,OF,OF,HIT,0.0,0.0,0.0,0.0,0.0,0.0,0.0,0.0,0.0,0.0,0,0,0,0,0,0,,,,1988.0,34.0,7.794434151708742,True
2022,Block Bombers,Jack Flaherty,17479,exact,15,2.70805020110221,P,SP,PIT,0.0,0.0,0.0,0.0,0.0,0.0,0.0,0.0,0.0,0.0,0,0,0,0,0,0,,,,1995.0,27.0,-0.1000617677767656,True
2022,Micks,Jeff McNeil,15362,exact,14,2.6390573296152584,2B,MI,HIT,0.0,0.0,0.0,0.0,0.0,0.0,0.0,0.0,0.0,0.0,0,0,0,0,0,0,,,,1992.0,30.0,9.442325087295927,True
2022,All-Stars,Frank Schwindel,15351,exact,14,2.6390573296152584,U,UTIL,HIT,0.0,0.0,0.0,0.0,0.0,0.0,0.0,0.0,0.0,0.0,0,0,0,0,0,0,,,,1992.0,30.0,1.2791702619842629,True
2022,Milwaukee Beers,Andrew McCutchen,9847,exact,14,2.6390573296152584,OF,OF,HIT,0.0,0.0,0.0,0.0,0.0,0.0,0.0,0.0,0.0,0.0,0,0,0,0,0,0,,,,1986.0,36.0,7.18834349019148,True
2022,Milwaukee Beers,Kyle Hendricks,12049,exact,14,2.6390573296152584,P,SP,PIT,0.0,0.0,0.0,0.0,0.0,0.0,0.0,0.0,0.0,0.0,0,0,0,0,0,0,,,,1989.0,33.0,0.6173166865405251,True
2022,Micks,Hunter Greene,22182,exact,13,2.5649493574615367,P,SP,PIT,0.0,0.0,0.0,0.0,0.0,0.0,0.0,0.0,0.0,0.0,0,0,0,0,0,0,,,,1999.0,23.0,3.8708370348754784,True
2022,All-Stars,Camilo Doval,21992,exact,13,2.5649493574615367,P,SP,PIT,0.0,0.0,0.0,0.0,0.0,0.0,0.0,0.0,0.0,0.0,0,0,0,0,0,0,,,,1997.0,25.0,10.852650055499398,True
2022,New York Polar Bears,Gavin Lux,19955,exact,13,2.5649493574615367,2B,MI,HIT,0.0,0.0,0.0,0.0,0.0,0.0,0.0,0.0,0.0,0.0,0,0,0,0,0,0,,,,1997.0,25.0,6.265217653242886,True
2022,Who's On First,Alex Colome,6661,exact,13,2.5649493574615367,P,SP,PIT,0.0,0.0,0.0,0.0,0.0,0.0,0.0,0.0,0.0,0.0,0,0,0,0,0,0,,,,1988.0,34.0,-1.4236446449835456,True
2022,Milwaukee Beers,Mike Yastrzemski,14854,exact,13,2.5649493574615367,OF,OF,HIT,0.0,0.0,0.0,0.0,0.0,0.0,0.0,0.0,0.0,0.0,0,0,0,0,0,0,,,,1990.0,32.0,5.864461362109136,True
2022,Moben,Darin Ruf,9929,exact,12,2.4849066497880004,OF,OF,HIT,0.0,0.0,0.0,0.0,0.0,0.0,0.0,0.0,0.0,0.0,0,0,0,0,0,0,,,,1986.0,36.0,4.06225056828988,True
2022,Pookie 2.0,Art Warren,18251,exact,12,2.4849066497880004,P,SP,PIT,0.0,0.0,0.0,0.0,0.0,0.0,0.0,0.0,0.0,0.0,0,0,0,0,0,0,,,,1993.0,29.0,-1.0594685893621876,True
2022,Pookie 2.0,Anthony DeSclafani,13050,exact,12,2.4849066497880004,P,SP,PIT,0.0,0.0,0.0,0.0,0.0,0.0,0.0,0.0,0.0,0.0,0,0,0,0,0,0,,,,1990.0,32.0,-1.97822047353934,True
2022,Pookie 2.0,Rowan Wick,14646,exact,12,2.4849066497880004,P,SP,PIT,0.0,0.0,0.0,0.0,0.0,0.0,0.0,0.0,0.0,0.0,0,0,0,0,0,0,,,,1992.0,30.0,1.7551700643664998,True
2022,Micks,Carlos Carrasco,6632,exact,11,2.3978952727983707,P,SP,PIT,0.0,0.0,0.0,0.0,0.0,0.0,0.0,0.0,0.0,0.0,0,0,0,0,0,0,,,,1987.0,35.0,6.6244624260182405,True
2022,Moben,Tylor Megill,21318,exact,10,2.302585092994046,P,SP,PIT,0.0,0.0,0.0,0.0,0.0,0.0,0.0,0.0,0.0,0.0,0,0,0,0,0,0,,,,1995.0,27.0,1.039302714330498,True
2022,All-Stars,Brandon Nimmo,12927,exact,10,2.302585092994046,OF,OF,HIT,0.0,0.0,0.0,0.0,0.0,0.0,0.0,0.0,0.0,0.0,0,0,0,0,0,0,,,,1993.0,29.0,9.293709660832558,True
2022,Who's On First,Ke'Bryan Hayes,18577,exact,10,2.302585092994046,CI,CI,HIT,0.0,0.0,0.0,0.0,0.0,0.0,0.0,0.0,0.0,0.0,0,0,0,0,0,0,,,,1997.0,25.0,6.309405526224289,True
2022,New York Polar Bears,Wil Myers,10047,exact,9,2.1972245773362196,OF,OF,HIT,0.0,0.0,0.0,0.0,0.0,0.0,0.0,0.0,0.0,0.0,0,0,0,0,0,0,,,,1990.0,32.0,3.5687628059968888,True
2022,Pookie 2.0,Ha-seong Kim,27506,exact,9,2.1972245773362196,CI,CI,HIT,0.0,0.0,0.0,0.0,0.0,0.0,0.0,0.0,0.0,0.0,0,0,0,0,0,0,,,,1995.0,27.0,6.906572911850799,True
2022,Producers,Victor Robles,18363,exact,9,2.1972245773362196,OF,OF,HIT,0.0,0.0,0.0,0.0,0.0,0.0,0.0,0.0,0.0,0.0,0,0,0,0,0,0,,,,1997.0,25.0,4.400448242802172,True
2022,Block Bombers,Mark Canha,11445,exact,9,2.1972245773362196,OF,OF,HIT,0.0,0.0,0.0,0.0,0.0,0.0,0.0,0.0,0.0,0.0,0,0,0,0,0,0,,,,1989.0,33.0,7.199727077195342,True
2022,Micks,Joc Pederson,11899,exact,8,2.0794415416798357,OF,OF,HIT,0.0,0.0,0.0,0.0,0.0,0.0,0.0,0.0,0.0,0.0,0,0,0,0,0,0,,,,1992.0,30.0,8.128166328427202,True
2022,All-Stars,Huascar Ynoa,20468,exact,8,2.0794415416798357,P,SP,PIT,0.0,0.0,0.0,0.0,0.0,0.0,0.0,0.0,0.0,0.0,0,0,0,0,0,0,,,,1998.0,24.0,-1.762840242816777,True
2022,Pookie 2.0,Oneil Cruz,21711,exact,8,2.0794415416798357,U,UTIL,HIT,0.0,0.0,0.0,0.0,0.0,0.0,0.0,0.0,0.0,0.0,0,0,0,0,0,0,,,,1998.0,24.0,6.1453953181156695,True
2022,Producers,Garrett Hampson,19262,exact,8,2.0794415416798357,OF,OF,HIT,0.0,0.0,0.0,0.0,0.0,0.0,0.0,0.0,0.0,0.0,0,0,0,0,0,0,,,,1994.0,28.0,2.544901841353206,True
2022,Block Bombers,Alec Bohm,21618,exact,8,2.0794415416798357,CI,CI,HIT,0.0,0.0,0.0,0.0,0.0,0.0,0.0,0.0,0.0,0.0,0,0,0,0,0,0,,,,1996.0,26.0,8.508750554169826,True
2022,Milwaukee Beers,Alex Cobb,6562,exact,8,2.0794415416798357,P,SP,PIT,0.0,0.0,0.0,0.0,0.0,0.0,0.0,0.0,0.0,0.0,0,0,0,0,0,0,,,,1987.0,35.0,4.94022302040242,True
2022,Spehr's Army,Yoshitomo Tsutsugo,27459,initial_last,7,1.9459101490553132,1B,CI,HIT,0.0,0.0,0.0,0.0,0.0,0.0,0.0,0.0,0.0,0.0,0,0,0,0,0,0,,,,1991.0,31.0,0.2737174513475096,True
2022,All-Stars,Seth Beer,20493,exact,7,1.9459101490553132,CI,CI,HIT,0.0,0.0,0.0,0.0,0.0,0.0,0.0,0.0,0.0,0.0,0,0,0,0,0,0,,,,1996.0,26.0,0.0817763001627857,True
2022,New York Polar Bears,Joey Wendle,13853,exact,7,1.9459101490553132,MI,MI,HIT,0.0,0.0,0.0,0.0,0.0,0.0,0.0,0.0,0.0,0.0,0,0,0,0,0,0,,,,1990.0,32.0,4.142657045290138,True
2022,New York Polar Bears,Ian Happ,17919,exact,7,1.9459101490553132,OF,OF,HIT,0.0,0.0,0.0,0.0,0.0,0.0,0.0,0.0,0.0,0.0,0,0,0,0,0,0,,,,1994.0,28.0,9.034743031660806,True
2022,Pookie 2.0,Stephen Strasburg,10131,exact,7,1.9459101490553132,P,SP,PIT,0.0,0.0,0.0,0.0,0.0,0.0,0.0,0.0,0.0,0.0,0,0,0,0,0,0,,,,1988.0,34.0,-1.0159578308531316,True
2022,Block Bombers,Bryson Stott,26294,exact,7,1.9459101490553132,SS,MI,HIT,0.0,0.0,0.0,0.0,0.0,0.0,0.0,0.0,0.0,0.0,0,0,0,0,0,0,,,,1997.0,25.0,5.86175788711232,True
2022,Moben,Jesus Luzardo,19959,exact,6,1.791759469228055,P,SP,PIT,0.0,0.0,0.0,0.0,0.0,0.0,0.0,0.0,0.0,0.0,0,0,0,0,0,0,,,,1997.0,25.0,6.318352385533524,True
2022,Spehr's Army,Josiah Gray,24580,exact,6,1.791759469228055,P,SP,PIT,0.0,0.0,0.0,0.0,0.0,0.0,0.0,0.0,0.0,0.0,0,0,0,0,0,0,,,,1997.0,25.0,0.8379607562959572,True
2022,Spehr's Army,Paul DeJong,18015,exact,6,1.791759469228055,U,UTIL,HIT,0.0,0.0,0.0,0.0,0.0,0.0,0.0,0.0,0.0,0.0,0,0,0,0,0,0,,,,1993.0,29.0,1.07763585955841,True
2022,New York Polar Bears,Nick Lodolo,26378,exact,6,1.791759469228055,P,SP,PIT,0.0,0.0,0.0,0.0,0.0,0.0,0.0,0.0,0.0,0.0,0,0,0,0,0,0,,,,1998.0,24.0,4.252728756289619,True
2022,Pookie 2.0,Trevor Bauer,-1,unmatched,6,1.791759469228055,P,SP,,0.0,0.0,0.0,0.0,0.0,0.0,0.0,0.0,0.0,0.0,0,0,0,0,0,0,,,,,,0.0,False
2022,Pookie 2.0,Dominic Smith,15653,exact,6,1.791759469228055,OF,OF,HIT,0.0,0.0,0.0,0.0,0.0,0.0,0.0,0.0,0.0,0.0,0,0,0,0,0,0,,,,1995.0,27.0,0.4902337743969668,True
2022,Block Bombers,Keibert Ruiz,19610,exact,6,1.791759469228055,C,C,HIT,0.0,0.0,0.0,0.0,0.0,0.0,0.0,0.0,0.0,0.0,0,0,0,0,0,0,,,,1998.0,24.0,4.038488371477464,True
2022,Moben,Collin McHugh,7531,exact,5,1.6094379124341003,P,SP,PIT,0.0,0.0,0.0,0.0,0.0,0.0,0.0,0.0,0.0,0.0,0,0,0,0,0,0,,,,1987.0,35.0,5.838915172045926,True
2022,New York Polar Bears,Zach Eflin,13774,exact,5,1.6094379124341003,P,SP,PIT,0.0,0.0,0.0,0.0,0.0,0.0,0.0,0.0,0.0,0.0,0,0,0,0,0,0,,,,1994.0,28.0,2.8618459249801287,True
2022,New York Polar Bears,Aaron Ashby,23550,exact,5,1.6094379124341003,P,SP,PIT,0.0,0.0,0.0,0.0,0.0,0.0,0.0,0.0,0.0,0.0,0,0,0,0,0,0,,,,1998.0,24.0,0.6039375439645622,True
2022,Pookie 2.0,Joey Bart,21524,exact,5,1.6094379124341003,C,C,HIT,0.0,0.0,0.0,0.0,0.0,0.0,0.0,0.0,0.0,0.0,0,0,0,0,0,0,,,,1996.0,26.0,2.8602153148875704,True
2022,Producers,Nick Madrigal,20521,exact,5,1.6094379124341003,MI,MI,HIT,0.0,0.0,0.0,0.0,0.0,0.0,0.0,0.0,0.0,0.0,0,0,0,0,0,0,,,,1997.0,25.0,1.358282404558418,True
2022,Moben,Mitch Keller,17594,exact,4,1.3862943611198906,P,SP,PIT,0.0,0.0,0.0,0.0,0.0,0.0,0.0,0.0,0.0,0.0,0,0,0,0,0,0,,,,1996.0,26.0,2.3347880194363597,True
2022,Micks,J.D. Davis,16219,exact,4,1.3862943611198906,3B,CI,HIT,0.0,0.0,0.0,0.0,0.0,0.0,0.0,0.0,0.0,0.0,0,0,0,0,0,0,,,,1993.0,29.0,4.309133280507395,True
2022,Spehr's Army,Patrick Corbin,9323,exact,4,1.3862943611198906,P,SP,PIT,0.0,0.0,0.0,0.0,0.0,0.0,0.0,0.0,0.0,0.0,0,0,0,0,0,0,,,,1989.0,33.0,-7.63652628737601,True
2022,All-Stars,Miles Mikolas,9803,exact,4,1.3862943611198906,P,SP,PIT,0.0,0.0,0.0,0.0,0.0,0.0,0.0,0.0,0.0,0.0,0,0,0,0,0,0,,,,1988.0,34.0,11.85116278562994,True
2022,All-Stars,Didi Gregorius,6012,exact,4,1.3862943611198906,SS,MI,HIT,0.0,0.0,0.0,0.0,0.0,0.0,0.0,0.0,0.0,0.0,0,0,0,0,0,0,,,,1990.0,32.0,0.922833868722822,True
2022,New York Polar Bears,Rowdy Tellez,15679,exact,4,1.3862943611198906,U,UTIL,HIT,0.0,0.0,0.0,0.0,0.0,0.0,0.0,0.0,0.0,0.0,0,0,0,0,0,0,,,,1995.0,27.0,8.432986247867861,True
2022,Producers,Mike Moustakas,4892,exact,4,1.3862943611198906,3B,CI,HIT,0.0,0.0,0.0,0.0,0.0,0.0,0.0,0.0,0.0,0.0,0,0,0,0,0,0,,,,1988.0,34.0,2.2745261311886846,True
2022,Block Bombers,Emilio Pagan,14771,exact,4,1.3862943611198906,P,SP,PIT,0.0,0.0,0.0,0.0,0.0,0.0,0.0,0.0,0.0,0.0,0,0,0,0,0,0,,,,1991.0,31.0,3.5106461870154493,True
2022,Block Bombers,Diego Castillo,19906,exact,4,1.3862943611198906,MI,MI,HIT,0.0,0.0,0.0,0.0,0.0,0.0,0.0,0.0,0.0,0.0,0,0,0,0,0,0,,,,1997.0,25.0,0.6128048128817318,True
2022,Block Bombers,Eric Hosmer,3516,exact,4,1.3862943611198906,U,UTIL,HIT,0.0,0.0,0.0,0.0,0.0,0.0,0.0,0.0,0.0,0.0,0,0,0,0,0,0,,,,1989.0,33.0,4.426897091509002,True
2022,All-Stars,Sam Hilliard,17954,exact,3,1.0986122886681098,OF,OF,HIT,0.0,0.0,0.0,0.0,0.0,0.0,0.0,0.0,0.0,0.0,0,0,0,0,0,0,,,,1994.0,28.0,1.312336623757075,True
2022,Pookie 2.0,Lorenzo Cain,9077,exact,3,1.0986122886681098,OF,OF,HIT,0.0,0.0,0.0,0.0,0.0,0.0,0.0,0.0,0.0,0.0,0,0,0,0,0,0,,,,1986.0,36.0,0.5026483435924359,True
2022,Producers,Chris Stratton,13761,exact,3,1.0986122886681098,P,SP,PIT,0.0,0.0,0.0,0.0,0.0,0.0,0.0,0.0,0.0,0.0,0,0,0,0,0,0,,,,1990.0,32.0,2.824608614127716,True
2022,Producers,Robinson Cano,3269,exact,3,1.0986122886681098,2B,MI,HIT,0.0,0.0,0.0,0.0,0.0,0.0,0.0,0.0,0.0,0.0,0,0,0,0,0,0,,,,1982.0,40.0,-0.3076490820390329,True
2022,Spehr's Army,Cole Sulser,15256,exact,2,0.6931471805599453,P,SP,PIT,0.0,0.0,0.0,0.0,0.0,0.0,0.0,0.0,0.0,0.0,0,0,0,0,0,0,,,,1990.0,32.0,-0.5692657665876053,True
2022,All-Stars,Rafael Ortega,10323,exact,2,0.6931471805599453,OF,OF,HIT,0.0,0.0,0.0,0.0,0.0,0.0,0.0,0.0,0.0,0.0,0,0,0,0,0,0,,,,1991.0,31.0,4.424610469852164,True
2022,New York Polar Bears,Eric Lauer,19316,exact,2,0.6931471805599453,P,SP,PIT,0.0,0.0,0.0,0.0,0.0,0.0,0.0,0.0,0.0,0.0,0,0,0,0,0,0,,,,1995.0,27.0,7.418093556417336,True
2022,Who's On First,MacKenzie Gore,22201,exact,2,0.6931471805599453,P,SP,PIT,0.0,0.0,0.0,0.0,0.0,0.0,0.0,0.0,0.0,0.0,0,0,0,0,0,0,,,,1999.0,23.0,0.5447645470605662,True
2022,Who's On First,Reiver Sanmartin,19754,exact,2,0.6931471805599453,P,SP,HIT,0.0,0.0,0.0,0.0,0.0,0.0,0.0,0.0,0.0,0.0,0,0,0,0,0,0,,,,1996.0,26.0,-2.6018824577480912,True
2022,Who's On First,Jake Fraley,19260,exact,2,0.6931471805599453,OF,OF,HIT,0.0,0.0,0.0,0.0,0.0,0.0,0.0,0.0,0.0,0.0,0,0,0,0,0,0,,,,1995.0,27.0,4.081882961576468,True
2022,Block Bombers,Mike Minor,10021,exact,2,0.6931471805599453,P,SP,PIT,0.0,0.0,0.0,0.0,0.0,0.0,0.0,0.0,0.0,0.0,0,0,0,0,0,0,,,,1987.0,35.0,-4.415950346761956,True
2022,Milwaukee Beers,Carson Kelly,13620,exact,2,0.6931471805599453,U,UTIL,HIT,0.0,0.0,0.0,0.0,0.0,0.0,0.0,0.0,0.0,0.0,0,0,0,0,0,0,,,,1994.0,28.0,1.9970862892060257,True
2022,Milwaukee Beers,Yadier Molina,7007,exact,2,0.6931471805599453,U,UTIL,HIT,0.0,0.0,0.0,0.0,0.0,0.0,0.0,0.0,0.0,0.0,0,0,0,0,0,0,,,,1982.0,40.0,0.84201318955415,True
2022,Moben,Brian Anderson,18289,exact,1,0.0,3B,CI,HIT,0.0,0.0,0.0,0.0,0.0,0.0,0.0,0.0,0.0,0.0,0,0,0,0,0,0,,,,1993.0,29.0,2.850256163175181,True
2022,Moben,Edwin Rios,18316,exact,1,0.0,CI,CI,HIT,0.0,0.0,0.0,0.0,0.0,0.0,0.0,0.0,0.0,0.0,0,0,0,0,0,0,,,,1994.0,28.0,1.7929112947626684,True
2022,Moben,Merrill Kelly,11156,exact,1,0.0,P,SP,PIT,0.0,0.0,0.0,0.0,0.0,0.0,0.0,0.0,0.0,0.0,0,0,0,0,0,0,,,,1988.0,34.0,10.891530713738474,True
2022,Micks,j profar,10815,initial_last,1,0.0,C,C,HIT,0.0,0.0,0.0,0.0,0.0,0.0,0.0,0.0,0.0,0.0,0,0,0,0,0,0,,,,1993.0,29.0,7.097327000227236,True
2022,Micks,Luis Cessa,13345,exact,1,0.0,P,SP,PIT,0.0,0.0,0.0,0.0,0.0,0.0,0.0,0.0,0.0,0.0,0,0,0,0,0,0,,,,1992.0,30.0,0.9660928074960502,True
2022,Spehr's Army,Kyle Gibson,10123,exact,1,0.0,P,SP,PIT,0.0,0.0,0.0,0.0,0.0,0.0,0.0,0.0,0.0,0.0,0,0,0,0,0,0,,,,1987.0,35.0,1.2789083427217045,True
2022,Spehr's Army,Matt Vierling,21558,exact,1,0.0,2B,MI,HIT,0.0,0.0,0.0,0.0,0.0,0.0,0.0,0.0,0.0,0.0,0,0,0,0,0,0,,,,1996.0,26.0,4.054112530472757,True
2022,All-Stars,Garrett Cooper,15279,exact,1,0.0,OF,OF,HIT,0.0,0.0,0.0,0.0,0.0,0.0,0.0,0.0,0.0,0.0,0,0,0,0,0,0,,,,1990.0,32.0,4.5325340865831345,True
2022,New York Polar Bears,Colin Moran,16909,exact,1,0.0,U,UTIL,HIT,0.0,0.0,0.0,0.0,0.0,0.0,0.0,0.0,0.0,0.0,0,0,0,0,0,0,,,,1992.0,30.0,1.3983506494605653,True
2022,Producers,Nick Ahmed,12147,exact,1,0.0,SS,MI,HIT,0.0,0.0,0.0,0.0,0.0,0.0,0.0,0.0,0.0,0.0,0,0,0,0,0,0,,,,1990.0,32.0,0.7311711206719446,True
2022,Producers,Cesar Hernandez,10556,exact,1,0.0,U,UTIL,HIT,0.0,0.0,0.0,0.0,0.0,0.0,0.0,0.0,0.0,0.0,0,0,0,0,0,0,,,,1990.0,32.0,4.863743096120117,True
2022,Who's On First,Lucas Sims,13470,exact,1,0.0,P,SP,PIT,0.0,0.0,0.0,0.0,0.0,0.0,0.0,0.0,0.0,0.0,0,0,0,0,0,0,,,,1994.0,28.0,-0.3867337664150911,True
2022,Who's On First,Lane Thomas,16939,exact,1,0.0,OF,OF,HIT,0.0,0.0,0.0,0.0,0.0,0.0,0.0,0.0,0.0,0.0,0,0,0,0,0,0,,,,1995.0,27.0,6.561899165584277,True
2022,Who's On First,Austin Slater,16153,exact,1,0.0,OF,OF,HIT,0.0,0.0,0.0,0.0,0.0,0.0,0.0,0.0,0.0,0.0,0,0,0,0,0,0,,,,1992.0,30.0,5.465404442863631,True
2022,Who's On First,Christian Walker,13419,exact,1,0.0,U,UTIL,HIT,0.0,0.0,0.0,0.0,0.0,0.0,0.0,0.0,0.0,0.0,0,0,0,0,0,0,,,,1991.0,31.0,10.199657307547945,True
2022,Who's On First,Steven Duggar,17719,exact,1,0.0,OF,OF,HIT,0.0,0.0,0.0,0.0,0.0,0.0,0.0,0.0,0.0,0.0,0,0,0,0,0,0,,,,1993.0,29.0,0.4052414828063774,True
2022,Block Bombers,Will Smith,8048,exact,1,0.0,P,SP,PIT,0.0,0.0,0.0,0.0,0.0,0.0,0.0,0.0,0.0,0.0,0,0,0,0,0,0,,,,1989.0,33.0,1.385799658067476,True
2022,Block Bombers,David Peralta,2136,exact,1,0.0,U,UTIL,HIT,0.0,0.0,0.0,0.0,0.0,0.0,0.0,0.0,0.0,0.0,0,0,0,0,0,0,,,,1987.0,35.0,5.076496385156225,True
2022,Milwaukee Beers,Kevin Pillar,12434,exact,1,0.0,OF,OF,HIT,0.0,0.0,0.0,0.0,0.0,0.0,0.0,0.0,0.0,0.0,0,0,0,0,0,0,,,,1989.0,33.0,-0.1187678222693697,True
2022,Milwaukee Beers,Kyle Finnegan,15009,exact,1,0.0,P,SP,PIT,0.0,0.0,0.0,0.0,0.0,0.0,0.0,0.0,0.0,0.0,0,0,0,0,0,0,,,,1991.0,31.0,6.600108472244765,True
2022,Milwaukee Beers,Jose Iglesias,10231,exact,1,0.0,MI,MI,HIT,0.0,0.0,0.0,0.0,0.0,0.0,0.0,0.0,0.0,0.0,0,0,0,0,0,0,,,,1990.0,32.0,5.452127074016682,True
2022,Milwaukee Beers,Keston Hiura,20003,exact,1,0.0,CI,CI,HIT,0.0,0.0,0.0,0.0,0.0,0.0,0.0,0.0,0.0,0.0,0,0,0,0,0,0,,,,1996.0,26.0,4.027141885758256,True
2022,Milwaukee Beers,Andrew Heaney,15423,exact,1,0.0,P,SP,PIT,0.0,0.0,0.0,0.0,0.0,0.0,0.0,0.0,0.0,0.0,0,0,0,0,0,0,,,,1991.0,31.0,5.527738174830752,True
2023,Moben,Trea Turner,16252,exact,45,3.8066624897703196,SS,MI,HIT,14.872893744606197,0.0,14.872893744606197,7.436446872303098,708.0,0.0,0.0,0.0,0.0,0.0,1,0,1,0,0,0,,,,1993.0,30.0,10.898555146734314,True
2023,Block Bombers,Manny Machado,11493,exact,39,3.6635616461296463,U,UTIL,HIT,13.784244704967232,0.0,13.784244704967232,6.892122352483616,644.0,0.0,0.0,0.0,0.0,0.0,1,0,1,0,0,0,,,,1992.0,31.0,8.582025866815728,True
2023,Milwaukee Beers,Nolan Arenado,9777,exact,36,3.58351893845611,3B,CI,HIT,11.928612910251752,0.0,11.928612910251752,5.964306455125876,620.0,0.0,0.0,0.0,0.0,0.0,1,0,1,0,1,1,29.0,2022.0,1.0,1991.0,32.0,8.467307173095952,True
2023,Moben,Brandon Woodruff,16162,exact,34,3.5263605246161616,P,SP,PIT,12.307101549835185,0.0,12.307101549835185,6.153550774917592,0.0,153.1,0.0,0.0,0.0,0.0,1,0,1,0,0,0,,,,1993.0,30.0,7.740908638684665,True
2023,Pookie 2.0,Freddie Freeman,5361,exact,33,3.4965075614664802,U,UTIL,HIT,15.14541387765407,0.0,15.14541387765407,7.572706938827035,708.0,0.0,0.0,0.0,0.0,0.0,1,0,1,0,1,1,39.0,2022.0,1.0,1989.0,34.0,15.432441454741648,True
2023,Milwaukee Beers,Max Scherzer,3137,exact,33,3.4965075614664802,P,SP,PIT,14.897783285509558,0.0,14.897783285509558,7.448891642754779,0.0,145.1,0.0,0.0,0.0,0.0,1,0,1,0,0,0,,,,1984.0,39.0,10.427840127495209,True
2023,Producers,Pete Alonso,19251,exact,32,3.4657359027997265,1B,CI,HIT,14.009120218234337,0.0,14.009120218234337,7.004560109117168,685.0,0.0,0.0,0.0,0.0,0.0,1,0,1,0,0,0,,,,1994.0,29.0,9.910574573412584,True
2023,Spehr's Army,Sandy Alcantara,18684,exact,30,3.4011973816621555,P,SP,PIT,19.005962315931708,0.0,19.005962315931708,9.502981157965854,0.0,228.2,0.0,0.0,0.0,0.0,1,0,1,0,0,0,,,,1995.0,28.0,6.1277466414307895,True
2023,Spehr's Army,Matt Olson,14344,exact,30,3.4011973816621555,U,UTIL,HIT,10.109064435329072,0.0,10.109064435329072,5.054532217664536,699.0,0.0,0.0,0.0,0.0,0.0,1,0,1,0,1,1,39.0,2022.0,1.0,1994.0,29.0,14.99456720833552,True
2023,Pookie 2.0,Justin Verlander,8700,exact,30,3.4011973816621555,P,SP,PIT,21.542408332683657,0.0,21.542408332683657,10.771204166341828,0.0,175.0,0.0,0.0,0.0,0.0,1,0,1,0,0,0,,,,1983.0,40.0,11.26057717450611,True
2023,Producers,Max Fried,13743,exact,30,3.4011973816621555,P,SP,PIT,15.51677788493011,0.0,15.51677788493011,7.758388942465055,0.0,185.1,0.0,0.0,0.0,0.0,1,0,1,0,0,0,,,,1994.0,29.0,7.3036839095538735,True
2023,New York Polar Bears,Aaron Nola,16149,exact,29,3.367295829986474,P,SP,PIT,14.649705545739442,0.0,14.649705545739442,7.324852772869721,0.0,205.0,0.0,0.0,0.0,0.0,1,0,1,0,1,1,32.0,2022.0,1.0,1993.0,30.0,8.684225299936823,True
2023,Moben,Starling Marte,9241,exact,28,3.332204510175204,OF,OF,HIT,10.229110739914965,0.0,10.229110739914965,5.114555369957483,505.0,0.0,0.0,0.0,0.0,0.0,1,0,1,0,1,1,42.0,2022.0,1.0,1988.0,35.0,4.255927543341761,True
2023,Phenoms,Ozzie Albies,16556,exact,28,3.332204510175204,2B,MI,HIT,3.7992138556634196,0.0,3.7992138556634196,1.8996069278317098,269.0,0.0,0.0,0.0,0.0,0.0,1,0,1,0,0,0,,,,1997.0,26.0,11.75368145220386,True
2023,Micks,Tommy Edman,19470,exact,27,3.295836866004329,SS,MI,HIT,11.206576360382073,0.0,11.206576360382073,5.603288180191036,630.0,0.0,0.0,0.0,0.0,0.0,1,0,1,0,0,0,,,,1995.0,28.0,6.7807419584113084,True
2023,Phenoms,Clayton Kershaw,2036,exact,27,3.295836866004329,P,SP,PIT,13.255640977448829,0.0,13.255640977448829,6.6278204887244145,0.0,126.1,0.0,0.0,0.0,0.0,1,0,1,0,0,0,,,,1988.0,35.0,12.796915596854308,True
2023,Milwaukee Beers,Corbin Carroll,25878,exact,27,3.295836866004329,OF,OF,HIT,1.7027112523756616,0.0,1.7027112523756616,0.8513556261878308,115.0,0.0,0.0,0.0,0.0,0.0,1,0,1,0,0,0,,,,2000.0,23.0,13.698161845380552,True
2023,New York Polar Bears,Willy Adames,15986,exact,26,3.258096538021482,U,UTIL,HIT,10.35549342053439,0.0,10.35549342053439,5.177746710267195,617.0,0.0,0.0,0.0,0.0,0.0,1,0,1,0,1,1,26.0,2022.0,1.0,1995.0,28.0,6.184057360880704,True
2023,Spehr's Army,Joe Musgrove,12970,exact,25,3.2188758248682006,P,SP,PIT,12.017914259205183,0.0,12.017914259205183,6.008957129602591,0.0,181.0,0.0,0.0,0.0,0.0,1,0,1,0,1,1,31.0,2022.0,1.0,1992.0,31.0,8.048377193503631,True
2023,Moben,Christian Yelich,11477,exact,24,3.1780538303479458,OF,OF,HIT,9.492107131394995,0.0,9.492107131394995,4.746053565697498,671.0,0.0,0.0,0.0,0.0,0.0,1,0,1,0,1,1,27.0,2022.0,1.0,1991.0,32.0,10.73546861530872,True
2023,New York Polar Bears,Blake Snell,13543,exact,24,3.1780538303479458,P,SP,PIT,7.633612024934968,0.0,7.633612024934968,3.816806012467484,0.0,128.0,0.0,0.0,0.0,0.0,1,0,1,0,1,1,21.0,2022.0,1.0,1992.0,31.0,16.193660369670024,True
2023,Phenoms,C.J. Cron,12546,exact,24,3.1780538303479458,1B,CI,HIT,10.040226142255744,0.0,10.040226142255744,5.020113071127872,632.0,0.0,0.0,0.0,0.0,0.0,1,0,1,0,1,1,23.0,2022.0,1.0,1990.0,33.0,3.4961203960259586,True
2023,Moben,Nick Castellanos,11737,exact,23,3.1354942159291497,OF,OF,HIT,7.064049062911461,0.0,7.064049062911461,3.5320245314557304,558.0,0.0,0.0,0.0,0.0,0.0,1,0,1,0,0,0,,,,1992.0,31.0,10.286921619805458,True
2023,Micks,Josh Hader,14212,exact,23,3.1354942159291497,P,SP,PIT,8.167774432827171,0.0,8.167774432827171,4.0838872164135855,0.0,50.0,36.0,0.0,0.0,0.0,1,0,1,0,0,0,,,,1994.0,29.0,12.374497720085822,True
2023,All-Stars,Kris Bryant,15429,exact,23,3.1354942159291497,OF,OF,HIT,2.8467661097635117,0.0,2.8467661097635117,1.4233830548817559,181.0,0.0,0.0,0.0,0.0,0.0,1,0,1,0,0,0,,,,1992.0,31.0,2.6928657749263363,True
2023,Block Bombers,Dansby Swanson,18314,exact,23,3.1354942159291497,SS,MI,HIT,13.04104394555696,0.0,13.04104394555696,6.52052197277848,696.0,0.0,0.0,0.0,0.0,0.0,1,0,1,0,0,0,,,,1994.0,29.0,7.634442166963086,True
2023,Micks,Jordan Montgomery,16511,exact,22,3.091042453358316,P,SP,PIT,9.116967070767753,0.0,9.116967070767753,4.558483535383877,0.0,178.1,0.0,0.0,0.0,0.0,1,0,1,0,0,0,,,,1992.0,31.0,10.65658661596953,True
2023,New York Polar Bears,Xander Bogaerts,12161,exact,22,3.091042453358316,MI,MI,HIT,10.672047902467611,0.0,10.672047902467611,5.3360239512338055,631.0,0.0,0.0,0.0,0.0,0.0,1,0,1,0,0,0,,,,1992.0,31.0,9.071515770610734,True
2023,Pookie 2.0,Kodai Senga,31838,exact,22,3.091042453358316,P,SP,PIT,0.0,0.0,0.0,0.0,0.0,0.0,0.0,0.0,0.0,0.0,0,0,1,1,0,0,,,,1993.0,30.0,11.975773310819154,True
2023,Producers,Lars Nootbaar,21454,exact,21,3.044522437723423,OF,OF,HIT,4.829576600093913,0.0,4.829576600093913,2.4147883000469563,347.0,0.0,0.0,0.0,0.0,0.0,1,0,1,0,0,0,,,,1997.0,26.0,6.248331315191555,True
2023,Block Bombers,Will Smith,19197,exact,21,3.044522437723423,C,C,HIT,8.769343562474043,0.0,8.769343562474043,4.384671781237022,578.0,0.0,0.0,0.0,0.0,0.0,1,0,1,0,0,0,,,,1995.0,28.0,7.351693891832307,True
2023,New York Polar Bears,Ketel Marte,13613,exact,20,2.995732273553991,2B,MI,HIT,5.943713120707032,0.0,5.943713120707032,2.971856560353516,558.0,0.0,0.0,0.0,0.0,0.0,1,0,1,0,1,1,32.0,2022.0,1.0,1993.0,30.0,9.54737223166433,True
2023,Phenoms,Max Muncy,13301,exact,20,2.995732273553991,3B,CI,HIT,5.540950809293096,0.0,5.540950809293096,2.770475404646548,565.0,0.0,0.0,0.0,0.0,0.0,1,0,1,0,1,1,27.0,2022.0,1.0,1990.0,33.0,8.492991154380096,True
2023,All-Stars,Mitch Haniger,14274,exact,19,2.9444389791664403,OF,OF,HIT,3.4637764988244433,0.0,3.4637764988244433,1.7318882494122216,247.0,0.0,0.0,0.0,0.0,0.0,1,0,1,0,0,0,,,,1990.0,33.0,1.761154444139614,True
2023,Pookie 2.0,Sean Murphy,19352,exact,19,2.9444389791664403,C,C,HIT,6.940209076826484,0.0,6.940209076826484,3.470104538413242,612.0,0.0,0.0,0.0,0.0,0.0,1,0,1,0,0,0,,,,1994.0,29.0,6.236941326402348,True
2023,Moben,Michael Conforto,16376,exact,18,2.8903717578961645,OF,OF,HIT,0.0,0.0,0.0,0.0,0.0,0.0,0.0,0.0,0.0,0.0,0,0,1,1,0,0,,,,1993.0,30.0,5.060856362982679,True
2023,All-Stars,Wil Myers,10047,exact,18,2.8903717578961645,OF,OF,HIT,3.5687628059968888,0.0,3.5687628059968888,1.7843814029984444,286.0,3.2,0.0,0.0,0.0,0.0,1,0,1,0,1,1,9.0,2022.0,1.0,1990.0,33.0,0.5738528220260923,True
2023,Milwaukee Beers,Joey Meneses,14366,exact,18,2.8903717578961645,1B,CI,HIT,5.202766726880027,0.0,5.202766726880027,2.6013833634400134,240.0,0.0,0.0,0.0,0.0,0.0,1,0,1,0,0,0,,,,1992.0,31.0,7.364241276442933,True
2023,Micks,Raisel Iglesias,17130,exact,17,2.833213344056216,P,SP,PIT,8.783510846072497,0.0,8.783510846072497,4.3917554230362486,0.0,62.0,17.0,0.0,0.0,0.0,1,0,1,0,0,0,,,,1990.0,33.0,11.053161018192974,True
2023,All-Stars,Jordan Walker,27475,exact,17,2.833213344056216,3B,CI,HIT,0.0,0.0,0.0,0.0,0.0,0.0,0.0,0.0,0.0,0.0,0,0,1,1,0,0,,,,2002.0,21.0,6.002757754402885,True
2023,Pookie 2.0,Seiya Suzuki,30116,exact,17,2.833213344056216,OF,OF,HIT,6.51639515489136,0.0,6.51639515489136,3.25819757744568,446.0,0.0,0.0,0.0,0.0,0.0,1,0,1,0,1,1,25.0,2022.0,1.0,1994.0,29.0,8.369050192515,True
2023,Phenoms,Luis Garcia,20391,exact,16,2.772588722239781,SS,MI,HIT,4.467769437763933,0.0,4.467769437763933,2.2338847188819666,377.0,0.0,0.0,0.0,0.0,0.0,1,0,1,0,0,0,,,,2000.0,23.0,5.561953064898786,True
2023,Block Bombers,Charlie Blackmon,7859,exact,16,2.772588722239781,OF,OF,HIT,7.834594928967689,0.0,7.834594928967689,3.9172974644838443,577.0,0.0,0.0,0.0,0.0,0.0,1,0,1,0,1,1,16.0,2022.0,1.0,1986.0,37.0,4.925665600548303,True
2023,All-Stars,Jameson Taillon,11674,exact,15,2.70805020110221,P,SP,PIT,8.790017116403538,0.0,8.790017116403538,4.395008558201769,0.0,177.1,0.0,0.0,0.0,0.0,1,0,1,0,0,0,,,,1991.0,32.0,3.760994581397112,True
2023,All-Stars,Bryson Stott,26294,exact,15,2.70805020110221,SS,MI,HIT,5.86175788711232,0.0,5.86175788711232,2.93087894355616,466.0,0.0,0.0,0.0,0.0,0.0,1,0,1,0,1,1,7.0,2022.0,1.0,1997.0,26.0,9.265678584719254,True
2023,All-Stars,Steven Matz,13361,exact,14,2.6390573296152584,P,SP,PIT,1.3324775222602943,0.0,1.3324775222602943,0.6662387611301471,0.0,48.0,0.0,0.0,0.0,0.0,1,0,1,0,1,1,19.0,2022.0,1.0,1991.0,32.0,3.3875631248090414,True
2023,Milwaukee Beers,Ross Stripling,13273,exact,14,2.6390573296152584,P,SP,PIT,9.938210530532633,0.0,9.938210530532633,4.969105265266316,0.0,134.1,1.0,0.0,0.0,0.0,1,0,1,0,0,0,,,,1989.0,34.0,-1.015069657675983,True
2023,Micks,Taijuan Walker,11836,exact,13,2.5649493574615367,P,SP,PIT,8.042863232570179,0.0,8.042863232570179,4.021431616285089,0.0,157.1,0.0,0.0,0.0,0.0,1,0,1,0,0,0,,,,1992.0,31.0,6.547445846324114,True
2023,Phenoms,Willson Contreras,11609,exact,13,2.5649493574615367,U,UTIL,HIT,6.977080086250945,0.0,6.977080086250945,3.4885400431254725,487.0,0.0,0.0,0.0,0.0,0.0,1,0,1,0,0,0,,,,1992.0,31.0,6.620337936875238,True
2023,Phenoms,Noah Syndergaard,11762,exact,13,2.5649493574615367,P,SP,PIT,4.691897905027899,0.0,4.691897905027899,2.3459489525139494,0.0,134.2,0.0,0.0,0.0,0.0,1,0,1,0,0,0,,,,1992.0,31.0,-2.752015182428163,True
2023,Milwaukee Beers,Seranthony Dominguez,19249,exact,13,2.5649493574615367,P,SP,PIT,6.341750528189439,0.0,6.341750528189439,3.1708752640947195,0.0,51.0,9.0,0.0,0.0,0.0,1,0,1,0,0,0,,,,1994.0,29.0,2.8278890287172436,True
2023,Milwaukee Beers,Justin Steele,17312,exact,13,2.5649493574615367,P,SP,PIT,4.313307824553505,0.0,4.313307824553505,2.1566539122767523,0.0,119.0,0.0,0.0,0.0,0.0,1,0,1,0,0,0,,,,1995.0,28.0,13.15359437261728,True
2023,Moben,David Robertson,8241,exact,12,2.4849066497880004,P,SP,PIT,9.237977161156733,0.0,9.237977161156733,4.618988580578367,1.0,63.2,20.0,0.0,0.0,0.0,1,0,1,0,0,0,,,,1985.0,38.0,8.655029101457155,True
2023,Moben,Hayden Wesneski,27581,exact,12,2.4849066497880004,P,SP,PIT,3.5805280775394346,0.0,3.5805280775394346,1.7902640387697173,0.0,33.0,0.0,0.0,0.0,0.0,1,0,1,0,0,0,,,,1997.0,26.0,1.834988725023123,True
2023,Pookie 2.0,Jesse Winker,13590,exact,12,2.4849066497880004,OF,OF,HIT,4.228061101525141,0.0,4.228061101525141,2.1140305507625703,547.0,0.0,0.0,0.0,0.0,0.0,1,0,1,0,0,0,,,,1993.0,30.0,0.7380861514503986,True
2023,Producers,Garrett Mitchell,27555,exact,12,2.4849066497880004,U,UTIL,HIT,2.0352386426915103,0.0,2.0352386426915103,1.0176193213457552,68.0,0.0,0.0,0.0,0.0,0.0,1,0,1,0,0,0,,,,1998.0,25.0,0.8529489151151461,True
2023,Block Bombers,Mark Canha,11445,exact,12,2.4849066497880004,OF,OF,HIT,7.199727077195342,0.0,7.199727077195342,3.599863538597671,542.0,0.0,0.0,0.0,0.0,0.0,1,0,1,0,1,1,9.0,2022.0,1.0,1989.0,34.0,5.836036876351137,True
2023,Pookie 2.0,Bryce Harper,11579,exact,11,2.3978952727983707,U,UTIL,HIT,8.881385805719091,0.0,8.881385805719091,4.440692902859546,426.0,0.0,0.0,0.0,0.0,0.0,1,0,1,0,0,0,,,,1992.0,31.0,9.229007787033533,True
2023,Micks,Elehuris Montero,20543,exact,10,2.302585092994046,CI,CI,HIT,1.9258945087366937,0.0,1.9258945087366937,0.9629472543683468,185.0,0.0,0.0,0.0,0.0,0.0,1,0,1,0,0,0,,,,1998.0,25.0,3.4335942579789513,True
2023,All-Stars,Ezequiel Tovar,24064,exact,10,2.302585092994046,MI,MI,HIT,0.17591531225398221,0.0,0.17591531225398221,0.08795765612699111,35.0,0.0,0.0,0.0,0.0,0.0,1,0,1,0,0,0,,,,2001.0,22.0,7.221146285383568,True
2023,All-Stars,Jon Berti,12037,exact,10,2.302585092994046,U,UTIL,HIT,7.465615580739055,0.0,7.465615580739055,3.7328077903695274,404.0,0.0,0.0,0.0,0.0,0.0,1,0,1,0,0,0,,,,1990.0,33.0,5.693952081210348,True
2023,New York Polar Bears,Graham Ashcraft,27552,exact,10,2.302585092994046,P,SP,PIT,-0.5772610986000468,0.0,0.0,-0.2886305493000234,0.0,105.0,0.0,0.0,0.0,0.0,1,0,1,0,0,0,,,,1998.0,25.0,1.95066086098928,True
2023,Phenoms,Ryan Pepiot,26221,exact,10,2.302585092994046,P,SP,PIT,1.4109374262878518,0.0,1.4109374262878518,0.7054687131439259,0.0,36.1,0.0,0.0,0.0,0.0,1,0,1,0,0,0,,,,1997.0,26.0,4.668781814384778,True
2023,Block Bombers,Luis Arraez,18568,exact,10,2.302585092994046,MI,MI,HIT,9.10467575788218,0.0,9.10467575788218,4.55233787894109,603.0,0.0,0.0,0.0,0.0,0.0,1,0,1,0,0,0,,,,1997.0,26.0,9.557951113778566,True
2023,Moben,Ha-seong Kim,27506,exact,9,2.1972245773362196,MI,MI,HIT,6.906572911850799,0.0,6.906572911850799,3.4532864559253995,582.0,0.0,0.0,0.0,0.0,0.0,1,0,1,0,1,1,9.0,2022.0,1.0,1995.0,28.0,9.270037435842012,True
2023,All-Stars,Jared Shuster,27472,exact,9,2.1972245773362196,P,SP,PIT,0.0,0.0,0.0,0.0,0.0,0.0,0.0,0.0,0.0,0.0,0,0,1,1,0,0,,,,1998.0,25.0,-0.6796112534511208,True
2023,New York Polar Bears,Brice Turang,22186,exact,9,2.1972245773362196,SS,MI,HIT,0.0,0.0,0.0,0.0,0.0,0.0,0.0,0.0,0.0,0.0,0,0,1,1,0,0,,,,1999.0,24.0,4.07779577069062,True
2023,Pookie 2.0,Alex Wood,13781,exact,9,2.1972245773362196,P,SP,PIT,2.1870502910472984,0.0,2.1870502910472984,1.0935251455236492,0.0,130.2,0.0,0.0,0.0,0.0,1,0,1,0,0,0,,,,1991.0,32.0,1.6265514250999795,True
2023,Moben,Cody Bellinger,15998,exact,8,2.0794415416798357,OF,OF,HIT,7.200583638623188,0.0,7.200583638623188,3.600291819311594,550.0,0.0,0.0,0.0,0.0,0.0,1,0,1,0,1,1,22.0,2022.0,1.0,1995.0,28.0,11.9671600937387,True
2023,Spehr's Army,Brandon Marsh,20202,exact,8,2.0794415416798357,OF,OF,HIT,5.887060430495231,0.0,5.887060430495231,2.9435302152476157,461.0,0.0,0.0,0.0,0.0,0.0,1,0,1,0,0,0,,,,1997.0,26.0,6.4225294150776895,True
2023,Moben,Brusdar Graterol,20367,exact,7,1.9459101490553132,P,SP,PIT,3.8381700149955176,0.0,3.8381700149955176,1.9190850074977588,0.0,49.2,4.0,0.0,0.0,0.0,1,0,1,0,0,0,,,,1998.0,25.0,8.74199018393992,True
2023,Spehr's Army,MacKenzie Gore,22201,exact,7,1.9459101490553132,P,SP,PIT,0.5447645470605662,0.0,0.5447645470605662,0.2723822735302831,0.0,70.0,0.0,0.0,0.0,0.0,1,0,1,0,1,1,2.0,2022.0,1.0,1999.0,24.0,3.4788838970650287,True
2023,Spehr's Army,Lourdes Gurriel,19238,exact,7,1.9459101490553132,OF,OF,HIT,6.168722193125646,0.0,6.168722193125646,3.084361096562823,493.0,0.0,0.0,0.0,0.0,0.0,1,0,1,0,0,0,,,,1993.0,30.0,7.69900854224198,True
2023,All-Stars,Juan Yepez,18400,exact,7,1.9459101490553132,OF,OF,HIT,3.421854919602002,0.0,3.421854919602002,1.710927459801001,274.0,0.0,0.0,0.0,0.0,0.0,1,0,1,0,0,0,,,,1998.0,25.0,0.1236880950865823,True
2023,New York Polar Bears,Ranger Suarez,17277,exact,7,1.9459101490553132,P,SP,PIT,5.2530498955634375,0.0,5.2530498955634375,2.6265249477817187,0.0,155.1,0.0,0.0,0.0,0.0,1,0,1,0,1,1,15.0,2022.0,1.0,1995.0,28.0,2.400309090558641,True
2023,Pookie 2.0,Trey Mancini,15149,exact,7,1.9459101490553132,OF,OF,HIT,5.923459486004755,0.0,5.923459486004755,2.9617297430023775,587.0,0.0,0.0,0.0,0.0,0.0,1,0,1,0,0,0,,,,1992.0,31.0,2.0185221781279306,True
2023,Producers,J.D. Martinez,6184,exact,7,1.9459101490553132,U,UTIL,HIT,7.740213190435635,0.0,7.740213190435635,3.8701065952178175,596.0,0.0,0.0,0.0,0.0,0.0,1,0,1,0,0,0,,,,1987.0,36.0,8.98489273566429,True
2023,Producers,Giovanny Gallegos,14986,exact,7,1.9459101490553132,P,SP,PIT,7.333492380153509,0.0,7.333492380153509,3.6667461900767546,0.0,59.0,14.0,0.0,0.0,0.0,1,0,1,0,0,0,,,,1991.0,32.0,3.790050110124804,True
2023,Phenoms,Bryan De La Cruz,19600,exact,7,1.9459101490553132,OF,OF,HIT,4.830510283020271,0.0,4.830510283020271,2.4152551415101353,355.0,0.0,0.0,0.0,0.0,0.0,1,0,1,0,0,0,,,,1996.0,27.0,6.7655246709891586,True
2023,Block Bombers,Chris Taylor,13757,exact,7,1.9459101490553132,OF,OF,HIT,4.542390845197145,0.0,4.542390845197145,2.2711954225985727,454.0,0.0,0.0,0.0,0.0,0.0,1,0,1,0,0,0,,,,1990.0,33.0,5.671324062919818,True
2023,Micks,Marcell Ozuna,10324,exact,6,1.791759469228055,U,UTIL,HIT,5.937959039428012,0.0,5.937959039428012,2.968979519714006,507.0,0.0,0.0,0.0,0.0,0.0,1,0,1,0,1,1,22.0,2022.0,1.0,1990.0,33.0,10.384863680930335,True
2023,All-Stars,Patrick Wisdom,13602,exact,6,1.791759469228055,1B,CI,HIT,6.908585784085538,0.0,6.908585784085538,3.454292892042769,534.0,0.0,0.0,0.0,0.0,0.0,1,0,1,0,0,0,,,,1991.0,32.0,4.324425479433776,True
2023,Producers,Andrew McCutchen,9847,exact,6,1.791759469228055,OF,OF,HIT,7.18834349019148,0.0,7.18834349019148,3.59417174509574,580.0,0.0,0.0,0.0,0.0,0.0,1,0,1,0,1,1,14.0,2022.0,1.0,1986.0,37.0,5.2028269894202825,True
2023,Producers,Jorge Soler,14221,exact,6,1.791759469228055,OF,OF,HIT,2.934067751001872,0.0,2.934067751001872,1.467033875500936,306.0,0.0,0.0,0.0,0.0,0.0,1,0,1,0,1,1,18.0,2022.0,1.0,1992.0,31.0,8.206939402704537,True
2023,Phenoms,Will Benson,21853,exact,6,1.791759469228055,OF,OF,HIT,0.10674637820255894,0.0,0.10674637820255894,0.05337318910127947,61.0,0.0,0.0,0.0,0.0,0.0,1,0,1,0,0,0,,,,1998.0,25.0,5.505865134403415,True
2023,Phenoms,Craig Kimbrel,6655,exact,6,1.791759469228055,P,SP,PIT,7.676989931038569,0.0,7.676989931038569,3.8384949655192844,0.0,60.0,22.0,0.0,0.0,0.0,1,0,1,0,1,1,25.0,2022.0,1.0,1988.0,35.0,11.21781774728907,True
2023,Phenoms,Nick Martinez,12730,exact,6,1.791759469228055,P,SP,PIT,5.138609719712745,0.0,5.138609719712745,2.5693048598563726,0.0,106.1,8.0,0.0,0.0,0.0,1,0,1,0,0,0,,,,1990.0,33.0,5.788148019446233,True
2023,Block Bombers,A.J. Minter,18655,exact,6,1.791759469228055,P,SP,PIT,8.889015100088647,0.0,8.889015100088647,4.444507550044324,0.0,70.0,5.0,0.0,0.0,0.0,1,0,1,0,0,0,,,,1993.0,30.0,5.419107771686523,True
2023,Milwaukee Beers,Spencer Steer,26323,exact,6,1.791759469228055,CI,CI,HIT,0.6904480341265503,0.0,0.6904480341265503,0.34522401706327516,108.0,0.0,0.0,0.0,0.0,0.0,1,0,1,0,0,0,,,,1997.0,26.0,9.175412670614875,True
2023,All-Stars,Dylan Floro,13394,exact,5,1.6094379124341003,P,SP,PIT,4.4873481975474885,0.0,4.4873481975474885,2.2436740987737442,0.0,53.2,10.0,0.0,0.0,0.0,1,0,1,0,0,0,,,,1990.0,33.0,2.3403299154769615,True
2023,Pookie 2.0,Adam Wainwright,2233,exact,5,1.6094379124341003,P,SP,HIT,6.235922506360554,0.0,6.235922506360554,3.117961253180277,0.0,191.2,0.0,0.0,0.0,0.0,1,0,1,0,1,1,17.0,2022.0,1.0,1981.0,42.0,-7.870662129920523,True
2023,Milwaukee Beers,Scott McGough,12056,exact,5,1.6094379124341003,P,SP,PIT,0.0,0.0,0.0,0.0,0.0,0.0,0.0,0.0,0.0,0.0,0,0,1,1,0,0,,,,1989.0,34.0,3.317214788706717,True
2023,Micks,Michael Fulmer,13218,exact,4,1.3862943611198906,P,SP,HIT,3.3820056479895397,0.0,3.3820056479895397,1.6910028239947699,0.0,63.2,3.0,0.0,0.0,0.0,1,0,1,0,0,0,,,,1993.0,30.0,2.129509195338233,True
2023,Micks,Brad Boxberger,10133,exact,4,1.3862943611198906,P,SP,PIT,4.03841509486137,0.0,4.03841509486137,2.019207547430685,0.0,64.0,1.0,0.0,0.0,0.0,1,0,1,0,0,0,,,,1988.0,35.0,0.3740036650032533,True
2023,Pookie 2.0,Trent Grisham,18564,exact,4,1.3862943611198906,OF,OF,HIT,4.392894468168064,0.0,4.392894468168064,2.196447234084032,524.0,0.0,0.0,0.0,0.0,0.0,1,0,1,0,1,1,20.0,2022.0,1.0,1996.0,27.0,4.250390375549216,True
2023,Phenoms,Victor Robles,18363,exact,4,1.3862943611198906,OF,OF,HIT,4.400448242802172,0.0,4.400448242802172,2.200224121401086,407.0,0.0,0.0,0.0,0.0,0.0,1,0,1,0,1,1,9.0,2022.0,1.0,1997.0,26.0,1.693843073115596,True
2023,Micks,Rodolfo Castro,21987,exact,3,1.0986122886681098,MI,MI,HIT,3.3055667819418875,0.0,3.3055667819418875,1.6527833909709437,278.0,0.0,0.0,0.0,0.0,0.0,1,0,1,0,0,0,,,,1999.0,24.0,1.4034080468925298,True
2023,All-Stars,Joey Bart,21524,exact,3,1.0986122886681098,C,C,HIT,2.8602153148875704,0.0,2.8602153148875704,1.4301076574437852,291.0,0.0,0.0,0.0,0.0,0.0,1,0,1,0,1,1,5.0,2022.0,1.0,1996.0,27.0,0.1993351615975162,True
2023,New York Polar Bears,Garrett Cooper,15279,exact,3,1.0986122886681098,1B,CI,HIT,4.5325340865831345,0.0,4.5325340865831345,2.2662670432915673,469.0,0.0,0.0,0.0,0.0,0.0,1,0,1,0,1,1,1.0,2022.0,1.0,1990.0,33.0,4.857455221946327,True
2023,New York Polar Bears,Joey Wendle,13853,exact,3,1.0986122886681098,3B,CI,HIT,4.142657045290138,0.0,4.142657045290138,2.071328522645069,371.0,0.0,0.0,0.0,0.0,0.0,1,0,1,0,1,1,7.0,2022.0,1.0,1990.0,33.0,1.6050322645817032,True
2023,Pookie 2.0,Dylan Dodd,29928,exact,3,1.0986122886681098,P,SP,PIT,0.0,0.0,0.0,0.0,0.0,0.0,0.0,0.0,0.0,0.0,0,0,1,1,0,0,,,,1998.0,25.0,-3.0245143997901787,True
2023,Producers,Nick Fortes,21538,exact,3,1.0986122886681098,C,C,HIT,3.5634037836816015,0.0,3.5634037836816015,1.7817018918408007,240.0,0.0,0.0,0.0,0.0,0.0,1,0,1,0,0,0,,,,1996.0,27.0,1.7840621666493248,True
2023,Phenoms,Alex Vesia,25007,exact,3,1.0986122886681098,P,SP,PIT,5.79262813730997,0.0,5.79262813730997,2.896314068654985,0.0,54.1,1.0,0.0,0.0,0.0,1,0,1,0,0,0,,,,1996.0,27.0,1.5202862954891203,True
2023,Phenoms,Luis Guillorme,16451,exact,3,1.0986122886681098,MI,MI,HIT,2.739905856033086,0.0,2.739905856033086,1.369952928016543,335.0,0.0,0.0,0.0,0.0,0.0,1,0,1,0,0,0,,,,1994.0,29.0,0.637163380024746,True
2023,Block Bombers,Randal Grichuk,10243,exact,3,1.0986122886681098,OF,OF,HIT,7.889144059912484,0.0,7.889144059912484,3.944572029956242,538.0,1.0,0.0,0.0,0.0,0.0,1,0,1,0,1,1,25.0,2022.0,1.0,1991.0,32.0,5.6432122393242,True
2023,Milwaukee Beers,Gabriel Moreno,22664,exact,3,1.0986122886681098,C,C,HIT,1.0994932677528042,0.0,1.0994932677528042,0.5497466338764021,73.0,0.0,0.0,0.0,0.0,0.0,1,0,1,0,0,0,,,,2000.0,23.0,4.552594170219153,True
2023,Milwaukee Beers,Daniel Hudson,7146,exact,3,1.0986122886681098,P,SP,PIT,3.7434140248078926,0.0,3.7434140248078926,1.8717070124039463,0.0,24.1,5.0,0.0,0.0,0.0,1,0,1,0,0,0,,,,1987.0,36.0,0.4422106905598953,True
2023,Milwaukee Beers,Dylan Carlson,20126,exact,3,1.0986122886681098,OF,OF,HIT,4.63803535136093,0.0,4.63803535136093,2.319017675680465,488.0,0.0,0.0,0.0,0.0,0.0,1,0,1,0,0,0,,,,1998.0,25.0,1.920830982468858,True
2023,Micks,Matt Carpenter,8090,exact,2,0.6931471805599453,U,UTIL,HIT,4.560110498988752,0.0,4.560110498988752,2.280055249494376,154.0,0.0,0.0,0.0,0.0,0.0,1,0,1,0,0,0,,,,1985.0,38.0,0.97536530546974,True
2023,Spehr's Army,James Outman,24770,exact,2,0.6931471805599453,OF,OF,HIT,0.6950810748091426,0.0,0.6950810748091426,0.3475405374045713,16.0,0.0,0.0,0.0,0.0,0.0,1,0,1,0,0,0,,,,1997.0,26.0,8.211214810483987,True
2023,New York Polar Bears,Alek Thomas,23792,exact,2,0.6931471805599453,OF,OF,HIT,3.8772542278437183,0.0,3.8772542278437183,1.9386271139218592,411.0,0.0,0.0,0.0,0.0,0.0,1,0,1,0,0,0,,,,2000.0,23.0,3.854327094360505,True
2023,New York Polar Bears,David Peralta,2136,exact,2,0.6931471805599453,U,UTIL,HIT,5.076496385156225,0.0,5.076496385156225,2.5382481925781124,490.0,0.0,0.0,0.0,0.0,0.0,1,0,1,0,1,1,1.0,2022.0,1.0,1987.0,36.0,4.452925658652297,True
2023,Block Bombers,Michael Wacha,14078,exact,2,0.6931471805599453,P,SP,PIT,8.060742527566347,0.0,8.060742527566347,4.030371263783174,0.0,127.1,0.0,0.0,0.0,0.0,1,0,1,0,0,0,,,,1991.0,32.0,10.2681921865749,True
2023,Milwaukee Beers,Tommy Pham,2967,exact,2,0.6931471805599453,OF,OF,HIT,7.794434151708742,0.0,7.794434151708742,3.897217075854371,622.0,0.0,0.0,0.0,0.0,0.0,1,0,1,0,1,1,15.0,2022.0,1.0,1988.0,35.0,7.169942890608756,True
2023,Moben,Michael Toglia,25845,exact,1,0.0,1B,CI,HIT,0.897190056235734,0.0,0.897190056235734,0.448595028117867,120.0,0.0,0.0,0.0,0.0,0.0,1,0,1,0,0,0,,,,1998.0,25.0,0.4725262827525376,True
2023,Moben,Andrew Painter,-1,unmatched,1,0.0,P,SP,,0.0,0.0,0.0,0.0,0.0,0.0,0.0,0.0,0.0,0.0,0,0,1,1,0,0,,,,,,0.0,False
2023,Moben,Alex Call,19296,exact,1,0.0,U,UTIL,HIT,1.86877003071928,0.0,1.86877003071928,0.93438501535964,131.0,0.0,0.0,0.0,0.0,0.0,1,0,1,0,0,0,,,,1994.0,29.0,2.6170060679287985,True
2023,Moben,Jeimer Candelario,13621,exact,1,0.0,CI,CI,HIT,4.008562183232757,0.0,4.008562183232757,2.0042810916163787,467.0,0.0,0.0,0.0,0.0,0.0,1,0,1,0,0,0,,,,1993.0,30.0,7.387735285058223,True
2023,Moben,Kevin Newman,17696,exact,1,0.0,2B,MI,HIT,3.6926918468521537,0.0,3.6926918468521537,1.8463459234260768,309.0,0.0,0.0,0.0,0.0,0.0,1,0,1,0,0,0,,,,1993.0,30.0,2.6990451572447305,True
2023,Spehr's Army,Blake Sabol,25805,exact,1,0.0,C,C,HIT,0.0,0.0,0.0,0.0,0.0,0.0,0.0,0.0,0.0,0.0,0,0,1,1,0,0,,,,1998.0,25.0,3.743223016027474,True
2023,Spehr's Army,Bailey Falter,20070,exact,1,0.0,P,SP,PIT,3.5692077173615773,0.0,3.5692077173615773,1.7846038586807886,0.0,84.0,0.0,0.0,0.0,0.0,1,0,1,0,0,0,,,,1997.0,26.0,-0.7626682127232659,True
2023,Spehr's Army,Robert Suarez,30115,exact,1,0.0,P,SP,PIT,5.246742836189552,0.0,5.246742836189552,2.623371418094776,0.0,47.2,1.0,0.0,0.0,0.0,1,0,1,0,1,1,16.0,2022.0,1.0,1991.0,32.0,2.4537695070726233,True
2023,Spehr's Army,Anthony DeSclafani,13050,exact,1,0.0,P,SP,PIT,-1.97822047353934,0.0,0.0,-0.98911023676967,0.0,19.0,0.0,0.0,0.0,0.0,1,0,1,0,1,1,12.0,2022.0,1.0,1990.0,33.0,1.7347201668394738,True
2023,Spehr's Army,Brendan Rodgers,17907,exact,1,0.0,2B,MI,HIT,7.057932067222577,0.0,7.057932067222577,3.5289660336112885,581.0,0.0,0.0,0.0,0.0,0.0,1,0,1,0,0,0,,,,1996.0,27.0,1.7791240644997317,True
2023,New York Polar Bears,Dominic Smith,15653,exact,1,0.0,CI,CI,HIT,0.4902337743969668,0.0,0.4902337743969668,0.2451168871984834,152.0,0.0,0.0,0.0,0.0,0.0,1,0,1,0,1,1,6.0,2022.0,1.0,1995.0,28.0,4.656725091746307,True
2023,Pookie 2.0,Walker Buehler,-1,unmatched,1,0.0,P,SP,,0.0,0.0,0.0,0.0,0.0,0.0,0.0,0.0,0.0,0.0,0,0,1,1,0,0,,,,,,0.0,False
2023,Producers,Jose Quintana,11423,exact,1,0.0,P,SP,PIT,7.7185504954581186,0.0,7.7185504954581186,3.8592752477290593,0.0,165.2,0.0,0.0,0.0,0.0,1,0,1,0,0,0,,,,1989.0,34.0,2.7778262112307828,True
2023,Producers,J.D. Davis,16219,exact,1,0.0,3B,CI,HIT,4.309133280507395,0.0,4.309133280507395,2.1545666402536976,365.0,0.0,0.0,0.0,0.0,0.0,1,0,1,0,1,1,4.0,2022.0,1.0,1993.0,30.0,5.824574566391869,True
2023,Producers,Orlando Arcia,13185,exact,1,0.0,2B,MI,HIT,2.9887270540059907,0.0,2.9887270540059907,1.4943635270029954,234.0,1.0,0.0,0.0,0.0,0.0,1,0,1,0,0,0,,,,1994.0,29.0,6.3170705173735815,True
2023,Producers,Adam Ottavino,1247,exact,1,0.0,P,SP,PIT,7.814499399878332,0.0,7.814499399878332,3.907249699939166,0.0,65.2,3.0,0.0,0.0,0.0,1,0,1,0,0,0,,,,1985.0,38.0,5.200076050707797,True
2023,Producers,Edmundo Sosa,17022,exact,1,0.0,SS,MI,HIT,2.3160147437575564,0.0,2.3160147437575564,1.1580073718787782,190.0,0.0,0.0,0.0,0.0,0.0,1,0,1,0,0,0,,,,1996.0,27.0,3.2308130497752416,True
2023,Producers,Andrew Chafin,12988,exact,1,0.0,P,SP,PIT,4.079965552388347,0.0,4.079965552388347,2.0399827761941736,0.0,57.1,3.0,0.0,0.0,0.0,1,0,1,0,0,0,,,,1990.0,33.0,2.6065526798082415,True
2023,Block Bombers,Trayce Thompson,9952,exact,1,0.0,OF,OF,HIT,4.721941721774515,0.0,4.721941721774515,2.3609708608872575,255.0,0.0,0.0,0.0,0.0,0.0,1,0,1,0,0,0,,,,1991.0,32.0,0.7899381185527512,True
2023,Milwaukee Beers,Corey Dickerson,10762,exact,1,0.0,OF,OF,HIT,3.3034291786843357,0.0,3.3034291786843357,1.6517145893421679,297.0,1.0,0.0,0.0,0.0,0.0,1,0,1,0,0,0,,,,1989.0,34.0,1.0841280498256174,True
2023,Milwaukee Beers,Joey Votto,4314,exact,1,0.0,U,UTIL,HIT,2.680862966583721,0.0,2.680862966583721,1.3404314832918605,376.0,0.0,0.0,0.0,0.0,0.0,1,0,1,0,0,0,,,,1983.0,40.0,2.5449241939065654,True
2023,Milwaukee Beers,Ryne Nelson,26253,exact,1,0.0,P,SP,PIT,2.1454680798328787,0.0,2.1454680798328787,1.0727340399164393,0.0,18.1,0.0,0.0,0.0,0.0,1,0,1,0,0,0,,,,1998.0,25.0,0.080753649130056,True
2024,Moben,Bobby Witt,25764,exact,39,3.6635616461296463,SS,MI,HIT,13.577597174276244,11.586887712186762,13.577597174276244,12.582242443231504,694.0,0.0,0.0,632.0,0.0,0.0,1,1,1,0,0,0,,,,2000.0,24.0,14.167163027517429,True
2024,Pookie 2.0,Aaron Judge,15640,curated,39,3.6635616461296463,RF,OF,HIT,8.988189227504986,20.638515507255356,20.638515507255356,14.81335236738017,458.0,0.0,0.0,696.0,0.0,0.0,1,1,1,0,0,0,,,,1992.0,32.0,15.437568911620724,True
2024,Lisbon Long Balls,Vladimir Guerrero Jr.,19611,curated,37,3.6109179126442243,1B,CI,HIT,8.860801936187748,12.25052380775787,12.25052380775787,10.55566287197281,682.0,0.0,0.0,706.0,0.0,0.0,1,1,1,0,0,0,,,,1999.0,25.0,10.9618444311069,True
2024,New York Polar Bears,Julio Rodriguez,23697,curated,36,3.58351893845611,CF,OF,HIT,13.266201292461043,12.822226094440499,13.266201292461043,13.044213693450772,714.0,0.0,0.0,560.0,0.0,0.0,1,1,1,0,0,0,,,,2000.0,24.0,7.915601136302213,True
2024,Lisbon Long Balls,Mookie Betts,13611,curated,35,3.5553480614894135,RF,OF,HIT,14.44095004672919,13.091099449872715,14.44095004672919,13.766024748300953,693.0,0.0,0.0,639.0,0.0,0.0,1,1,1,0,0,0,,,,1992.0,32.0,7.870092003060637,True
2024,Moben,Fernando Tatis Jr.,19709,curated,34,3.5263605246161616,RF,OF,HIT,10.100624139660672,0.0,10.100624139660672,5.050312069830336,635.0,0.0,0.0,0.0,0.0,0.0,1,0,1,0,0,0,,,,1999.0,25.0,6.1464981424677125,True
2024,Spehr's Army,Kyle Tucker,18345,curated,33,3.4965075614664802,RF,OF,HIT,12.940971813770574,12.788130685331588,12.940971813770574,12.86455124955108,674.0,0.0,0.0,609.0,0.0,0.0,1,1,1,0,0,0,,,,1997.0,27.0,6.186125874490551,True
2024,Pookie 2.0,Shohei Ohtani,19755,curated,32,3.4657359027997265,DH,UTIL,HIT,24.827254378139223,29.360566456994135,29.360566456994135,27.09391041756668,599.0,132.0,0.0,666.0,166.0,0.0,1,1,1,0,0,0,,,,1994.0,30.0,17.608279992079556,True
2024,Producers,Yordan Alvarez,19556,curated,31,3.4339872044851463,DH,UTIL,HIT,9.77312614968875,13.167896007701012,13.167896007701012,11.47051107869488,496.0,0.0,0.0,561.0,0.0,0.0,1,1,1,0,0,0,,,,1997.0,27.0,10.035269437565765,True
2024,All-Stars,Jose Ramirez,13510,curated,30,3.4011973816621555,3B,CI,HIT,10.876679937036053,14.549584559458305,14.549584559458305,12.71313224824718,691.0,0.0,0.0,685.0,0.0,0.0,1,1,1,0,0,0,,,,1992.0,32.0,13.213920317057536,True
2024,Lisbon Long Balls,Rafael Devers,17350,curated,30,3.4011973816621555,3B,CI,HIT,10.348943486293269,11.352205097847595,11.352205097847595,10.850574292070432,656.0,0.0,0.0,614.0,0.0,0.0,1,1,1,0,0,0,,,,1996.0,28.0,7.990217000693773,True
2024,Lisbon Long Balls,Corey Seager,13624,curated,30,3.4011973816621555,SS,MI,HIT,11.68341175072037,9.932891602999925,11.68341175072037,10.808151676860149,536.0,0.0,0.0,663.0,0.0,0.0,1,1,1,0,0,0,,,,1994.0,30.0,7.284947000759204,True
2024,New York Polar Bears,Gunnar Henderson,26289,curated,29,3.367295829986474,3B,CI,HIT,9.389332825469273,1.7272205265103113,9.389332825469273,5.558276675989792,622.0,0.0,0.0,132.0,0.0,0.0,1,1,1,0,0,0,,,,2001.0,23.0,11.37266235737284,True
2024,Spehr's Army,Luis Castillo,15689,curated,28,3.332204510175204,SP,SP,HIT,14.099885370944381,10.078859034738999,14.099885370944381,12.089372202841691,0.0,197.0,0.0,0.0,150.1,0.0,1,1,1,0,0,0,,,,1992.0,32.0,6.088012345518382,True
2024,New York Polar Bears,Austin Riley,18360,curated,28,3.332204510175204,3B,CI,HIT,11.843455994869046,11.948604663979992,11.948604663979992,11.89603032942452,715.0,0.0,0.0,693.0,0.0,0.0,1,1,1,0,0,0,,,,1997.0,27.0,5.107091750523481,True
2024,Phenoms,Corbin Burnes,19361,curated,28,3.332204510175204,SP,SP,PIT,12.435924325005013,16.12135185305843,16.12135185305843,14.278638089031723,0.0,193.2,0.0,0.0,202.0,0.0,1,1,1,0,0,0,,,,1994.0,30.0,10.366881905336609,True
2024,Moben,Royce Lewis,20437,curated,27,3.295836866004329,3B,CI,HIT,5.547608576888279,0.7168576800331166,5.547608576888279,3.1322331284606975,239.0,0.0,0.0,41.0,0.0,0.0,1,1,1,0,0,0,,,,1999.0,25.0,3.451692383491091,True
2024,Phenoms,Yoshinobu Yamamoto,33825,curated,27,3.295836866004329,SP,SP,PIT,0.0,0.0,0.0,0.0,0.0,0.0,0.0,0.0,0.0,0.0,0,0,1,1,0,0,,,,1998.0,26.0,5.114737485319392,True
2024,Milwaukee Beers,Kevin Gausman,14107,curated,27,3.295836866004329,SP,SP,PIT,13.102309605222489,9.708013802882824,13.102309605222489,11.405161704052656,0.0,185.0,0.0,0.0,174.2,0.0,1,1,1,0,0,0,,,,1991.0,33.0,5.562627319514974,True
2024,McBlocks,Trea Turner,16252,curated,26,3.258096538021482,SS,MI,HIT,10.898555146734314,14.872893744606197,14.872893744606197,12.885724445670256,691.0,0.0,0.0,708.0,0.0,0.0,1,1,1,0,1,1,45.0,2023.0,1.0,1993.0,31.0,8.425445352524054,True
2024,New York Polar Bears,Luis Robert,20043,exact,26,3.258096538021482,CF,OF,HIT,10.852539305400814,7.521419014815034,10.852539305400814,9.186979160107924,595.0,0.0,0.0,401.0,0.0,0.0,1,1,1,0,0,0,,,,1997.0,27.0,4.209678491164451,True
2024,Phenoms,Logan Webb,17995,curated,26,3.258096538021482,SP,SP,PIT,13.58086647183128,12.449818928456974,13.58086647183128,13.015342700144128,0.0,216.0,0.0,0.0,192.1,0.0,1,1,1,0,0,0,,,,1996.0,28.0,6.356877387857415,True
2024,Pookie 2.0,George Kirby,25436,curated,25,3.2188758248682006,SP,SP,PIT,13.238995890904171,6.713193456419313,13.238995890904171,9.976094673661741,0.0,190.2,0.0,0.0,130.0,0.0,1,1,1,0,0,0,,,,1998.0,26.0,8.541666979809934,True
2024,Phenoms,Pablo Lopez,17085,curated,24,3.1780538303479458,SP,SP,PIT,11.58360351951086,8.034447183319003,11.58360351951086,9.809025351414931,0.0,194.0,0.0,0.0,180.0,0.0,1,1,1,0,0,0,,,,1996.0,28.0,6.043058853595909,True
2024,Spehr's Army,Marcus Semien,12533,curated,23,3.1354942159291497,2B,MI,HIT,12.020328294245616,12.179964586182885,12.179964586182885,12.10014644021425,753.0,0.0,0.0,724.0,0.0,0.0,1,1,1,0,0,0,,,,1990.0,34.0,6.854285063664914,True
2024,Pookie 2.0,Framber Valdez,17295,curated,23,3.1354942159291497,SP,SP,PIT,12.265047542470247,14.287854856853905,14.287854856853905,13.276451199662077,0.0,198.0,0.0,0.0,201.1,0.0,1,1,1,0,0,0,,,,1993.0,31.0,9.805465831061248,True
2024,Milwaukee Beers,Tarik Skubal,22267,curated,23,3.1354942159291497,SP,SP,PIT,8.59003819925044,6.120901530767224,8.59003819925044,7.355469865008832,0.0,80.1,0.0,0.0,117.2,0.0,1,1,1,0,0,0,,,,1996.0,28.0,15.710290279910598,True
2024,Phenoms,Tyler Glasnow,14374,curated,22,3.091042453358316,SP,SP,PIT,9.600473357876707,0.6383631339894131,9.600473357876707,5.11941824593306,0.0,120.0,0.0,0.0,6.2,0.0,1,1,1,0,0,0,,,,1993.0,31.0,7.751603567377016,True
2024,All-Stars,Adolis Garcia,19287,curated,21,3.044522437723423,RF,OF,HIT,10.964809735623847,12.545328684319564,12.545328684319564,11.755069209971705,632.0,0.0,0.0,657.0,0.0,0.0,1,1,1,0,0,0,,,,1993.0,31.0,6.134655444354114,True
2024,New York Polar Bears,Bo Bichette,19612,curated,21,3.044522437723423,SS,MI,HIT,8.863055460434337,12.608587648574998,12.608587648574998,10.735821554504668,601.0,0.0,0.0,697.0,0.0,0.0,1,1,1,0,0,0,,,,1998.0,26.0,1.8835940482112337,True
2024,Producers,Francisco Lindor,12916,curated,21,3.044522437723423,SS,MI,HIT,11.882975542125903,12.990322740840448,12.990322740840448,12.436649141483176,687.0,0.0,0.0,706.0,0.0,0.0,1,1,1,0,1,1,28.0,2022.0,2.0,1993.0,31.0,10.831812029574325,True
2024,McBlocks,Randy Arozarena,19290,curated,20,2.995732273553991,LF,OF,HIT,9.580412697776358,12.131754567280401,12.131754567280401,10.85608363252838,654.0,0.0,0.0,645.0,0.0,0.0,1,1,1,0,0,0,,,,1995.0,29.0,5.606723936051065,True
2024,McBlocks,Manny Machado,11493,curated,20,2.995732273553991,3B,CI,HIT,8.582025866815728,13.784244704967232,13.784244704967232,11.183135285891481,601.0,0.0,0.0,644.0,0.0,0.0,1,1,1,0,1,1,39.0,2023.0,1.0,1992.0,32.0,9.03043916276524,True
2024,Milwaukee Beers,Mike Trout,10155,curated,20,2.995732273553991,CF,OF,HIT,5.265942363883586,11.45673969311392,11.45673969311392,8.361341028498753,362.0,0.0,0.0,499.0,0.0,0.0,1,1,1,0,0,0,,,,1991.0,33.0,1.778422086792424,True
2024,McBlocks,Jose Altuve,5417,curated,19,2.9444389791664403,2B,MI,HIT,8.239257087273776,12.812887539739268,12.812887539739268,10.526072313506521,410.0,0.0,0.0,604.0,0.0,0.0,1,1,1,0,0,0,,,,1990.0,34.0,9.0538069274185,True
2024,McBlocks,Max Fried,13743,curated,19,2.9444389791664403,SP,SP,PIT,7.3036839095538735,15.51677788493011,15.51677788493011,11.410230897241991,0.0,77.2,0.0,0.0,185.1,0.0,1,1,1,0,1,1,30.0,2023.0,1.0,1994.0,30.0,7.073294664212528,True
2024,All-Stars,Christian Yelich,11477,curated,18,2.8903717578961645,LF,OF,HIT,10.735468615308719,9.492107131394995,10.735468615308719,10.113787873351857,632.0,0.0,0.0,671.0,0.0,0.0,1,1,1,0,2,1,24.0,2023.0,1.0,1991.0,33.0,5.688178484903943,True
2024,All-Stars,Grayson Rodriguez,24492,curated,18,2.8903717578961645,SP,SP,PIT,3.9481464861120443,0.0,3.9481464861120443,1.9740732430560222,0.0,122.0,0.0,0.0,0.0,0.0,1,0,1,0,0,0,,,,1999.0,25.0,4.831874787836344,True
2024,Producers,Paul Goldschmidt,9218,curated,18,2.8903717578961645,1B,CI,HIT,9.296456720564844,15.46975799819599,15.46975799819599,12.383107359380418,687.0,0.0,0.0,651.0,0.0,0.0,1,1,1,0,1,1,36.0,2022.0,2.0,1987.0,37.0,6.077183850124192,True
2024,Milwaukee Beers,Aaron Nola,16149,curated,18,2.8903717578961645,SP,SP,PIT,8.684225299936823,14.649705545739442,14.649705545739442,11.666965422838132,0.0,193.2,0.0,0.0,205.0,0.0,1,1,1,0,2,1,29.0,2023.0,1.0,1993.0,31.0,7.17069314461357,True
2024,McBlocks,Spencer Torkelson,27465,curated,17,2.833213344056216,1B,CI,HIT,8.20963216778454,2.056470559714829,8.20963216778454,5.133051363749685,684.0,0.0,0.0,404.0,0.0,0.0,1,1,1,0,0,0,,,,1999.0,25.0,2.500441709503235,True
2024,McBlocks,Dylan Cease,18525,curated,17,2.833213344056216,SP,SP,PIT,3.7209848991672914,16.427172660526626,16.427172660526626,10.074078779846959,0.0,177.0,0.0,0.0,184.0,0.0,1,1,1,0,0,0,,,,1995.0,29.0,9.53886183546502,True
2024,Producers,Tanner Bibee,30134,curated,17,2.833213344056216,SP,SP,PIT,9.981536249587622,0.0,9.981536249587622,4.990768124793811,0.0,142.0,0.0,0.0,0.0,0.0,1,0,1,0,0,0,,,,1999.0,25.0,7.654168995842267,True
2024,Milwaukee Beers,Edwin Diaz,14710,curated,17,2.833213344056216,RP,RP,PIT,0.0,15.154909767770057,15.154909767770057,7.577454883885029,0.0,0.0,0.0,0.0,62.0,32.0,0,1,1,0,0,0,,,,1994.0,30.0,6.595657121089411,True
2024,Milwaukee Beers,Freddy Peralta,18679,curated,17,2.833213344056216,SP,SP,PIT,10.887997398165904,4.702810477677414,10.887997398165904,7.795403937921659,0.0,165.2,0.0,0.0,78.0,0.0,1,1,1,0,0,0,,,,1996.0,28.0,5.9802564807905405,True
2024,Spehr's Army,Seiya Suzuki,30116,curated,16,2.772588722239781,RF,OF,HIT,8.369050192515,6.51639515489136,8.369050192515,7.44272267370318,583.0,0.0,0.0,446.0,0.0,0.0,1,1,1,0,2,1,17.0,2023.0,1.0,1994.0,30.0,7.879557330964282,True
2024,All-Stars,Blake Snell,13543,curated,16,2.772588722239781,SP,SP,PIT,16.193660369670024,7.633612024934968,16.193660369670024,11.913636197302496,0.0,180.0,0.0,0.0,128.0,0.0,1,1,1,0,2,1,24.0,2023.0,1.0,1992.0,32.0,5.760134868668938,True
2024,Producers,Joe Ryan,21390,curated,16,2.772588722239781,SP,SP,PIT,7.849730702357447,9.623085033925472,9.623085033925472,8.736407868141459,0.0,161.2,0.0,0.0,147.0,0.0,1,1,1,0,0,0,,,,1996.0,28.0,6.2850311723407035,True
2024,Producers,Wyatt Langford,33333,curated,16,2.772588722239781,LF,OF,HIT,0.0,0.0,0.0,0.0,0.0,0.0,0.0,0.0,0.0,0.0,0,0,1,1,0,0,,,,2001.0,23.0,6.739454097489879,True
2024,Moben,Andres Gimenez,19950,curated,15,2.70805020110221,2B,MI,HIT,8.010839226902302,10.780052210917175,10.780052210917175,9.395445718909738,616.0,0.0,0.0,557.0,0.0,0.0,1,1,1,0,0,0,,,,1998.0,26.0,6.2031310602658545,True
2024,Moben,Jazz Chisholm Jr.,20454,curated,15,2.70805020110221,CF,OF,HIT,6.518481426468215,5.977227821926732,6.518481426468215,6.2478546241974735,383.0,0.0,0.0,241.0,0.0,0.0,1,1,1,0,0,0,,,,1998.0,26.0,8.678797987070629,True
2024,All-Stars,Emmanuel Clase,21032,curated,15,2.70805020110221,RP,RP,PIT,12.452140808795143,17.56455797614974,17.56455797614974,15.008349392472441,0.0,72.2,44.0,0.0,72.2,42.0,1,1,1,0,0,0,,,,1998.0,26.0,15.641423435903915,True
2024,New York Polar Bears,Zach Eflin,13774,curated,15,2.70805020110221,SP,SP,PIT,13.948665362231091,2.8618459249801287,13.948665362231091,8.40525564360561,0.0,177.2,0.0,0.0,75.2,1.0,1,1,1,0,1,1,5.0,2022.0,2.0,1994.0,30.0,5.428092307646965,True
2024,Phenoms,Yu Darvish,13074,curated,15,2.70805020110221,SP,SP,PIT,4.26744526745252,15.802086794515553,15.802086794515553,10.034766030984036,0.0,136.1,0.0,0.0,194.2,0.0,1,1,1,0,1,1,26.0,2022.0,2.0,1986.0,38.0,4.263429380088363,True
2024,Milwaukee Beers,Gleyber Torres,16997,curated,15,2.70805020110221,2B,MI,HIT,9.221228499410532,9.405120707729163,9.405120707729163,9.313174603569848,672.0,0.0,0.0,572.0,0.0,0.0,1,1,1,0,0,0,,,,1996.0,28.0,5.814020374185823,True
2024,Moben,Jackson Chourio,28806,curated,14,2.6390573296152584,CF,OF,HIT,0.0,0.0,0.0,0.0,0.0,0.0,0.0,0.0,0.0,0.0,0,0,1,1,0,0,,,,2004.0,20.0,8.290857767994867,True
2024,All-Stars,Adley Rutschman,26288,curated,14,2.6390573296152584,C,C,HIT,8.318062437209603,6.1328965065802725,8.318062437209603,7.225479471894937,687.0,0.0,0.0,470.0,0.0,0.0,1,1,1,0,0,0,,,,1998.0,26.0,5.8294979500467825,True
2024,Moben,Bryan Reynolds,19326,curated,13,2.5649493574615367,LF,OF,HIT,9.009377507650258,9.07394500023125,9.07394500023125,9.041661253940754,640.0,0.0,0.0,614.0,0.0,0.0,1,1,1,0,0,0,,,,1995.0,29.0,7.995556929603298,True
2024,All-Stars,Ketel Marte,13613,curated,13,2.5649493574615367,2B,MI,HIT,9.54737223166433,5.943713120707032,9.54737223166433,7.74554267618568,650.0,0.0,0.0,558.0,0.0,0.0,1,1,1,0,2,1,20.0,2023.0,1.0,1993.0,31.0,9.954419424049382,True
2024,Pookie 2.0,Gerrit Cole,13125,curated,13,2.5649493574615367,SP,SP,PIT,18.767907791895432,13.919290365338444,18.767907791895432,16.34359907861694,0.0,209.0,0.0,0.0,200.2,0.0,1,1,1,0,0,0,,,,1990.0,34.0,4.584012765414052,True
2024,Milwaukee Beers,George Springer,12856,curated,13,2.5649493574615367,RF,OF,HIT,8.768441022091876,10.940324406949669,10.940324406949669,9.854382714520773,683.0,0.0,0.0,583.0,0.0,0.0,1,1,1,0,0,0,,,,1989.0,35.0,5.188932874314748,True
2024,New York Polar Bears,Logan Gilbert,22250,curated,12,2.4849066497880004,SP,SP,PIT,12.015802012159163,10.698832478194264,12.015802012159163,11.357317245176713,0.0,190.2,0.0,0.0,185.2,0.0,1,1,1,0,0,0,,,,1997.0,27.0,11.370386588900583,True
2024,Pookie 2.0,Nolan Arenado,9777,curated,12,2.4849066497880004,3B,CI,HIT,8.467307173095952,11.928612910251752,11.928612910251752,10.197960041673852,612.0,0.0,0.0,620.0,0.0,0.0,1,1,1,0,2,1,36.0,2023.0,1.0,1991.0,33.0,6.165906119614862,True
2024,Phenoms,Alex Bregman,17678,curated,12,2.4849066497880004,3B,CI,HIT,9.566850563366076,9.850678747057062,9.850678747057062,9.708764655211569,724.0,0.0,0.0,656.0,0.0,0.0,1,1,1,0,0,0,,,,1994.0,30.0,6.973362741247202,True
2024,Moben,Bailey Ober,21224,curated,11,2.3978952727983707,SP,SP,PIT,9.46695055043165,3.207015083273116,9.46695055043165,6.336982816852383,0.0,144.1,0.0,0.0,56.0,0.0,1,1,1,0,0,0,,,,1995.0,29.0,7.582019763323422,True
2024,Spehr's Army,Sonny Gray,12768,curated,11,2.3978952727983707,SP,SP,PIT,12.142791235279445,7.705568484379127,12.142791235279445,9.924179859829286,0.0,184.0,0.0,0.0,119.2,0.0,1,1,1,0,0,0,,,,1989.0,35.0,7.488045589358666,True
2024,Spehr's Army,Cole Ragans,21846,curated,11,2.3978952727983707,RP,RP,PIT,6.615265874861055,-1.171570136920721,6.615265874861055,2.721847868970167,0.0,96.0,0.0,0.0,40.0,0.0,1,1,1,0,0,0,,,,1997.0,27.0,8.780726777550939,True
2024,Pookie 2.0,Jhoan Duran,21029,curated,11,2.3978952727983707,RP,RP,PIT,10.374628452230425,8.102204926493727,10.374628452230425,9.238416689362076,0.0,62.1,27.0,0.0,67.2,8.0,1,1,1,0,0,0,,,,1998.0,26.0,6.213717405058615,True
2024,Producers,Jordan Walker,27475,curated,11,2.3978952727983707,RF,OF,HIT,6.002757754402885,0.0,6.002757754402885,3.0013788772014425,465.0,0.0,0.0,0.0,0.0,0.0,1,0,1,0,1,1,17.0,2023.0,1.0,2002.0,22.0,1.021340848082148,True
2024,Moben,Joe Musgrove,12970,curated,10,2.302585092994046,SP,SP,PIT,8.048377193503631,12.017914259205183,12.017914259205183,10.033145726354407,0.0,97.1,0.0,0.0,181.0,0.0,1,1,1,0,2,1,25.0,2023.0,1.0,1992.0,32.0,3.0222709252586784,True
2024,Spehr's Army,Triston Casas,22514,curated,10,2.302585092994046,1B,CI,HIT,6.793000732513906,1.128776009404803,6.793000732513906,3.9608883709593545,502.0,0.0,0.0,95.0,0.0,0.0,1,1,1,0,0,0,,,,2000.0,24.0,2.5943585369527504,True
2024,All-Stars,Evan Carter,27790,curated,10,2.302585092994046,LF,OF,HIT,1.831218592749499,0.0,1.831218592749499,0.9156092963747495,75.0,0.0,0.0,0.0,0.0,0.0,1,0,1,0,0,0,,,,2002.0,22.0,1.0662386877539909,True
2024,Pookie 2.0,Carlos Rodon,16137,curated,10,2.302585092994046,SP,SP,PIT,-1.7993397194735863,15.33259389363139,15.33259389363139,6.766627087078902,0.0,64.1,0.0,0.0,178.0,0.0,1,1,1,0,1,1,26.0,2022.0,2.0,1992.0,32.0,6.349093150393097,True
2024,Producers,Bobby Miller,27483,curated,10,2.302585092994046,SP,SP,PIT,8.332801787533015,0.0,8.332801787533015,4.166400893766507,0.0,124.1,0.0,0.0,0.0,0.0,1,0,1,0,0,0,,,,1999.0,25.0,-5.537300003893918,True
2024,Milwaukee Beers,David Bednar,19569,curated,10,2.302585092994046,RP,RP,PIT,13.498375197781034,8.035905789527947,13.498375197781034,10.767140493654491,0.0,67.1,39.0,0.0,51.2,19.0,1,1,1,0,0,0,,,,1994.0,30.0,2.151128031679791,True
2024,Moben,Josh Naylor,18839,curated,9,2.1972245773362196,1B,CI,HIT,8.850510962362895,7.63031860460056,8.850510962362895,8.240414783481727,495.0,0.0,0.0,498.0,0.0,0.0,1,1,1,0,0,0,,,,1997.0,27.0,8.101345010297852,True
2024,McBlocks,Zack Gelof,29766,curated,9,2.1972245773362196,2B,MI,HIT,4.906859552787681,0.0,4.906859552787681,2.4534297763938406,300.0,0.0,0.0,0.0,0.0,0.0,1,0,1,0,0,0,,,,1999.0,25.0,4.779703701768552,True
2024,All-Stars,Joshua Lowe,19953,initial_last,9,2.1972245773362196,RF,OF,HIT,10.391909685739384,1.557629389475725,10.391909685739384,5.974769537607554,501.0,0.0,0.0,198.0,0.0,0.0,1,1,1,0,0,0,,,,1998.0,26.0,4.1044713715211945,True
2024,New York Polar Bears,Chris Bassitt,12304,curated,9,2.1972245773362196,SP,SP,PIT,12.13372525012589,10.898793020980774,12.13372525012589,11.516259135553332,0.0,200.0,0.0,0.0,181.2,0.0,1,1,1,0,1,1,20.0,2022.0,2.0,1989.0,35.0,1.1579774297122527,True
2024,New York Polar Bears,Chris Sale,10603,curated,9,2.1972245773362196,SP,SP,PIT,5.341885738006536,0.17757637630650117,5.341885738006536,2.7597310571565186,0.0,102.2,0.0,0.0,5.2,0.0,1,1,1,0,0,0,,,,1989.0,35.0,14.13312427424068,True
2024,New York Polar Bears,Vinnie Pasquantino,27676,curated,9,2.1972245773362196,1B,CI,HIT,2.3256228213340124,3.985212430253807,3.985212430253807,3.15541762579391,260.0,0.0,0.0,298.0,0.0,0.0,1,1,1,0,0,0,,,,1997.0,27.0,6.572702654642177,True
2024,New York Polar Bears,Nick Castellanos,11737,curated,9,2.1972245773362196,RF,OF,HIT,10.286921619805458,7.064049062911461,10.286921619805458,8.67548534135846,671.0,0.0,0.0,558.0,0.0,0.0,1,1,1,0,1,1,23.0,2023.0,1.0,1992.0,32.0,7.0640193689646535,True
2024,New York Polar Bears,Shane Bieber,19427,curated,9,2.1972245773362196,SP,SP,PIT,5.261233886235479,14.53042373888343,14.53042373888343,9.895828812559454,0.0,128.0,0.0,0.0,200.0,0.0,1,1,1,0,0,0,,,,1995.0,29.0,1.8933191368576776,True
2024,All-Stars,Thairo Estrada,16426,curated,8,2.0794415416798357,2B,MI,HIT,7.162152620823214,9.111106250872504,9.111106250872504,8.136629435847858,530.0,0.0,0.0,541.0,0.0,0.0,1,1,1,0,0,0,,,,1996.0,28.0,2.723898242688036,True
2024,Lisbon Long Balls,Clay Holmes,13649,curated,8,2.0794415416798357,RP,RP,PIT,9.267642884943097,10.376833944573411,10.376833944573411,9.822238414758253,0.0,63.0,24.0,0.0,63.2,20.0,1,1,1,0,0,0,,,,1993.0,31.0,6.4649699533492235,True
2024,New York Polar Bears,Tommy Edman,19470,curated,7,1.9459101490553132,2B,MI,HIT,6.7807419584113084,11.206576360382073,11.206576360382073,8.99365915939669,528.0,0.0,0.0,630.0,0.0,0.0,1,1,1,0,1,1,27.0,2023.0,1.0,1995.0,29.0,1.8684949931684316,True
2024,Pookie 2.0,Xander Bogaerts,12161,curated,7,1.9459101490553132,SS,MI,HIT,9.071515770610734,10.672047902467611,10.672047902467611,9.871781836539173,665.0,0.0,0.0,631.0,0.0,0.0,1,1,1,0,1,1,22.0,2023.0,1.0,1992.0,32.0,4.67099697483493,True
2024,Pookie 2.0,Esteury Ruiz,21780,curated,7,1.9459101490553132,CF,OF,HIT,8.38786458463674,0.12524699728463243,8.38786458463674,4.256555790960686,497.0,0.0,0.0,36.0,0.0,0.0,1,1,1,0,0,0,,,,1999.0,25.0,0.8019247727853147,True
2024,Lisbon Long Balls,Yandy Diaz,16578,curated,7,1.9459101490553132,1B,CI,HIT,10.552596501487375,7.7670917162489,10.552596501487375,9.159844108868137,600.0,0.0,0.0,558.0,0.0,0.0,1,1,1,0,0,0,,,,1991.0,33.0,5.574882086223411,True
2024,Milwaukee Beers,Cedric Mullins,17929,curated,7,1.9459101490553132,CF,OF,HIT,6.257057151213944,11.495241897417964,11.495241897417964,8.876149524315954,455.0,0.0,0.0,672.0,0.0,0.0,1,1,1,0,0,0,,,,1994.0,30.0,6.397838121968644,True
2024,Moben,Tanner Scott,17586,curated,6,1.791759469228055,RP,RP,PIT,11.635521121649667,4.7830523115220105,11.635521121649667,8.209286716585838,0.0,78.0,12.0,0.0,62.2,20.0,1,1,1,0,0,0,,,,1994.0,30.0,9.727150278127942,True
2024,McBlocks,Jonah Heim,16930,curated,6,1.791759469228055,C,C,HIT,7.137571662042686,4.872385859821867,7.137571662042686,6.004978760932277,501.0,0.0,0.0,450.0,0.0,0.0,1,1,1,0,0,0,,,,1995.0,29.0,3.2568471470808102,True
2024,Spehr's Army,Josh Jung,26299,curated,6,1.791759469228055,3B,CI,HIT,7.382181878885788,1.260054992385697,7.382181878885788,4.321118435635743,515.0,0.0,0.0,102.0,0.0,0.0,1,1,1,0,0,0,,,,1998.0,26.0,1.9139686838463257,True
2024,Pookie 2.0,Teoscar Hernandez,13066,curated,6,1.791759469228055,RF,OF,HIT,8.43378554176764,9.353005456890289,9.353005456890289,8.893395499328964,678.0,0.0,0.0,535.0,0.0,0.0,1,1,1,0,0,0,,,,1992.0,32.0,9.301108300246222,True
2024,Lisbon Long Balls,Kenley Jansen,3096,curated,6,1.791759469228055,RP,RP,PIT,7.923523245724555,13.371161017109339,13.371161017109339,10.647342131416947,0.0,44.2,29.0,0.0,64.0,41.0,1,1,1,0,1,1,29.0,2022.0,2.0,1987.0,37.0,6.859791375691767,True
2024,McBlocks,Cristopher Sanchez,20778,curated,5,1.6094379124341003,SP,SP,PIT,5.819173161252062,-0.34703052919454325,5.819173161252062,2.736071316028759,0.0,99.1,0.0,0.0,40.0,1.0,1,1,1,0,0,0,,,,1996.0,28.0,5.800168290530418,True
2024,Lisbon Long Balls,Nathan Eovaldi,9132,curated,5,1.6094379124341003,SP,SP,PIT,9.251154759671957,3.96417304665321,9.251154759671957,6.6076639031625835,0.0,144.0,0.0,0.0,109.1,0.0,1,1,1,0,0,0,,,,1990.0,34.0,6.491221949467604,True
2024,Milwaukee Beers,Yainer Diaz,23003,curated,5,1.6094379124341003,C,C,HIT,6.4437760505382675,-0.04033010202785914,6.4437760505382675,3.2017229742552042,377.0,0.0,0.0,9.0,0.0,0.0,1,1,1,0,0,0,,,,1998.0,26.0,7.418344649815768,True
2024,Moben,Pete Fairbanks,17998,curated,4,1.3862943611198906,RP,RP,PIT,8.998037931359884,4.917409276182193,8.998037931359884,6.957723603771038,0.0,45.1,25.0,0.0,24.0,8.0,1,1,1,0,0,0,,,,1993.0,31.0,5.036209988272269,True
2024,Moben,Hunter Brown,25880,curated,4,1.3862943611198906,SP,SP,PIT,3.784336199215956,2.565881242874862,3.784336199215956,3.175108721045409,0.0,155.2,0.0,0.0,20.1,0.0,1,1,1,0,0,0,,,,1998.0,26.0,5.516787023887666,True
2024,McBlocks,Rhys Hoskins,16472,curated,4,1.3862943611198906,1B,CI,HIT,0.0,9.13116138428234,9.13116138428234,4.56558069214117,0.0,0.0,0.0,672.0,0.0,0.0,0,1,1,0,0,0,,,,1993.0,31.0,5.238224374567919,True
2024,Spehr's Army,Maikel Garcia,22715,curated,4,1.3862943611198906,3B,CI,HIT,6.2141507721890035,0.25460948452768656,6.2141507721890035,3.234380128358345,515.0,0.0,0.0,23.0,0.0,0.0,1,1,1,0,0,0,,,,2000.0,24.0,6.251350912385107,True
2024,All-Stars,Ryan Pepiot,26221,curated,4,1.3862943611198906,RP,RP,PIT,4.668781814384778,1.4109374262878518,4.668781814384778,3.039859620336315,0.0,42.0,0.0,0.0,36.1,0.0,1,1,1,0,1,1,10.0,2023.0,1.0,1997.0,27.0,4.960165582070714,True
2024,All-Stars,Salvador Perez,7304,curated,4,1.3862943611198906,C,C,HIT,6.70444406097683,7.098975321705226,7.098975321705226,6.901709691341028,580.0,0.0,0.0,473.0,0.0,0.0,1,1,1,0,0,0,,,,1990.0,34.0,7.512079581365313,True
2024,New York Polar Bears,Justin Verlander,8700,curated,4,1.3862943611198906,SP,SP,PIT,11.26057717450611,21.542408332683657,21.542408332683657,16.401492753594884,0.0,162.1,0.0,0.0,175.0,0.0,1,1,1,0,1,1,30.0,2023.0,1.0,1983.0,41.0,-1.4437031983898057,True
2024,New York Polar Bears,Nolan Gorman,22263,curated,4,1.3862943611198906,2B,MI,HIT,6.921691778768486,3.951095079448129,6.921691778768486,5.436393429108308,464.0,0.0,0.0,313.0,0.0,0.0,1,1,1,0,0,0,,,,2000.0,24.0,3.422973495959478,True
2024,Phenoms,Dansby Swanson,18314,curated,4,1.3862943611198906,SS,MI,HIT,7.634442166963086,13.04104394555696,13.04104394555696,10.337743056260022,638.0,0.0,0.0,696.0,0.0,0.0,1,1,1,0,1,1,23.0,2023.0,1.0,1994.0,30.0,6.368984165541918,True
2024,Lisbon Long Balls,Shota Imanaga,33829,curated,4,1.3862943611198906,SP,SP,PIT,0.0,0.0,0.0,0.0,0.0,0.0,0.0,0.0,0.0,0.0,0,0,1,1,0,0,,,,1993.0,31.0,10.795166217639634,True
2024,Milwaukee Beers,Jake Burger,22275,curated,4,1.3862943611198906,3B,CI,HIT,8.023849600514318,2.5615383748299014,8.023849600514318,5.292693987672109,540.0,0.0,0.0,183.0,0.0,0.0,1,1,1,0,0,0,,,,1996.0,28.0,6.469209775637549,True
2024,Moben,Jackson Holliday,31781,curated,3,1.0986122886681098,SS,MI,HIT,0.0,0.0,0.0,0.0,0.0,0.0,0.0,0.0,0.0,0.0,0,0,1,1,0,0,,,,2003.0,21.0,1.4166197979196329,True
2024,McBlocks,Anthony Santander,14551,curated,3,1.0986122886681098,RF,OF,HIT,8.908892357909261,9.232362656505481,9.232362656505481,9.070627507207371,656.0,0.0,0.0,647.0,0.0,0.0,1,1,1,0,0,0,,,,1994.0,30.0,8.56128299038068,True
2024,Spehr's Army,Michael King,19853,curated,3,1.0986122886681098,RP,RP,PIT,8.630528889402681,6.1084904356964245,8.630528889402681,7.369509662549553,0.0,104.2,6.0,0.0,51.0,1.0,1,1,1,0,0,0,,,,1995.0,29.0,8.777672012281188,True
2024,New York Polar Bears,Ezequiel Tovar,24064,curated,3,1.0986122886681098,SS,MI,HIT,7.221146285383568,0.17591531225398221,7.221146285383568,3.6985307988187754,615.0,0.0,0.0,35.0,0.0,0.0,1,1,1,0,1,1,10.0,2023.0,1.0,2001.0,23.0,7.708135902112447,True
2024,New York Polar Bears,Christian Encarnacion-Strand,30011,curated,3,1.0986122886681098,1B,CI,HIT,3.7467014085012913,0.0,3.7467014085012913,1.8733507042506456,241.0,0.0,0.0,0.0,0.0,0.0,1,0,1,0,0,0,,,,1999.0,25.0,0.5655753032059903,True
2024,Pookie 2.0,Andres Munoz,20373,curated,3,1.0986122886681098,RP,RP,PIT,6.2871205451633,7.0191155876947935,7.0191155876947935,6.653118066429046,0.0,49.0,13.0,0.0,65.0,4.0,1,1,1,0,0,0,,,,1999.0,25.0,7.851030306615304,True
2024,Phenoms,Michael Conforto,16376,curated,3,1.0986122886681098,RF,OF,HIT,5.060856362982679,0.0,5.060856362982679,2.5304281814913394,470.0,0.0,0.0,0.0,0.0,0.0,1,0,1,0,1,1,18.0,2023.0,1.0,1993.0,31.0,4.721648939446327,True
2024,Lisbon Long Balls,Riley Greene,25976,curated,3,1.0986122886681098,CF,OF,HIT,5.318304381614702,4.034027448431983,5.318304381614702,4.676165915023343,416.0,0.0,0.0,418.0,0.0,0.0,1,1,1,0,0,0,,,,2000.0,24.0,6.982835154316695,True
2024,Moben,Sean Murphy,19352,curated,2,0.6931471805599453,C,C,HIT,6.236941326402348,6.940209076826484,6.940209076826484,6.588575201614416,438.0,0.0,0.0,612.0,0.0,0.0,1,1,1,0,1,1,19.0,2023.0,1.0,1994.0,30.0,1.1714864066231303,True
2024,Spehr's Army,Anthony Volpe,27647,curated,2,0.6931471805599453,SS,MI,HIT,5.988913303718016,0.0,5.988913303718016,2.994456651859008,601.0,0.0,0.0,0.0,0.0,0.0,1,0,1,0,0,0,,,,2001.0,23.0,6.71932385273884,True
2024,All-Stars,Brandon Drury,11615,curated,2,0.6931471805599453,2B,MI,HIT,7.416704506824937,10.0737157698608,10.0737157698608,8.74521013834287,523.0,0.0,0.0,568.0,0.0,0.0,1,1,1,0,0,0,,,,1992.0,32.0,0.0243079068970244,True
2024,Producers,Isaac Paredes,20036,curated,2,0.6931471805599453,3B,CI,HIT,8.347597232720815,4.339465755721662,8.347597232720815,6.343531494221239,571.0,0.0,0.0,381.0,0.0,0.0,1,1,1,0,0,0,,,,1999.0,25.0,5.303809248964232,True
2024,Producers,Jose Berrios,14168,curated,2,0.6931471805599453,SP,SP,PIT,10.039725041425427,0.31088452861171856,10.039725041425427,5.175304785018573,0.0,189.2,0.0,0.0,172.0,0.0,1,1,1,0,0,0,,,,1994.0,30.0,7.31505101289281,True
2024,Phenoms,Trevor Story,12564,curated,2,0.6931471805599453,SS,MI,HIT,1.2920527328163791,7.22233775951976,7.22233775951976,4.25719524616807,168.0,0.0,0.0,396.0,0.0,0.0,1,1,1,0,0,0,,,,1992.0,32.0,1.0857329269023923,True
2024,Lisbon Long Balls,DJ Stewart,17766,curated,2,0.6931471805599453,RF,OF,HIT,2.5006878794072165,-0.05890294060152358,2.5006878794072165,1.2208924694028465,185.0,0.0,0.0,3.0,0.0,0.0,1,1,1,0,0,0,,,,1993.0,31.0,0.6370568368937614,True
2024,Lisbon Long Balls,Kyle Bradish,24586,curated,2,0.6931471805599453,SP,SP,PIT,13.726176923228975,-0.29673591943482935,13.726176923228975,6.714720501897073,0.0,168.2,0.0,0.0,117.2,0.0,1,1,1,0,0,0,,,,1996.0,28.0,2.371242947088949,True
2024,Lisbon Long Balls,Masataka Yoshida,31837,curated,2,0.6931471805599453,LF,OF,HIT,7.926307158896939,0.0,7.926307158896939,3.9631535794484694,580.0,0.0,0.0,0.0,0.0,0.0,1,0,1,0,0,0,,,,1993.0,31.0,4.494953463259153,True
2024,Milwaukee Beers,Jonathan India,21523,curated,2,0.6931471805599453,2B,MI,HIT,6.897378047438774,4.640256476760826,6.897378047438774,5.7688172620998,529.0,0.0,0.0,431.0,0.0,0.0,1,1,1,0,0,0,,,,1996.0,28.0,5.986453283910475,True
2024,Moben,Noelvi Marte,26517,curated,1,0.0,3B,CI,HIT,2.1753041382005445,0.0,2.1753041382005445,1.0876520691002722,123.0,0.0,0.0,0.0,0.0,0.0,1,0,1,0,0,0,,,,2001.0,23.0,1.4988423905441048,True
2024,Moben,Taylor Ward,17548,curated,1,0.0,LF,OF,HIT,5.093790903903568,9.220010324237103,9.220010324237103,7.156900614070336,409.0,0.0,0.0,564.0,0.0,0.0,1,1,1,0,0,0,,,,1993.0,31.0,6.3968761352905,True
2024,Moben,MacKenzie Gore,22201,curated,1,0.0,SP,SP,PIT,3.4788838970650287,0.5447645470605662,3.4788838970650287,2.0118242220627973,0.0,136.1,0.0,0.0,70.0,0.0,1,1,1,0,2,1,7.0,2023.0,1.0,1999.0,25.0,2.632152067880795,True
2024,McBlocks,Hunter Harvey,15507,curated,1,0.0,RP,RP,PIT,7.500357812498613,2.8904293127553013,7.500357812498613,5.195393562626958,0.0,60.2,10.0,0.0,39.1,0.0,1,1,1,0,0,0,,,,1994.0,30.0,0.4387127152849002,True
2024,McBlocks,Brandon Marsh,20202,curated,1,0.0,CF,OF,HIT,6.4225294150776895,5.887060430495231,6.4225294150776895,6.1547949227864605,472.0,0.0,0.0,461.0,0.0,0.0,1,1,1,0,1,1,8.0,2023.0,1.0,1997.0,27.0,5.67254451865207,True
2024,McBlocks,Lourdes Gurriel,19238,exact,1,0.0,LF,OF,HIT,7.69900854224198,6.168722193125646,7.69900854224198,6.933865367683813,592.0,0.0,0.0,493.0,0.0,0.0,1,1,1,0,1,1,7.0,2023.0,1.0,1993.0,31.0,6.914613947197204,True
2024,Spehr's Army,Jordan Romano,16122,curated,1,0.0,RP,RP,PIT,11.512280526364144,13.846162389794424,13.846162389794424,12.679221458079283,0.0,59.0,36.0,0.0,64.0,36.0,1,1,1,0,0,0,,,,1993.0,31.0,0.6884974921207896,True
2024,Spehr's Army,Logan O'Hoppe,24729,curated,1,0.0,C,C,HIT,2.7670365319244254,0.13474653777853146,2.7670365319244254,1.4508915348514784,199.0,0.0,0.0,16.0,0.0,0.0,1,1,1,0,0,0,,,,2000.0,24.0,4.966444873887528,True
2024,Spehr's Army,Victor Scott II,31349,curated,1,0.0,CF,OF,HIT,0.0,0.0,0.0,0.0,0.0,0.0,0.0,0.0,0.0,0.0,0,0,1,1,0,0,,,,2001.0,23.0,0.5054560412959166,True
2024,All-Stars,Bryce Miller,29837,curated,1,0.0,SP,SP,PIT,5.8381931551981445,0.0,5.8381931551981445,2.9190965775990723,0.0,131.1,0.0,0.0,0.0,0.0,1,0,1,0,0,0,,,,1998.0,26.0,10.491239927426722,True
2024,All-Stars,Cristian Javier,17606,curated,1,0.0,SP,SP,PIT,5.490507912497633,14.322315095714236,14.322315095714236,9.906411504105934,0.0,162.0,0.0,0.0,148.2,0.0,1,1,1,0,0,0,,,,1997.0,27.0,0.5435963652594047,True
2024,New York Polar Bears,Aaron Civale,19479,curated,1,0.0,SP,SP,PIT,7.083851259081771,2.0056474709561813,7.083851259081771,4.544749365018976,0.0,122.1,0.0,0.0,97.0,0.0,1,1,1,0,0,0,,,,1995.0,29.0,1.6248131986843135,True
2024,New York Polar Bears,Nick Pivetta,15454,curated,1,0.0,RP,RP,PIT,9.050568110065969,2.642925761630136,9.050568110065969,5.846746935848053,0.0,142.2,1.0,0.0,179.2,0.0,1,1,1,0,0,0,,,,1993.0,31.0,3.991898677159276,True
2024,Pookie 2.0,Mitch Garver,15161,curated,1,0.0,DH,UTIL,HIT,5.253385190079863,2.2789552972913936,5.253385190079863,3.766170243685628,344.0,0.0,0.0,215.0,0.0,0.0,1,1,1,0,0,0,,,,1991.0,33.0,1.8601360168558088,True
2024,Pookie 2.0,Chas McCormick,19599,curated,1,0.0,LF,OF,HIT,8.200130064612418,5.180135733992104,8.200130064612418,6.690132899302261,457.0,0.0,0.0,407.0,0.0,0.0,1,1,1,0,0,0,,,,1995.0,29.0,1.977820068385471,True
2024,Producers,Jorge Polanco,13152,curated,1,0.0,2B,MI,HIT,4.468345545583195,5.632018251700227,5.632018251700227,5.050181898641711,343.0,0.0,0.0,445.0,0.0,0.0,1,1,1,0,0,0,,,,1993.0,31.0,3.0604177945354687,True
2024,Producers,Kodai Senga,31838,curated,1,0.0,SP,SP,PIT,11.975773310819154,0.0,11.975773310819154,5.987886655409577,0.0,166.1,0.0,0.0,0.0,0.0,1,0,1,0,1,1,22.0,2023.0,1.0,1993.0,31.0,0.6533167172755282,True
2024,Producers,Byron Buxton,14161,curated,1,0.0,DH,UTIL,HIT,4.135459966183527,7.005690826086259,7.005690826086259,5.570575396134894,347.0,0.0,0.0,382.0,0.0,0.0,1,1,1,0,0,0,,,,1993.0,31.0,5.819529104161286,True
2024,Producers,Starling Marte,9241,curated,1,0.0,RF,OF,HIT,4.255927543341761,10.229110739914965,10.229110739914965,7.242519141628363,341.0,0.0,0.0,505.0,0.0,0.0,1,1,1,0,2,1,28.0,2023.0,1.0,1988.0,36.0,4.388008026709253,True
2024,Phenoms,Bryan De La Cruz,19600,curated,1,0.0,LF,OF,HIT,6.7655246709891586,4.830510283020271,6.7655246709891586,5.798017477004715,626.0,0.0,0.0,355.0,0.0,0.0,1,1,1,0,1,1,7.0,2023.0,1.0,1996.0,28.0,5.080571223942053,True
2024,Phenoms,Will Brennan,25660,curated,1,0.0,RF,OF,HIT,4.475735058186214,1.223608282006844,4.475735058186214,2.849671670096529,455.0,0.0,0.0,45.0,0.0,0.0,1,1,1,0,0,0,,,,1998.0,26.0,3.0683252817944746,True
2024,Phenoms,Cal Stevenson,22411,curated,1,0.0,CF,OF,HIT,-0.1701097361393602,-0.06568754167519414,-0.06568754167519414,-0.11789863890727717,12.0,0.0,0.0,71.0,0.0,0.0,1,1,1,0,0,0,,,,1996.0,28.0,0.2194784009344906,True
2024,Phenoms,Aaron Phillips,-1,unmatched,1,0.0,RP,RP,,0.0,0.0,0.0,0.0,0.0,0.0,0.0,0.0,0.0,0.0,0,0,1,1,0,0,,,,,,0.0,False
2024,Phenoms,Sean Harney,-1,unmatched,1,0.0,RP,RP,,0.0,0.0,0.0,0.0,0.0,0.0,0.0,0.0,0.0,0.0,0,0,1,1,0,0,,,,,,0.0,False
2024,Phenoms,Matt Frawley,-1,unmatched,1,0.0,RP,RP,,0.0,0.0,0.0,0.0,0.0,0.0,0.0,0.0,0.0,0.0,0,0,1,1,0,0,,,,,,0.0,False
2024,Lisbon Long Balls,James Paxton,11828,exact,1,0.0,SP,SP,PIT,3.467939797435945,0.0,3.467939797435945,1.7339698987179726,0.0,96.0,0.0,0.0,0.0,0.0,1,0,1,0,0,0,,,,1988.0,36.0,0.572881032912955,True
2024,Lisbon Long Balls,Jarren Duran,24617,curated,1,0.0,CF,OF,HIT,6.247453351808677,2.156398142127821,6.247453351808677,4.201925746968248,362.0,0.0,0.0,223.0,0.0,0.0,1,1,1,0,0,0,,,,1996.0,28.0,10.34278631222974,True
2024,Lisbon Long Balls,Willi Castro,17338,curated,1,0.0,LF,OF,HIT,5.867161385214086,4.5151017260208945,5.867161385214086,5.19113155561749,409.0,2.1,0.0,392.0,0.0,0.0,1,1,1,0,0,0,,,,1997.0,27.0,6.167749742764884,True
2024,Lisbon Long Balls,Ryan Pressly,7005,curated,1,0.0,RP,RP,PIT,10.323623518899826,11.258404751751057,11.258404751751057,10.79101413532544,0.0,65.1,31.0,0.0,48.1,33.0,1,1,1,0,0,0,,,,1988.0,36.0,1.668630564958915,True
2024,Lisbon Long Balls,Jake Cronenworth,18036,curated,1,0.0,1B,CI,HIT,3.9666309224490446,8.155506045215432,8.155506045215432,6.061068483832239,522.0,0.0,0.0,684.0,0.0,0.0,1,1,1,0,0,0,,,,1994.0,30.0,5.805817389344487,True
2024,Milwaukee Beers,Cal Raleigh,21534,curated,1,0.0,C,C,HIT,7.009347935181576,5.845821795196823,7.009347935181576,6.4275848651892,569.0,0.0,0.0,415.0,0.0,0.0,1,1,1,0,0,0,,,,1996.0,28.0,6.956339297598402,True
2024,Milwaukee Beers,Carlos Correa,14162,curated,1,0.0,SS,MI,HIT,4.921711869582958,8.858186212288464,8.858186212288464,6.889949040935711,580.0,0.0,0.0,590.0,0.0,0.0,1,1,1,0,0,0,,,,1994.0,30.0,5.486277993931929,True
2024,Milwaukee Beers,Jose Leclerc,14524,curated,1,0.0,RP,RP,PIT,4.281345115670589,3.883677262676891,4.281345115670589,4.08251118917374,0.0,57.0,4.0,0.0,47.2,7.0,1,1,1,0,0,0,,,,1993.0,31.0,1.897832259603855,True
2024,Milwaukee Beers,Steven Kwan,24610,curated,1,0.0,LF,OF,HIT,7.51929319960902,10.04518431487155,10.04518431487155,8.782238757240286,718.0,0.0,0.0,638.0,0.0,0.0,1,1,1,0,0,0,,,,1997.0,27.0,6.665059532856453,True
2024,Milwaukee Beers,Paul Sewald,13892,curated,1,0.0,RP,RP,PIT,10.749660013515097,11.123393933311657,11.123393933311657,10.936526973413377,0.0,60.2,34.0,0.0,64.0,20.0,1,1,1,0,0,0,,,,1990.0,34.0,3.050186678567137,True
2024,Milwaukee Beers,Justin Turner,5235,curated,1,0.0,DH,UTIL,HIT,9.266660064237826,7.957366805499951,9.266660064237826,8.612013434868889,626.0,0.0,0.0,532.0,0.0,0.0,1,1,1,0,1,1,20.0,2022.0,2.0,1984.0,40.0,4.41718110505887,True
2025,The Metropolis,Juan Soto,20123,curated,36,3.58351893845611,RF,OF,HIT,11.905748924651867,11.758294876664394,11.905748924651867,11.83202190065813,713.0,0.0,0.0,708.0,0.0,0.0,1,1,1,0,0,0,,,,1998.0,27.0,12.065214240100795,True
2025,New York Polar Bears,Jose Ramirez,13510,curated,35,3.5553480614894135,3B,CI,HIT,13.213920317057536,10.876679937036053,13.213920317057536,12.045300127046794,682.0,0.0,0.0,691.0,0.0,0.0,1,1,1,0,1,1,30.0,2024.0,1.0,1992.0,33.0,11.104239144681252,True
2025,Wax Kandels,Vladimir Guerrero Jr.,19611,curated,35,3.5553480614894135,1B,CI,HIT,10.961844431106899,8.860801936187748,10.961844431106899,9.911323183647323,697.0,0.0,0.0,682.0,0.0,0.0,1,1,1,0,1,1,37.0,2024.0,1.0,1999.0,26.0,8.52777290005282,True
2025,Spehr's Army,Julio Rodriguez,23697,curated,34,3.5263605246161616,CF,OF,HIT,7.915601136302213,13.266201292461043,13.266201292461043,10.590901214381628,613.0,0.0,0.0,714.0,0.0,0.0,1,1,1,0,1,1,36.0,2024.0,1.0,2000.0,25.0,10.26308926130006,True
2025,Moben,Oneil Cruz,21711,curated,31,3.4339872044851463,SS,MI,HIT,7.486571555495391,0.6618861830369971,7.486571555495391,4.074228869266194,599.0,0.0,0.0,40.0,0.0,0.0,1,1,1,0,1,1,8.0,2022.0,3.0,1998.0,27.0,5.644258883383748,True
2025,McBlocks,Trea Turner,16252,curated,31,3.4339872044851463,SS,MI,HIT,8.425445352524054,10.898555146734314,10.898555146734314,9.662000249629184,539.0,0.0,0.0,691.0,0.0,0.0,1,1,1,0,2,1,26.0,2024.0,1.0,1993.0,32.0,9.54305077009035,True
2025,The Metropolis,Yordan Alvarez,19556,curated,31,3.4339872044851463,DH,UTIL,HIT,10.035269437565765,9.77312614968875,10.035269437565765,9.904197793627258,635.0,0.0,0.0,496.0,0.0,0.0,1,1,1,0,1,1,31.0,2024.0,1.0,1997.0,28.0,1.9369188582635273,True
2025,Wax Kandels,Zack Wheeler,10310,curated,29,3.367295829986474,SP,SP,PIT,14.396508033582329,12.891616699647784,14.396508033582329,13.644062366615056,0.0,200.0,0.0,0.0,192.0,0.0,1,1,1,0,1,1,29.0,2022.0,3.0,1990.0,35.0,11.169278722990144,True
2025,Producers,Freddie Freeman,5361,curated,28,3.332204510175204,1B,CI,HIT,8.261428549837653,15.432441454741648,15.432441454741648,11.846935002289651,638.0,0.0,0.0,730.0,0.0,0.0,1,1,1,0,2,1,33.0,2023.0,2.0,1989.0,36.0,8.298788982182286,True
2025,McBlocks,Matt Olson,14344,curated,27,3.295836866004329,1B,CI,HIT,7.2392279942307125,14.994567208335521,14.994567208335521,11.116897601283117,685.0,0.0,0.0,720.0,0.0,0.0,1,1,1,0,2,1,30.0,2023.0,2.0,1994.0,31.0,8.401088713692506,True
2025,Producers,Pete Alonso,19251,curated,27,3.295836866004329,1B,CI,HIT,7.6349003901231995,9.910574573412585,9.910574573412585,8.772737481767892,695.0,0.0,0.0,658.0,0.0,0.0,1,1,1,0,1,1,32.0,2023.0,2.0,1994.0,31.0,9.58806905228634,True
2025,Pookie 2.0,Ronald Acuna Jr.,18401,curated,26,3.258096538021482,RF,OF,HIT,2.7637841303408788,21.067353785066704,21.067353785066704,11.91556895770379,222.0,0.0,0.0,735.0,0.0,0.0,1,1,1,0,1,1,40.0,2022.0,3.0,1997.0,28.0,6.160673182732283,True
2025,Pookie 2.0,Spencer Strider,27498,curated,25,3.2188758248682006,SP,SP,PIT,-0.6383644314446725,15.599392803791872,15.599392803791872,7.4805141861735995,0.0,9.0,0.0,0.0,186.2,0.0,1,1,1,0,0,0,,,,1998.0,27.0,0.8676558397870677,True
2025,Spehr's Army,Spencer Schwellenbach,31846,curated,24,3.1780538303479458,SP,SP,PIT,6.022448178296148,0.0,6.022448178296148,3.011224089148074,0.0,123.2,0.0,0.0,0.0,0.0,1,0,1,0,0,0,,,,2000.0,25.0,6.570864885251206,True
2025,New York Polar Bears,Framber Valdez,17295,curated,23,3.1354942159291497,SP,SP,PIT,9.805465831061248,12.265047542470247,12.265047542470247,11.035256686765749,0.0,176.1,0.0,0.0,198.0,0.0,1,1,1,0,1,1,23.0,2024.0,1.0,1993.0,32.0,6.338648055980339,True
2025,McBlocks,C.J. Abrams,25768,curated,22,3.091042453358316,SS,MI,HIT,7.42827120119494,9.54420497474325,9.54420497474325,8.486238087969095,602.0,0.0,0.0,614.0,0.0,0.0,1,1,1,0,0,0,,,,2000.0,25.0,7.610734253011008,True
2025,Spehr's Army,Pablo Lopez,17085,curated,22,3.091042453358316,SP,SP,PIT,6.043058853595909,11.58360351951086,11.58360351951086,8.813331186553384,0.0,185.1,0.0,0.0,194.0,0.0,1,1,1,0,1,1,24.0,2024.0,1.0,1996.0,29.0,4.348840298416771,True
2025,Pookie 2.0,Logan Webb,17995,curated,22,3.091042453358316,SP,SP,PIT,6.356877387857415,13.58086647183128,13.58086647183128,9.968871929844347,0.0,204.2,0.0,0.0,216.0,0.0,1,1,1,0,1,1,26.0,2024.0,1.0,1996.0,29.0,9.118409929792106,True
2025,Lisbon Long Balls,Devin Williams,15816,curated,21,3.044522437723423,RP,RP,PIT,4.183647574490811,15.524957065069465,15.524957065069465,9.854302319780139,0.0,21.2,14.0,0.0,58.2,36.0,1,1,1,0,0,0,,,,1994.0,31.0,4.603553927310581,True
2025,McBlocks,Kyle Schwarber,16478,curated,20,2.995732273553991,DH,UTIL,HIT,9.365126172706463,8.789250780725958,9.365126172706463,9.07718847671621,692.0,0.0,0.0,720.0,0.0,0.0,1,1,1,0,1,1,30.0,2022.0,3.0,1993.0,32.0,11.027335084765069,True
2025,All-Stars,Jose Altuve,5417,curated,20,2.995732273553991,2B,MI,HIT,9.0538069274185,8.239257087273776,9.0538069274185,8.646532007346138,682.0,0.0,0.0,410.0,0.0,0.0,1,1,1,0,1,1,19.0,2024.0,1.0,1990.0,35.0,7.348061829806125,True
2025,New York Polar Bears,Austin Riley,18360,curated,20,2.995732273553991,3B,CI,HIT,5.107091750523481,11.843455994869046,11.843455994869046,8.475273872696263,469.0,0.0,0.0,715.0,0.0,0.0,1,1,1,0,1,1,28.0,2024.0,1.0,1997.0,28.0,4.5244788686123085,True
2025,Producers,Hunter Greene,22182,curated,20,2.995732273553991,SP,SP,PIT,9.096554349968377,1.9725918494574917,9.096554349968377,5.534573099712935,0.0,150.1,0.0,0.0,112.0,0.0,1,1,1,0,1,1,13.0,2022.0,3.0,1999.0,26.0,7.7792847093107875,True
2025,Moben,Josh Hader,14212,curated,18,2.8903717578961645,RP,RP,PIT,9.925709519936886,12.374497720085822,12.374497720085822,11.150103620011354,0.0,71.0,34.0,0.0,56.1,33.0,1,1,1,0,1,1,23.0,2023.0,2.0,1994.0,31.0,10.130271888733407,True
2025,McBlocks,Aaron Nola,16149,curated,18,2.8903717578961645,SP,SP,PIT,7.17069314461357,8.684225299936823,8.684225299936823,7.927459222275196,0.0,199.1,0.0,0.0,193.2,0.0,1,1,1,0,3,1,18.0,2024.0,1.0,1993.0,32.0,-1.751358532127389,True
2025,Wax Kandels,Luis Robert,20043,exact,18,2.8903717578961645,CF,OF,HIT,4.209678491164451,10.852539305400814,10.852539305400814,7.531108898282632,425.0,0.0,0.0,595.0,0.0,0.0,1,1,1,0,1,1,26.0,2024.0,1.0,1997.0,28.0,5.2144107936520605,True
2025,All-Stars,Willy Adames,15986,curated,17,2.833213344056216,SS,MI,HIT,9.702693436032774,6.184057360880704,9.702693436032774,7.943375398456739,688.0,0.0,0.0,638.0,0.0,0.0,1,1,1,0,2,1,26.0,2023.0,2.0,1995.0,30.0,7.008889806505805,True
2025,New York Polar Bears,Max Fried,13743,curated,17,2.833213344056216,SP,SP,PIT,7.073294664212528,7.3036839095538735,7.3036839095538735,7.1884892868832,0.0,174.1,0.0,0.0,77.2,0.0,1,1,1,0,2,1,19.0,2024.0,1.0,1994.0,31.0,12.338763774758345,True
2025,Producers,Pete Crow-Armstrong,27769,curated,17,2.833213344056216,CF,OF,HIT,4.746394248557727,-0.03815347215936249,4.746394248557727,2.354120388199182,410.0,0.0,0.0,19.0,0.0,0.0,1,1,1,0,0,0,,,,2002.0,23.0,9.398218432864466,True
2025,Producers,George Kirby,25436,curated,17,2.833213344056216,SP,SP,PIT,8.541666979809934,13.238995890904171,13.238995890904171,10.890331435357052,0.0,191.0,0.0,0.0,190.2,0.0,1,1,1,0,1,1,25.0,2024.0,1.0,1998.0,27.0,4.089851057280723,True
2025,The Metropolis,Bo Bichette,19612,curated,17,2.833213344056216,SS,MI,HIT,1.8835940482112337,8.863055460434337,8.863055460434337,5.373324754322786,336.0,0.0,0.0,601.0,0.0,0.0,1,1,1,0,1,1,21.0,2024.0,1.0,1998.0,27.0,8.360867521736562,True
2025,The Metropolis,Christian Yelich,11477,curated,17,2.833213344056216,LF,OF,HIT,5.688178484903943,10.735468615308719,10.735468615308719,8.211823550106331,315.0,0.0,0.0,632.0,0.0,0.0,1,1,1,0,3,1,18.0,2024.0,1.0,1991.0,34.0,8.797930282209025,True
2025,Lisbon Long Balls,Roki Sasaki,35323,curated,17,2.833213344056216,SP,SP,PIT,0.0,0.0,0.0,0.0,0.0,0.0,0.0,0.0,0.0,0.0,0,0,1,1,0,0,,,,2001.0,24.0,-0.4275390395375539,True
2025,Moben,Mike Trout,10155,curated,16,2.772588722239781,CF,OF,HIT,1.7784220867924239,5.265942363883586,5.265942363883586,3.522182225338005,126.0,0.0,0.0,362.0,0.0,0.0,1,1,1,0,1,1,20.0,2024.0,1.0,1991.0,34.0,5.310737527842139,True
2025,All-Stars,Adolis Garcia,19287,curated,16,2.772588722239781,RF,OF,HIT,6.134655444354114,10.964809735623847,10.964809735623847,8.549732589988981,637.0,0.0,0.0,632.0,0.0,0.0,1,1,1,0,1,1,21.0,2024.0,1.0,1993.0,32.0,5.1739351451374755,True
2025,Lisbon Long Balls,William Contreras,20503,curated,16,2.772588722239781,C,C,HIT,8.942207287370046,8.78954018476335,8.942207287370046,8.865873736066698,679.0,0.0,0.0,611.0,0.0,0.0,1,1,1,0,0,0,,,,1997.0,28.0,6.534654992575763,True
2025,Wax Kandels,Edwin Diaz,14710,curated,16,2.772588722239781,RP,RP,PIT,6.595657121089411,0.0,6.595657121089411,3.2978285605447053,0.0,53.2,20.0,0.0,0.0,0.0,1,0,1,0,1,1,17.0,2024.0,1.0,1994.0,31.0,11.673733330344437,True
2025,All-Stars,Joshua Lowe,19953,initial_last,15,2.70805020110221,RF,OF,HIT,4.1044713715211945,10.391909685739384,10.391909685739384,7.248190528630289,387.0,0.0,0.0,501.0,0.0,0.0,1,1,1,0,1,1,9.0,2024.0,1.0,1998.0,27.0,3.8137061817432847,True
2025,All-Stars,Joe Ryan,21390,curated,14,2.6390573296152584,SP,SP,PIT,6.2850311723407035,7.849730702357447,7.849730702357447,7.067380937349075,0.0,135.0,0.0,0.0,161.2,0.0,1,1,1,0,1,1,16.0,2024.0,1.0,1996.0,29.0,9.551231544561247,True
2025,All-Stars,Dylan Crews,33541,curated,14,2.6390573296152584,RF,OF,HIT,1.260525410686096,0.0,1.260525410686096,0.630262705343048,132.0,0.0,0.0,0.0,0.0,0.0,1,0,1,0,0,0,,,,2002.0,23.0,2.928865171752188,True
2025,Producers,Andres Gimenez,19950,curated,14,2.6390573296152584,2B,MI,HIT,6.2031310602658545,8.010839226902302,8.010839226902302,7.106985143584078,633.0,0.0,0.0,616.0,0.0,0.0,1,1,1,0,1,1,15.0,2024.0,1.0,1998.0,27.0,2.437623361412524,True
2025,Moben,Ryan Helsley,18138,curated,13,2.5649493574615367,RP,RP,PIT,12.676271607556638,6.371366142754742,12.676271607556638,9.52381887515569,0.0,66.1,49.0,0.0,36.2,14.0,1,1,1,0,0,0,,,,1994.0,31.0,3.0498877351640132,True
2025,Spehr's Army,Gavin Williams,30122,curated,13,2.5649493574615367,SP,SP,PIT,-0.3432453250968206,4.0162520775649915,4.0162520775649915,1.8365033762340854,0.0,76.0,0.0,0.0,82.0,0.0,1,1,1,0,0,0,,,,1999.0,26.0,7.260280544676296,True
2025,New York Polar Bears,Luis Castillo,15689,curated,13,2.5649493574615367,SP,SP,PIT,6.088012345518382,14.099885370944381,14.099885370944381,10.093948858231382,1.0,175.1,0.0,0.0,197.0,0.0,1,1,1,0,1,1,28.0,2024.0,1.0,1992.0,33.0,6.389275739824716,True
2025,Wax Kandels,Zac Gallen,19291,curated,13,2.5649493574615367,SP,SP,PIT,5.658032045211126,14.560666160175465,14.560666160175465,10.109349102693296,0.0,148.0,0.0,0.0,210.0,0.0,1,1,1,0,1,1,15.0,2022.0,3.0,1995.0,30.0,2.2776560274107447,True
2025,New York Polar Bears,Luis Arraez,18568,curated,11,2.3978952727983707,1B,CI,HIT,6.841256777079014,9.557951113778566,9.557951113778566,8.199603945428791,672.0,0.0,0.0,617.0,0.0,0.0,1,1,1,0,1,1,10.0,2023.0,2.0,1997.0,28.0,6.189579775642564,True
2025,New York Polar Bears,Justin Steele,17312,curated,11,2.3978952727983707,SP,SP,PIT,5.687412277739129,13.153594372617281,13.153594372617281,9.420503325178204,0.0,134.2,0.0,0.0,173.1,0.0,1,1,1,0,1,1,13.0,2023.0,2.0,1995.0,30.0,0.8280772956950281,True
2025,New York Polar Bears,Randy Arozarena,19290,curated,11,2.3978952727983707,LF,OF,HIT,5.606723936051065,9.580412697776358,9.580412697776358,7.593568316913712,648.0,0.0,0.0,654.0,0.0,0.0,1,1,1,0,1,1,20.0,2024.0,1.0,1995.0,30.0,8.101464209248086,True
2025,Wax Kandels,Junior Caminero,28163,curated,11,2.3978952727983707,3B,CI,HIT,1.5098200088330296,0.4317867175221712,1.5098200088330296,0.9708033631776004,177.0,0.0,0.0,36.0,0.0,0.0,1,1,1,0,0,0,,,,2003.0,22.0,9.796087444088638,True
2025,McBlocks,Jeff Hoffman,17432,curated,10,2.302585092994046,RP,RP,PIT,6.492058981470737,6.33402941470956,6.492058981470737,6.413044198090148,0.0,66.1,10.0,0.0,52.1,1.0,1,1,1,0,0,0,,,,1993.0,32.0,8.356014983784947,True
2025,McBlocks,Jack Flaherty,17479,curated,10,2.302585092994046,SP,SP,PIT,9.302779420675268,0.3927241605909422,9.302779420675268,4.847751790633105,0.0,162.0,0.0,0.0,144.1,0.0,1,1,1,0,1,1,15.0,2022.0,3.0,1995.0,30.0,2.106404985964078,True
2025,McBlocks,Sandy Alcantara,18684,curated,10,2.302585092994046,SP,SP,PIT,0.0,6.1277466414307895,6.1277466414307895,3.0638733207153948,0.0,0.0,0.0,0.0,184.2,0.0,0,1,1,0,1,1,30.0,2023.0,2.0,1995.0,30.0,-0.1860181355635701,True
2025,Pookie 2.0,Marcus Semien,12533,curated,10,2.302585092994046,2B,MI,HIT,6.854285063664914,12.020328294245616,12.020328294245616,9.437306678955265,718.0,0.0,0.0,753.0,0.0,0.0,1,1,1,0,1,1,23.0,2024.0,1.0,1990.0,35.0,4.632973685981076,True
2025,The Metropolis,Clay Holmes,13649,curated,10,2.302585092994046,RP,RP,PIT,6.4649699533492235,9.267642884943097,9.267642884943097,7.86630641914616,0.0,63.0,30.0,0.0,63.0,24.0,1,1,1,0,1,1,8.0,2024.0,1.0,1993.0,32.0,4.75024270500219,True
2025,Lisbon Long Balls,Spencer Steer,26323,curated,10,2.302585092994046,LF,OF,HIT,6.960462515471848,9.175412670614877,9.175412670614877,8.067937593043363,656.0,0.0,0.0,665.0,0.0,0.0,1,1,1,0,1,1,6.0,2023.0,2.0,1997.0,28.0,5.4954764782002545,True
2025,Wax Kandels,Felix Bautista,20666,curated,10,2.302585092994046,RP,RP,PIT,0.0,15.810985621522274,15.810985621522274,7.905492810761137,0.0,0.0,0.0,0.0,61.0,33.0,0,1,1,0,0,0,,,,1995.0,30.0,4.972506783341052,True
2025,Wax Kandels,Hunter Brown,25880,curated,10,2.302585092994046,SP,SP,PIT,5.516787023887666,3.784336199215956,5.516787023887666,4.650561611551811,0.0,170.0,0.0,0.0,155.2,0.0,1,1,1,0,1,1,4.0,2024.0,1.0,1998.0,27.0,12.729730730226017,True
2025,Wax Kandels,Xavier Edwards,22266,curated,10,2.302585092994046,SS,MI,HIT,5.127457238344606,1.05985258820607,5.127457238344606,3.093654913275338,303.0,0.0,0.0,84.0,0.0,0.0,1,1,1,0,0,0,,,,1999.0,26.0,6.171836540805151,True
2025,All-Stars,Brandon Nimmo,12927,curated,9,2.1972245773362196,LF,OF,HIT,6.928365812284934,8.439327953478914,8.439327953478914,7.683846882881924,663.0,0.0,0.0,682.0,0.0,0.0,1,1,1,0,1,1,10.0,2022.0,3.0,1993.0,32.0,7.833432355675571,True
2025,All-Stars,Christian Walker,13419,curated,9,2.1972245773362196,1B,CI,HIT,6.684043196981475,10.188167349022262,10.188167349022262,8.436105273001868,552.0,0.0,0.0,661.0,0.0,0.0,1,1,1,0,1,1,1.0,2022.0,3.0,1991.0,34.0,6.094943422612238,True
2025,New York Polar Bears,Jasson Dominguez,28080,curated,9,2.1972245773362196,LF,OF,HIT,0.5277213779955066,0.8857912878395947,0.8857912878395947,0.7067563329175506,67.0,0.0,0.0,33.0,0.0,0.0,1,1,1,0,0,0,,,,2003.0,22.0,5.1395615132714525,True
2025,Pookie 2.0,Matt Chapman,16505,curated,9,2.1972245773362196,3B,CI,HIT,7.951438717987837,5.337600286683344,7.951438717987837,6.644519502335591,647.0,0.0,0.0,581.0,0.0,0.0,1,1,1,0,0,0,,,,1993.0,32.0,5.356366176521135,True
2025,Producers,Nick Castellanos,11737,curated,9,2.1972245773362196,RF,OF,HIT,7.0640193689646535,10.286921619805458,10.286921619805458,8.675470494385056,659.0,0.0,0.0,671.0,0.0,0.0,1,1,1,0,2,1,9.0,2024.0,1.0,1992.0,33.0,5.482425212289788,True
2025,Lisbon Long Balls,Taj Bradley,22543,curated,9,2.1972245773362196,SP,SP,PIT,3.417343979912075,0.7520325418662388,3.417343979912075,2.084688260889157,0.0,138.0,0.0,0.0,104.2,0.0,1,1,1,0,0,0,,,,2001.0,24.0,-0.5243211612536616,True
2025,Moben,Colton Cowser,29591,curated,8,2.0794415416798357,LF,OF,HIT,6.395910413647631,0.00684868998399768,6.395910413647631,3.201379551815814,561.0,0.0,0.0,77.0,0.0,0.0,1,1,1,0,0,0,,,,2000.0,25.0,3.006885579603732,True
2025,Spehr's Army,Freddy Peralta,18679,curated,8,2.0794415416798357,SP,SP,PIT,5.9802564807905405,10.887997398165904,10.887997398165904,8.434126939478222,0.0,173.2,0.0,0.0,165.2,0.0,1,1,1,0,1,1,17.0,2024.0,1.0,1996.0,29.0,12.541845615293038,True
2025,Spehr's Army,Luis Garcia,6984,curated,8,2.0794415416798357,2B,MI,PIT,1.1490062907609822,1.2709391122223843,1.2709391122223843,1.2099727014916832,0.0,59.0,4.0,0.0,59.2,0.0,1,1,1,0,0,0,,,,1987.0,38.0,0.8493547534522954,True
2025,All-Stars,Nolan Arenado,9777,curated,8,2.0794415416798357,3B,CI,HIT,6.165906119614862,8.467307173095952,8.467307173095952,7.316606646355407,635.0,0.0,0.0,612.0,0.0,0.0,1,1,1,0,3,1,12.0,2024.0,1.0,1991.0,34.0,3.5215186313428606,True
2025,All-Stars,Byron Buxton,14161,curated,8,2.0794415416798357,CF,OF,HIT,5.819529104161286,4.135459966183527,5.819529104161286,4.977494535172406,388.0,0.0,0.0,347.0,0.0,0.0,1,1,1,0,1,1,1.0,2024.0,1.0,1993.0,32.0,9.34276257105221,True
2025,New York Polar Bears,Spencer Arrighetti,29921,curated,8,2.0794415416798357,SP,SP,PIT,0.69496092119845,0.0,0.69496092119845,0.347480460599225,0.0,145.0,0.0,0.0,0.0,0.0,1,0,1,0,0,0,,,,2000.0,25.0,-0.8658476778459788,True
2025,Pookie 2.0,Trevor Megill,17722,curated,8,2.0794415416798357,RP,RP,PIT,5.513775015789246,1.5091655071389016,5.513775015789246,3.511470261464074,0.0,46.1,21.0,0.0,34.2,0.0,1,1,1,0,0,0,,,,1993.0,32.0,8.660514933118424,True
2025,The Metropolis,Masyn Winn,27479,curated,8,2.0794415416798357,SS,MI,HIT,6.506732679481993,0.29647602182511934,6.506732679481993,3.4016043506535563,637.0,0.0,0.0,137.0,0.0,0.0,1,1,1,0,0,0,,,,2002.0,23.0,4.6562778869242525,True
2025,Wax Kandels,Carlos Rodon,16137,curated,8,2.0794415416798357,SP,SP,PIT,6.349093150393097,-1.7993397194735863,6.349093150393097,2.2748767154597553,0.0,175.0,0.0,0.0,64.1,0.0,1,1,1,0,2,1,10.0,2024.0,1.0,1992.0,33.0,12.240255795835832,True
2025,All-Stars,Zach Eflin,13774,curated,7,1.9459101490553132,SP,SP,PIT,5.428092307646965,13.948665362231091,13.948665362231091,9.688378834939028,0.0,165.1,0.0,0.0,177.2,0.0,1,1,1,0,2,1,15.0,2024.0,1.0,1994.0,31.0,-1.4713655481520165,True
2025,New York Polar Bears,Ian Happ,17919,curated,7,1.9459101490553132,LF,OF,HIT,7.521490474269753,8.33053084522062,8.33053084522062,7.926010659745186,657.0,0.0,0.0,691.0,0.0,0.0,1,1,1,0,1,1,7.0,2022.0,3.0,1994.0,31.0,6.37402166468294,True
2025,Pookie 2.0,Sonny Gray,12768,curated,7,1.9459101490553132,SP,SP,PIT,7.488045589358666,12.142791235279445,12.142791235279445,9.815418412319055,0.0,166.1,0.0,0.0,184.0,0.0,1,1,1,0,1,1,11.0,2024.0,1.0,1989.0,36.0,5.201115367094469,True
2025,Producers,Alec Burleson,27615,curated,7,1.9459101490553132,RF,OF,HIT,7.043237568048304,2.288401719036386,7.043237568048304,4.665819643542345,595.0,0.0,0.0,347.0,1.2,0.0,1,1,1,0,0,0,,,,1998.0,27.0,6.220837502150736,True
2025,Lisbon Long Balls,Kristian Campbell,33644,curated,7,1.9459101490553132,2B,MI,HIT,0.0,0.0,0.0,0.0,0.0,0.0,0.0,0.0,0.0,0.0,0,0,1,1,0,0,,,,2002.0,23.0,1.3857925075272952,True
2025,New York Polar Bears,Taylor Ward,17548,curated,6,1.791759469228055,LF,OF,HIT,6.3968761352905,5.093790903903568,6.3968761352905,5.745333519597034,663.0,0.0,0.0,409.0,0.0,0.0,1,1,1,0,1,1,1.0,2024.0,1.0,1993.0,32.0,7.325784842402803,True
2025,Producers,Nick Lodolo,26378,curated,6,1.791759469228055,SP,SP,PIT,2.260142435554541,-1.0716797989987061,2.260142435554541,0.5942313182779174,0.0,115.1,0.0,0.0,34.1,0.0,1,1,1,0,1,1,6.0,2022.0,3.0,1998.0,27.0,7.309197976013691,True
2025,Producers,Tommy Edman,19470,curated,6,1.791759469228055,CF,OF,HIT,1.8684949931684316,6.7807419584113084,6.7807419584113084,4.32461847578987,153.0,0.0,0.0,528.0,0.0,0.0,1,1,1,0,2,1,7.0,2024.0,1.0,1995.0,30.0,3.3382815186144965,True
2025,Moben,Dansby Swanson,18314,curated,5,1.6094379124341003,SS,MI,HIT,6.368984165541918,7.634442166963086,7.634442166963086,7.001713166252502,593.0,0.0,0.0,638.0,0.0,0.0,1,1,1,0,2,1,4.0,2024.0,1.0,1994.0,31.0,7.170554952333396,True
2025,Moben,Austin Wells,27562,curated,5,1.6094379124341003,C,C,HIT,3.380099702060806,0.9669804013000516,3.380099702060806,2.173540051680429,414.0,0.0,0.0,75.0,0.0,0.0,1,1,1,0,0,0,,,,1999.0,26.0,4.512430824550209,True
2025,Moben,Robbie Ray,11486,curated,5,1.6094379124341003,SP,SP,PIT,1.0627221854051085,-0.539492370355857,1.0627221854051085,0.2616149075246258,0.0,30.2,0.0,0.0,3.1,0.0,1,1,1,0,0,0,,,,1991.0,34.0,6.15940366952949,True
2025,All-Stars,Grayson Rodriguez,24492,curated,5,1.6094379124341003,SP,SP,,4.831874787836344,3.9481464861120443,4.831874787836344,4.3900106369741945,0.0,116.2,0.0,0.0,122.0,0.0,1,1,1,0,1,1,18.0,2024.0,1.0,1999.0,26.0,0.0,False
2025,Pookie 2.0,Matt McLain,29695,curated,5,1.6094379124341003,SS,MI,HIT,0.0,7.2318545866529655,7.2318545866529655,3.6159272933264828,0.0,0.0,0.0,403.0,0.0,0.0,0,1,1,0,0,0,,,,1999.0,26.0,4.618472893342203,True
2025,Pookie 2.0,Kevin Gausman,14107,curated,5,1.6094379124341003,SP,SP,PIT,5.562627319514974,13.102309605222489,13.102309605222489,9.33246846236873,0.0,181.0,0.0,0.0,185.0,0.0,1,1,1,0,1,1,27.0,2024.0,1.0,1991.0,34.0,7.9761808726840515,True
2025,Producers,Francisco Alvarez,26121,curated,5,1.6094379124341003,C,C,HIT,3.1789050678117836,5.0190388812350015,5.0190388812350015,4.098971974523392,342.0,0.0,0.0,423.0,0.0,0.0,1,1,1,0,0,0,,,,2001.0,24.0,2.686982672778876,True
2025,The Metropolis,Reynaldo Lopez,16400,curated,5,1.6094379124341003,SP,SP,PIT,9.047901836514635,4.904124687762105,9.047901836514635,6.97601326213837,0.0,135.2,0.0,0.0,66.0,6.0,1,1,1,0,0,0,,,,1994.0,31.0,-0.5218746577387565,True
2025,The Metropolis,J.T. Realmuto,11739,curated,5,1.6094379124341003,C,C,HIT,4.363676204994068,7.332613951629132,7.332613951629132,5.8481450783116,413.0,0.0,0.0,540.0,0.0,0.0,1,1,1,0,1,1,18.0,2022.0,3.0,1991.0,34.0,4.527488334792787,True
2025,Wax Kandels,Ryan Pressly,7005,curated,5,1.6094379124341003,RP,RP,PIT,1.668630564958915,10.323623518899826,10.323623518899826,5.996127041929371,0.0,56.2,4.0,0.0,65.1,31.0,1,1,1,0,1,1,1.0,2024.0,1.0,1988.0,37.0,0.2772249691137995,True
2025,The Metropolis,Jhoan Duran,21029,curated,4,1.3862943611198906,RP,RP,PIT,6.213717405058615,10.374628452230425,10.374628452230425,8.294172928644521,0.0,54.1,23.0,0.0,62.1,27.0,1,1,1,0,1,1,11.0,2024.0,1.0,1998.0,27.0,10.827866587722708,True
2025,Wax Kandels,Luis Rengifo,19858,curated,4,1.3862943611198906,3B,CI,HIT,4.7713156467608755,5.6945756545539705,5.6945756545539705,5.232945650657423,304.0,0.0,0.0,445.0,0.0,0.0,1,1,1,0,0,0,,,,1997.0,28.0,3.599778119080491,True
2025,Wax Kandels,Willi Castro,17338,curated,4,1.3862943611198906,LF,OF,HIT,6.167749742764884,5.867161385214086,6.167749742764884,6.0174555639894844,635.0,1.1,0.0,409.0,2.1,0.0,1,1,1,0,1,1,1.0,2024.0,1.0,1997.0,28.0,3.383198655273066,True
2025,McBlocks,Joey Bart,21524,curated,3,1.0986122886681098,C,C,HIT,3.642975030719332,0.1993351615975162,3.642975030719332,1.921155096158424,282.0,0.0,0.0,95.0,0.0,0.0,1,1,1,0,2,1,3.0,2023.0,2.0,1996.0,29.0,1.719252246078092,True
2025,New York Polar Bears,Cedric Mullins,17929,curated,3,1.0986122886681098,CF,OF,HIT,6.397838121968644,6.257057151213944,6.397838121968644,6.327447636591295,499.0,0.0,0.0,455.0,0.0,0.0,1,1,1,0,1,1,7.0,2024.0,1.0,1994.0,31.0,4.880882793492387,True
2025,Lisbon Long Balls,Kerry Carpenter,25961,curated,3,1.0986122886681098,RF,OF,HIT,4.647245415272017,6.938356613622261,6.938356613622261,5.792801014447139,296.0,0.0,0.0,459.0,0.0,0.0,1,1,1,0,0,0,,,,1997.0,28.0,5.525130944729674,True
2025,Moben,Xander Bogaerts,12161,curated,2,0.6931471805599453,2B,MI,HIT,4.67099697483493,9.071515770610734,9.071515770610734,6.871256372722832,463.0,0.0,0.0,665.0,0.0,0.0,1,1,1,0,2,1,7.0,2024.0,1.0,1992.0,33.0,5.55761380152476,True
2025,Pookie 2.0,Shea Langeliers,25816,curated,2,0.6931471805599453,C,C,HIT,5.724115074690843,4.570401125889196,5.724115074690843,5.14725810029002,534.0,0.0,0.0,490.0,0.0,0.0,1,1,1,0,0,0,,,,1997.0,28.0,7.423315432966089,True
2025,Pookie 2.0,Paul Goldschmidt,9218,curated,2,0.6931471805599453,1B,CI,HIT,6.077183850124192,9.296456720564844,9.296456720564844,7.686820285344519,654.0,0.0,0.0,687.0,0.0,0.0,1,1,1,0,2,1,18.0,2024.0,1.0,1987.0,38.0,5.0534206347852075,True
2025,Lisbon Long Balls,Carlos Santana,2396,curated,2,0.6931471805599453,1B,CI,HIT,5.514219296406538,7.444925674407367,7.444925674407367,6.479572485406953,594.0,0.0,0.0,619.0,0.0,0.0,1,1,1,0,0,0,,,,1986.0,39.0,3.331274402442799,True
2025,Lisbon Long Balls,Aroldis Chapman,10233,curated,2,0.6931471805599453,RP,RP,PIT,4.280588892421558,6.463241414646969,6.463241414646969,5.371915153534264,0.0,61.2,14.0,0.0,58.1,6.0,1,1,1,0,0,0,,,,1988.0,37.0,12.73488206879039,True
2025,Wax Kandels,Jeimer Candelario,13621,curated,2,0.6931471805599453,3B,CI,HIT,4.137192315763672,7.387735285058223,7.387735285058223,5.762463800410948,463.0,0.0,0.0,576.0,0.0,0.0,1,1,1,0,1,1,1.0,2023.0,2.0,1993.0,32.0,-0.2142224904899468,True
2025,Moben,Lucas Erceg,19360,curated,1,0.0,RP,RP,PIT,4.644588472311266,0.8007116817394277,4.644588472311266,2.722650077025347,0.0,61.2,14.0,0.0,55.0,0.0,1,1,1,0,0,0,,,,1995.0,30.0,4.541657967173983,True
2025,Moben,Drew Rasmussen,25385,curated,1,0.0,RP,RP,PIT,1.3718656628801829,4.222050012409652,4.222050012409652,2.796957837644918,0.0,28.2,1.0,0.0,44.2,0.0,1,1,1,0,0,0,,,,1995.0,30.0,8.96507857518519,True
2025,Moben,Sean Manaea,15873,curated,1,0.0,SP,SP,PIT,8.047014968286433,4.76654249734832,8.047014968286433,6.406778732817377,0.0,181.2,0.0,0.0,117.2,1.0,1,1,1,0,1,1,19.0,2022.0,3.0,1992.0,33.0,-0.3622166745152962,True
2025,McBlocks,Jorge Soler,14221,curated,1,0.0,DH,UTIL,HIT,5.715138822829407,8.206939402704537,8.206939402704537,6.961039112766972,574.0,0.0,0.0,580.0,0.0,0.0,1,1,1,0,2,1,6.0,2023.0,2.0,1992.0,33.0,2.0849444517604994,True
2025,Spehr's Army,Gabriel Moreno,22664,curated,1,0.0,C,C,HIT,3.326513338750353,4.552594170219153,4.552594170219153,3.939553754484753,351.0,0.0,0.0,380.0,0.0,0.0,1,1,1,0,1,1,3.0,2023.0,2.0,2000.0,25.0,3.694752824071827,True
2025,Spehr's Army,Jonathan India,21523,curated,1,0.0,2B,MI,HIT,5.986453283910475,6.897378047438774,6.897378047438774,6.441915665674625,637.0,0.0,0.0,529.0,0.0,0.0,1,1,1,0,1,1,2.0,2024.0,1.0,1996.0,29.0,3.134305784007931,True
2025,Spehr's Army,Ceddanne Rafaela,24262,curated,1,0.0,CF,OF,HIT,6.381526503273969,0.8889295910382622,6.381526503273969,3.6352280471561156,571.0,0.0,0.0,89.0,0.0,0.0,1,1,1,0,0,0,,,,2000.0,25.0,6.399953396140205,True
2025,Spehr's Army,Cam Smith,35108,curated,1,0.0,3B,CI,HIT,0.0,0.0,0.0,0.0,0.0,0.0,0.0,0.0,0.0,0.0,0,0,1,1,0,0,,,,2003.0,22.0,3.7094577506003574,True
2025,Pookie 2.0,Nico Hoerner,21479,curated,1,0.0,2B,MI,HIT,7.033178782793601,10.65514677333362,10.65514677333362,8.84416277806361,641.0,0.0,0.0,688.0,0.0,0.0,1,1,1,0,0,0,,,,1997.0,28.0,7.997546270366951,True
2025,Pookie 2.0,Jordan Romano,16122,curated,1,0.0,RP,RP,PIT,0.6884974921207896,11.512280526364144,11.512280526364144,6.100389009242467,0.0,13.2,8.0,0.0,59.0,36.0,1,1,1,0,1,1,1.0,2024.0,1.0,1993.0,32.0,-1.6781928429347863,True
2025,Pookie 2.0,Brandon Lowe,18882,curated,1,0.0,2B,MI,HIT,5.052441143225904,5.980871767833964,5.980871767833964,5.516656455529934,425.0,0.0,0.0,436.0,0.0,0.0,1,1,1,0,0,0,,,,1994.0,31.0,7.118519562857812,True
2025,Pookie 2.0,Pete Fairbanks,17998,curated,1,0.0,RP,RP,PIT,5.036209988272269,8.998037931359884,8.998037931359884,7.017123959816076,0.0,45.1,23.0,0.0,45.1,25.0,1,1,1,0,1,1,4.0,2024.0,1.0,1993.0,32.0,7.85590441116749,True
2025,Producers,Zachary Neto,31347,initial_last,1,0.0,SS,MI,HIT,7.741699841562491,2.955046090912516,7.741699841562491,5.348372966237504,602.0,0.0,0.0,329.0,0.0,0.0,1,1,1,0,0,0,,,,2001.0,24.0,7.623273696813245,True
2025,The Metropolis,Spencer Torkelson,27465,curated,1,0.0,1B,CI,HIT,2.500441709503235,8.20963216778454,8.20963216778454,5.355036938643887,381.0,0.0,0.0,684.0,0.0,0.0,1,1,1,0,1,1,17.0,2024.0,1.0,1999.0,26.0,6.471528689109246,True
2025,The Metropolis,Royce Lewis,20437,curated,1,0.0,3B,CI,HIT,3.451692383491091,5.547608576888279,5.547608576888279,4.499650480189684,325.0,0.0,0.0,239.0,0.0,0.0,1,1,1,0,1,1,27.0,2024.0,1.0,1999.0,26.0,3.799697623289832,True
2025,The Metropolis,Jose Iglesias,10231,curated,1,0.0,2B,MI,HIT,3.929091203347376,0.0,3.929091203347376,1.964545601673688,291.0,0.0,0.0,0.0,0.0,0.0,1,0,1,0,1,1,1.0,2022.0,3.0,1990.0,35.0,1.9045814917998296,True
2025,The Metropolis,Eugenio Suarez,12552,curated,1,0.0,3B,CI,HIT,8.195202842950389,6.716633614814428,8.195202842950389,7.455918228882409,640.0,0.0,0.0,694.0,0.0,0.0,1,1,1,0,0,0,,,,1991.0,34.0,8.829802961066953,True
2025,The Metropolis,Mike Yastrzemski,14854,curated,1,0.0,RF,OF,HIT,3.9624933287561013,4.238934704741911,4.238934704741911,4.100714016749006,474.0,1.0,0.0,381.0,0.0,0.0,1,1,1,0,1,1,13.0,2022.0,3.0,1990.0,35.0,3.872639091100918,True
2025,The Metropolis,Jo Adell,20220,curated,1,0.0,RF,OF,HIT,4.747602839401536,0.6112848418268115,4.747602839401536,2.679443840614174,451.0,0.0,0.0,62.0,0.0,0.0,1,1,1,0,0,0,,,,1999.0,26.0,7.020659119968002,True
2025,The Metropolis,Kirby Yates,9073,curated,1,0.0,RP,RP,PIT,12.301525313894757,6.170965916063545,12.301525313894757,9.23624561497915,0.0,61.2,33.0,0.0,60.1,5.0,1,1,1,0,0,0,,,,1987.0,38.0,0.9192154022882358,True
2025,The Metropolis,Brandon Woodruff,16162,curated,1,0.0,SP,SP,PIT,0.0,7.740908638684665,7.740908638684665,3.8704543193423326,0.0,0.0,0.0,0.0,67.0,0.0,0,1,1,0,1,1,34.0,2023.0,2.0,1993.0,32.0,5.173282031883019,True
2025,The Metropolis,Shane McClanahan,21483,curated,1,0.0,SP,SP,,0.0,8.556512317157877,8.556512317157877,4.278256158578938,0.0,0.0,0.0,0.0,115.0,0.0,0,1,1,0,0,0,,,,1997.0,28.0,0.0,False
2025,Lisbon Long Balls,Bowden Francis,20548,curated,1,0.0,RP,RP,PIT,6.023592207825284,4.113620837995889,6.023592207825284,5.068606522910587,0.0,103.2,0.0,0.0,36.1,1.0,1,1,1,0,0,0,,,,1996.0,29.0,-2.7375360777205024,True
2025,Lisbon Long Balls,Nestor Cortes,17874,curated,1,0.0,SP,SP,PIT,5.1736777431079375,2.1204692372334404,5.1736777431079375,3.6470734901706887,0.0,174.1,0.0,0.0,63.1,0.0,1,1,1,0,0,0,,,,1994.0,31.0,-1.6927390027259974,True
2025,Lisbon Long Balls,Wilyer Abreu,23772,curated,1,0.0,RF,OF,HIT,5.104260919937663,1.5215212413581276,5.104260919937663,3.312891080647895,447.0,0.0,0.0,85.0,0.0,0.0,1,1,1,0,0,0,,,,1999.0,26.0,5.24072553651066,True
2025,Wax Kandels,Lane Thomas,16939,curated,1,0.0,RF,OF,HIT,6.407904999497112,10.171911401642959,10.171911401642959,8.289908200570036,528.0,0.0,0.0,682.0,1.0,0.0,1,1,1,0,1,1,1.0,2022.0,3.0,1995.0,30.0,0.4135497096777527,True
2026,NPB No Stars,Julio Rodriguez,23697,curated,43,3.7612001156935624,,UNKNOWN,HIT,10.26308926130006,7.915601136302213,10.26308926130006,9.089345198801137,710.0,0.0,0.0,613.0,0.0,0.0,1,1,1,0,2,1,34.0,2025.0,1.0,2000.0,26.0,7.2518418129917,True
2026,Lisbon Long Balls,Jose Ramirez,13510,curated,43,3.7612001156935624,,UNKNOWN,HIT,11.104239144681253,13.213920317057536,13.213920317057536,12.159079730869394,673.0,0.0,0.0,682.0,0.0,0.0,1,1,1,0,2,1,35.0,2025.0,1.0,1992.0,34.0,6.456457170387016,True
2026,The Fighting Phils,Corbin Carroll,25878,curated,36,3.58351893845611,,UNKNOWN,HIT,9.72425780274775,8.7887582484366,9.72425780274775,9.256508025592176,642.0,0.0,0.0,684.0,0.0,0.0,1,1,1,0,1,1,27.0,2023.0,3.0,2000.0,26.0,7.625486597047215,True
2026,Spehr's Army,Gunnar Henderson,26289,curated,36,3.58351893845611,,UNKNOWN,HIT,8.033770153207827,11.37266235737284,11.37266235737284,9.703216255290334,651.0,0.0,0.0,719.0,0.0,0.0,1,1,1,0,1,1,29.0,2024.0,2.0,2001.0,25.0,5.889623426472558,True
2026,Lisbon Long Balls,Trea Turner,16252,curated,32,3.4657359027997265,,UNKNOWN,HIT,9.54305077009035,8.425445352524054,9.54305077009035,8.984248061307202,639.0,0.0,0.0,539.0,0.0,0.0,1,1,1,0,3,1,31.0,2025.0,1.0,1993.0,33.0,7.924524083466053,True
2026,Spehr's Army,Logan Webb,17995,curated,27,3.295836866004329,,UNKNOWN,PIT,9.118409929792106,6.356877387857415,9.118409929792106,7.73764365882476,0.0,207.0,0.0,0.0,204.2,0.0,1,1,1,0,2,1,22.0,2025.0,1.0,1996.0,30.0,6.906912078608513,True
2026,NPB No Stars,Freddie Freeman,5361,curated,26,3.258096538021482,,UNKNOWN,HIT,8.298788982182286,8.261428549837653,8.298788982182286,8.28010876600997,627.0,0.0,0.0,638.0,0.0,0.0,1,1,1,0,3,1,28.0,2025.0,1.0,1989.0,37.0,8.103885438933693,True
2026,Orange and Black Attack,Austin Riley,18360,curated,26,3.258096538021482,,UNKNOWN,HIT,4.5244788686123085,5.107091750523481,5.107091750523481,4.815785309567895,447.0,0.0,0.0,469.0,0.0,0.0,1,1,1,0,2,1,20.0,2025.0,1.0,1997.0,29.0,5.00756406714683,True
2026,New York Polar Bears,Wyatt Langford,33333,curated,26,3.258096538021482,,UNKNOWN,HIT,6.374690717704919,6.739454097489879,6.739454097489879,6.557072407597399,573.0,0.0,0.0,557.0,0.0,0.0,1,1,1,0,1,1,16.0,2024.0,2.0,2001.0,25.0,4.757298571074819,True
2026,Orange and Black Attack,Matt Olson,14344,curated,25,3.2188758248682006,,UNKNOWN,HIT,8.401088713692506,7.2392279942307125,8.401088713692506,7.8201583539616095,724.0,0.0,0.0,685.0,0.0,0.0,1,1,1,0,3,1,27.0,2025.0,1.0,1994.0,32.0,10.176937258130154,True
2026,Producers,Cody Bellinger,15998,curated,23,3.1354942159291497,,UNKNOWN,HIT,8.801615937356912,6.781837085833468,8.801615937356912,7.79172651159519,656.0,0.0,0.0,569.0,0.0,0.0,1,1,1,0,2,1,8.0,2023.0,3.0,1995.0,31.0,6.182918555245303,True
2026,Spehr's Army,Dylan Cease,18525,curated,23,3.1354942159291497,,UNKNOWN,PIT,2.2027133830907597,9.538861835465019,9.538861835465019,5.8707876092778895,0.0,168.0,0.0,0.0,189.1,0.0,1,1,1,0,1,1,17.0,2024.0,2.0,1995.0,31.0,12.353978649065576,True
2026,New York Polar Bears,George Kirby,25436,curated,23,3.1354942159291497,,UNKNOWN,PIT,4.089851057280723,8.541666979809934,8.541666979809934,6.315759018545329,0.0,126.0,0.0,0.0,191.0,0.0,1,1,1,0,2,1,17.0,2025.0,1.0,1998.0,28.0,5.125183860116333,True
2026,McBlocks,Tyler Glasnow,14374,curated,23,3.1354942159291497,,UNKNOWN,PIT,4.3246250748434205,7.751603567377016,7.751603567377016,6.038114321110218,0.0,90.1,0.0,0.0,134.0,0.0,1,1,1,0,1,1,22.0,2024.0,2.0,1993.0,33.0,4.470888684932769,True
2026,Producers,Mookie Betts,13611,curated,22,3.091042453358316,,UNKNOWN,HIT,7.165895566589688,7.870092003060637,7.870092003060637,7.517993784825162,663.0,0.0,0.0,516.0,0.0,0.0,1,1,1,0,1,1,35.0,2024.0,2.0,1992.0,34.0,4.28429469441922,True
2026,Producers,Framber Valdez,17295,curated,22,3.091042453358316,,UNKNOWN,PIT,6.338648055980339,9.805465831061248,9.805465831061248,8.072056943520794,0.0,192.0,0.0,0.0,176.1,0.0,1,1,1,0,2,1,23.0,2025.0,1.0,1993.0,33.0,2.2156003976418805,True
2026,New York Polar Bears,C.J. Abrams,25768,curated,22,3.091042453358316,,UNKNOWN,HIT,7.610734253011008,7.42827120119494,7.610734253011008,7.519502727102974,635.0,0.0,0.0,602.0,0.0,0.0,1,1,1,0,1,1,22.0,2025.0,1.0,2000.0,26.0,12.269252001668516,True
2026,The Fighting Phils,Konnor Griffin,35376,curated,20,2.995732273553991,,UNKNOWN,HIT,0.0,0.0,0.0,0.0,0.0,0.0,0.0,0.0,0.0,0.0,0,0,1,1,0,0,,,,,,4.954515568179516,True
2026,Lisbon Long Balls,Cam Schlittler,32095,curated,20,2.995732273553991,,UNKNOWN,PIT,3.387829914366353,0.0,3.387829914366353,1.6939149571831764,0.0,73.0,0.0,0.0,0.0,0.0,1,0,1,0,0,0,,,,2001.0,25.0,16.028257789697317,True
2026,Spehr's Army,Nolan McLean,33703,curated,20,2.995732273553991,,UNKNOWN,PIT,4.316151952312271,0.0,4.316151952312271,2.1580759761561357,0.0,48.0,0.0,0.0,0.0,0.0,1,0,1,0,0,0,,,,2001.0,25.0,8.555625457579364,True
2026,All-Stars,Oneil Cruz,21711,curated,20,2.995732273553991,,UNKNOWN,HIT,5.644258883383748,7.486571555495391,7.486571555495391,6.565415219439569,544.0,0.0,0.0,599.0,0.0,0.0,1,1,1,0,2,1,31.0,2025.0,1.0,1998.0,28.0,6.83767721600855,True
2026,All-Stars,Jonathan Aranda,21837,curated,19,2.9444389791664403,,UNKNOWN,HIT,5.68538984745451,1.3505624784555024,5.68538984745451,3.517976162955006,422.0,0.0,0.0,143.0,0.0,0.0,1,1,1,0,0,0,,,,1998.0,28.0,7.5869053055548115,True
2026,All-Stars,Gavin Williams,30122,curated,19,2.9444389791664403,,UNKNOWN,PIT,7.260280544676296,-0.3432453250968206,7.260280544676296,3.4585176097897374,0.0,167.2,0.0,0.0,76.0,0.0,1,1,1,0,1,1,13.0,2025.0,1.0,1999.0,27.0,11.121069499212116,True
2026,McBlocks,Corey Seager,13624,curated,19,2.9444389791664403,,UNKNOWN,HIT,5.28020685879802,7.284947000759204,7.284947000759204,6.282576929778612,445.0,0.0,0.0,533.0,0.0,0.0,1,1,1,0,1,1,30.0,2024.0,2.0,1994.0,32.0,2.3802639324482744,True
2026,Lisbon Long Balls,Luke Keaschall,33321,curated,18,2.8903717578961645,,UNKNOWN,HIT,3.184681654346177,0.0,3.184681654346177,1.5923408271730886,207.0,0.0,0.0,0.0,0.0,0.0,1,0,1,0,0,0,,,,2002.0,24.0,5.655837726980345,True
2026,New York Polar Bears,Michael Harris II,25931,curated,18,2.8903717578961645,,UNKNOWN,HIT,6.481406744676118,5.242933252269516,6.481406744676118,5.862169998472817,641.0,0.0,0.0,470.0,0.0,0.0,1,1,1,0,0,0,,,,2001.0,25.0,8.60186382783438,True
2026,All-Stars,Luis Robert,20043,exact,18,2.8903717578961645,,UNKNOWN,HIT,5.2144107936520605,4.209678491164451,5.2144107936520605,4.712044642408255,431.0,0.0,0.0,425.0,0.0,0.0,1,1,1,0,2,1,18.0,2025.0,1.0,1997.0,29.0,1.4381337595430712,True
2026,All-Stars,Christian Yelich,11477,curated,18,2.8903717578961645,,UNKNOWN,HIT,8.797930282209025,5.688178484903943,8.797930282209025,7.243054383556484,644.0,0.0,0.0,315.0,0.0,0.0,1,1,1,0,4,1,17.0,2025.0,1.0,1991.0,35.0,4.5620934199413545,True
2026,All-Stars,Nick Pivetta,15454,curated,18,2.8903717578961645,,UNKNOWN,PIT,11.725769336889028,3.9918986771592757,11.725769336889028,7.858834007024152,0.0,181.2,0.0,0.0,145.2,0.0,1,1,1,0,1,1,1.0,2024.0,2.0,1993.0,33.0,0.8025478629452346,True
2026,McBlocks,George Springer,12856,curated,18,2.8903717578961645,,UNKNOWN,HIT,10.491621825885343,5.188932874314748,10.491621825885343,7.840277350100045,586.0,0.0,0.0,614.0,0.0,0.0,1,1,1,0,1,1,13.0,2024.0,2.0,1989.0,37.0,4.578377678257688,True
2026,The Fighting Phils,Gerrit Cole,13125,curated,16,2.772588722239781,,UNKNOWN,PIT,0.0,4.584012765414052,4.584012765414052,2.292006382707026,0.0,0.0,0.0,0.0,95.0,0.0,0,1,1,0,1,1,13.0,2024.0,2.0,1990.0,36.0,5.9258997418983945,True
2026,Lisbon Long Balls,Carson Benge,35177,curated,15,2.70805020110221,,UNKNOWN,HIT,0.0,0.0,0.0,0.0,0.0,0.0,0.0,0.0,0.0,0.0,0,0,1,1,0,0,,,,,,7.695758654610363,True
2026,Orange and Black Attack,Josh Hader,14212,curated,15,2.70805020110221,,UNKNOWN,PIT,10.130271888733407,9.925709519936886,10.130271888733407,10.027990704335146,0.0,52.2,28.0,0.0,71.0,34.0,1,1,1,0,2,1,18.0,2025.0,1.0,1994.0,32.0,8.997442732284322,True
2026,New York Polar Bears,Willy Adames,15986,curated,15,2.70805020110221,,UNKNOWN,HIT,7.008889806505805,9.702693436032774,9.702693436032774,8.35579162126929,686.0,0.0,0.0,688.0,0.0,0.0,1,1,1,0,3,1,17.0,2025.0,1.0,1995.0,31.0,5.42827658887077,True
2026,All-Stars,Trevor Story,12564,curated,15,2.70805020110221,,UNKNOWN,HIT,9.312839054920257,1.0857329269023923,9.312839054920257,5.199285990911324,654.0,0.0,0.0,106.0,0.0,0.0,1,1,1,0,1,1,2.0,2024.0,2.0,1992.0,34.0,1.424639242328047,True
2026,NPB No Stars,Luis Castillo,15689,curated,14,2.6390573296152584,,UNKNOWN,PIT,6.389275739824716,6.088012345518382,6.389275739824716,6.238644042671549,0.0,180.2,0.0,1.0,175.1,0.0,1,1,1,0,2,1,13.0,2025.0,1.0,1992.0,34.0,-1.8795390383340624,True
2026,Producers,Shota Imanaga,33829,curated,14,2.6390573296152584,,UNKNOWN,PIT,6.256714334259906,10.795166217639634,10.795166217639634,8.52594027594977,0.0,144.2,0.0,0.0,173.1,0.0,1,1,1,0,1,1,4.0,2024.0,2.0,1993.0,33.0,7.344571745573649,True
2026,The Fighting Phils,Jose Caballero,23401,curated,14,2.6390573296152584,,UNKNOWN,HIT,4.071428847842245,5.502520538602674,5.502520538602674,4.78697469322246,370.0,1.0,0.0,483.0,0.0,0.0,1,1,1,0,0,0,,,,1996.0,30.0,6.42589575865509,True
2026,Spehr's Army,Cade Horton,31872,curated,14,2.6390573296152584,,UNKNOWN,PIT,7.617296422744632,0.0,7.617296422744632,3.808648211372316,0.0,118.0,0.0,0.0,0.0,0.0,1,0,1,0,0,0,,,,2001.0,25.0,0.9091420085724544,True
2026,New York Polar Bears,Jose Altuve,5417,curated,14,2.6390573296152584,,UNKNOWN,HIT,7.348061829806125,9.0538069274185,9.0538069274185,8.200934378612311,654.0,0.0,0.0,682.0,0.0,0.0,1,1,1,0,2,1,20.0,2025.0,1.0,1990.0,36.0,4.502293731571179,True
2026,McBlocks,Sal Stewart,31505,curated,14,2.6390573296152584,,UNKNOWN,HIT,0.8732328844085914,0.0,0.8732328844085914,0.4366164422042957,58.0,0.0,0.0,0.0,0.0,0.0,1,0,1,0,0,0,,,,2003.0,23.0,9.34655951046958,True
2026,Pookie 2.0,Zack Wheeler,10310,curated,14,2.6390573296152584,,UNKNOWN,PIT,11.169278722990143,14.396508033582329,14.396508033582329,12.782893378286236,0.0,149.2,0.0,0.0,200.0,0.0,1,1,1,0,2,1,29.0,2025.0,1.0,1990.0,36.0,11.483667617725352,True
2026,Producers,Devin Williams,15816,curated,13,2.5649493574615367,,UNKNOWN,PIT,4.603553927310581,4.183647574490811,4.603553927310581,4.393600750900696,0.0,62.0,18.0,0.0,21.2,14.0,1,1,1,0,1,1,21.0,2025.0,1.0,1994.0,32.0,3.674357852635823,True
2026,The Fighting Phils,Jac Caglianone,35041,curated,13,2.5649493574615367,,UNKNOWN,HIT,0.39614249932310885,0.0,0.39614249932310885,0.19807124966155443,232.0,0.0,0.0,0.0,0.0,0.0,1,0,1,0,0,0,,,,2003.0,23.0,7.009475814317381,True
2026,Spehr's Army,Daniel Palencia,27914,curated,13,2.5649493574615367,,UNKNOWN,PIT,5.692377046637944,-0.8543338479828694,5.692377046637944,2.4190215993275372,0.0,52.2,22.0,0.0,14.2,1.0,1,1,1,0,0,0,,,,2000.0,26.0,2.008976816396074,True
2026,New York Polar Bears,Yandy Diaz,16578,curated,13,2.5649493574615367,,UNKNOWN,HIT,8.193451101322491,5.574882086223411,8.193451101322491,6.884166593772951,651.0,0.0,0.0,621.0,0.0,0.0,1,1,1,0,1,1,7.0,2024.0,2.0,1991.0,35.0,8.837281395281831,True
2026,Pookie 2.0,Matt Chapman,16505,curated,13,2.5649493574615367,,UNKNOWN,HIT,5.356366176521135,7.951438717987837,7.951438717987837,6.653902447254486,535.0,0.0,0.0,647.0,0.0,0.0,1,1,1,0,1,1,9.0,2025.0,1.0,1993.0,33.0,3.2356438991842382,True
2026,Pookie 2.0,Kevin McGonigle,33572,curated,13,2.5649493574615367,,UNKNOWN,HIT,0.0,0.0,0.0,0.0,0.0,0.0,0.0,0.0,0.0,0.0,0,0,1,1,0,0,,,,,,8.21162255376225,True
2026,Spehr's Army,Kazuma Okamoto,37123,curated,11,2.3978952727983707,,UNKNOWN,HIT,0.0,0.0,0.0,0.0,0.0,0.0,0.0,0.0,0.0,0.0,0,0,1,1,0,0,,,,,,6.565287751807867,True
2026,Orange and Black Attack,William Contreras,20503,curated,11,2.3978952727983707,,UNKNOWN,HIT,6.534654992575763,8.942207287370046,8.942207287370046,7.738431139972905,659.0,0.0,0.0,679.0,0.0,0.0,1,1,1,0,1,1,16.0,2025.0,1.0,1997.0,29.0,5.93448157436784,True
2026,Orange and Black Attack,Ian Happ,17919,curated,10,2.302585092994046,,UNKNOWN,HIT,6.37402166468294,7.521490474269753,7.521490474269753,6.9477560694763465,663.0,0.0,0.0,657.0,0.0,0.0,1,1,1,0,2,1,7.0,2025.0,1.0,1994.0,32.0,5.7900367345747,True
2026,The Fighting Phils,Chase Burns,35333,curated,9,2.1972245773362196,,UNKNOWN,PIT,0.0940694779016476,0.0,0.0940694779016476,0.0470347389508238,0.0,43.1,0.0,0.0,0.0,0.0,1,0,1,0,0,0,,,,2003.0,23.0,12.119388397827706,True
2026,All-Stars,Jeff Hoffman,17432,curated,9,2.1972245773362196,,UNKNOWN,PIT,8.356014983784947,6.492058981470737,8.356014983784947,7.424036982627841,0.0,68.0,33.0,0.0,66.1,10.0,1,1,1,0,1,1,10.0,2025.0,1.0,1993.0,33.0,4.4243534335974655,True
2026,All-Stars,Noelvi Marte,26517,curated,9,2.1972245773362196,,UNKNOWN,HIT,4.505992054190935,1.4988423905441048,4.505992054190935,3.0024172223675203,360.0,0.0,0.0,242.0,0.0,0.0,1,1,1,0,1,1,1.0,2024.0,2.0,2001.0,25.0,1.8089000149922152,True
2026,McBlocks,Sandy Alcantara,18684,curated,9,2.1972245773362196,,UNKNOWN,PIT,-0.18601813556357016,0.0,0.0,-0.09300906778178508,0.0,174.2,0.0,0.0,0.0,0.0,1,0,1,0,2,1,10.0,2025.0,1.0,1995.0,31.0,9.106922439174856,True
2026,McBlocks,Bubba Chandler,29868,curated,9,2.1972245773362196,,UNKNOWN,PIT,2.1863544489322013,0.0,2.1863544489322013,1.0931772244661007,0.0,31.1,1.0,0.0,0.0,0.0,1,0,1,0,0,0,,,,2002.0,24.0,1.4043303628305246,True
2026,Pookie 2.0,Lawrence Butler,22542,curated,9,2.1972245773362196,,UNKNOWN,HIT,6.331157983037772,6.499859041919712,6.499859041919712,6.415508512478742,630.0,0.0,0.0,451.0,0.0,0.0,1,1,1,0,0,0,,,,2000.0,26.0,3.323367508334212,True
2026,The Fighting Phils,Jakob Marsee,31370,curated,8,2.0794415416798357,,UNKNOWN,HIT,3.404888456510582,0.0,3.404888456510582,1.702444228255291,234.0,0.0,0.0,0.0,0.0,0.0,1,0,1,0,0,0,,,,2001.0,25.0,4.092308031940127,True
2026,The Fighting Phils,Daylen Lile,29995,curated,8,2.0794415416798357,,UNKNOWN,HIT,4.586655222811938,0.0,4.586655222811938,2.293327611405969,351.0,0.0,0.0,0.0,0.0,0.0,1,0,1,0,0,0,,,,2002.0,24.0,6.868429453681204,True
2026,Lisbon Long Balls,Will Smith,19197,curated,8,2.0794415416798357,,UNKNOWN,HIT,5.87509820885865,5.984215895915123,5.984215895915123,5.929657052386887,436.0,0.0,0.0,544.0,0.0,0.0,1,1,1,0,1,1,21.0,2023.0,3.0,1995.0,31.0,2.2716498865015105,True
2026,New York Polar Bears,Brandon Nimmo,12927,curated,8,2.0794415416798357,,UNKNOWN,HIT,7.833432355675571,6.928365812284934,7.833432355675571,7.380899083980252,652.0,0.0,0.0,663.0,0.0,0.0,1,1,1,0,2,1,9.0,2025.0,1.0,1993.0,33.0,6.377922671032421,True
2026,All-Stars,Masyn Winn,27479,curated,8,2.0794415416798357,,UNKNOWN,HIT,4.6562778869242525,6.506732679481993,6.506732679481993,5.581505283203123,537.0,0.0,0.0,637.0,0.0,0.0,1,1,1,0,1,1,8.0,2025.0,1.0,2002.0,24.0,4.665636107657093,True
2026,Pookie 2.0,Tatsuya Imai,37124,curated,8,2.0794415416798357,,UNKNOWN,PIT,0.0,0.0,0.0,0.0,0.0,0.0,0.0,0.0,0.0,0.0,0,0,1,1,0,0,,,,,,0.230977573072991,True
2026,Producers,Blake Snell,13543,curated,7,1.9459101490553132,,UNKNOWN,PIT,3.818202063450367,5.760134868668938,5.760134868668938,4.789168466059653,0.0,61.1,0.0,0.0,104.0,0.0,1,1,1,0,3,1,16.0,2024.0,2.0,1992.0,34.0,-0.0018799079728642,True
2026,NPB No Stars,Tanner Bibee,30134,curated,6,1.791759469228055,,UNKNOWN,PIT,4.0241032296679355,7.654168995842267,7.654168995842267,5.839136112755101,0.0,182.1,0.0,0.0,173.2,0.0,1,1,1,0,1,1,17.0,2024.0,2.0,1999.0,27.0,4.413695340825938,True
2026,Lisbon Long Balls,Quinn Priester,25977,curated,6,1.791759469228055,,UNKNOWN,,6.328745333240353,-0.34644118357552334,6.328745333240353,2.991152074832415,0.0,157.1,0.0,0.0,49.2,0.0,1,1,1,0,0,0,,,,2000.0,26.0,0.0,False
2026,NPB No Stars,Marcus Semien,12533,curated,5,1.6094379124341003,,UNKNOWN,HIT,4.632973685981076,6.854285063664914,6.854285063664914,5.743629374822995,534.0,0.0,0.0,718.0,0.0,0.0,1,1,1,0,2,1,10.0,2025.0,1.0,1990.0,36.0,4.099335304074535,True
2026,NPB No Stars,Chase DeLauter,32127,curated,5,1.6094379124341003,,UNKNOWN,HIT,0.0,0.0,0.0,0.0,0.0,0.0,0.0,0.0,0.0,0.0,0,0,1,1,0,0,,,,,,6.752322339922893,True
2026,Lisbon Long Balls,Colson Montgomery,29712,curated,5,1.6094379124341003,,UNKNOWN,HIT,4.106225362832666,0.0,4.106225362832666,2.053112681416333,284.0,0.0,0.0,0.0,0.0,0.0,1,0,1,0,0,0,,,,2002.0,24.0,6.070302075903058,True
2026,Pookie 2.0,Ozzie Albies,16556,curated,5,1.6094379124341003,,UNKNOWN,HIT,5.7692228649954105,4.296793294696283,5.7692228649954105,5.033008079845846,667.0,0.0,0.0,435.0,0.0,0.0,1,1,1,0,1,1,28.0,2023.0,3.0,1997.0,29.0,7.559816435162706,True
2026,Pookie 2.0,JJ Wetherholt,34985,curated,5,1.6094379124341003,,UNKNOWN,HIT,0.0,0.0,0.0,0.0,0.0,0.0,0.0,0.0,0.0,0.0,0,0,1,1,0,0,,,,,,6.958801620076294,True
2026,NPB No Stars,Bryan Reynolds,19326,curated,4,1.3862943611198906,,UNKNOWN,HIT,5.099229465684697,7.995556929603298,7.995556929603298,6.547393197643998,654.0,0.0,0.0,692.0,0.0,0.0,1,1,1,0,1,1,13.0,2024.0,2.0,1995.0,31.0,8.049657983498653,True
2026,Producers,Max Muncy,13301,curated,4,1.3862943611198906,,UNKNOWN,HIT,4.687993882706795,3.6965687875749165,4.687993882706795,4.192281335140856,388.0,0.0,0.0,293.0,0.0,0.0,1,1,1,0,2,1,20.0,2023.0,3.0,1990.0,36.0,6.818128227352979,True
2026,New York Polar Bears,Shane Baz,22264,curated,4,1.3862943611198906,,UNKNOWN,PIT,1.068182093951617,3.674408922906568,3.674408922906568,2.3712955084290925,0.0,166.1,0.0,0.0,79.1,0.0,1,1,1,0,0,0,,,,1999.0,27.0,3.0182360706673226,True
2026,All-Stars,Mike Trout,10155,curated,4,1.3862943611198906,,UNKNOWN,HIT,5.310737527842139,1.7784220867924239,5.310737527842139,3.5445798073172816,556.0,0.0,0.0,126.0,0.0,0.0,1,1,1,0,2,1,16.0,2025.0,1.0,1991.0,35.0,6.391694025609075,True
2026,McBlocks,Ryan Helsley,18138,curated,4,1.3862943611198906,,UNKNOWN,PIT,3.0498877351640132,12.676271607556638,12.676271607556638,7.8630796713603255,0.0,56.0,21.0,0.0,66.1,49.0,1,1,1,0,1,1,13.0,2025.0,1.0,1994.0,32.0,1.8738742408946631,True
2026,Pookie 2.0,Daulton Varsho,19918,curated,4,1.3862943611198906,,UNKNOWN,HIT,4.1399950819365365,4.796460452335962,4.796460452335962,4.468227767136249,271.0,0.0,0.0,513.0,0.0,0.0,1,1,1,0,0,0,,,,1996.0,30.0,3.8416792950515495,True
2026,Pookie 2.0,Spencer Strider,27498,curated,4,1.3862943611198906,,UNKNOWN,PIT,0.8676558397870677,-0.6383644314446725,0.8676558397870677,0.11464570417119763,0.0,125.1,0.0,0.0,9.0,0.0,1,1,1,0,1,1,25.0,2025.0,1.0,1998.0,28.0,0.6842068483935478,True
2026,NPB No Stars,Dansby Swanson,18314,curated,3,1.0986122886681098,,UNKNOWN,HIT,7.170554952333396,6.368984165541918,7.170554952333396,6.769769558937657,645.0,0.0,0.0,593.0,0.0,0.0,1,1,1,0,3,1,5.0,2025.0,1.0,1994.0,32.0,7.190977482451286,True
2026,NPB No Stars,Chandler Simpson,31912,curated,3,1.0986122886681098,,UNKNOWN,HIT,5.786595355977038,0.0,5.786595355977038,2.893297677988519,441.0,0.0,0.0,0.0,0.0,0.0,1,0,1,0,0,0,,,,2000.0,26.0,7.452322738574365,True
2026,NPB No Stars,Trey Yesavage,35456,curated,3,1.0986122886681098,,UNKNOWN,PIT,0.4397492788356478,0.0,0.4397492788356478,0.2198746394178239,0.0,14.0,0.0,0.0,0.0,0.0,1,0,1,0,0,0,,,,2003.0,23.0,4.781675389969662,True
2026,Producers,Agustin Ramirez,26546,curated,3,1.0986122886681098,,UNKNOWN,HIT,5.742867494239828,0.0,5.742867494239828,2.871433747119914,585.0,0.0,0.0,0.0,0.0,0.0,1,0,1,0,0,0,,,,2001.0,25.0,1.4226101936155846,True
2026,Producers,Victor Scott II,31349,curated,3,1.0986122886681098,,UNKNOWN,HIT,4.044526353256391,0.5054560412959166,4.044526353256391,2.2749911972761536,463.0,0.0,0.0,155.0,0.0,0.0,1,1,1,0,1,1,1.0,2024.0,2.0,2001.0,25.0,1.2732800566453104,True
2026,Lisbon Long Balls,Ramon Laureano,17128,curated,3,1.0986122886681098,,UNKNOWN,HIT,7.089722905308897,3.44736874304525,7.089722905308897,5.268545824177074,488.0,0.0,0.0,309.0,0.0,0.0,1,1,1,0,0,0,,,,1994.0,32.0,2.272282752294495,True
2026,Spehr's Army,Addison Barger,24598,curated,3,1.0986122886681098,,UNKNOWN,HIT,5.330096517455365,1.3559345953116158,5.330096517455365,3.3430155563834902,502.0,0.0,0.0,225.0,0.0,0.0,1,1,1,0,0,0,,,,1999.0,27.0,-0.2683626005503286,True
2026,McBlocks,Raisel Iglesias,17130,curated,3,1.0986122886681098,,UNKNOWN,PIT,8.38086267875513,11.914566117899303,11.914566117899303,10.147714398327217,0.0,67.1,29.0,0.0,69.1,34.0,1,1,1,0,1,1,17.0,2023.0,3.0,1990.0,36.0,8.222510528043477,True
2026,McBlocks,Carlos Rodon,16137,curated,3,1.0986122886681098,,UNKNOWN,PIT,12.240255795835832,6.349093150393097,12.240255795835832,9.294674473114465,0.0,195.1,0.0,0.0,175.0,0.0,1,1,1,0,3,1,8.0,2025.0,1.0,1992.0,34.0,2.973374552125208,True
2026,NPB No Stars,Jack Flaherty,17479,curated,2,0.6931471805599453,,UNKNOWN,PIT,2.106404985964078,9.302779420675268,9.302779420675268,5.704592203319673,0.0,161.0,0.0,0.0,162.0,0.0,1,1,1,0,2,1,10.0,2025.0,1.0,1995.0,31.0,0.4372272259302097,True
2026,NPB No Stars,Yainer Diaz,23003,curated,2,0.6931471805599453,,UNKNOWN,HIT,5.170579732900006,7.418344649815768,7.418344649815768,6.294462191357887,567.0,0.0,0.0,619.0,0.0,0.0,1,1,1,0,1,1,5.0,2024.0,2.0,1998.0,28.0,2.8459967556035437,True
2026,NPB No Stars,Alec Bohm,21618,curated,2,0.6931471805599453,,UNKNOWN,HIT,5.027657547316076,7.034249223296124,7.034249223296124,6.0309533853061,504.0,0.0,0.0,606.0,0.0,0.0,1,1,1,0,1,1,8.0,2022.0,4.0,1996.0,30.0,4.574131465395708,True
2026,NPB No Stars,Yusei Kikuchi,20633,curated,1,0.0,,UNKNOWN,PIT,1.3937706214412815,4.69010125904901,4.69010125904901,3.041935940245146,0.0,178.1,0.0,0.0,175.2,0.0,1,1,1,0,0,0,,,,1991.0,35.0,-1.7194274401871392,True
2026,Producers,Brett Baty,26123,curated,1,0.0,,UNKNOWN,HIT,4.725214291664875,1.0143981792773802,4.725214291664875,2.8698062354711276,432.0,0.0,0.0,171.0,0.0,0.0,1,1,1,0,0,0,,,,1999.0,27.0,3.325541041804698,True
2026,The Fighting Phils,Andrew Vaughn,26197,curated,1,0.0,,UNKNOWN,HIT,3.8627623942703138,5.0262256290002405,5.0262256290002405,4.444494011635277,447.0,0.0,0.0,619.0,0.0,0.0,1,1,1,0,0,0,,,,1998.0,28.0,2.729333328472386,True
2026,The Fighting Phils,Trevor Megill,17722,curated,1,0.0,,UNKNOWN,PIT,8.660514933118424,5.513775015789246,8.660514933118424,7.087144974453835,0.0,47.0,30.0,0.0,46.1,21.0,1,1,1,0,1,1,8.0,2025.0,1.0,1993.0,33.0,9.497040983423796,True
2026,The Fighting Phils,Hunter Greene,22182,curated,1,0.0,,UNKNOWN,PIT,7.7792847093107875,9.096554349968377,9.096554349968377,8.437919529639583,0.0,107.2,0.0,0.0,150.1,0.0,1,1,1,0,2,1,20.0,2025.0,1.0,1999.0,27.0,-0.8549225709304461,True
2026,Lisbon Long Balls,Willson Contreras,11609,curated,1,0.0,,UNKNOWN,HIT,6.158588199756242,4.087878904494205,6.158588199756242,5.123233552125223,563.0,0.0,0.0,358.0,0.0,0.0,1,1,1,0,1,1,13.0,2023.0,3.0,1992.0,34.0,8.273840250070755,True
2026,Spehr's Army,Matt McLain,29695,curated,1,0.0,,UNKNOWN,HIT,4.618472893342203,0.0,4.618472893342203,2.3092364466711013,577.0,0.0,0.0,0.0,0.0,0.0,1,0,1,0,1,1,5.0,2025.0,1.0,1999.0,27.0,3.357778331745653,True
2026,Spehr's Army,Ivan Herrera,20599,curated,1,0.0,,UNKNOWN,HIT,6.010018876785876,3.2734552078302803,6.010018876785876,4.641737042308078,452.0,0.0,0.0,259.0,0.0,0.0,1,1,1,0,0,0,,,,2000.0,26.0,6.5086696037679825,True
2026,Spehr's Army,Justin Crawford,31791,curated,1,0.0,,UNKNOWN,HIT,0.0,0.0,0.0,0.0,0.0,0.0,0.0,0.0,0.0,0.0,0,0,1,1,0,0,,,,,,4.466663296632479,True
2026,Orange and Black Attack,Mickey Moniak,19956,curated,1,0.0,,UNKNOWN,HIT,6.342901509250139,3.643960585243145,6.342901509250139,4.993431047246642,461.0,0.0,0.0,418.0,0.0,0.0,1,1,1,0,0,0,,,,1998.0,28.0,5.881129245809009,True
2026,Orange and Black Attack,Sal Frelick,29622,curated,1,0.0,,UNKNOWN,HIT,7.0400940080152,4.340966006544852,7.0400940080152,5.690530007280026,594.0,0.0,0.0,524.0,0.0,0.0,1,1,1,0,0,0,,,,2000.0,26.0,3.1430823493214293,True
2026,Orange and Black Attack,Kenley Jansen,3096,curated,1,0.0,,UNKNOWN,PIT,9.06388526779765,6.859791375691767,9.06388526779765,7.961838321744708,0.0,59.0,29.0,0.0,54.2,27.0,1,1,1,0,2,1,6.0,2024.0,2.0,1987.0,39.0,4.916732533332539,True
2026,Orange and Black Attack,Max Muncy,13301,curated,1,0.0,,UNKNOWN,HIT,4.687993882706795,3.6965687875749165,4.687993882706795,4.192281335140856,388.0,0.0,0.0,293.0,0.0,0.0,1,1,1,0,2,1,20.0,2023.0,3.0,1990.0,36.0,6.818128227352979,True
2026,Orange and Black Attack,Carter Jensen,29478,curated,1,0.0,,UNKNOWN,HIT,1.1182797029708946,0.0,1.1182797029708946,0.5591398514854473,69.0,0.0,0.0,0.0,0.0,0.0,1,0,1,0,0,0,,,,2003.0,23.0,4.916437679509588,True
2026,New York Polar Bears,Caleb Durbin,29646,curated,1,0.0,,UNKNOWN,HIT,5.163906097695957,0.0,5.163906097695957,2.5819530488479785,506.0,0.0,0.0,0.0,0.0,0.0,1,0,1,0,0,0,,,,2000.0,26.0,6.2906988392588765,True
2026,New York Polar Bears,Andrew Abbott,29911,curated,1,0.0,,UNKNOWN,PIT,8.033869508424717,3.426590254770837,8.033869508424717,5.730229881597777,0.0,166.1,0.0,0.0,138.0,0.0,1,1,1,0,0,0,,,,1999.0,27.0,2.1678786282134004,True
2026,New York Polar Bears,Aaron Nola,16149,curated,1,0.0,,UNKNOWN,PIT,-1.751358532127389,7.17069314461357,7.17069314461357,2.7096673062430905,0.0,94.1,0.0,0.0,199.1,0.0,1,1,1,0,4,1,18.0,2025.0,1.0,1993.0,33.0,-2.762954894749075,True
2026,New York Polar Bears,Edward Cabrera,21690,curated,1,0.0,,UNKNOWN,PIT,4.884299410113467,-0.40752564166619565,4.884299410113467,2.238386884223636,0.0,137.2,0.0,0.0,96.1,0.0,1,1,1,0,0,0,,,,1998.0,28.0,0.0282223961709187,True
2026,New York Polar Bears,Jose Soriano,22100,curated,1,0.0,,UNKNOWN,PIT,1.5734656915452687,3.5275611908795543,3.5275611908795543,2.5505134412124115,0.0,169.0,0.0,0.0,113.0,0.0,1,1,1,0,0,0,,,,1998.0,28.0,7.2462346614324975,True
2026,All-Stars,Taj Bradley,22543,curated,1,0.0,,UNKNOWN,PIT,-0.5243211612536616,3.417343979912075,3.417343979912075,1.4465114093292066,0.0,142.2,0.0,0.0,138.0,0.0,1,1,1,0,1,1,9.0,2025.0,1.0,2001.0,25.0,6.45624748703407,True
2026,McBlocks,Ezequiel Tovar,24064,curated,1,0.0,,UNKNOWN,HIT,3.1464470672477485,7.708135902112447,7.708135902112447,5.427291484680098,390.0,0.0,0.0,695.0,0.0,0.0,1,1,1,0,2,1,3.0,2024.0,2.0,2001.0,25.0,2.9848812923062376,True
2026,Pookie 2.0,Spencer Torkelson,27465,curated,1,0.0,,UNKNOWN,HIT,6.471528689109246,2.500441709503235,6.471528689109246,4.48598519930624,649.0,0.0,0.0,381.0,0.0,0.0,1,1,1,0,2,1,1.0,2025.0,1.0,1999.0,27.0,5.476967022548401,True
